{
  "results": [
    {
      "command": "mado",
      "mean": 0.04756389850000001,
      "stddev": 0.003009354899960428,
      "median": 0.0461427535,
      "user": 0.07513449999999999,
      "system": 0.0087821,
      "min": 0.045173577,
      "max": 0.053709318000000006,
      "times": [
        0.052134474,
        0.046541900000000004,
        0.048748928000000004,
        0.04613699,
        0.045588183000000004,
        0.046148517,
        0.053709318000000006,
        0.045789205,
        0.045667893,
        0.045173577
      ],
      "memory_usage_byte": [
        33701888,
        33701888,
        33701888,
        33701888,
        33701888,
        33701888,
        33701888,
        33701888,
        33701888,
        33701888
      ],
      "exit_codes": [
        1,
        1,
        1,
        1,
        1,
        1,
        1,
        1,
        1,
        1
      ]
    },
    {
      "command": "rumdl",
      "mean": 0.19048791140000002,
      "stddev": 0.003014118892373475,
      "median": 0.18973633550000002,
      "user": 0.6141958000000001,
      "system": 0.0419163,
      "min": 0.18807510700000002,
      "max": 0.198270141,
      "times": [
        0.188174848,
        0.190116111,
        0.18892603100000002,
        0.19218300200000002,
        0.18935656,
        0.18807510700000002,
        0.198270141,
        0.190184548,
        0.190856992,
        0.18873577400000002
      ],
      "memory_usage_byte": [
        52060160,
        52060160,
        52060160,
        52060160,
        52060160,
        53039104,
        53039104,
        53039104,
        53039104,
        53039104
      ],
      "exit_codes": [
        1,
        1,
        1,
        1,
        1,
        1,
        1,
        1,
        1,
        1
      ]
    },
    {
      "command": "panache",
      "mean": 0.5272560925,
      "stddev": 0.011778562638672,
      "median": 0.531104078,
      "user": 1.5991389,
      "system": 0.0604263,
      "min": 0.5138678170000001,
      "max": 0.548851724,
      "times": [
        0.548851724,
        0.5371179540000001,
        0.5139160580000001,
        0.531032515,
        0.516205302,
        0.531175641,
        0.5138678170000001,
        0.5320452720000001,
        0.532362902,
        0.5159857400000001
      ],
      "memory_usage_byte": [
        53039104,
        53039104,
        53039104,
        53039104,
        53039104,
        53039104,
        53039104,
        53039104,
        53039104,
        53039104
      ],
      "exit_codes": [
        0,
        0,
        0,
        0,
        0,
        0,
        0,
        0,
        0,
        0
      ]
    },
    {
      "command": "mdsmith-parity",
      "mean": 0.13186701360000003,
      "stddev": 0.0007106464960386717,
      "median": 0.1319020075,
      "user": 0.2747258,
      "system": 0.0421804,
      "min": 0.13060617900000002,
      "max": 0.132900349,
      "times": [
        0.13142904900000002,
        0.13060617900000002,
        0.131113052,
        0.132900349,
        0.131640788,
        0.13254268900000002,
        0.132638513,
        0.13199550200000001,
        0.131849453,
        0.131954562
      ],
      "memory_usage_byte": [
        60145664,
        60145664,
        60145664,
        60145664,
        60145664,
        60145664,
        61677568,
        61677568,
        61677568,
        61677568
      ],
      "exit_codes": [
        1,
        1,
        1,
        1,
        1,
        1,
        1,
        1,
        1,
        1
      ]
    },
    {
      "command": "mdsmith",
      "mean": 0.2480583253,
      "stddev": 0.0028676581097933102,
      "median": 0.2477888385,
      "user": 0.5696051,
      "system": 0.0896123,
      "min": 0.24348451200000001,
      "max": 0.25297018600000004,
      "times": [
        0.250623096,
        0.24567882100000002,
        0.24348451200000001,
        0.246956096,
        0.248072481,
        0.24539480300000002,
        0.250641846,
        0.25297018600000004,
        0.249256216,
        0.247505196
      ],
      "memory_usage_byte": [
        82821120,
        82948096,
        82948096,
        82948096,
        82948096,
        82948096,
        82948096,
        82948096,
        82948096,
        84840448
      ],
      "exit_codes": [
        1,
        1,
        1,
        1,
        1,
        1,
        1,
        1,
        1,
        1
      ]
    }
  ]
}
