{
  "results": [
    {
      "command": "mado",
      "mean": 0.07188895270000001,
      "stddev": 0.0029544813531928475,
      "median": 0.07065641350000001,
      "user": 0.11621829999999997,
      "system": 0.0205831,
      "min": 0.069612329,
      "max": 0.079045763,
      "times": [
        0.07076953000000001,
        0.069783649,
        0.07477499900000001,
        0.069612329,
        0.070458457,
        0.07145248400000001,
        0.07249187600000001,
        0.069957143,
        0.070543297,
        0.079045763
      ],
      "memory_usage_byte": [
        29810688,
        31150080,
        31150080,
        31150080,
        31150080,
        31150080,
        31612928,
        31612928,
        31612928,
        31612928
      ],
      "exit_codes": [
        1,
        1,
        1,
        1,
        1,
        1,
        1,
        1,
        1,
        1
      ]
    },
    {
      "command": "rumdl",
      "mean": 0.3595767663,
      "stddev": 0.007616015091060899,
      "median": 0.3595860955,
      "user": 1.1161901,
      "system": 0.0726742,
      "min": 0.34892536500000004,
      "max": 0.36964722800000005,
      "times": [
        0.36964722800000005,
        0.351159159,
        0.361331575,
        0.35189068900000003,
        0.363359235,
        0.367532134,
        0.34892536500000004,
        0.368420603,
        0.357840616,
        0.355661059
      ],
      "memory_usage_byte": [
        54484992,
        54484992,
        54484992,
        54484992,
        54484992,
        55492608,
        55492608,
        55492608,
        55492608,
        55492608
      ],
      "exit_codes": [
        1,
        1,
        1,
        1,
        1,
        1,
        1,
        1,
        1,
        1
      ]
    },
    {
      "command": "panache",
      "mean": 0.7395725013999999,
      "stddev": 0.08375942699370931,
      "median": 0.7372758605,
      "user": 2.321929,
      "system": 0.1488834,
      "min": 0.6564928990000001,
      "max": 0.8246363520000001,
      "times": [
        0.661848259,
        0.819147014,
        0.818423443,
        0.664082487,
        0.659200164,
        0.822028823,
        0.6564928990000001,
        0.659396339,
        0.810469234,
        0.8246363520000001
      ],
      "memory_usage_byte": [
        55492608,
        55492608,
        55492608,
        55492608,
        55492608,
        55492608,
        55492608,
        55492608,
        55492608,
        55492608
      ],
      "exit_codes": [
        0,
        0,
        0,
        0,
        0,
        0,
        0,
        0,
        0,
        0
      ]
    },
    {
      "command": "gomarklint",
      "mean": 0.06706654520000001,
      "stddev": 0.011115701201383133,
      "median": 0.0648454985,
      "user": 0.1481868,
      "system": 0.0248915,
      "min": 0.05461888,
      "max": 0.080474766,
      "times": [
        0.080474766,
        0.055976311,
        0.070329637,
        0.05461888,
        0.07998176400000001,
        0.079639059,
        0.05936136,
        0.057802716000000004,
        0.075520548,
        0.056960411
      ],
      "memory_usage_byte": [
        55492608,
        55492608,
        55492608,
        55492608,
        55492608,
        55492608,
        55492608,
        55492608,
        55492608,
        55492608
      ],
      "exit_codes": [
        1,
        1,
        1,
        1,
        1,
        1,
        1,
        1,
        1,
        1
      ]
    },
    {
      "command": "mdsmith-gomarklint-parity",
      "mean": 0.08437165000000002,
      "stddev": 0.0063000874099469984,
      "median": 0.0833810335,
      "user": 0.20504709999999995,
      "system": 0.0351433,
      "min": 0.078025274,
      "max": 0.09786871700000001,
      "times": [
        0.08594842500000001,
        0.078271113,
        0.084138445,
        0.08023292400000001,
        0.08342278,
        0.09786871700000001,
        0.08333928700000001,
        0.09210749500000001,
        0.078025274,
        0.08036204000000001
      ],
      "memory_usage_byte": [
        55492608,
        55492608,
        55492608,
        55492608,
        55492608,
        55492608,
        55492608,
        55492608,
        55492608,
        55492608
      ],
      "exit_codes": [
        1,
        1,
        1,
        1,
        1,
        1,
        1,
        1,
        1,
        1
      ]
    },
    {
      "command": "mdsmith-mado-parity",
      "mean": 0.0820772784,
      "stddev": 0.006107829930746257,
      "median": 0.0794610235,
      "user": 0.2118538,
      "system": 0.03166129999999999,
      "min": 0.075538883,
      "max": 0.09525362500000001,
      "times": [
        0.079656708,
        0.09525362500000001,
        0.079265339,
        0.075538883,
        0.078696767,
        0.081506515,
        0.090499309,
        0.078787647,
        0.07869039500000001,
        0.08287759600000001
      ],
      "memory_usage_byte": [
        55492608,
        55492608,
        55492608,
        55492608,
        55492608,
        55492608,
        55492608,
        55492608,
        55492608,
        55492608
      ],
      "exit_codes": [
        1,
        1,
        1,
        1,
        1,
        1,
        1,
        1,
        1,
        1
      ]
    },
    {
      "command": "mdsmith-rumdl-parity",
      "mean": 0.1018739386,
      "stddev": 0.005245814589877368,
      "median": 0.1012454415,
      "user": 0.26904069999999997,
      "system": 0.0347479,
      "min": 0.096299668,
      "max": 0.115461408,
      "times": [
        0.101176391,
        0.10137502200000001,
        0.101151665,
        0.115461408,
        0.09911315700000001,
        0.096299668,
        0.101390114,
        0.10388517100000001,
        0.101314492,
        0.097572298
      ],
      "memory_usage_byte": [
        55492608,
        55492608,
        55492608,
        55492608,
        55492608,
        55492608,
        55492608,
        55492608,
        55492608,
        55492608
      ],
      "exit_codes": [
        1,
        1,
        1,
        1,
        1,
        1,
        1,
        1,
        1,
        1
      ]
    },
    {
      "command": "mdsmith-markdownlint-parity",
      "mean": 0.10246916030000001,
      "stddev": 0.005161109505010076,
      "median": 0.10248134950000001,
      "user": 0.26847889999999996,
      "system": 0.03512609999999999,
      "min": 0.094841411,
      "max": 0.112128716,
      "times": [
        0.094841411,
        0.10252251700000001,
        0.112128716,
        0.10847039700000001,
        0.10441610200000001,
        0.10279803100000001,
        0.10176583500000001,
        0.102440182,
        0.098509888,
        0.09679852400000001
      ],
      "memory_usage_byte": [
        55492608,
        55492608,
        55492608,
        55492608,
        55492608,
        55492608,
        55492608,
        55492608,
        55492608,
        55492608
      ],
      "exit_codes": [
        1,
        1,
        1,
        1,
        1,
        1,
        1,
        1,
        1,
        1
      ]
    },
    {
      "command": "mdsmith",
      "mean": 0.209241287,
      "stddev": 0.0028986774383490464,
      "median": 0.20955175000000004,
      "user": 0.5705224,
      "system": 0.07821319999999998,
      "min": 0.202186937,
      "max": 0.21290570900000003,
      "times": [
        0.208790897,
        0.20944314200000003,
        0.20984434700000001,
        0.20966035800000002,
        0.20796404100000002,
        0.202186937,
        0.210544648,
        0.212111438,
        0.20896135300000002,
        0.21290570900000003
      ],
      "memory_usage_byte": [
        55492608,
        55492608,
        55492608,
        55492608,
        55492608,
        55492608,
        55492608,
        55492608,
        55492608,
        55492608
      ],