{
  "results": [
    {
      "command": "mado",
      "mean": 0.047703842700000006,
      "stddev": 0.0024589408649008516,
      "median": 0.047090595000000006,
      "user": 0.07490359999999999,
      "system": 0.0085075,
      "min": 0.046171926,
      "max": 0.05460523900000001,
      "times": [
        0.047478369000000006,
        0.046537116,
        0.047281627,
        0.047362316,
        0.046647359000000006,
        0.046773285000000005,
        0.047101431000000006,
        0.046171926,
        0.05460523900000001,
        0.047079759000000006
      ],
      "memory_usage_byte": [
        29556736,
        29556736,
        31768576,
        31768576,
        31768576,
        31768576,
        31768576,
        31768576,
        31768576,
        31768576
      ],
      "exit_codes": [
        1,
        1,
        1,
        1,
        1,
        1,
        1,
        1,
        1,
        1
      ]
    },
    {
      "command": "rumdl",
      "mean": 0.19384073560000004,
      "stddev": 0.0030127857172950637,
      "median": 0.1929025015,
      "user": 0.6270846999999999,
      "system": 0.0405219,
      "min": 0.18977917500000002,
      "max": 0.200877784,
      "times": [
        0.19215694100000003,
        0.19256620700000002,
        0.18977917500000002,
        0.191826042,
        0.195322042,
        0.19533646400000002,
        0.200877784,
        0.19261929,
        0.19473769800000001,
        0.193185713
      ],
      "memory_usage_byte": [
        48951296,
        48951296,
        49917952,
        51159040,
        51159040,
        51159040,
        51159040,
        51159040,
        51249152,
        53190656
      ],
      "exit_codes": [
        1,
        1,
        1,
        1,
        1,
        1,
        1,
        1,
        1,
        1
      ]
    },
    {
      "command": "panache",
      "mean": 0.5422790688000001,
      "stddev": 0.02007744420229172,
      "median": 0.5521318685000001,
      "user": 1.572157,
      "system": 0.0682625,
      "min": 0.518138628,
      "max": 0.5630499250000001,
      "times": [
        0.5205659890000001,
        0.518390034,
        0.5526289090000001,
        0.5630499250000001,
        0.5516348280000001,
        0.518138628,
        0.559440915,
        0.52006712,
        0.5590830560000001,
        0.559791284
      ],
      "memory_usage_byte": [
        53190656,
        53190656,
        53190656,
        53190656,
        53190656,
        53190656,
        53190656,
        53190656,
        53190656,
        53190656
      ],
      "exit_codes": [
        0,
        0,
        0,
        0,
        0,
        0,
        0,
        0,
        0,
        0
      ]
    },
    {
      "command": "gomarklint",
      "mean": 0.030633692100000005,
      "stddev": 0.002088234413888677,
      "median": 0.0304793425,
      "user": 0.06943999999999999,
      "system": 0.0158975,
      "min": 0.027947813000000002,
      "max": 0.035112076,
      "times": [
        0.030782796,
        0.032496086,
        0.035112076,
        0.027947813000000002,
        0.02890567,
        0.030175889,
        0.031000423000000003,
        0.031569801,
        0.029091671000000003,
        0.029254696
      ],
      "memory_usage_byte": [
        53190656,
        53190656,
        53190656,
        53190656,
        53190656,
        53190656,
        53190656,
        53190656,
        53190656,
        53190656
      ],
      "exit_codes": [
        1,
        1,
        1,
        1,
        1,
        1,
        1,
        1,
        1,
        1
      ]
    },
    {
      "command": "mdsmith-gomarklint-parity",
      "mean": 0.0406042109,
      "stddev": 0.0014706211313659622,
      "median": 0.040150837,
      "user": 0.11261389999999998,
      "system": 0.0160013,
      "min": 0.039549084000000005,
      "max": 0.044521540000000005,
      "times": [
        0.039549084000000005,
        0.040155877,
        0.040097616,
        0.040293897,
        0.039717434,
        0.044521540000000005,
        0.039811533,
        0.041458059000000005,
        0.040145797000000004,
        0.040291272
      ],
      "memory_usage_byte": [
        53190656,
        53190656,
        53190656,
        53190656,
        53190656,
        53190656,
        53190656,
        53190656,
        53190656,
        53190656
      ],
      "exit_codes": [
        1,
        1,
        1,
        1,
        1,
        1,
        1,
        1,
        1,
        1
      ]
    },
    {
      "command": "mdsmith-mado-parity",
      "mean": 0.0518358404,
      "stddev": 0.004193769185030394,
      "median": 0.049027190500000005,
      "user": 0.12979149999999998,
      "system": 0.0145396,
      "min": 0.048243407,
      "max": 0.058525386000000006,
      "times": [
        0.048798978,
        0.049172781000000006,
        0.048881600000000004,
        0.058525386000000006,
        0.054389378,
        0.05606085,
        0.048633503,
        0.048243407,
        0.057242348000000005,
        0.048410173
      ],
      "memory_usage_byte": [
        53190656,
        53190656,
        53190656,
        53190656,
        53190656,
        53190656,
        53190656,
        53190656,
        53190656,
        53190656
      ],
      "exit_codes": [
        1,
        1,
        1,
        1,
        1,
        1,
        1,
        1,
        1,
        1
      ]
    },
    {
      "command": "mdsmith-rumdl-parity",
      "mean": 0.06692756670000001,
      "stddev": 0.0038780714916396846,
      "median": 0.0659632245,
      "user": 0.1756798,
      "system": 0.017237199999999998,
      "min": 0.061701625,
      "max": 0.074606815,
      "times": [
        0.061701625,
        0.06526580700000001,
        0.06723455,
        0.064088977,
        0.070143834,
        0.06661061700000001,
        0.06361717800000001,
        0.074606815,
        0.070690432,
        0.065315832
      ],
      "memory_usage_byte": [
        53190656,
        53190656,
        53190656,
        53190656,
        53190656,
        53190656,
        53190656,
        53190656,
        53190656,
        53190656
      ],
      "exit_codes": [
        1,
        1,
        1,
        1,
        1,
        1,
        1,
        1,
        1,
        1
      ]
    },
    {
      "command": "mdsmith-markdownlint-parity",
      "mean": 0.0667362038,
      "stddev": 0.0034183956496888616,
      "median": 0.065463728,
      "user": 0.17469449999999997,
      "system": 0.0180706,
      "min": 0.062714327,
      "max": 0.07167841300000001,
      "times": [
        0.07167841300000001,
        0.06376939300000001,
        0.071044035,
        0.069842157,
        0.066316392,
        0.063633698,
        0.062714327,
        0.06461106400000001,
        0.069445751,
        0.06430680800000001
      ],
      "memory_usage_byte": [
        53190656,
        53190656,
        53190656,
        53190656,
        53190656,
        53190656,
        53190656,
        53190656,
        53190656,
        53190656
      ],
      "exit_codes": [
        1,
        1,
        1,
        1,
        1,
        1,
        1,
        1,
        1,
        1
      ]
    },
    {
      "command": "mdsmith",
      "mean": 0.14496227190000002,
      "stddev": 0.0017026148838003034,
      "median": 0.14498465500000002,
      "user": 0.4211569,
      "system": 0.0359002,
      "min": 0.14288198400000002,
      "max": 0.148678469,
      "times": [
        0.143946549,
        0.14288198400000002,
        0.14505711200000002,
        0.14491219800000002,
        0.143028071,
        0.148678469,
        0.144174446,
        0.14651677200000002,
        0.145165603,
        0.145261515
      ],
      "memory_usage_byte": [
        53190656,
        53190656,
        53190656,
        53190656,
        53190656,
        53190656,
        53190656,
        53190656,
        53190656,
        53190656
      ],