{
  "results": [
    {
      "command": "mado",
      "mean": 0.047229408400000006,
      "stddev": 0.0015760334249409667,
      "median": 0.046865075500000006,
      "user": 0.0723036,
      "system": 0.010312699999999998,
      "min": 0.046053359,
      "max": 0.051602993,
      "times": [
        0.046844465,
        0.046053359,
        0.04722028,
        0.046885686,
        0.051602993,
        0.047035918,
        0.046337719,
        0.046527448000000006,
        0.046779761,
        0.047006455
      ],
      "memory_usage_byte": [
        31768576,
        31768576,
        31768576,
        31768576,
        31768576,
        31768576,
        31768576,
        31768576,
        31768576,
        31768576
      ],
      "exit_codes": [
        1,
        1,
        1,
        1,
        1,
        1,
        1,
        1,
        1,
        1
      ]
    },
    {
      "command": "rumdl",
      "mean": 0.19389650390000002,
      "stddev": 0.002994500623091064,
      "median": 0.19362205600000001,
      "user": 0.6269520999999999,
      "system": 0.037160599999999995,
      "min": 0.189201422,
      "max": 0.199825889,
      "times": [
        0.193564436,
        0.192317397,
        0.19382143000000002,
        0.199825889,
        0.19684726600000002,
        0.195921802,
        0.19183202100000002,
        0.189201422,
        0.19367967600000002,
        0.1919537
      ],
      "memory_usage_byte": [
        50176000,
        50176000,
        50176000,
        50176000,
        50176000,
        50176000,
        50176000,
        50176000,
        53579776,
        53579776
      ],
      "exit_codes": [
        1,
        1,
        1,
        1,
        1,
        1,
        1,
        1,
        1,
        1
      ]
    },
    {
      "command": "panache",
      "mean": 0.5311779065000001,
      "stddev": 0.007136288863468881,
      "median": 0.5337963455000001,
      "user": 1.5928574999999998,
      "system": 0.0613645,
      "min": 0.5156735290000001,
      "max": 0.538505903,
      "times": [
        0.538505903,
        0.5156735290000001,
        0.535045891,
        0.5342954990000001,
        0.534116706,
        0.532730025,
        0.531038169,
        0.5358083650000001,
        0.521088993,
        0.533475985
      ],
      "memory_usage_byte": [
        53579776,
        53579776,
        53579776,
        53579776,
        53579776,
        53579776,
        53579776,
        53579776,
        53579776,
        53579776
      ],
      "exit_codes": [
        0,
        0,
        0,
        0,
        0,
        0,
        0,
        0,
        0,
        0
      ]
    },
    {
      "command": "mdsmith-parity",
      "mean": 0.1360088614,
      "stddev": 0.0008753003845037908,
      "median": 0.13594471000000002,
      "user": 0.2841034,
      "system": 0.04389269999999999,
      "min": 0.134557837,
      "max": 0.137859327,
      "times": [
        0.137859327,
        0.136432352,
        0.13653768200000002,
        0.13549386200000002,
        0.135699582,
        0.136154502,
        0.135734918,
        0.134557837,
        0.135379239,
        0.136239313
      ],
      "memory_usage_byte": [
        61829120,
        62119936,
        62119936,
        62119936,
        62119936,
        62119936,
        62119936,
        62119936,
        62119936,
        62119936
      ],
      "exit_codes": [
        1,
        1,
        1,
        1,
        1,
        1,
        1,
        1,
        1,
        1
      ]
    },
    {
      "command": "mdsmith",
      "mean": 0.25251277720000004,
      "stddev": 0.003525606648776288,
      "median": 0.25188569000000005,
      "user": 0.5807157000000001,
      "system": 0.09069699999999999,
      "min": 0.248528358,
      "max": 0.26120913700000004,
      "times": [
        0.25263838,
        0.26120913700000004,
        0.248528358,
        0.252217278,
        0.251937536,
        0.25103859,
        0.25513513800000004,
        0.250834504,
        0.24975500700000003,
        0.25183384400000003
      ],
      "memory_usage_byte": [
        82378752,
        82378752,
        84283392,
        84283392,
        84283392,
        84283392,
        84283392,
        84283392,
        84283392,
        84283392
      ],
      "exit_codes": [
        1,
        1,
        1,
        1,
        1,
        1,
        1,
        1,
        1,
        1
      ]
    }
  ]
}
