{
  "results": [
    {
      "command": "mado",
      "mean": 0.047631984700000005,
      "stddev": 0.003889534792255555,
      "median": 0.045953643,
      "user": 0.0756666,
      "system": 0.008383599999999998,
      "min": 0.045460727,
      "max": 0.057627964000000004,
      "times": [
        0.045864484000000004,
        0.046570104,
        0.046464075,
        0.057627964000000004,
        0.045805886000000004,
        0.045535620000000006,
        0.045806366,
        0.051141819000000005,
        0.045460727,
        0.046042802
      ],
      "memory_usage_byte": [
        29462528,
        29638656,
        29638656,
        31330304,
        31330304,
        31330304,
        31330304,
        31330304,
        31330304,
        31330304
      ],
      "exit_codes": [
        1,
        1,
        1,
        1,
        1,
        1,
        1,
        1,
        1,
        1
      ]
    },
    {
      "command": "rumdl",
      "mean": 0.19005604250000002,
      "stddev": 0.0024022893666292727,
      "median": 0.1898647745,
      "user": 0.6191458999999999,
      "system": 0.038785999999999994,
      "min": 0.187381024,
      "max": 0.19604437600000002,
      "times": [
        0.188234333,
        0.19086359400000003,
        0.189912354,
        0.18981719500000002,
        0.19004279000000002,
        0.19604437600000002,
        0.18974109,
        0.18793636800000002,
        0.187381024,
        0.19058730100000001
      ],
      "memory_usage_byte": [
        50921472,
        51113984,
        51113984,
        51113984,
        51113984,
        51113984,
        51113984,
        51113984,
        51113984,
        51113984
      ],
      "exit_codes": [
        1,
        1,
        1,
        1,
        1,
        1,
        1,
        1,
        1,
        1
      ]
    },
    {
      "command": "panache",
      "mean": 0.5412030053000001,
      "stddev": 0.018515095326324685,
      "median": 0.5514087085000001,
      "user": 1.564048,
      "system": 0.0630901,
      "min": 0.513615342,
      "max": 0.555249934,
      "times": [
        0.553330862,
        0.5546792770000001,
        0.555249934,
        0.54857725,
        0.5531423080000001,
        0.553741849,
        0.515102877,
        0.549675109,
        0.5149152450000001,
        0.513615342
      ],
      "memory_usage_byte": [
        51113984,
        51113984,
        51113984,
        51113984,
        51113984,
        51113984,
        51113984,
        51113984,
        51113984,
        51113984
      ],
      "exit_codes": [
        0,
        0,
        0,
        0,
        0,
        0,
        0,
        0,
        0,
        0
      ]
    },
    {
      "command": "mdsmith-parity",
      "mean": 0.1336847214,
      "stddev": 0.0021494176068304906,
      "median": 0.13286662700000001,
      "user": 0.2771315,
      "system": 0.043499899999999994,
      "min": 0.13161556200000002,
      "max": 0.137770374,
      "times": [
        0.13252865900000002,
        0.13161556200000002,
        0.134645689,
        0.13304643700000002,
        0.13364462600000002,
        0.13201654000000002,
        0.132686817,
        0.13699562,
        0.137770374,
        0.13189689000000002
      ],
      "memory_usage_byte": [
        59748352,
        59748352,
        59764736,
        59764736,
        61607936,
        61607936,
        61607936,
        61607936,
        61607936,
        61607936
      ],
      "exit_codes": [
        1,
        1,
        1,
        1,
        1,
        1,
        1,
        1,
        1,
        1
      ]
    },
    {
      "command": "mdsmith",
      "mean": 0.2548930750999999,
      "stddev": 0.0019057145708822616,
      "median": 0.2544931635,
      "user": 0.5837101,
      "system": 0.0836482,
      "min": 0.25307562100000003,
      "max": 0.258965811,
      "times": [
        0.254044747,
        0.253408446,
        0.253316107,
        0.25494158,
        0.255674991,
        0.25307562100000003,
        0.258965811,
        0.25332441,
        0.25523881600000004,
        0.256940222
      ],
      "memory_usage_byte": [
        76398592,
        78307328,
        78307328,
        78307328,
        78307328,
        78307328,
        78307328,
        78307328,
        78307328,
        78307328
      ],
      "exit_codes": [
        1,
        1,
        1,
        1,
        1,
        1,
        1,
        1,
        1,
        1
      ]
    }
  ]
}
