{
  "results": [
    {
      "command": "markdownlint-cli2",
      "mean": 4.634996132166666,
      "stddev": 0.09450306383288452,
      "median": 4.6103777945,
      "user": 6.852591166666667,
      "system": 0.41291283333333334,
      "min": 4.555917487,
      "max": 4.822633937,
      "times": [
        4.822633937,
        4.595754363,
        4.6060482,
        4.614707389,
        4.555917487,
        4.614915417
      ],
      "memory_usage_byte": [
        382623744,
        382623744,
        383393792,
        383393792,
        383393792,
        383393792
      ],
      "exit_codes": [
        1,
        1,
        1,
        1,
        1,
        1
      ]
    }
  ]
}
