{
  "results": [
    {
      "command": "markdownlint-cli2",
      "mean": 2.987131228666667,
      "stddev": 0.07438092388291288,
      "median": 2.9715984185,
      "user": 4.430183333333333,
      "system": 0.3160498333333333,
      "min": 2.933015567,
      "max": 3.134184342,
      "times": [
        2.970490883,
        2.937348101,
        2.9727059540000003,
        2.933015567,
        2.975042525,
        3.134184342
      ],
      "memory_usage_byte": [
        396517376,
        396517376,
        396517376,
        396517376,
        396517376,
        396517376
      ],
      "exit_codes": [
        1,
        1,
        1,
        1,
        1,
        1
      ]
    }
  ]
}
