{
  "results": [
    {
      "command": "mado",
      "mean": 0.04906428550000001,
      "stddev": 0.0039860559900902395,
      "median": 0.0468942465,
      "user": 0.0779428,
      "system": 0.0085733,
      "min": 0.046164156000000005,
      "max": 0.056166282000000005,
      "times": [
        0.046303268,
        0.055644854,
        0.046634776,
        0.046164156000000005,
        0.046890184,
        0.046898309000000006,
        0.056166282000000005,
        0.047028053,
        0.052049458,
        0.046863515
      ],
      "memory_usage_byte": [
        33419264,
        33812480,
        33812480,
        33812480,
        33812480,
        33812480,
        33812480,
        33812480,
        33812480,
        33812480
      ],
      "exit_codes": [
        1,
        1,
        1,
        1,
        1,
        1,
        1,
        1,
        1,
        1
      ]
    },
    {
      "command": "rumdl",
      "mean": 0.19647638550000002,
      "stddev": 0.0032175273207872336,
      "median": 0.19568024850000001,
      "user": 0.6556742,
      "system": 0.0328337,
      "min": 0.19315879100000002,
      "max": 0.20451128400000002,
      "times": [
        0.194503809,
        0.195459306,
        0.196766555,
        0.19366501900000002,
        0.19578515600000002,
        0.195575341,
        0.197141534,
        0.19315879100000002,
        0.20451128400000002,
        0.19819706
      ],
      "memory_usage_byte": [
        49209344,
        49209344,
        51408896,
        51408896,
        51408896,
        51408896,
        51408896,
        51408896,
        51408896,
        51408896
      ],
      "exit_codes": [
        1,
        1,
        1,
        1,
        1,
        1,
        1,
        1,
        1,
        1
      ]
    },
    {
      "command": "panache",
      "mean": 0.5386155213999999,
      "stddev": 0.006225354212091955,
      "median": 0.5419107710000001,
      "user": 1.6398827999999999,
      "system": 0.052401600000000007,
      "min": 0.527787479,
      "max": 0.5434902220000001,
      "times": [
        0.5423781560000001,
        0.5282933240000001,
        0.533764974,
        0.543251755,
        0.5434902220000001,
        0.5415597990000001,
        0.5422617430000001,
        0.527787479,
        0.540888553,
        0.542479209
      ],
      "memory_usage_byte": [
        51408896,
        51408896,
        51408896,
        51408896,
        51408896,
        51408896,
        51408896,
        51408896,
        51408896,
        51408896
      ],
      "exit_codes": [
        0,
        0,
        0,
        0,
        0,
        0,
        0,
        0,
        0,
        0
      ]
    },
    {
      "command": "mdsmith-parity",
      "mean": 0.12802275100000002,
      "stddev": 0.0005276057012542611,
      "median": 0.12802517200000002,
      "user": 0.29720979999999997,
      "system": 0.030402699999999998,
      "min": 0.127024504,
      "max": 0.12875446100000001,
      "times": [
        0.12875446100000001,
        0.128323577,
        0.12774064400000001,
        0.12857727900000002,
        0.127736705,
        0.12845584200000001,
        0.127935399,
        0.128114945,
        0.127024504,
        0.127564154
      ],
      "memory_usage_byte": [
        63889408,
        63889408,
        63889408,
        63889408,
        63889408,
        63889408,
        63889408,
        63889408,
        63889408,
        63889408
      ],
      "exit_codes": [
        1,
        1,
        1,
        1,
        1,
        1,
        1,
        1,
        1,
        1
      ]
    },
    {
      "command": "mdsmith",
      "mean": 0.24331228970000005,
      "stddev": 0.001739481617452805,
      "median": 0.243053256,
      "user": 0.6005489999999999,
      "system": 0.07030429999999999,
      "min": 0.24163604200000002,
      "max": 0.247598694,
      "times": [
        0.242305066,
        0.24345929100000002,
        0.24163604200000002,
        0.24208956,
        0.24368979400000002,
        0.244334038,
        0.243380123,
        0.247598694,
        0.2419039,
        0.24272638900000001
      ],
      "memory_usage_byte": [
        82743296,
        82743296,
        82743296,
        82743296,
        82743296,
        82743296,
        82743296,
        82743296,
        82743296,
        82743296
      ],
      "exit_codes": [
        1,
        1,
        1,
        1,
        1,
        1,
        1,
        1,
        1,
        1
      ]
    }
  ]
}
