{
  "results": [
    {
      "command": "mado",
      "mean": 0.0591390439,
      "stddev": 0.002197699051489153,
      "median": 0.057638905500000004,
      "user": 0.09024209999999998,
      "system": 0.019783299999999997,
      "min": 0.057287392000000006,
      "max": 0.062223575,
      "times": [
        0.060338714,
        0.057587054000000006,
        0.061778838,
        0.05760885600000001,
        0.057350215,
        0.057287392000000006,
        0.062223575,
        0.057668955,
        0.062140082000000006,
        0.057406758
      ],
      "memory_usage_byte": [
        28966912,
        28966912,
        29016064,
        29016064,
        29016064,
        29016064,
        29016064,
        29016064,
        29016064,
        29016064
      ],
      "exit_codes": [
        1,
        1,
        1,
        1,
        1,
        1,
        1,
        1,
        1,
        1
      ]
    },
    {
      "command": "rumdl",
      "mean": 0.2884983937,
      "stddev": 0.004287076596892858,
      "median": 0.2897659665,
      "user": 0.8563433,
      "system": 0.07754599999999999,
      "min": 0.28123099,
      "max": 0.293614329,
      "times": [
        0.29317355,
        0.28980161400000004,
        0.29225618600000003,
        0.293614329,
        0.28123099,
        0.289730319,
        0.29029698600000003,
        0.285367442,
        0.28651470500000004,
        0.282997816
      ],
      "memory_usage_byte": [
        56381440,
        56381440,
        56381440,
        56381440,
        56381440,
        56381440,
        56381440,
        56381440,
        56381440,
        56381440
      ],
      "exit_codes": [
        1,
        1,
        1,
        1,
        1,
        1,
        1,
        1,
        1,
        1
      ]
    },
    {
      "command": "panache",
      "mean": 0.5555472616,
      "stddev": 0.04273450456662101,
      "median": 0.531060796,
      "user": 1.8801135000000002,
      "system": 0.1464944,
      "min": 0.523079767,
      "max": 0.638269386,
      "times": [
        0.609082122,
        0.5980651220000001,
        0.5261024360000001,
        0.638269386,
        0.530091441,
        0.525425939,
        0.523079767,
        0.527262678,
        0.5320301510000001,
        0.546063574
      ],
      "memory_usage_byte": [
        56381440,
        56381440,
        56381440,
        56381440,
        56381440,
        56381440,
        56381440,
        56381440,
        56381440,
        56381440
      ],
      "exit_codes": [
        0,
        0,
        0,
        0,
        0,
        0,
        0,
        0,
        0,
        0
      ]
    },
    {
      "command": "mdsmith-parity",
      "mean": 0.10555148480000001,
      "stddev": 0.0008334648646328853,
      "median": 0.10548585800000002,
      "user": 0.30738389999999993,
      "system": 0.035661099999999994,
      "min": 0.104497926,
      "max": 0.10712167600000001,
      "times": [
        0.10549317400000001,
        0.10548452100000001,
        0.10712167600000001,
        0.10480064200000001,
        0.10526299400000001,
        0.104497926,
        0.10471164100000001,
        0.105487195,
        0.10655950700000001,
        0.10609557200000001
      ],
      "memory_usage_byte": [
        56381440,
        56381440,
        56381440,
        56381440,
        56381440,
        56381440,
        56381440,
        56381440,
        56381440,
        56381440
      ],
      "exit_codes": [
        1,
        1,
        1,
        1,
        1,
        1,
        1,
        1,
        1,
        1
      ]
    },
    {
      "command": "mdsmith",
      "mean": 0.4645472323,
      "stddev": 0.0111657271597048,
      "median": 0.466073746,
      "user": 0.9922296999999999,
      "system": 0.5665283000000001,
      "min": 0.448422498,
      "max": 0.47804547500000005,
      "times": [
        0.467812457,
        0.44919324600000005,
        0.457397718,
        0.476953055,
        0.477397049,
        0.464335035,
        0.457562982,
        0.468352808,
        0.448422498,
        0.47804547500000005
      ],
      "memory_usage_byte": [
        72593408,
        72593408,
        72593408,
        72593408,
        72593408,
        72593408,
        72593408,
        72593408,
        72593408,
        72593408
      ],
      "exit_codes": [
        1,
        1,
        1,
        1,
        1,
        1,
        1,
        1,
        1,
        1
      ]
    }
  ]
}
