{
  "results": [
    {
      "command": "mado",
      "mean": 0.05316055780000001,
      "stddev": 0.0034263969184980367,
      "median": 0.05175384250000001,
      "user": 0.0820251,
      "system": 0.0168974,
      "min": 0.050966034,
      "max": 0.061649844,
      "times": [
        0.051866537000000004,
        0.052140055000000005,
        0.050966034,
        0.061649844,
        0.051527698000000004,
        0.056905528000000004,
        0.051641148000000005,
        0.051882752000000004,
        0.051496371000000006,
        0.051529611
      ],
      "memory_usage_byte": [
        29831168,
        29999104,
        29999104,
        29999104,
        29999104,
        29999104,
        31617024,
        31617024,
        31617024,
        31617024
      ],
      "exit_codes": [
        1,
        1,
        1,
        1,
        1,
        1,
        1,
        1,
        1,
        1
      ]
    },
    {
      "command": "rumdl",
      "mean": 0.25385620389999997,
      "stddev": 0.007031714628383231,
      "median": 0.2501018585,
      "user": 0.7675097,
      "system": 0.061529999999999994,
      "min": 0.24555496400000001,
      "max": 0.26703417300000004,
      "times": [
        0.24555496400000001,
        0.250149986,
        0.25877572000000004,
        0.25747231000000004,
        0.250053731,
        0.249325696,
        0.26213183,
        0.26703417300000004,
        0.248194565,
        0.249869064
      ],
      "memory_usage_byte": [
        53415936,
        55758848,
        55758848,
        55758848,
        55758848,
        55758848,
        55758848,
        55758848,
        55758848,
        55758848
      ],
      "exit_codes": [
        1,
        1,
        1,
        1,
        1,
        1,
        1,
        1,
        1,
        1
      ]
    },
    {
      "command": "panache",
      "mean": 0.5553298186000001,
      "stddev": 0.06042890236540626,
      "median": 0.588263314,
      "user": 1.6303621,
      "system": 0.11384249999999999,
      "min": 0.467700141,
      "max": 0.611922882,
      "times": [
        0.472411768,
        0.586919603,
        0.467700141,
        0.5896070250000001,
        0.469072476,
        0.592130471,
        0.607604852,
        0.5918017170000001,
        0.564127251,
        0.611922882
      ],
      "memory_usage_byte": [
        55758848,
        55758848,
        55758848,
        55758848,
        55758848,
        55758848,
        55758848,
        55758848,
        55758848,
        55758848
      ],
      "exit_codes": [
        0,
        0,
        0,
        0,
        0,
        0,
        0,
        0,
        0,
        0
      ]
    },
    {
      "command": "gomarklint",
      "mean": 0.0501876807,
      "stddev": 0.0023051154232864137,
      "median": 0.050661909500000005,
      "user": 0.1055189,
      "system": 0.022414800000000002,
      "min": 0.047346355,
      "max": 0.054686957,
      "times": [
        0.054686957,
        0.047805856,
        0.050446914,
        0.050876905,
        0.051833033,
        0.047346355,
        0.048312248,
        0.048029673,
        0.051454188000000005,
        0.051084678
      ],
      "memory_usage_byte": [
        55758848,
        55758848,
        55758848,
        55758848,
        55758848,
        55758848,
        55758848,
        55758848,
        55758848,
        55758848
      ],
      "exit_codes": [
        1,
        1,
        1,
        1,
        1,
        1,
        1,
        1,
        1,
        1
      ]
    },
    {
      "command": "mdsmith-parity",
      "mean": 0.0470632185,
      "stddev": 0.0010477740187227885,
      "median": 0.046833003,
      "user": 0.13836469999999998,
      "system": 0.016493,
      "min": 0.045798897000000005,
      "max": 0.049782990000000006,
      "times": [
        0.047509565000000004,
        0.049782990000000006,
        0.046973980000000005,
        0.045798897000000005,
        0.046621214,
        0.046813844,
        0.046533547,
        0.046852162,
        0.046979283000000004,
        0.046766703
      ],
      "memory_usage_byte": [
        55758848,
        55758848,
        55758848,
        55758848,
        55758848,
        55758848,
        55758848,
        55758848,
        55758848,
        55758848
      ],
      "exit_codes": [
        1,
        1,
        1,
        1,
        1,
        1,
        1,
        1,
        1,
        1
      ]
    },
    {
      "command": "mdsmith",
      "mean": 0.1373677093,
      "stddev": 0.0020520322396863095,
      "median": 0.1373655245,
      "user": 0.39394499999999993,
      "system": 0.0505731,
      "min": 0.135011143,
      "max": 0.142332496,
      "times": [
        0.137933619,
        0.13781632200000002,
        0.136599207,
        0.137745496,
        0.136985553,
        0.142332496,
        0.13785839600000002,
        0.135011143,
        0.136184108,
        0.13521075300000002
      ],
      "memory_usage_byte": [
        56381440,
        56381440,
        56381440,
        56381440,
        56381440,
        60907520,
        60907520,
        60907520,
        60907520,
        60907520
      ],
      "exit_codes": [
        1,
        1,
        1,
        1,
        1,
        1,
        1,
        1,
        1,
        1
      ]
    }
  ]
}
