{
  "results": [
    {
      "command": "mado",
      "mean": 0.0608301929,
      "stddev": 0.001305557112274249,
      "median": 0.060570629,
      "user": 0.09716630000000001,
      "system": 0.015187099999999999,
      "min": 0.059787381,
      "max": 0.064406747,
      "times": [
        0.060946802,
        0.060221622,
        0.060515261,
        0.060085336,
        0.060228182000000005,
        0.060625997,
        0.060699844,
        0.059787381,
        0.060784757,
        0.064406747
      ],
      "memory_usage_byte": [
        30023680,
        30023680,
        30023680,
        30023680,
        30023680,
        30023680,
        30023680,
        30023680,
        30023680,
        30023680
      ],
      "exit_codes": [
        1,
        1,
        1,
        1,
        1,
        1,
        1,
        1,
        1,
        1
      ]
    },
    {
      "command": "rumdl",
      "mean": 0.3406419016,
      "stddev": 0.005332801383818814,
      "median": 0.34043653900000004,
      "user": 1.1346851999999998,
      "system": 0.047152099999999995,
      "min": 0.332812208,
      "max": 0.34765118,
      "times": [
        0.33901500100000004,
        0.345351491,
        0.345792178,
        0.34765118,
        0.335866924,
        0.3368237,
        0.34185807700000004,
        0.34588263,
        0.332812208,
        0.335365627
      ],
      "memory_usage_byte": [
        52703232,
        52703232,
        52703232,
        54632448,
        54632448,
        54632448,
        54632448,
        54632448,
        54632448,
        54632448
      ],
      "exit_codes": [
        1,
        1,
        1,
        1,
        1,
        1,
        1,
        1,
        1,
        1
      ]
    },
    {
      "command": "panache",
      "mean": 0.7062566158999999,
      "stddev": 0.06870853554622856,
      "median": 0.7435650265,
      "user": 2.2154666,
      "system": 0.09143910000000001,
      "min": 0.619509924,
      "max": 0.806263449,
      "times": [
        0.806263449,
        0.619530048,
        0.7407035070000001,
        0.748921987,
        0.746426546,
        0.619628403,
        0.664528063,
        0.74869693,
        0.619509924,
        0.7483573020000001
      ],
      "memory_usage_byte": [
        54632448,
        54632448,
        54632448,
        54632448,
        54632448,
        54632448,
        54632448,
        54632448,
        54632448,
        54632448
      ],
      "exit_codes": [
        0,
        0,
        0,
        0,
        0,
        0,
        0,
        0,
        0,
        0
      ]
    },
    {
      "command": "gomarklint",
      "mean": 0.0509009256,
      "stddev": 0.004316422248454801,
      "median": 0.048633037000000004,
      "user": 0.1328468,
      "system": 0.0159636,
      "min": 0.047442852,
      "max": 0.058110207000000004,
      "times": [
        0.055343641000000006,
        0.057643597000000005,
        0.048538718,
        0.058110207000000004,
        0.047442852,
        0.048216397,
        0.049116335000000004,
        0.048727356000000006,
        0.048296844000000005,
        0.047573309
      ],
      "memory_usage_byte": [
        54632448,
        54632448,
        54632448,
        54632448,
        54632448,
        54632448,
        54632448,
        54632448,
        54632448,
        54632448
      ],
      "exit_codes": [
        1,
        1,
        1,
        1,
        1,
        1,
        1,
        1,
        1,
        1
      ]
    },
    {
      "command": "mdsmith-parity",
      "mean": 0.057227375000000004,
      "stddev": 0.0009003527336957074,
      "median": 0.0571814605,
      "user": 0.18083529999999998,
      "system": 0.0164728,
      "min": 0.055884175,
      "max": 0.059193752,
      "times": [
        0.057585289000000005,
        0.059193752,
        0.057644383,
        0.057154013000000004,
        0.056426682000000006,
        0.056753127,
        0.057686399000000006,
        0.057208908,
        0.055884175,
        0.056737022000000005
      ],
      "memory_usage_byte": [
        54632448,
        54632448,
        54632448,
        54632448,
        54632448,
        54632448,
        54632448,
        54632448,
        54632448,
        54632448
      ],
      "exit_codes": [
        1,
        1,
        1,
        1,
        1,
        1,
        1,
        1,
        1,
        1
      ]
    },
    {
      "command": "mdsmith",
      "mean": 0.16634065720000002,
      "stddev": 0.002993078732691693,
      "median": 0.1656210955,
      "user": 0.5088573999999999,
      "system": 0.043084000000000004,
      "min": 0.164143903,
      "max": 0.17432560300000002,
      "times": [
        0.165736678,
        0.16672504000000002,
        0.16464281900000002,
        0.16594613300000002,
        0.164623865,
        0.16550551300000002,
        0.17432560300000002,
        0.164392113,
        0.167364905,
        0.164143903
      ],
      "memory_usage_byte": [
        54632448,
        54632448,
        54632448,
        54632448,
        54632448,
        54632448,
        54632448,
        54632448,
        54632448,
        54632448
      ],
      "exit_codes": [
        1,
        1,
        1,
        1,
        1,
        1,
        1,
        1,
        1,
        1
      ]
    }
  ]
}
