{
  "results": [
    {
      "command": "markdownlint-cli2",
      "mean": 4.854871392500001,
      "stddev": 0.03809300466812095,
      "median": 4.870977868,
      "user": 7.318353999999999,
      "system": 0.40266283333333325,
      "min": 4.798553245,
      "max": 4.889438954,
      "times": [
        4.889438954,
        4.879085203,
        4.862870533,
        4.816596984,
        4.798553245,
        4.882683436
      ],
      "memory_usage_byte": [
        402087936,
        402087936,
        402087936,
        402087936,
        402087936,
        402087936
      ],
      "exit_codes": [
        1,
        1,
        1,
        1,
        1,
        1
      ]
    }
  ]
}
