{
  "results": [
    {
      "command": "mado",
      "mean": 0.0461275416,
      "stddev": 0.0019909653053444085,
      "median": 0.045350682,
      "user": 0.07305380000000002,
      "system": 0.0082491,
      "min": 0.044334139,
      "max": 0.050547238,
      "times": [
        0.050547238,
        0.045529570000000005,
        0.044972231,
        0.045791189,
        0.045276747000000006,
        0.048990621000000005,
        0.045323645,
        0.045377719000000004,
        0.044334139,
        0.045132317000000005
      ],
      "memory_usage_byte": [
        29302784,
        29540352,
        29540352,
        29822976,
        29822976,
        29822976,
        29822976,
        29822976,
        29822976,
        29822976
      ],
      "exit_codes": [
        1,
        1,
        1,
        1,
        1,
        1,
        1,
        1,
        1,
        1
      ]
    },
    {
      "command": "rumdl",
      "mean": 0.1946262714,
      "stddev": 0.0021273275926146384,
      "median": 0.1939156985,
      "user": 0.6467107,
      "system": 0.032635399999999995,
      "min": 0.19189286100000003,
      "max": 0.198041619,
      "times": [
        0.194345247,
        0.19286255000000002,
        0.198041619,
        0.19757238100000002,
        0.193854252,
        0.193025575,
        0.193747103,
        0.19397714500000002,
        0.19189286100000003,
        0.19694398100000002
      ],
      "memory_usage_byte": [
        52084736,
        52084736,
        52084736,
        52084736,
        52084736,
        52084736,
        52084736,
        52084736,
        52084736,
        52084736
      ],
      "exit_codes": [
        1,
        1,
        1,
        1,
        1,
        1,
        1,
        1,
        1,
        1
      ]
    },
    {
      "command": "panache",
      "mean": 0.5591578228000001,
      "stddev": 0.0025233774098789357,
      "median": 0.5593203435,
      "user": 1.5840873999999998,
      "system": 0.0521477,
      "min": 0.553356752,
      "max": 0.562677528,
      "times": [
        0.562677528,
        0.557380214,
        0.553356752,
        0.561382335,
        0.560749028,
        0.559089842,
        0.558674833,
        0.5596350330000001,
        0.5595508450000001,
        0.559081818
      ],
      "memory_usage_byte": [
        52084736,
        52084736,
        52084736,
        52084736,
        52084736,
        52084736,
        52084736,
        52084736,
        52084736,
        52084736
      ],
      "exit_codes": [
        0,
        0,
        0,
        0,
        0,
        0,
        0,
        0,
        0,
        0
      ]
    },
    {
      "command": "gomarklint",
      "mean": 0.032756631800000005,
      "stddev": 0.0015828644561675593,
      "median": 0.032854698,
      "user": 0.0737499,
      "system": 0.009264099999999999,
      "min": 0.02908526,
      "max": 0.034540027,
      "times": [
        0.034380482000000004,
        0.034540027,
        0.034057915,
        0.032973475,
        0.031991338,
        0.02908526,
        0.032596106,
        0.033256074000000004,
        0.032735921,
        0.03194972
      ],
      "memory_usage_byte": [
        52084736,
        52084736,
        52084736,
        52084736,
        52084736,
        52084736,
        52084736,
        52084736,
        52084736,
        52084736
      ],
      "exit_codes": [
        1,
        1,
        1,
        1,
        1,
        1,
        1,
        1,
        1,
        1
      ]
    },
    {
      "command": "mdsmith-parity",
      "mean": 0.054321311500000004,
      "stddev": 0.0011873589927831202,
      "median": 0.0539298495,
      "user": 0.15328289999999997,
      "system": 0.012667699999999999,
      "min": 0.052758454,
      "max": 0.056642689,
      "times": [
        0.056642689,
        0.052758454,
        0.053641119,
        0.054166255,
        0.055477435000000005,
        0.05540164,
        0.053553970000000006,
        0.053693444,
        0.05448282300000001,
        0.053395286
      ],
      "memory_usage_byte": [
        52084736,
        52084736,
        52084736,
        52084736,
        52084736,
        52084736,
        52084736,
        52084736,
        52084736,
        52084736
      ],
      "exit_codes": [
        1,
        1,
        1,
        1,
        1,
        1,
        1,
        1,
        1,
        1
      ]
    },
    {
      "command": "mdsmith",
      "mean": 0.1428980467,
      "stddev": 0.0026127924577839037,
      "median": 0.142495683,
      "user": 0.42002950000000006,
      "system": 0.0290461,
      "min": 0.140163391,
      "max": 0.149783839,
      "times": [
        0.149783839,
        0.141264939,
        0.142579684,
        0.140163391,
        0.142995704,
        0.141590812,
        0.141741121,
        0.142411682,
        0.14285551100000002,
        0.143593784
      ],
      "memory_usage_byte": [
        52084736,
        52084736,
        52084736,
        52084736,
        52084736,
        52084736,
        52084736,
        52084736,
        52084736,
        52084736
      ],
      "exit_codes": [
        1,
        1,
        1,
        1,
        1,
        1,
        1,
        1,
        1,
        1
      ]
    }
  ]
}
