{
  "results": [
    {
      "command": "markdownlint-cli2",
      "mean": 3.204131572666667,
      "stddev": 0.1306279758273092,
      "median": 3.1518277455000003,
      "user": 4.807640666666667,
      "system": 0.32053366666666666,
      "min": 3.086029517,
      "max": 3.406489363,
      "times": [
        3.406489363,
        3.125042461,
        3.3222616560000002,
        3.17861303,
        3.086029517,
        3.106353409
      ],
      "memory_usage_byte": [
        398163968,
        398163968,
        398163968,
        398163968,
        398163968,
        398163968
      ],
      "exit_codes": [
        1,
        1,
        1,
        1,
        1,
        1
      ]
    }
  ]
}
