{
  "results": [
    {
      "command": "mado",
      "mean": 0.076133169,
      "stddev": 0.003119806969385729,
      "median": 0.07544463850000001,
      "user": 0.122139,
      "system": 0.021700699999999996,
      "min": 0.072678238,
      "max": 0.083227431,
      "times": [
        0.083227431,
        0.07273623600000001,
        0.072678238,
        0.07520534400000001,
        0.07700723400000001,
        0.07591447000000001,
        0.07458798900000001,
        0.07525754300000001,
        0.079085471,
        0.075631734
      ],
      "memory_usage_byte": [
        31911936,
        33488896,
        33488896,
        33488896,
        33488896,
        33488896,
        33488896,
        33521664,
        33521664,
        33521664
      ],
      "exit_codes": [
        1,
        1,
        1,
        1,
        1,
        1,
        1,
        1,
        1,
        1
      ]
    },
    {
      "command": "rumdl",
      "mean": 0.38144603090000007,
      "stddev": 0.026315002743235286,
      "median": 0.37413079450000003,
      "user": 1.1260399999999997,
      "system": 0.08476009999999998,
      "min": 0.36108580900000004,
      "max": 0.451192415,
      "times": [
        0.37375572700000004,
        0.377040243,
        0.369506326,
        0.374505862,
        0.36108580900000004,
        0.36623788900000004,
        0.363969957,
        0.393345855,
        0.451192415,
        0.38382022600000004
      ],
      "memory_usage_byte": [
        52133888,
        52133888,
        52133888,
        52133888,
        52133888,
        55054336,
        55054336,
        55054336,
        55054336,
        55054336
      ],
      "exit_codes": [
        1,
        1,
        1,
        1,
        1,
        1,
        1,
        1,
        1,
        1
      ]
    },
    {
      "command": "panache",
      "mean": 0.7370794944000001,
      "stddev": 0.08970373821941746,
      "median": 0.6819464275,
      "user": 2.3703071000000002,
      "system": 0.1482482,
      "min": 0.6584683250000001,
      "max": 0.8443748130000001,
      "times": [
        0.8417408930000001,
        0.6704573920000001,
        0.6610537320000001,
        0.693435463,
        0.662966999,
        0.6584683250000001,
        0.8443748130000001,
        0.8385644900000001,
        0.837993419,
        0.661739418
      ],
      "memory_usage_byte": [
        55054336,
        55054336,
        55054336,
        55054336,
        55054336,
        55054336,
        55054336,
        55054336,
        55054336,
        55054336
      ],
      "exit_codes": [
        0,
        0,
        0,
        0,
        0,
        0,
        0,
        0,
        0,
        0
      ]
    },
    {
      "command": "gomarklint",
      "mean": 0.06968543940000001,
      "stddev": 0.009425835370477064,
      "median": 0.0720571545,
      "user": 0.15023019999999998,
      "system": 0.025329,
      "min": 0.05752728000000001,
      "max": 0.08270656800000001,
      "times": [
        0.07514448,
        0.075789826,
        0.059604014000000004,
        0.05752728000000001,
        0.08270656800000001,
        0.057590083,
        0.06896982900000001,
        0.064233199,
        0.07537353000000001,
        0.07991558500000001
      ],
      "memory_usage_byte": [
        55054336,
        55054336,
        55054336,
        55054336,
        55054336,
        55054336,
        55054336,
        55054336,
        55054336,
        55054336
      ],
      "exit_codes": [
        1,
        1,
        1,
        1,
        1,
        1,
        1,
        1,
        1,
        1
      ]
    },
    {
      "command": "mdsmith-gomarklint-parity",
      "mean": 0.08213222140000001,
      "stddev": 0.003077575364555324,
      "median": 0.08228832200000001,
      "user": 0.2095016,
      "system": 0.032162199999999995,
      "min": 0.077157325,
      "max": 0.087329552,
      "times": [
        0.08320730200000001,
        0.083572827,
        0.087329552,
        0.080273022,
        0.077157325,
        0.08136934200000001,
        0.08075729000000001,
        0.078709055,
        0.08537942600000001,
        0.083567073
      ],
      "memory_usage_byte": [
        55054336,
        55054336,
        55054336,
        55054336,
        55054336,
        55054336,
        55054336,
        55054336,
        55054336,
        55054336
      ],
      "exit_codes": [
        1,
        1,
        1,
        1,
        1,
        1,
        1,
        1,
        1,
        1
      ]
    },
    {
      "command": "mdsmith-mado-parity",
      "mean": 0.0875001825,
      "stddev": 0.008381765863676303,
      "median": 0.08400592500000001,
      "user": 0.2101774,
      "system": 0.0341191,
      "min": 0.07721283000000001,
      "max": 0.099723763,
      "times": [
        0.099723763,
        0.09003012,
        0.098251237,
        0.084795175,
        0.07721283000000001,
        0.08149494800000001,
        0.07995993500000001,
        0.083216675,
        0.097979599,
        0.082337543
      ],
      "memory_usage_byte": [
        55054336,
        55054336,
        55054336,
        55054336,
        55054336,
        55054336,
        55054336,
        55054336,
        55054336,
        55054336
      ],
      "exit_codes": [
        1,
        1,
        1,
        1,
        1,
        1,
        1,
        1,
        1,
        1
      ]
    },
    {
      "command": "mdsmith-rumdl-parity",
      "mean": 0.1027016063,
      "stddev": 0.005984212619822726,
      "median": 0.10025584100000001,
      "user": 0.26825580000000004,
      "system": 0.03859159999999999,
      "min": 0.095424904,
      "max": 0.112961712,
      "times": [
        0.10991052200000001,
        0.098372204,
        0.098648738,
        0.112961712,
        0.09948058800000001,
        0.105489553,
        0.09755886500000001,
        0.108137883,
        0.101031094,
        0.095424904
      ],
      "memory_usage_byte": [
        55054336,
        55054336,
        55054336,
        55054336,
        55054336,
        55054336,
        55054336,
        55054336,
        55054336,
        55054336
      ],
      "exit_codes": [
        1,
        1,
        1,
        1,
        1,
        1,
        1,
        1,
        1,
        1
      ]
    },
    {
      "command": "mdsmith-markdownlint-parity",
      "mean": 0.10431102380000001,
      "stddev": 0.006964228757378119,
      "median": 0.1045082635,
      "user": 0.2771468,
      "system": 0.034018199999999985,
      "min": 0.096166294,
      "max": 0.115827625,
      "times": [
        0.11382201,
        0.10743938,
        0.09730581,
        0.107033583,
        0.096166294,
        0.10307379400000001,
        0.096998995,
        0.10594273300000001,
        0.115827625,
        0.09950001400000001
      ],
      "memory_usage_byte": [
        55054336,
        55054336,
        55054336,
        55054336,
        55054336,
        55054336,
        55054336,
        55054336,
        55054336,
        55054336
      ],
      "exit_codes": [
        1,
        1,
        1,
        1,
        1,
        1,
        1,
        1,
        1,
        1
      ]
    },
    {
      "command": "mdsmith",
      "mean": 0.213189794,
      "stddev": 0.006806787340553918,
      "median": 0.2121979965,
      "user": 0.5761421,
      "system": 0.0781472,
      "min": 0.205573061,
      "max": 0.229256282,
      "times": [
        0.213958065,
        0.211542793,
        0.206896499,
        0.229256282,
        0.21285320000000002,
        0.216228098,
        0.205573061,
        0.20788857600000002,
        0.216982381,
        0.21071898500000003
      ],
      "memory_usage_byte": [
        55054336,
        55054336,
        55054336,
        55054336,
        55054336,
        55054336,
        55054336,
        55054336,
        55054336,
        55054336
      ],