{
  "results": [
    {
      "command": "mado",
      "mean": 0.0708086572,
      "stddev": 0.003544581461925851,
      "median": 0.0697246175,
      "user": 0.1126196,
      "system": 0.022179499999999998,
      "min": 0.06867253000000001,
      "max": 0.080810661,
      "times": [
        0.069620053,
        0.069709299,
        0.07005858300000001,
        0.069544281,
        0.080810661,
        0.06956914800000001,
        0.069846063,
        0.06867253000000001,
        0.070516018,
        0.069739936
      ],
      "memory_usage_byte": [
        29712384,
        29712384,
        29712384,
        31391744,
        31391744,
        31391744,
        31391744,
        31391744,
        31391744,
        31391744
      ],
      "exit_codes": [
        1,
        1,
        1,
        1,
        1,
        1,
        1,
        1,
        1,
        1
      ]
    },
    {
      "command": "rumdl",
      "mean": 0.3712375738,
      "stddev": 0.030731224773528947,
      "median": 0.360875347,
      "user": 1.1137453,
      "system": 0.0735261,
      "min": 0.34935575100000005,
      "max": 0.446935972,
      "times": [
        0.361905326,
        0.35147979900000004,
        0.404212715,
        0.446935972,
        0.34935575100000005,
        0.36418233,
        0.353668839,
        0.35888431200000004,
        0.36087614300000004,
        0.36087455100000004
      ],
      "memory_usage_byte": [
        53071872,
        53071872,
        53071872,
        53071872,
        54550528,
        54550528,
        55001088,
        55001088,
        55001088,
        55001088
      ],
      "exit_codes": [
        1,
        1,
        1,
        1,
        1,
        1,
        1,
        1,
        1,
        1
      ]
    },
    {
      "command": "panache",
      "mean": 0.7519488840000002,
      "stddev": 0.10493243711719855,
      "median": 0.7416297045,
      "user": 2.2944357,
      "system": 0.1475191,
      "min": 0.656052132,
      "max": 0.9635067270000001,
      "times": [
        0.806679487,
        0.821991584,
        0.807879619,
        0.65827448,
        0.656052132,
        0.8069911900000001,
        0.6599252050000001,
        0.6765799220000001,
        0.9635067270000001,
        0.661608494
      ],
      "memory_usage_byte": [
        55001088,
        55001088,
        55001088,
        55001088,
        55001088,
        55001088,
        55001088,
        55001088,
        55001088,
        55001088
      ],
      "exit_codes": [
        0,
        0,
        0,
        0,
        0,
        0,
        0,
        0,
        0,
        0
      ]
    },
    {
      "command": "gomarklint",
      "mean": 0.0670268031,
      "stddev": 0.009155991842057266,
      "median": 0.06683572600000001,
      "user": 0.1477147,
      "system": 0.025120699999999996,
      "min": 0.055486365,
      "max": 0.080367913,
      "times": [
        0.056078405000000005,
        0.07372912200000001,
        0.055758323000000005,
        0.067109916,
        0.066561536,
        0.080367913,
        0.064536409,
        0.055486365,
        0.07337384000000001,
        0.077266202
      ],
      "memory_usage_byte": [
        55001088,
        55001088,
        55001088,
        55001088,
        55001088,
        55001088,
        55001088,
        55001088,
        55001088,
        55001088
      ],
      "exit_codes": [
        1,
        1,
        1,
        1,
        1,
        1,
        1,
        1,
        1,
        1
      ]
    },
    {
      "command": "mdsmith-gomarklint-parity",
      "mean": 0.0830906538,
      "stddev": 0.0035918625269232545,
      "median": 0.083673492,
      "user": 0.20643479999999997,
      "system": 0.0345092,
      "min": 0.07555489900000001,
      "max": 0.08756306000000001,
      "times": [
        0.085551846,
        0.082692818,
        0.079901889,
        0.07555489900000001,
        0.082703677,
        0.086643728,
        0.084776816,
        0.08756306000000001,
        0.084643307,
        0.080874498
      ],
      "memory_usage_byte": [
        55001088,
        55001088,
        55001088,
        55001088,
        55001088,
        55001088,
        55001088,
        55001088,
        55001088,
        55001088
      ],
      "exit_codes": [
        1,
        1,
        1,
        1,
        1,
        1,
        1,
        1,
        1,
        1
      ]
    },
    {
      "command": "mdsmith-mado-parity",
      "mean": 0.0837343401,
      "stddev": 0.0037438177337935684,
      "median": 0.08417853150000001,
      "user": 0.2080936,
      "system": 0.032130599999999995,
      "min": 0.07641126100000001,
      "max": 0.08923523700000001,
      "times": [
        0.083293512,
        0.08430491100000001,
        0.08923523700000001,
        0.087639719,
        0.08592901800000001,
        0.07641126100000001,
        0.08516464900000001,
        0.08119329800000001,
        0.080119644,
        0.084052152
      ],
      "memory_usage_byte": [
        55001088,
        55001088,
        55001088,
        55001088,
        55001088,
        55001088,
        55001088,
        55001088,
        55001088,
        55001088
      ],
      "exit_codes": [
        1,
        1,
        1,
        1,
        1,
        1,
        1,
        1,
        1,
        1
      ]
    },
    {
      "command": "mdsmith-rumdl-parity",
      "mean": 0.10429185490000001,
      "stddev": 0.005741977599126829,
      "median": 0.1042235115,
      "user": 0.26901260000000005,
      "system": 0.035537400000000004,
      "min": 0.09636206700000001,
      "max": 0.11584317100000001,
      "times": [
        0.09924152600000001,
        0.109430469,
        0.09636206700000001,
        0.11584317100000001,
        0.100477996,
        0.10612653000000001,
        0.10260658800000001,
        0.10002450600000001,
        0.10584043500000001,
        0.106965261
      ],
      "memory_usage_byte": [
        55001088,
        55001088,
        55001088,
        55001088,
        55001088,
        55001088,
        55001088,
        55001088,
        55001088,
        55001088
      ],
      "exit_codes": [
        1,
        1,
        1,
        1,
        1,
        1,
        1,
        1,
        1,
        1
      ]
    },
    {
      "command": "mdsmith-markdownlint-parity",
      "mean": 0.10275608570000001,
      "stddev": 0.004415177632559586,
      "median": 0.10145174700000001,
      "user": 0.2710692,
      "system": 0.0346027,
      "min": 0.097653813,
      "max": 0.11114679000000001,
      "times": [
        0.09980010900000001,
        0.10748818600000001,
        0.107065877,
        0.09874018700000001,
        0.10243772100000001,
        0.102803736,
        0.097653813,
        0.10046577300000001,
        0.11114679000000001,
        0.099958665
      ],
      "memory_usage_byte": [
        55001088,
        55001088,
        55001088,
        55001088,
        55001088,
        55001088,
        55001088,
        55001088,
        55001088,
        55001088
      ],
      "exit_codes": [
        1,
        1,
        1,
        1,
        1,
        1,
        1,
        1,
        1,
        1
      ]
    },
    {
      "command": "mdsmith",
      "mean": 0.20762064910000003,
      "stddev": 0.005057299101350869,
      "median": 0.20800916750000004,
      "user": 0.572761,
      "system": 0.07521140000000001,
      "min": 0.199725432,
      "max": 0.215468403,
      "times": [
        0.20777631000000002,
        0.21367963,
        0.202708869,
        0.20169124800000002,
        0.20851001000000002,
        0.21062825400000001,
        0.199725432,
        0.20824086700000002,
        0.215468403,
        0.20777746800000002
      ],
      "memory_usage_byte": [
        55001088,
        56639488,
        56639488,
        56639488,
        56639488,
        56639488,
        56639488,
        56639488,
        56639488,
        56639488
      ],