{
  "results": [
    {
      "command": "markdownlint-cli2",
      "mean": 3.095876550333333,
      "stddev": 0.06759101688123653,
      "median": 3.0780105585,
      "user": 4.650699,
      "system": 0.2583595,
      "min": 3.027263136,
      "max": 3.208626554,
      "times": [
        3.208626554,
        3.050159765,
        3.052498274,
        3.103522843,
        3.027263136,
        3.13318873
      ],
      "memory_usage_byte": [
        387940352,
        387940352,
        387940352,
        387940352,
        387940352,
        387940352
      ],
      "exit_codes": [
        1,
        1,
        1,
        1,
        1,
        1
      ]
    }
  ]
}
