{
  "results": [
    {
      "command": "mado",
      "mean": 0.0670289394,
      "stddev": 0.003183620711059943,
      "median": 0.0661262925,
      "user": 0.10280310000000001,
      "system": 0.021570499999999996,
      "min": 0.06483614900000001,
      "max": 0.075489866,
      "times": [
        0.06896476600000001,
        0.06652181700000001,
        0.065494694,
        0.06533422600000001,
        0.065240397,
        0.066154894,
        0.066140723,
        0.06483614900000001,
        0.06611186200000001,
        0.075489866
      ],
      "memory_usage_byte": [
        28975104,
        28975104,
        28975104,
        30986240,
        30986240,
        30986240,
        30986240,
        30986240,
        30986240,
        30986240
      ],
      "exit_codes": [
        1,
        1,
        1,
        1,
        1,
        1,
        1,
        1,
        1,
        1
      ]
    },
    {
      "command": "rumdl",
      "mean": 0.3304760277,
      "stddev": 0.00631136755305721,
      "median": 0.330508633,
      "user": 0.9857466999999998,
      "system": 0.083157,
      "min": 0.32088880200000003,
      "max": 0.341966307,
      "times": [
        0.33452088,
        0.328484481,
        0.32088880200000003,
        0.332532785,
        0.33363378800000004,
        0.341966307,
        0.32534611,
        0.33562635,
        0.32745333600000004,
        0.324307438
      ],
      "memory_usage_byte": [
        51503104,
        51503104,
        51503104,
        52572160,
        52572160,
        52572160,
        52572160,
        52719616,
        52719616,
        52719616
      ],
      "exit_codes": [
        1,
        1,
        1,
        1,
        1,
        1,
        1,
        1,
        1,
        1
      ]
    },
    {
      "command": "panache",
      "mean": 0.7027078778000001,
      "stddev": 0.10142041669212741,
      "median": 0.7370532285,
      "user": 2.0472068,
      "system": 0.1523235,
      "min": 0.5923591,
      "max": 0.912311921,
      "times": [
        0.739107916,
        0.7409371560000001,
        0.7432905070000001,
        0.5923591,
        0.7476045680000001,
        0.6257828240000001,
        0.912311921,
        0.59587479,
        0.7349985410000001,
        0.594811455
      ],
      "memory_usage_byte": [
        52719616,
        52719616,
        52719616,
        52719616,
        52719616,
        52719616,
        52719616,
        52719616,
        52719616,
        52719616
      ],
      "exit_codes": [
        0,
        0,
        0,
        0,
        0,
        0,
        0,
        0,
        0,
        0
      ]
    },
    {
      "command": "gomarklint",
      "mean": 0.0639809922,
      "stddev": 0.0074871926693961715,
      "median": 0.0613985395,
      "user": 0.1389453,
      "system": 0.0328108,
      "min": 0.056221926000000005,
      "max": 0.07944793600000001,
      "times": [
        0.06971166200000001,
        0.067040325,
        0.057833089000000004,
        0.070127907,
        0.062404946,
        0.056347657,
        0.056221926000000005,
        0.060392133,
        0.060282341,
        0.07944793600000001
      ],
      "memory_usage_byte": [
        52719616,
        52719616,
        52719616,
        52719616,
        52719616,
        52719616,
        52719616,
        52719616,
        52719616,
        52719616
      ],
      "exit_codes": [
        1,
        1,
        1,
        1,
        1,
        1,
        1,
        1,
        1,
        1
      ]
    },
    {
      "command": "mdsmith-parity",
      "mean": 0.06893323080000001,
      "stddev": 0.0028711824530386954,
      "median": 0.0686570065,
      "user": 0.18499939999999998,
      "system": 0.030611,
      "min": 0.065364613,
      "max": 0.07605133800000001,
      "times": [
        0.06883581500000001,
        0.070523818,
        0.067048353,
        0.066865692,
        0.07605133800000001,
        0.068810128,
        0.065364613,
        0.068503885,
        0.06846474300000001,
        0.06886392300000001
      ],
      "memory_usage_byte": [
        52719616,
        52719616,
        52719616,
        52719616,
        52719616,
        52719616,
        52719616,
        52719616,
        52719616,
        52719616
      ],
      "exit_codes": [
        1,
        1,
        1,
        1,
        1,
        1,
        1,
        1,
        1,
        1
      ]
    },
    {
      "command": "mdsmith",
      "mean": 0.2189147713,
      "stddev": 0.006593476537085901,
      "median": 0.21893068000000002,
      "user": 0.6222898000000001,
      "system": 0.07578309999999999,
      "min": 0.211583672,
      "max": 0.23284221200000002,
      "times": [
        0.21303607400000002,
        0.21174173000000002,
        0.211583672,
        0.214946249,
        0.23284221200000002,
        0.21799906500000002,
        0.221685397,
        0.22401583200000003,
        0.221435187,
        0.219862295
      ],
      "memory_usage_byte": [
        60657664,
        60739584,
        60739584,
        60739584,
        60739584,
        60739584,
        60739584,
        60743680,
        60743680,
        60743680
      ],
      "exit_codes": [
        1,
        1,
        1,
        1,
        1,
        1,
        1,
        1,
        1,
        1
      ]
    }
  ]
}
