{
  "results": [
    {
      "command": "markdownlint-cli2",
      "mean": 5.0161682855,
      "stddev": 0.07990697399095481,
      "median": 5.010541502,
      "user": 7.511050666666667,
      "system": 0.32699216666666664,
      "min": 4.908731329,
      "max": 5.154937723,
      "times": [
        5.154937723,
        5.01055567,
        4.985379577,
        4.908731329,
        5.02687808,
        5.010527334
      ],
      "memory_usage_byte": [
        379916288,
        395849728,
        395849728,
        395849728,
        395849728,
        395849728
      ],
      "exit_codes": [
        1,
        1,
        1,
        1,
        1,
        1
      ]
    }
  ]
}
