{
  "results": [
    {
      "command": "markdownlint-cli2",
      "mean": 4.862349927166667,
      "stddev": 0.2777208865027737,
      "median": 4.7558537905,
      "user": 7.344835333333333,
      "system": 0.3290838333333333,
      "min": 4.66904529,
      "max": 5.418183126,
      "times": [
        5.418183126,
        4.767214376,
        4.838599895,
        4.66904529,
        4.744493205,
        4.736563671
      ],
      "memory_usage_byte": [
        411066368,
        411066368,
        411066368,
        411066368,
        411066368,
        411066368
      ],
      "exit_codes": [
        1,
        1,
        1,
        1,
        1,
        1
      ]
    }
  ]
}
