{
  "results": [
    {
      "command": "markdownlint-cli2",
      "mean": 4.512804148,
      "stddev": 0.19286758419038355,
      "median": 4.439471615,
      "user": 6.728708999999999,
      "system": 0.42125366666666664,
      "min": 4.326356312,
      "max": 4.812850708,
      "times": [
        4.685901363,
        4.418588854,
        4.812850708,
        4.326356312,
        4.372773275,
        4.460354376
      ],
      "memory_usage_byte": [
        387334144,
        387334144,
        390533120,
        390533120,
        390533120,
        390533120
      ],
      "exit_codes": [
        1,
        1,
        1,
        1,
        1,
        1
      ]
    }
  ]
}
