{
  "results": [
    {
      "command": "markdownlint-cli2",
      "mean": 4.640990314,
      "stddev": 0.18400322712506295,
      "median": 4.585243309999999,
      "user": 7.035281333333333,
      "system": 0.4192276666666666,
      "min": 4.492367615,
      "max": 4.993876681,
      "times": [
        4.492367615,
        4.672142657,
        4.577310622,
        4.5931759979999995,
        4.993876681,
        4.517068311
      ],
      "memory_usage_byte": [
        388636672,
        391180288,
        391180288,
        391180288,
        391180288,
        391180288
      ],
      "exit_codes": [
        1,
        1,
        1,
        1,
        1,
        1
      ]
    }
  ]
}
