{
  "results": [
    {
      "command": "markdownlint-cli2",
      "mean": 3.0924816996666666,
      "stddev": 0.03754336332730588,
      "median": 3.0932638035,
      "user": 4.652532,
      "system": 0.23202699999999998,
      "min": 3.039165608,
      "max": 3.134654474,
      "times": [
        3.039165608,
        3.068518973,
        3.11231481,
        3.126023536,
        3.074212797,
        3.134654474
      ],
      "memory_usage_byte": [
        391348224,
        391348224,
        391348224,
        391348224,
        391348224,
        391348224
      ],
      "exit_codes": [
        1,
        1,
        1,
        1,
        1,
        1
      ]
    }
  ]
}
