{
  "results": [
    {
      "command": "markdownlint-cli2",
      "mean": 5.198442995333333,
      "stddev": 0.18166192604953657,
      "median": 5.15160083,
      "user": 7.786843833333333,
      "system": 0.3259488333333333,
      "min": 5.013710708,
      "max": 5.5420131260000005,
      "times": [
        5.126969446,
        5.5420131260000005,
        5.013710708,
        5.115296747,
        5.216435731,
        5.176232214
      ],
      "memory_usage_byte": [
        374013952,
        391704576,
        391704576,
        391704576,
        391704576,
        391704576
      ],
      "exit_codes": [
        1,
        1,
        1,
        1,
        1,
        1
      ]
    }
  ]
}
