{
  "results": [
    {
      "command": "mado",
      "mean": 0.07174120520000002,
      "stddev": 0.003696045308498646,
      "median": 0.0702690725,
      "user": 0.11680429999999997,
      "system": 0.019960199999999997,
      "min": 0.068297779,
      "max": 0.07938474200000001,
      "times": [
        0.069254692,
        0.07938474200000001,
        0.068596418,
        0.07577651,
        0.075020393,
        0.07083800700000001,
        0.069907154,
        0.068297779,
        0.070630991,
        0.069705366
      ],
      "memory_usage_byte": [
        29671424,
        29671424,
        29671424,
        29671424,
        29728768,
        29728768,
        31760384,
        31760384,
        31760384,
        31760384
      ],
      "exit_codes": [
        1,
        1,
        1,
        1,
        1,
        1,
        1,
        1,
        1,
        1
      ]
    },
    {
      "command": "rumdl",
      "mean": 0.3705113961,
      "stddev": 0.028220718716770656,
      "median": 0.3578657965,
      "user": 1.0963064,
      "system": 0.07423269999999998,
      "min": 0.352689034,
      "max": 0.44512031500000004,
      "times": [
        0.35944841,
        0.38355242700000003,
        0.37581688,
        0.36821642600000004,
        0.44512031500000004,
        0.354252008,
        0.352689034,
        0.354026183,
        0.35570909500000003,
        0.356283183
      ],
      "memory_usage_byte": [
        52822016,
        52822016,
        52822016,
        53874688,
        53874688,
        53874688,
        53874688,
        53874688,
        53874688,
        53874688
      ],
      "exit_codes": [
        1,
        1,
        1,
        1,
        1,
        1,
        1,
        1,
        1,
        1
      ]
    },
    {
      "command": "panache",
      "mean": 0.7375449139000001,
      "stddev": 0.07947863827731688,
      "median": 0.7449952980000001,
      "user": 2.3008737,
      "system": 0.14856319999999998,
      "min": 0.647084007,
      "max": 0.8427856730000001,
      "times": [
        0.8427856730000001,
        0.806428923,
        0.647084007,
        0.651046659,
        0.65228273,
        0.802027983,
        0.680530439,
        0.803272129,
        0.8009260490000001,
        0.6890645470000001
      ],
      "memory_usage_byte": [
        53874688,
        53874688,
        53874688,
        53874688,
        53874688,
        53874688,
        53874688,
        53874688,
        53874688,
        53874688
      ],
      "exit_codes": [
        0,
        0,
        0,
        0,
        0,
        0,
        0,
        0,
        0,
        0
      ]
    },
    {
      "command": "gomarklint",
      "mean": 0.06644214890000001,
      "stddev": 0.008909084040981622,
      "median": 0.0703986085,
      "user": 0.14282999999999998,
      "system": 0.026476,
      "min": 0.055015927000000006,
      "max": 0.076081013,
      "times": [
        0.05575974,
        0.069709754,
        0.075694597,
        0.071087463,
        0.057939173000000004,
        0.056703228,
        0.07317248200000001,
        0.073258112,
        0.076081013,
        0.055015927000000006
      ],
      "memory_usage_byte": [
        53874688,
        53874688,
        53874688,
        53874688,
        53874688,
        53874688,
        53874688,
        53874688,
        53874688,
        53874688
      ],
      "exit_codes": [
        1,
        1,
        1,
        1,
        1,
        1,
        1,
        1,
        1,
        1
      ]
    },
    {
      "command": "mdsmith-gomarklint-parity",
      "mean": 0.0811420649,
      "stddev": 0.003498471019778449,
      "median": 0.082135278,
      "user": 0.20522799999999997,
      "system": 0.0321796,
      "min": 0.075775779,
      "max": 0.08657525,
      "times": [
        0.082579836,
        0.08657525,
        0.08169072000000001,
        0.075794134,
        0.07844434800000001,
        0.083478549,
        0.083453042,
        0.080843202,
        0.082785789,
        0.075775779
      ],
      "memory_usage_byte": [
        53874688,
        53874688,
        53874688,
        53874688,
        53874688,
        53874688,
        53874688,
        53874688,
        53874688,
        53874688
      ],
      "exit_codes": [
        1,
        1,
        1,
        1,
        1,
        1,
        1,
        1,
        1,
        1
      ]
    },
    {
      "command": "mdsmith-mado-parity",
      "mean": 0.0879944704,
      "stddev": 0.008451461668054326,
      "median": 0.086486082,
      "user": 0.20604719999999999,
      "system": 0.033289599999999996,
      "min": 0.07729265,
      "max": 0.103059409,
      "times": [
        0.078067858,
        0.08400557700000001,
        0.103059409,
        0.087985963,
        0.082183031,
        0.09820643100000001,
        0.07729265,
        0.093873856,
        0.08498620100000001,
        0.09028372800000001
      ],
      "memory_usage_byte": [
        53874688,
        53874688,
        53874688,
        53874688,
        53874688,
        53874688,
        53874688,
        53874688,
        53874688,
        53874688
      ],
      "exit_codes": [
        1,
        1,
        1,
        1,
        1,
        1,
        1,
        1,
        1,
        1
      ]
    },
    {
      "command": "mdsmith-rumdl-parity",
      "mean": 0.10401864040000001,
      "stddev": 0.0060371617675901166,
      "median": 0.10414408450000001,
      "user": 0.26593829999999996,
      "system": 0.0376627,
      "min": 0.09429348200000001,
      "max": 0.11466180000000001,
      "times": [
        0.107193672,
        0.098797409,
        0.105253912,
        0.10580711100000001,
        0.100385162,
        0.103034257,
        0.09429348200000001,
        0.11466180000000001,
        0.110867379,
        0.09989222
      ],
      "memory_usage_byte": [
        53874688,
        53874688,
        53874688,
        53874688,
        53874688,
        53874688,
        53874688,
        53874688,
        53874688,
        53874688
      ],
      "exit_codes": [
        1,
        1,
        1,
        1,
        1,
        1,
        1,
        1,
        1,
        1
      ]
    },
    {
      "command": "mdsmith-markdownlint-parity",
      "mean": 0.0997289483,
      "stddev": 0.0032198193388762626,
      "median": 0.100349772,
      "user": 0.26633439999999997,
      "system": 0.0301477,
      "min": 0.094532419,
      "max": 0.10482910100000001,
      "times": [
        0.097587663,
        0.10092569500000001,
        0.10310419700000001,
        0.101154636,
        0.09977384900000001,
        0.101679156,
        0.097341983,
        0.10482910100000001,
        0.094532419,
        0.096360784
      ],
      "memory_usage_byte": [
        53874688,
        53874688,
        53874688,
        53874688,
        53874688,
        53874688,
        53874688,
        53874688,
        53874688,
        53874688
      ],
      "exit_codes": [
        1,
        1,
        1,
        1,
        1,
        1,
        1,
        1,
        1,
        1
      ]
    },
    {
      "command": "mdsmith",
      "mean": 0.20722670070000002,
      "stddev": 0.0037448728379726247,
      "median": 0.20677389300000001,
      "user": 0.5631864,
      "system": 0.07390479999999998,
      "min": 0.201664863,
      "max": 0.213721831,
      "times": [
        0.206484346,
        0.204043319,
        0.204432528,
        0.20706344000000002,
        0.204728984,
        0.201664863,
        0.211611658,
        0.209912956,
        0.213721831,
        0.20860308200000002
      ],
      "memory_usage_byte": [
        56840192,
        56840192,
        56840192,
        56840192,
        56840192,
        56840192,
        56840192,
        56840192,
        56840192,
        56840192
      ],
      "exit_codes": [
        1,
        1,
        1,
        1,
        1,
        1,
        1,
        1,
        1,
        1
      ]
    }
  ]
}
