{
  "results": [
    {
      "command": "markdownlint-cli2",
      "mean": 4.393071187833333,
      "stddev": 0.13143345938196938,
      "median": 4.353433666000001,
      "user": 6.547064166666668,
      "system": 0.3075908333333333,
      "min": 4.2597230790000005,
      "max": 4.599240173,
      "times": [
        4.496256057,
        4.599240173,
        4.391775487,
        4.315091845,
        4.2597230790000005,
        4.296340486
      ],
      "memory_usage_byte": [
        390782976,
        390782976,
        390782976,
        390782976,
        390782976,
        390782976
      ],
      "exit_codes": [
        1,
        1,
        1,
        1,
        1,
        1
      ]
    }
  ]
}
