{
  "results": [
    {
      "command": "mado",
      "mean": 0.07358296040000001,
      "stddev": 0.0037945507752694596,
      "median": 0.0723233435,
      "user": 0.11776899999999998,
      "system": 0.022620400000000002,
      "min": 0.069913048,
      "max": 0.07918802200000001,
      "times": [
        0.07072990400000001,
        0.075307818,
        0.078272723,
        0.07918802200000001,
        0.073760373,
        0.069982291,
        0.07783988500000001,
        0.069949226,
        0.069913048,
        0.070886314
      ],
      "memory_usage_byte": [
        29708288,
        29708288,
        29708288,
        29708288,
        29708288,
        29708288,
        29708288,
        29708288,
        29708288,
        29708288
      ],
      "exit_codes": [
        1,
        1,
        1,
        1,
        1,
        1,
        1,
        1,
        1,
        1
      ]
    },
    {
      "command": "rumdl",
      "mean": 0.3622523213,
      "stddev": 0.005866010147628834,
      "median": 0.36288240950000006,
      "user": 1.1103496,
      "system": 0.07429200000000001,
      "min": 0.35392705300000005,
      "max": 0.37343684200000005,
      "times": [
        0.35803352800000005,
        0.367418018,
        0.35392705300000005,
        0.36361394,
        0.37343684200000005,
        0.362944213,
        0.360615153,
        0.36282060600000005,
        0.354661131,
        0.365052729
      ],
      "memory_usage_byte": [
        53170176,
        53170176,
        53170176,
        53170176,
        53170176,
        53170176,
        53170176,
        53170176,
        53170176,
        53170176
      ],
      "exit_codes": [
        1,
        1,
        1,
        1,
        1,
        1,
        1,
        1,
        1,
        1
      ]
    },
    {
      "command": "panache",
      "mean": 0.7341145036000001,
      "stddev": 0.08111463125349244,
      "median": 0.7363252610000001,
      "user": 2.3057722000000003,
      "system": 0.14656489999999997,
      "min": 0.652391779,
      "max": 0.815446046,
      "times": [
        0.815446046,
        0.8099090790000001,
        0.652391779,
        0.8111626850000001,
        0.6555519590000001,
        0.654801421,
        0.665893284,
        0.8067572380000001,
        0.6576503760000001,
        0.8115811690000001
      ],
      "memory_usage_byte": [
        53170176,
        53170176,
        53170176,
        53170176,
        53170176,
        53170176,
        53170176,
        53170176,
        53170176,
        53170176
      ],
      "exit_codes": [
        0,
        0,
        0,
        0,
        0,
        0,
        0,
        0,
        0,
        0
      ]
    },
    {
      "command": "gomarklint",
      "mean": 0.0650686154,
      "stddev": 0.01010479387539311,
      "median": 0.0644858445,
      "user": 0.1429527,
      "system": 0.0270381,
      "min": 0.053515118,
      "max": 0.079232826,
      "times": [
        0.079232826,
        0.07437262700000001,
        0.056092605000000004,
        0.057609492000000005,
        0.075320986,
        0.053515118,
        0.071648219,
        0.055060899,
        0.056471185,
        0.071362197
      ],
      "memory_usage_byte": [
        53170176,
        53170176,
        53170176,
        53170176,
        53170176,
        53170176,
        53170176,
        53170176,
        53170176,
        53170176
      ],
      "exit_codes": [
        1,
        1,
        1,
        1,
        1,
        1,
        1,
        1,
        1,
        1
      ]
    },
    {
      "command": "mdsmith-gomarklint-parity",
      "mean": 0.08595300830000001,
      "stddev": 0.0074172095277454594,
      "median": 0.0842780295,
      "user": 0.20480780000000004,
      "system": 0.0366849,
      "min": 0.07786398700000001,
      "max": 0.10326041500000001,
      "times": [
        0.10326041500000001,
        0.07786398700000001,
        0.083041323,
        0.082406569,
        0.07988795500000001,
        0.090854163,
        0.07996507,
        0.087827634,
        0.088908231,
        0.08551473600000001
      ],
      "memory_usage_byte": [
        53170176,
        53170176,
        53170176,
        53170176,
        53170176,
        53170176,
        53170176,
        53170176,
        53170176,
        53170176
      ],
      "exit_codes": [
        1,
        1,
        1,
        1,
        1,
        1,
        1,
        1,
        1,
        1
      ]
    },
    {
      "command": "mdsmith-mado-parity",
      "mean": 0.0824428647,
      "stddev": 0.0037528289052854527,
      "median": 0.08212840700000001,
      "user": 0.20918979999999995,
      "system": 0.0326056,
      "min": 0.076294518,
      "max": 0.088315327,
      "times": [
        0.080834707,
        0.080064652,
        0.082107573,
        0.078321633,
        0.08431269400000001,
        0.08214924100000001,
        0.086148047,
        0.085880255,
        0.076294518,
        0.088315327
      ],
      "memory_usage_byte": [
        53170176,
        53170176,
        53170176,
        53170176,
        53170176,
        53170176,
        53170176,
        53170176,
        53170176,
        53170176
      ],
      "exit_codes": [
        1,
        1,
        1,
        1,
        1,
        1,
        1,
        1,
        1,
        1
      ]
    },
    {
      "command": "mdsmith-rumdl-parity",
      "mean": 0.103745265,
      "stddev": 0.0062002347167196305,
      "median": 0.10333426300000001,
      "user": 0.2729032,
      "system": 0.0326404,
      "min": 0.096229856,
      "max": 0.11596212400000001,
      "times": [
        0.10166818100000001,
        0.09715623500000001,
        0.107399135,
        0.09761829200000001,
        0.11596212400000001,
        0.096229856,
        0.104432248,
        0.109878338,
        0.102236278,
        0.10487196300000001
      ],
      "memory_usage_byte": [
        53170176,
        53170176,
        53170176,
        53170176,
        53170176,
        53170176,
        53170176,
        53170176,
        53170176,
        53170176
      ],
      "exit_codes": [
        1,
        1,
        1,
        1,
        1,
        1,
        1,
        1,
        1,
        1
      ]
    },
    {
      "command": "mdsmith-markdownlint-parity",
      "mean": 0.1047773238,
      "stddev": 0.0050343365459620025,
      "median": 0.10443418700000001,
      "user": 0.27039409999999997,
      "system": 0.03485629999999999,
      "min": 0.09808282800000001,
      "max": 0.11323118400000001,
      "times": [
        0.10531769,
        0.11101156400000001,
        0.099015133,
        0.103550684,
        0.10717908300000001,
        0.09808282800000001,
        0.11323118400000001,
        0.10766226000000001,
        0.10084986600000001,
        0.101872946
      ],
      "memory_usage_byte": [
        53170176,
        53170176,
        53170176,
        53170176,
        53170176,
        53170176,
        53170176,
        53170176,
        53170176,
        53170176
      ],
      "exit_codes": [
        1,
        1,
        1,
        1,
        1,
        1,
        1,
        1,
        1,
        1
      ]
    },
    {
      "command": "mdsmith",
      "mean": 0.2086269654,
      "stddev": 0.0060052652563239335,
      "median": 0.20728735200000004,
      "user": 0.568344,
      "system": 0.07683609999999999,
      "min": 0.20154813700000002,
      "max": 0.22096157900000002,
      "times": [
        0.20161537300000001,
        0.212296967,
        0.213985015,
        0.21068076100000002,
        0.22096157900000002,
        0.20154813700000002,
        0.20587206800000002,
        0.20682222400000003,
        0.20775248000000002,
        0.20473505
      ],
      "memory_usage_byte": [
        53170176,
        53170176,
        53170176,
        53170176,
        53170176,
        53170176,
        54480896,
        54480896,
        54480896,
        54480896
      ],