{
  "results": [
    {
      "command": "markdownlint-cli2",
      "mean": 2.9956817680000003,
      "stddev": 0.05226094072117595,
      "median": 2.976775177,
      "user": 4.397534666666666,
      "system": 0.31993216666666663,
      "min": 2.963801878,
      "max": 3.101439947,
      "times": [
        3.101439947,
        2.979201088,
        2.963801878,
        2.983889222,
        2.971409207,
        2.974349266
      ],
      "memory_usage_byte": [
        403296256,
        403296256,
        403296256,
        403296256,
        403296256,
        403296256
      ],
      "exit_codes": [
        1,
        1,
        1,
        1,
        1,
        1
      ]
    }
  ]
}
