{
  "results": [
    {
      "command": "markdownlint-cli2",
      "mean": 2.4010261513333333,
      "stddev": 0.06929656083577256,
      "median": 2.3852645005,
      "user": 3.5944696666666665,
      "system": 0.2466978333333333,
      "min": 2.314443412,
      "max": 2.494193379,
      "times": [
        2.494193379,
        2.470671022,
        2.400876432,
        2.356320094,
        2.314443412,
        2.369652569
      ],
      "memory_usage_byte": [
        378368000,
        378368000,
        378368000,
        378368000,
        378368000,
        378368000
      ],
      "exit_codes": [
        1,
        1,
        1,
        1,
        1,
        1
      ]
    }
  ]
}
