{
  "results": [
    {
      "command": "mado",
      "mean": 0.0441406882,
      "stddev": 0.0018950867092400805,
      "median": 0.043482396000000006,
      "user": 0.0707361,
      "system": 0.0060555999999999995,
      "min": 0.043258464,
      "max": 0.049451608,
      "times": [
        0.043666231,
        0.043571715000000004,
        0.043465630000000005,
        0.044416823,
        0.043258464,
        0.043339763,
        0.049451608,
        0.043290117,
        0.043447369,
        0.043499162
      ],
      "memory_usage_byte": [
        31809536,
        31809536,
        31809536,
        31809536,
        31809536,
        31809536,
        31809536,
        31809536,
        31809536,
        31809536
      ],
      "exit_codes": [
        1,
        1,
        1,
        1,
        1,
        1,
        1,
        1,
        1,
        1
      ]
    },
    {
      "command": "rumdl",
      "mean": 0.20118993170000002,
      "stddev": 0.002908579131811575,
      "median": 0.20021520800000003,
      "user": 0.6997745999999999,
      "system": 0.025054399999999998,
      "min": 0.19868570100000002,
      "max": 0.208499119,
      "times": [
        0.199194213,
        0.208499119,
        0.202597571,
        0.20166893800000002,
        0.19868570100000002,
        0.199295715,
        0.19971327400000002,
        0.20215918400000002,
        0.20071714200000002,
        0.19936846000000003
      ],
      "memory_usage_byte": [
        50749440,
        51376128,
        51376128,
        51376128,
        51376128,
        51376128,
        51376128,
        51376128,
        51376128,
        51376128
      ],
      "exit_codes": [
        1,
        1,
        1,
        1,
        1,
        1,
        1,
        1,
        1,
        1
      ]
    },
    {
      "command": "panache",
      "mean": 0.5342004923000001,
      "stddev": 0.007248110330220943,
      "median": 0.5382402835,
      "user": 1.6957872000000003,
      "system": 0.03326,
      "min": 0.5234119260000001,
      "max": 0.540883199,
      "times": [
        0.539540408,
        0.5234119260000001,
        0.524781571,
        0.539049992,
        0.524610767,
        0.539576743,
        0.540257922,
        0.5324618200000001,
        0.537430575,
        0.540883199
      ],
      "memory_usage_byte": [
        51376128,
        51376128,
        51376128,
        51376128,
        51376128,
        51376128,
        51376128,
        51376128,
        51376128,
        51376128
      ],
      "exit_codes": [
        0,
        0,
        0,
        0,
        0,
        0,
        0,
        0,
        0,
        0
      ]
    },
    {
      "command": "mdsmith-parity",
      "mean": 0.10890054630000001,
      "stddev": 0.00046007383021183675,
      "median": 0.108978843,
      "user": 0.2789604,
      "system": 0.0238788,
      "min": 0.107868183,
      "max": 0.109391603,
      "times": [
        0.10908295300000001,
        0.108908213,
        0.10904947300000001,
        0.108798394,
        0.10862519200000001,
        0.10933743000000001,
        0.109391603,
        0.108614762,
        0.107868183,
        0.10932926000000001
      ],
      "memory_usage_byte": [
        61927424,
        61927424,
        61927424,
        61927424,
        61927424,
        61927424,
        61927424,
        61927424,
        61927424,
        61927424
      ],
      "exit_codes": [
        1,
        1,
        1,
        1,
        1,
        1,
        1,
        1,
        1,
        1
      ]
    },
    {
      "command": "mdsmith",
      "mean": 0.21198088460000003,
      "stddev": 0.0010141062522392354,
      "median": 0.21209913200000002,
      "user": 0.5660483,
      "system": 0.048384,
      "min": 0.21057276200000002,
      "max": 0.213580771,
      "times": [
        0.21135830400000002,
        0.21057276200000002,
        0.213580771,
        0.21242569400000003,
        0.21081428900000002,
        0.21178347800000002,
        0.211096999,
        0.21314391000000002,
        0.21261785300000002,
        0.21241478600000002
      ],
      "memory_usage_byte": [
        82608128,
        82640896,
        83005440,
        83005440,
        83005440,
        83005440,
        83005440,
        83005440,
        83005440,
        83005440
      ],
      "exit_codes": [
        1,
        1,
        1,
        1,
        1,
        1,
        1,
        1,
        1,
        1
      ]
    }
  ]
}
