{
  "results": [
    {
      "command": "markdownlint-cli2",
      "mean": 3.0439573756666665,
      "stddev": 0.1134814726003995,
      "median": 3.0067889295,
      "user": 4.5201395,
      "system": 0.33069883333333333,
      "min": 2.9296593890000002,
      "max": 3.186515643,
      "times": [
        2.956185048,
        3.177806315,
        3.042988563,
        2.970589296,
        2.9296593890000002,
        3.186515643
      ],
      "memory_usage_byte": [
        372310016,
        387080192,
        387080192,
        387080192,
        387080192,
        387080192
      ],
      "exit_codes": [
        1,
        1,
        1,
        1,
        1,
        1
      ]
    }
  ]
}
