{
  "results": [
    {
      "command": "mado",
      "mean": 0.05214541990000001,
      "stddev": 0.001709175959097213,
      "median": 0.051688233,
      "user": 0.0792133,
      "system": 0.017756300000000003,
      "min": 0.051129545000000005,
      "max": 0.056898000000000004,
      "times": [
        0.051271209000000005,
        0.051356308,
        0.052418709,
        0.05175633,
        0.051404761,
        0.051662239000000006,
        0.051842871000000006,
        0.051714227,
        0.056898000000000004,
        0.051129545000000005
      ],
      "memory_usage_byte": [
        29921280,
        29921280,
        31952896,
        31952896,
        31952896,
        31952896,
        31952896,
        31952896,
        31952896,
        31952896
      ],
      "exit_codes": [
        1,
        1,
        1,
        1,
        1,
        1,
        1,
        1,
        1,
        1
      ]
    },
    {
      "command": "rumdl",
      "mean": 0.25305305920000004,
      "stddev": 0.004398879790409398,
      "median": 0.25180649450000003,
      "user": 0.7722422999999999,
      "system": 0.06216529999999999,
      "min": 0.24818582300000003,
      "max": 0.26024599800000003,
      "times": [
        0.248984267,
        0.26018141100000003,
        0.249023756,
        0.26024599800000003,
        0.251715152,
        0.25134264,
        0.252893388,
        0.25606032,
        0.24818582300000003,
        0.251897837
      ],
      "memory_usage_byte": [
        52371456,
        52371456,
        52371456,
        52371456,
        52371456,
        52371456,
        52371456,
        56340480,
        56340480,
        56340480
      ],
      "exit_codes": [
        1,
        1,
        1,
        1,
        1,
        1,
        1,
        1,
        1,
        1
      ]
    },
    {
      "command": "panache",
      "mean": 0.5330219775,
      "stddev": 0.06659851000172258,
      "median": 0.5329073045,
      "user": 1.634554,
      "system": 0.1218863,
      "min": 0.46730107200000004,
      "max": 0.6297817210000001,
      "times": [
        0.585643906,
        0.46730107200000004,
        0.586245393,
        0.48017070300000003,
        0.47092714,
        0.46916709300000004,
        0.5860117460000001,
        0.6297817210000001,
        0.468159806,
        0.586811195
      ],
      "memory_usage_byte": [
        56340480,
        56340480,
        56340480,
        56340480,
        56340480,
        56340480,
        56340480,
        56340480,
        56340480,
        56340480
      ],
      "exit_codes": [
        0,
        0,
        0,
        0,
        0,
        0,
        0,
        0,
        0,
        0
      ]
    },
    {
      "command": "gomarklint",
      "mean": 0.048741779400000004,
      "stddev": 0.0053960320111179055,
      "median": 0.05079601,
      "user": 0.098944,
      "system": 0.024859799999999998,
      "min": 0.040562348000000005,
      "max": 0.054033516000000004,
      "times": [
        0.053664801000000005,
        0.051303237,
        0.043386553,
        0.053076905,
        0.041811996000000004,
        0.053936319,
        0.050288783000000004,
        0.054033516000000004,
        0.045353336,
        0.040562348000000005
      ],
      "memory_usage_byte": [
        56340480,
        56340480,
        56340480,
        56340480,
        56340480,
        56340480,
        56340480,
        56340480,
        56340480,
        56340480
      ],
      "exit_codes": [
        1,
        1,
        1,
        1,
        1,
        1,
        1,
        1,
        1,
        1
      ]
    },
    {
      "command": "mdsmith-parity",
      "mean": 0.0472098762,
      "stddev": 0.0005862295153052826,
      "median": 0.047092797500000005,
      "user": 0.13769189999999998,
      "system": 0.0179844,
      "min": 0.046485998,
      "max": 0.048266356,
      "times": [
        0.048266356,
        0.047069452000000005,
        0.046863833,
        0.047116143000000006,
        0.046485998,
        0.046827914000000005,
        0.047352519,
        0.046719756,
        0.048157102,
        0.047239689
      ],
      "memory_usage_byte": [
        56340480,
        56340480,
        56340480,
        56340480,
        56340480,
        56340480,
        56340480,
        56340480,
        56340480,
        56340480
      ],
      "exit_codes": [
        1,
        1,
        1,
        1,
        1,
        1,
        1,
        1,
        1,
        1
      ]
    },
    {
      "command": "mdsmith",
      "mean": 0.1363559035,
      "stddev": 0.0012866333788053466,
      "median": 0.136143911,
      "user": 0.39020619999999995,
      "system": 0.0536559,
      "min": 0.134901359,
      "max": 0.138762402,
      "times": [
        0.136797201,
        0.138762402,
        0.134901359,
        0.135125522,
        0.135454924,
        0.136758988,
        0.135291087,
        0.13552883400000001,
        0.13754560400000002,
        0.137393114
      ],
      "memory_usage_byte": [
        56340480,
        56340480,
        56340480,
        56340480,
        56340480,
        56340480,
        56340480,
        56340480,
        56340480,
        56340480
      ],
      "exit_codes": [
        1,
        1,
        1,
        1,
        1,
        1,
        1,
        1,
        1,
        1
      ]
    }
  ]
}
