{
  "results": [
    {
      "command": "mado",
      "mean": 0.04871947890000001,
      "stddev": 0.0051270197301331024,
      "median": 0.0458008065,
      "user": 0.07828919999999999,
      "system": 0.008447999999999999,
      "min": 0.04517924,
      "max": 0.058290428000000005,
      "times": [
        0.045845435000000004,
        0.051279122,
        0.045756178,
        0.057397474000000004,
        0.04517924,
        0.045601717,
        0.046670804,
        0.045592881,
        0.045581510000000006,
        0.058290428000000005
      ],
      "memory_usage_byte": [
        31760384,
        31760384,
        31760384,
        31760384,
        31760384,
        31760384,
        31760384,
        31760384,
        31760384,
        31760384
      ],
      "exit_codes": [
        1,
        1,
        1,
        1,
        1,
        1,
        1,
        1,
        1,
        1
      ]
    },
    {
      "command": "rumdl",
      "mean": 0.19513405820000002,
      "stddev": 0.0015409360290567133,
      "median": 0.195380359,
      "user": 0.6519438,
      "system": 0.0327765,
      "min": 0.19252307800000001,
      "max": 0.19696822900000002,
      "times": [
        0.19696822900000002,
        0.19652755200000002,
        0.19653890300000001,
        0.19583604500000001,
        0.19252307800000001,
        0.19261614200000002,
        0.194620644,
        0.194949271,
        0.19548472500000003,
        0.195275993
      ],
      "memory_usage_byte": [
        49868800,
        49868800,
        50933760,
        50933760,
        50933760,
        52617216,
        52617216,
        52617216,
        52617216,
        52617216
      ],
      "exit_codes": [
        1,
        1,
        1,
        1,
        1,
        1,
        1,
        1,
        1,
        1
      ]
    },
    {
      "command": "panache",
      "mean": 0.5585452739,
      "stddev": 0.03662622878549813,
      "median": 0.5594074855,
      "user": 1.6117806,
      "system": 0.05583639999999999,
      "min": 0.520977828,
      "max": 0.651856789,
      "times": [
        0.5550548980000001,
        0.56042826,
        0.5616098380000001,
        0.559514135,
        0.559300836,
        0.523681158,
        0.5610637030000001,
        0.520977828,
        0.531965294,
        0.651856789
      ],
      "memory_usage_byte": [
        52617216,
        52617216,
        52617216,
        52617216,
        52617216,
        52617216,
        52617216,
        52617216,
        52617216,
        52617216
      ],
      "exit_codes": [
        0,
        0,
        0,
        0,
        0,
        0,
        0,
        0,
        0,
        0
      ]
    },
    {
      "command": "gomarklint",
      "mean": 0.031035396,
      "stddev": 0.002056300125331794,
      "median": 0.031395205,
      "user": 0.0721464,
      "system": 0.0120362,
      "min": 0.028272851,
      "max": 0.033923176,
      "times": [
        0.028394299,
        0.028272851,
        0.029680785,
        0.031124913,
        0.031665497,
        0.032472499,
        0.029113939000000002,
        0.032350823,
        0.033923176,
        0.033355178
      ],
      "memory_usage_byte": [
        52617216,
        52617216,
        52617216,
        52617216,
        52617216,
        52617216,
        52617216,
        52617216,
        52617216,
        52617216
      ],
      "exit_codes": [
        1,
        1,
        1,
        1,
        1,
        1,
        1,
        1,
        1,
        1
      ]
    },
    {
      "command": "mdsmith-gomarklint-parity",
      "mean": 0.0420077628,
      "stddev": 0.0028774239483907917,
      "median": 0.0407719245,
      "user": 0.12056379999999997,
      "system": 0.0141399,
      "min": 0.040303605,
      "max": 0.049745672000000005,
      "times": [
        0.040303605,
        0.049745672000000005,
        0.043401619,
        0.040422208,
        0.041393761,
        0.040727211,
        0.040816638,
        0.040624313,
        0.040618477,
        0.042024124
      ],
      "memory_usage_byte": [
        52617216,
        52617216,
        52617216,
        52617216,
        52617216,
        52617216,
        52617216,
        52617216,
        52617216,
        52617216
      ],
      "exit_codes": [
        1,
        1,
        1,
        1,
        1,
        1,
        1,
        1,
        1,
        1
      ]
    },
    {
      "command": "mdsmith-mado-parity",
      "mean": 0.0498594839,
      "stddev": 0.0024304705986854785,
      "median": 0.049109203000000004,
      "user": 0.1369283,
      "system": 0.014480100000000001,
      "min": 0.048276075,
      "max": 0.056612024000000004,
      "times": [
        0.049135417,
        0.049863626,
        0.048859479000000004,
        0.050024246,
        0.049246345000000004,
        0.048276075,
        0.049082989,
        0.048915475,
        0.056612024000000004,
        0.048579163
      ],
      "memory_usage_byte": [
        52617216,
        52617216,
        52617216,
        52617216,
        52617216,
        52617216,
        52617216,
        52617216,
        52617216,
        52617216
      ],
      "exit_codes": [
        1,
        1,
        1,
        1,
        1,
        1,
        1,
        1,
        1,
        1
      ]
    },
    {
      "command": "mdsmith-rumdl-parity",
      "mean": 0.0679583461,
      "stddev": 0.004727399976447882,
      "median": 0.066541205,
      "user": 0.1793439,
      "system": 0.0187382,
      "min": 0.062661858,
      "max": 0.077030399,
      "times": [
        0.067510075,
        0.062661858,
        0.071702052,
        0.063093929,
        0.064864511,
        0.07137807900000001,
        0.06557233500000001,
        0.077030399,
        0.07148586600000001,
        0.064284357
      ],
      "memory_usage_byte": [
        52617216,
        52617216,
        52617216,
        52617216,
        52617216,
        52617216,
        52617216,
        52617216,
        52617216,
        52617216
      ],
      "exit_codes": [
        1,
        1,
        1,
        1,
        1,
        1,
        1,
        1,
        1,
        1
      ]
    },
    {
      "command": "mdsmith-markdownlint-parity",
      "mean": 0.0682122419,
      "stddev": 0.004793063284845401,
      "median": 0.06572117250000001,
      "user": 0.1851702,
      "system": 0.014691399999999999,
      "min": 0.063842594,
      "max": 0.075075351,
      "times": [
        0.064459343,
        0.06768945200000001,
        0.075075351,
        0.06496508000000001,
        0.07502682000000001,
        0.065778684,
        0.063842594,
        0.064726565,
        0.065663661,
        0.074894869
      ],
      "memory_usage_byte": [
        52617216,
        52617216,
        52617216,
        52617216,
        52617216,
        52617216,
        52617216,
        52617216,
        52617216,
        52617216
      ],
      "exit_codes": [
        1,
        1,
        1,
        1,
        1,
        1,
        1,
        1,
        1,
        1
      ]
    },
    {
      "command": "mdsmith",
      "mean": 0.14466205050000003,
      "stddev": 0.0016682165719552953,
      "median": 0.1447683925,
      "user": 0.43059080000000005,
      "system": 0.0313551,
      "min": 0.141925708,
      "max": 0.146899471,
      "times": [
        0.146899471,
        0.145832609,
        0.144917011,
        0.14388003500000002,
        0.141925708,
        0.144619774,
        0.142248925,
        0.146798159,
        0.144976292,
        0.14452252100000001
      ],
      "memory_usage_byte": [
        52617216,
        52617216,
        52617216,
        52617216,
        52617216,
        52617216,
        52617216,
        52617216,
        52617216,
        52617216
      ],
      "exit_codes": [
        1,
        1,
        1,
        1,
        1,
        1,
        1,
        1,
        1,
        1
      ]
    }
  ]
}
