{
  "results": [
    {
      "command": "markdownlint-cli2",
      "mean": 4.557883772166667,
      "stddev": 0.12050635288763573,
      "median": 4.553857836000001,
      "user": 6.860357333333334,
      "system": 0.31335066666666667,
      "min": 4.4445837390000005,
      "max": 4.776536987,
      "times": [
        4.776536987,
        4.564655856,
        4.4445837390000005,
        4.450227201,
        4.543059816,
        4.568239034
      ],
      "memory_usage_byte": [
        376606720,
        383574016,
        383574016,
        383574016,
        383574016,
        383574016
      ],
      "exit_codes": [
        1,
        1,
        1,
        1,
        1,
        1
      ]
    }
  ]
}
