{
  "results": [
    {
      "command": "markdownlint-cli2",
      "mean": 3.1468029378333333,
      "stddev": 0.1049815182890081,
      "median": 3.091058273,
      "user": 4.720338166666667,
      "system": 0.2607156666666666,
      "min": 3.075951875,
      "max": 3.334091676,
      "times": [
        3.082260357,
        3.078652794,
        3.075951875,
        3.210004736,
        3.099856189,
        3.334091676
      ],
      "memory_usage_byte": [
        369647616,
        369647616,
        369647616,
        369647616,
        369647616,
        389885952
      ],
      "exit_codes": [
        1,
        1,
        1,
        1,
        1,
        1
      ]
    }
  ]
}
