{
  "results": [
    {
      "command": "mado",
      "mean": 0.04689455320000001,
      "stddev": 0.004288386611830085,
      "median": 0.045589500000000005,
      "user": 0.0743269,
      "system": 0.008506999999999997,
      "min": 0.044881925,
      "max": 0.059059255000000005,
      "times": [
        0.04586876,
        0.045424702000000004,
        0.059059255000000005,
        0.045281456000000005,
        0.044881925,
        0.045808369,
        0.045680787,
        0.04611461,
        0.045327455,
        0.045498213
      ],
      "memory_usage_byte": [
        29552640,
        29552640,
        31768576,
        31768576,
        31768576,
        31768576,
        31768576,
        31768576,
        31768576,
        31768576
      ],
      "exit_codes": [
        1,
        1,
        1,
        1,
        1,
        1,
        1,
        1,
        1,
        1
      ]
    },
    {
      "command": "rumdl",
      "mean": 0.1883762636,
      "stddev": 0.0017965559225714288,
      "median": 0.1880533675,
      "user": 0.6172915,
      "system": 0.0386213,
      "min": 0.18609782000000002,
      "max": 0.19145812,
      "times": [
        0.189206553,
        0.18701076,
        0.18868331500000002,
        0.18736618400000002,
        0.18674120400000002,
        0.18876045100000002,
        0.18742342,
        0.18609782000000002,
        0.19145812,
        0.191014809
      ],
      "memory_usage_byte": [
        52109312,
        52109312,
        52109312,
        52109312,
        52109312,
        52109312,
        52109312,
        52109312,
        52109312,
        52109312
      ],
      "exit_codes": [
        1,
        1,
        1,
        1,
        1,
        1,
        1,
        1,
        1,
        1
      ]
    },
    {
      "command": "panache",
      "mean": 0.5544806742,
      "stddev": 0.0030144850593240135,
      "median": 0.555652859,
      "user": 1.5518870999999999,
      "system": 0.0626213,
      "min": 0.548503269,
      "max": 0.557378766,
      "times": [
        0.553587166,
        0.5562556310000001,
        0.5497108350000001,
        0.556313578,
        0.557378766,
        0.556542482,
        0.548503269,
        0.555209297,
        0.555471111,
        0.555834607
      ],
      "memory_usage_byte": [
        52109312,
        52109312,
        52109312,
        52109312,
        52109312,
        52109312,
        52109312,
        52109312,
        52109312,
        52109312
      ],
      "exit_codes": [
        0,
        0,
        0,
        0,
        0,
        0,
        0,
        0,
        0,
        0
      ]
    },
    {
      "command": "gomarklint",
      "mean": 0.029757917300000002,
      "stddev": 0.0014529901738019077,
      "median": 0.029788107,
      "user": 0.0689773,
      "system": 0.0131069,
      "min": 0.026744794000000002,
      "max": 0.032115393,
      "times": [
        0.030503058000000003,
        0.030107523,
        0.028690221000000002,
        0.02969373,
        0.031216651,
        0.032115393,
        0.029277049000000003,
        0.029348270000000003,
        0.026744794000000002,
        0.029882484
      ],
      "memory_usage_byte": [
        52109312,
        52109312,
        52109312,
        52109312,
        52109312,
        52109312,
        52109312,
        52109312,
        52109312,
        52109312
      ],
      "exit_codes": [
        1,
        1,
        1,
        1,
        1,
        1,
        1,
        1,
        1,
        1
      ]
    },
    {
      "command": "mdsmith-gomarklint-parity",
      "mean": 0.0390815999,
      "stddev": 0.0015203941739466743,
      "median": 0.038391284000000005,
      "user": 0.10963799999999999,
      "system": 0.014477400000000001,
      "min": 0.037938189000000004,
      "max": 0.043055140000000006,
      "times": [
        0.038292531000000005,
        0.039301304,
        0.038095249000000005,
        0.038406577000000004,
        0.037938189000000004,
        0.038375991000000005,
        0.043055140000000006,
        0.038358345,
        0.039147382,
        0.039845291000000005
      ],
      "memory_usage_byte": [
        52109312,
        52109312,
        52109312,
        52109312,
        52109312,
        52109312,
        52109312,
        52109312,
        52109312,
        52109312
      ],
      "exit_codes": [
        1,
        1,
        1,
        1,
        1,
        1,
        1,
        1,
        1,
        1
      ]
    },
    {
      "command": "mdsmith-mado-parity",
      "mean": 0.049405824300000005,
      "stddev": 0.0043182425692670934,
      "median": 0.0475323585,
      "user": 0.1256006,
      "system": 0.015701,
      "min": 0.046644040000000005,
      "max": 0.058272513000000005,
      "times": [
        0.05676848600000001,
        0.046644040000000005,
        0.058272513000000005,
        0.048347071000000005,
        0.046959554,
        0.047710058,
        0.046901422000000005,
        0.047390382,
        0.047666438000000005,
        0.047398279
      ],
      "memory_usage_byte": [
        52109312,
        52109312,
        52109312,
        52109312,
        52109312,
        52109312,
        52109312,
        52109312,
        52109312,
        52109312
      ],
      "exit_codes": [
        1,
        1,
        1,
        1,
        1,
        1,
        1,
        1,
        1,
        1
      ]
    },
    {
      "command": "mdsmith-rumdl-parity",
      "mean": 0.0656954841,
      "stddev": 0.0036750598213636213,
      "median": 0.06457402300000001,
      "user": 0.16996139999999998,
      "system": 0.0176805,
      "min": 0.061578787,
      "max": 0.071753312,
      "times": [
        0.062856559,
        0.069379963,
        0.06269907300000001,
        0.07012111800000001,
        0.066658179,
        0.062759804,
        0.062893225,
        0.061578787,
        0.071753312,
        0.066254821
      ],
      "memory_usage_byte": [
        52109312,
        52109312,
        52109312,
        52109312,
        52109312,
        52109312,
        52109312,
        52109312,
        52109312,
        52109312
      ],
      "exit_codes": [
        1,
        1,
        1,
        1,
        1,
        1,
        1,
        1,
        1,
        1
      ]
    },
    {
      "command": "mdsmith-markdownlint-parity",
      "mean": 0.06513565930000001,
      "stddev": 0.004802798671863754,
      "median": 0.0628104995,
      "user": 0.17032799999999998,
      "system": 0.01668,
      "min": 0.060155326,
      "max": 0.074454587,
      "times": [
        0.062781135,
        0.07211073100000001,
        0.064866423,
        0.06253803000000001,
        0.074454587,
        0.06793507900000001,
        0.061637975000000005,
        0.06283986400000001,
        0.062037443000000005,
        0.060155326
      ],
      "memory_usage_byte": [
        52109312,
        52109312,
        52109312,
        52109312,
        52109312,
        52109312,
        52109312,
        52109312,
        52109312,
        52109312
      ],
      "exit_codes": [
        1,
        1,
        1,
        1,
        1,
        1,
        1,
        1,
        1,
        1
      ]
    },
    {
      "command": "mdsmith",
      "mean": 0.14178215379999998,
      "stddev": 0.002479038796640562,
      "median": 0.141876839,
      "user": 0.4132471,
      "system": 0.033672299999999995,
      "min": 0.137738467,
      "max": 0.14748102700000001,
      "times": [
        0.142084116,
        0.14748102700000001,
        0.142733674,
        0.137738467,
        0.140145509,
        0.140426411,
        0.14214585000000002,
        0.141062079,
        0.141669562,
        0.14233484300000002
      ],
      "memory_usage_byte": [
        52109312,
        52109312,
        52109312,
        52109312,
        52109312,
        52109312,
        52109312,
        52109312,
        52109312,
        52109312
      ],