{
  "results": [
    {
      "command": "markdownlint-cli2",
      "mean": 4.529331033166667,
      "stddev": 0.11956360146435523,
      "median": 4.488820469,
      "user": 6.800319666666666,
      "system": 0.40400716666666664,
      "min": 4.425071851,
      "max": 4.725807222,
      "times": [
        4.532127069,
        4.725807222,
        4.610071369,
        4.437394819,
        4.445513869,
        4.425071851
      ],
      "memory_usage_byte": [
        382054400,
        395067392,
        395067392,
        395067392,
        395067392,
        395067392
      ],
      "exit_codes": [
        1,
        1,
        1,
        1,
        1,
        1
      ]
    }
  ]
}
