{
  "results": [
    {
      "command": "mado",
      "mean": 0.061955887200000004,
      "stddev": 0.003558941072451088,
      "median": 0.060626778000000006,
      "user": 0.09721159999999998,
      "system": 0.019792299999999995,
      "min": 0.05881958,
      "max": 0.06947843000000001,
      "times": [
        0.06947843000000001,
        0.060288645,
        0.059389037000000006,
        0.064192566,
        0.05881958,
        0.066364639,
        0.061031568,
        0.060964911000000004,
        0.05957184,
        0.059457656000000005
      ],
      "memory_usage_byte": [
        31105024,
        31105024,
        31105024,
        31105024,
        31105024,
        31105024,
        31105024,
        31105024,
        31105024,
        31105024
      ],
      "exit_codes": [
        1,
        1,
        1,
        1,
        1,
        1,
        1,
        1,
        1,
        1
      ]
    },
    {
      "command": "rumdl",
      "mean": 0.31188292880000007,
      "stddev": 0.009635548659959487,
      "median": 0.308923677,
      "user": 0.9238451999999999,
      "system": 0.06973559999999998,
      "min": 0.300783566,
      "max": 0.328818583,
      "times": [
        0.300783566,
        0.30497752100000003,
        0.30653201700000005,
        0.304887893,
        0.302700301,
        0.328818583,
        0.32409950200000004,
        0.315553136,
        0.311315337,
        0.319161432
      ],
      "memory_usage_byte": [
        49467392,
        49467392,
        52277248,
        52277248,
        52277248,
        52277248,
        52277248,
        52277248,
        52277248,
        52277248
      ],
      "exit_codes": [
        1,
        1,
        1,
        1,
        1,
        1,
        1,
        1,
        1,
        1
      ]
    },
    {
      "command": "panache",
      "mean": 0.5981320942,
      "stddev": 0.05541344984742863,
      "median": 0.5637825270000001,
      "user": 2.0173043999999996,
      "system": 0.1295823,
      "min": 0.5585707950000001,
      "max": 0.6973169250000001,
      "times": [
        0.560383521,
        0.5585707950000001,
        0.666675982,
        0.563428935,
        0.6663289440000001,
        0.560022488,
        0.584572423,
        0.6973169250000001,
        0.55988481,
        0.564136119
      ],
      "memory_usage_byte": [
        52277248,
        52277248,
        52277248,
        52277248,
        52277248,
        52277248,
        52277248,
        52277248,
        52277248,
        52277248
      ],
      "exit_codes": [
        0,
        0,
        0,
        0,
        0,
        0,
        0,
        0,
        0,
        0
      ]
    },
    {
      "command": "mdsmith-parity",
      "mean": 0.1109190656,
      "stddev": 0.0009394950756074834,
      "median": 0.11090422550000001,
      "user": 0.3370158,
      "system": 0.03159769999999999,
      "min": 0.109449365,
      "max": 0.112496487,
      "times": [
        0.109449365,
        0.109729899,
        0.11158778300000001,
        0.11110990200000001,
        0.11090428000000001,
        0.112496487,
        0.110504081,
        0.110544156,
        0.111960532,
        0.11090417100000001
      ],
      "memory_usage_byte": [
        52277248,
        52277248,
        52277248,
        52277248,
        52277248,
        52277248,
        52277248,
        52277248,
        52277248,
        52277248
      ],
      "exit_codes": [
        1,
        1,
        1,
        1,
        1,
        1,
        1,
        1,
        1,
        1
      ]
    },
    {
      "command": "mdsmith",
      "mean": 0.473669163,
      "stddev": 0.012065006728681568,
      "median": 0.4740572230000001,
      "user": 1.0670989,
      "system": 0.5328152,
      "min": 0.45707922300000003,
      "max": 0.49105745300000003,
      "times": [
        0.45998660700000005,
        0.48508634300000003,
        0.460636005,
        0.484095757,
        0.46776314300000005,
        0.45707922300000003,
        0.47692714100000005,
        0.48287265300000004,
        0.49105745300000003,
        0.47118730500000006
      ],
      "memory_usage_byte": [
        70418432,
        70418432,
        70418432,
        70418432,
        70418432,
        70418432,
        70418432,
        70418432,
        70418432,
        70418432
      ],
      "exit_codes": [
        1,
        1,
        1,
        1,
        1,
        1,
        1,
        1,
        1,
        1
      ]
    }
  ]
}
