{
  "results": [
    {
      "command": "mado",
      "mean": 0.06371518759999999,
      "stddev": 0.0044633097830487556,
      "median": 0.062424792500000006,
      "user": 0.10196229999999999,
      "system": 0.015567999999999995,
      "min": 0.061829402000000006,
      "max": 0.07638858300000001,
      "times": [
        0.06262722,
        0.06213107600000001,
        0.062074401,
        0.062520423,
        0.062516341,
        0.061829402000000006,
        0.07638858300000001,
        0.062763419,
        0.062333244,
        0.06196776700000001
      ],
      "memory_usage_byte": [
        31485952,
        31485952,
        31485952,
        31485952,
        31485952,
        31485952,
        31485952,
        31485952,
        31485952,
        31485952
      ],
      "exit_codes": [
        1,
        1,
        1,
        1,
        1,
        1,
        1,
        1,
        1,
        1
      ]
    },
    {
      "command": "rumdl",
      "mean": 0.3588432561,
      "stddev": 0.010672291333421288,
      "median": 0.35984483100000003,
      "user": 1.1615224999999998,
      "system": 0.048562100000000004,
      "min": 0.34343204400000005,
      "max": 0.37588376900000003,
      "times": [
        0.365616857,
        0.35561180600000003,
        0.34808932600000003,
        0.37588376900000003,
        0.367193084,
        0.36407785600000003,
        0.35389786100000004,
        0.34343204400000005,
        0.347340615,
        0.36728934300000005
      ],
      "memory_usage_byte": [
        53710848,
        53710848,
        53710848,
        53710848,
        53710848,
        53710848,
        53710848,
        53710848,
        53710848,
        54636544
      ],
      "exit_codes": [
        1,
        1,
        1,
        1,
        1,
        1,
        1,
        1,
        1,
        1
      ]
    },
    {
      "command": "panache",
      "mean": 0.6910108764,
      "stddev": 0.06993878715580722,
      "median": 0.6395412755000001,
      "user": 2.3153888,
      "system": 0.0875506,
      "min": 0.633999759,
      "max": 0.7862169440000001,
      "times": [
        0.634208789,
        0.6370543740000001,
        0.641261199,
        0.637821352,
        0.633999759,
        0.7680456880000001,
        0.637810023,
        0.767054443,
        0.7862169440000001,
        0.7666361930000001
      ],
      "memory_usage_byte": [
        54636544,
        54636544,
        54636544,
        54636544,
        54636544,
        54636544,
        54636544,
        54636544,
        54636544,
        54636544
      ],
      "exit_codes": [
        0,
        0,
        0,
        0,
        0,
        0,
        0,
        0,
        0,
        0
      ]
    },
    {
      "command": "gomarklint",
      "mean": 0.057504871199999995,
      "stddev": 0.007938373559308478,
      "median": 0.056186860500000005,
      "user": 0.14434870000000002,
      "system": 0.0211499,
      "min": 0.048443883,
      "max": 0.069730973,
      "times": [
        0.05019794,
        0.057592005,
        0.062258822000000005,
        0.049859123000000005,
        0.069730973,
        0.048443883,
        0.066073242,
        0.065791317,
        0.054781716,
        0.050319691
      ],
      "memory_usage_byte": [
        54636544,
        54636544,
        54636544,
        54636544,
        54636544,
        54636544,
        54636544,
        54636544,
        54636544,
        54636544
      ],
      "exit_codes": [
        1,
        1,
        1,
        1,
        1,
        1,
        1,
        1,
        1,
        1
      ]
    },
    {
      "command": "mdsmith-parity",
      "mean": 0.058368231699999995,
      "stddev": 0.0005131355830778822,
      "median": 0.0584919785,
      "user": 0.1872258,
      "system": 0.015018499999999999,
      "min": 0.057555539,
      "max": 0.058981503000000005,
      "times": [
        0.058588947,
        0.058612505,
        0.05890277100000001,
        0.057555539,
        0.058024129,
        0.058910017,
        0.058981503000000005,
        0.057883884000000004,
        0.057828012000000005,
        0.058395010000000004
      ],
      "memory_usage_byte": [
        54636544,
        54636544,
        54636544,
        54636544,
        54636544,
        54636544,
        54636544,
        54636544,
        54636544,
        54636544
      ],
      "exit_codes": [
        1,
        1,
        1,
        1,
        1,
        1,
        1,
        1,
        1,
        1
      ]
    },
    {
      "command": "mdsmith",
      "mean": 0.16759609030000003,
      "stddev": 0.0017035640574724574,
      "median": 0.1675550455,
      "user": 0.5114656999999999,
      "system": 0.042712099999999996,
      "min": 0.164800746,
      "max": 0.169723026,
      "times": [
        0.16804274000000002,
        0.169723026,
        0.167067351,
        0.16901269600000002,
        0.16537728100000001,
        0.164800746,
        0.166612635,
        0.16871464800000002,
        0.167050045,
        0.16955973500000002
      ],
      "memory_usage_byte": [
        56639488,
        56639488,
        56639488,
        56639488,
        56639488,
        56668160,
        56668160,
        56668160,
        56668160,
        56668160
      ],
      "exit_codes": [
        1,
        1,
        1,
        1,
        1,
        1,
        1,
        1,
        1,
        1
      ]
    }
  ]
}
