{
  "results": [
    {
      "command": "markdownlint-cli2",
      "mean": 3.127760775,
      "stddev": 0.14563310314909567,
      "median": 3.0897438635,
      "user": 4.722548166666667,
      "system": 0.26594483333333324,
      "min": 2.995003682,
      "max": 3.304341709,
      "times": [
        3.163949611,
        3.304341709,
        3.290182944,
        2.995003682,
        3.015538116,
        2.997548588
      ],
      "memory_usage_byte": [
        365522944,
        365522944,
        382283776,
        382283776,
        384761856,
        384761856
      ],
      "exit_codes": [
        1,
        1,
        1,
        1,
        1,
        1
      ]
    }
  ]
}
