{
  "results": [
    {
      "command": "markdownlint-cli2",
      "mean": 5.128303612333333,
      "stddev": 0.2942982780072241,
      "median": 4.9888300285,
      "user": 7.6958063333333335,
      "system": 0.32279599999999997,
      "min": 4.903006752,
      "max": 5.622691802,
      "times": [
        4.903006752,
        5.622691802,
        4.974756091,
        5.002903966,
        4.911275969,
        5.355187094
      ],
      "memory_usage_byte": [
        383918080,
        405299200,
        405299200,
        405299200,
        405299200,
        405299200
      ],
      "exit_codes": [
        1,
        1,
        1,
        1,
        1,
        1
      ]
    }
  ]
}
