{
  "results": [
    {
      "command": "mado",
      "mean": 0.0475930483,
      "stddev": 0.0034075522457369133,
      "median": 0.04588271100000001,
      "user": 0.07782090000000001,
      "system": 0.007004000000000001,
      "min": 0.044810271000000006,
      "max": 0.055059674,
      "times": [
        0.05125923600000001,
        0.045764917,
        0.046611562,
        0.055059674,
        0.045394228,
        0.045514282,
        0.050157427000000004,
        0.045358381,
        0.046000505000000004,
        0.044810271000000006
      ],
      "memory_usage_byte": [
        29728768,
        29728768,
        29814784,
        29814784,
        29872128,
        29872128,
        29872128,
        29872128,
        29872128,
        29872128
      ],
      "exit_codes": [
        1,
        1,
        1,
        1,
        1,
        1,
        1,
        1,
        1,
        1
      ]
    },
    {
      "command": "rumdl",
      "mean": 0.1951820984,
      "stddev": 0.0018820243639015273,
      "median": 0.19486417550000001,
      "user": 0.6497571,
      "system": 0.0354187,
      "min": 0.19223229,
      "max": 0.198123227,
      "times": [
        0.19807966500000002,
        0.195493616,
        0.193069507,
        0.19223229,
        0.194680504,
        0.19504784700000002,
        0.198123227,
        0.19465938400000002,
        0.19450151000000002,
        0.19593343400000002
      ],
      "memory_usage_byte": [
        51646464,
        51646464,
        51646464,
        51646464,
        51646464,
        51646464,
        51646464,
        51646464,
        52953088,
        52953088
      ],
      "exit_codes": [
        1,
        1,
        1,
        1,
        1,
        1,
        1,
        1,
        1,
        1
      ]
    },
    {
      "command": "panache",
      "mean": 0.547147374,
      "stddev": 0.016188165279229234,
      "median": 0.540712665,
      "user": 1.6360796,
      "system": 0.051901199999999995,
      "min": 0.5343785990000001,
      "max": 0.588555891,
      "times": [
        0.5410313800000001,
        0.543236139,
        0.539982289,
        0.5343785990000001,
        0.538048332,
        0.539803644,
        0.545103004,
        0.5609405120000001,
        0.588555891,
        0.54039395
      ],
      "memory_usage_byte": [
        52953088,
        52953088,
        52953088,
        52953088,
        52953088,
        52953088,
        52953088,
        52953088,
        52953088,
        52953088
      ],
      "exit_codes": [
        0,
        0,
        0,
        0,
        0,
        0,
        0,
        0,
        0,
        0
      ]
    },
    {
      "command": "mdsmith-parity",
      "mean": 0.12265858180000003,
      "stddev": 0.001102038868982881,
      "median": 0.1221377215,
      "user": 0.28729129999999997,
      "system": 0.026772499999999998,
      "min": 0.12146572100000001,
      "max": 0.124660663,
      "times": [
        0.122236886,
        0.12146572100000001,
        0.12384722000000001,
        0.12199826100000001,
        0.121806675,
        0.124660663,
        0.12403981000000001,
        0.12248481700000001,
        0.122038557,
        0.122007208
      ],
      "memory_usage_byte": [
        52953088,
        52953088,
        52953088,
        52953088,
        52953088,
        52953088,
        52953088,
        52953088,
        52953088,
        52953088
      ],
      "exit_codes": [
        1,
        1,
        1,
        1,
        1,
        1,
        1,
        1,
        1,
        1
      ]
    },
    {
      "command": "mdsmith",
      "mean": 0.23990948429999998,
      "stddev": 0.007411187232330297,
      "median": 0.23782178,
      "user": 0.5952611999999999,
      "system": 0.0683604,
      "min": 0.232024571,
      "max": 0.259039577,
      "times": [
        0.23956653500000002,
        0.235531349,
        0.237896659,
        0.24253270100000002,
        0.242093779,
        0.259039577,
        0.237746901,
        0.232024571,
        0.23701221400000003,
        0.235650557
      ],
      "memory_usage_byte": [
        68567040,
        70344704,
        70344704,
        70422528,
        70422528,
        70422528,
        70422528,
        70422528,
        70422528,
        70422528
      ],
      "exit_codes": [
        1,
        1,
        1,
        1,
        1,
        1,
        1,
        1,
        1,
        1
      ]
    }
  ]
}
