{
  "results": [
    {
      "command": "markdownlint-cli2",
      "mean": 4.9361227395,
      "stddev": 0.1918039667307197,
      "median": 4.852876211,
      "user": 7.358142499999999,
      "system": 0.41859533333333326,
      "min": 4.832111885,
      "max": 5.3235459370000004,
      "times": [
        4.851466059,
        4.911793806,
        5.3235459370000004,
        4.854286363,
        4.843532387,
        4.832111885
      ],
      "memory_usage_byte": [
        375050240,
        382779392,
        382779392,
        382779392,
        382779392,
        382779392
      ],
      "exit_codes": [
        1,
        1,
        1,
        1,
        1,
        1
      ]
    }
  ]
}
