{
  "results": [
    {
      "command": "mado",
      "mean": 0.0671724126,
      "stddev": 0.002047993538804056,
      "median": 0.06640675700000001,
      "user": 0.10464559999999998,
      "system": 0.021102399999999997,
      "min": 0.066113564,
      "max": 0.07290511100000001,
      "times": [
        0.06710622100000001,
        0.066113564,
        0.066463197,
        0.06617806000000001,
        0.066849446,
        0.066339692,
        0.067136346,
        0.066350317,
        0.066282172,
        0.07290511100000001
      ],
      "memory_usage_byte": [
        29716480,
        29716480,
        29716480,
        29716480,
        31862784,
        31862784,
        31862784,
        31862784,
        31862784,
        31862784
      ],
      "exit_codes": [
        1,
        1,
        1,
        1,
        1,
        1,
        1,
        1,
        1,
        1
      ]
    },
    {
      "command": "rumdl",
      "mean": 0.34330846400000004,
      "stddev": 0.028335690003655784,
      "median": 0.333557492,
      "user": 1.0135614,
      "system": 0.07951620000000001,
      "min": 0.324549819,
      "max": 0.41743591300000005,
      "times": [
        0.32834665900000004,
        0.36264512600000004,
        0.41743591300000005,
        0.324549819,
        0.327518653,
        0.343171147,
        0.334674481,
        0.32645651600000003,
        0.33584582300000004,
        0.332440503
      ],
      "memory_usage_byte": [
        52682752,
        52682752,
        52682752,
        52682752,
        52682752,
        52682752,
        52682752,
        52682752,
        52682752,
        54358016
      ],
      "exit_codes": [
        1,
        1,
        1,
        1,
        1,
        1,
        1,
        1,
        1,
        1
      ]
    },
    {
      "command": "panache",
      "mean": 0.677294309,
      "stddev": 0.0834265264518631,
      "median": 0.6155481125,
      "user": 2.1560109999999995,
      "system": 0.1540527,
      "min": 0.610746629,
      "max": 0.799474572,
      "times": [
        0.616539594,
        0.610814233,
        0.7664606730000001,
        0.614556631,
        0.610746629,
        0.6120506,
        0.614235948,
        0.7623180620000001,
        0.799474572,
        0.7657461480000001
      ],
      "memory_usage_byte": [
        54358016,
        54358016,
        54358016,
        54358016,
        54358016,
        54358016,
        54358016,
        54358016,
        54358016,
        54358016
      ],
      "exit_codes": [
        0,
        0,
        0,
        0,
        0,
        0,
        0,
        0,
        0,
        0
      ]
    },
    {
      "command": "gomarklint",
      "mean": 0.06137158060000001,
      "stddev": 0.006034601837986225,
      "median": 0.0623819395,
      "user": 0.1308257,
      "system": 0.032769299999999994,
      "min": 0.053679935000000005,
      "max": 0.068580388,
      "times": [
        0.055931591,
        0.06717592600000001,
        0.064267751,
        0.060496128,
        0.067108284,
        0.06661984900000001,
        0.054341810000000004,
        0.068580388,
        0.055514144,
        0.053679935000000005
      ],
      "memory_usage_byte": [
        54358016,
        54358016,
        54358016,
        54358016,
        54358016,
        54358016,
        54358016,
        54358016,
        54358016,
        54358016
      ],
      "exit_codes": [
        1,
        1,
        1,
        1,
        1,
        1,
        1,
        1,
        1,
        1
      ]
    },
    {
      "command": "mdsmith-parity",
      "mean": 0.05950086240000001,
      "stddev": 0.0005967435375465743,
      "median": 0.059438747,
      "user": 0.17393400000000003,
      "system": 0.021343900000000002,
      "min": 0.058584822,
      "max": 0.060365230000000006,
      "times": [
        0.0596601,
        0.058584822,
        0.05894388800000001,
        0.059217394000000007,
        0.059717291000000006,
        0.060365230000000006,
        0.060272732,
        0.060010216000000005,
        0.05905433400000001,
        0.05918261700000001
      ],
      "memory_usage_byte": [
        54358016,
        54358016,
        54358016,
        54358016,
        54358016,
        54358016,
        54358016,
        54358016,
        54358016,
        54358016
      ],
      "exit_codes": [
        1,
        1,
        1,
        1,
        1,
        1,
        1,
        1,
        1,
        1
      ]
    },
    {
      "command": "mdsmith",
      "mean": 0.17458876780000004,
      "stddev": 0.003822741598554624,
      "median": 0.173154363,
      "user": 0.49316170000000004,
      "system": 0.0668293,
      "min": 0.17046508500000002,
      "max": 0.18184255100000002,
      "times": [
        0.17531897200000002,
        0.174399715,
        0.17046508500000002,
        0.17174159600000002,
        0.17259964700000002,
        0.173063439,
        0.18090677300000002,
        0.18184255100000002,
        0.173245287,
        0.17230461300000002
      ],
      "memory_usage_byte": [
        56565760,
        56565760,
        56565760,
        56565760,
        56565760,
        56565760,
        56565760,
        56565760,
        56565760,
        56565760
      ],
      "exit_codes": [
        1,
        1,
        1,
        1,
        1,
        1,
        1,
        1,
        1,
        1
      ]
    }
  ]
}
