{
  "results": [
    {
      "command": "mado",
      "mean": 0.04708045400000001,
      "stddev": 0.0020593470676791388,
      "median": 0.046314275,
      "user": 0.074248,
      "system": 0.0092211,
      "min": 0.04537701,
      "max": 0.05108710700000001,
      "times": [
        0.050770316,
        0.045961579,
        0.046409823,
        0.045914062000000005,
        0.046665399,
        0.04537701,
        0.05108710700000001,
        0.046346804000000005,
        0.045990694000000006,
        0.046281746000000006
      ],
      "memory_usage_byte": [
        31014912,
        31014912,
        31014912,
        31014912,
        31014912,
        31014912,
        31014912,
        31014912,
        31916032,
        31916032
      ],
      "exit_codes": [
        1,
        1,
        1,
        1,
        1,
        1,
        1,
        1,
        1,
        1
      ]
    },
    {
      "command": "rumdl",
      "mean": 0.1991191618,
      "stddev": 0.005771816029869582,
      "median": 0.196343198,
      "user": 0.6519418,
      "system": 0.0342735,
      "min": 0.195310259,
      "max": 0.214015707,
      "times": [
        0.200705137,
        0.195931406,
        0.19610712300000002,
        0.20262021100000002,
        0.198377401,
        0.214015707,
        0.19580614300000002,
        0.195310259,
        0.196579273,
        0.19573895800000002
      ],
      "memory_usage_byte": [
        49545216,
        49545216,
        49545216,
        50577408,
        51445760,
        51445760,
        51445760,
        51445760,
        51445760,
        51445760
      ],
      "exit_codes": [
        1,
        1,
        1,
        1,
        1,
        1,
        1,
        1,
        1,
        1
      ]
    },
    {
      "command": "panache",
      "mean": 0.5362818208000001,
      "stddev": 0.006805778000439465,
      "median": 0.539259465,
      "user": 1.6358989999999998,
      "system": 0.05054299999999999,
      "min": 0.5250067620000001,
      "max": 0.542663415,
      "times": [
        0.5388252370000001,
        0.538938808,
        0.5253802670000001,
        0.542663415,
        0.5250067620000001,
        0.539580122,
        0.540651707,
        0.540584472,
        0.529796774,
        0.541390644
      ],
      "memory_usage_byte": [
        51445760,
        51445760,
        51445760,
        51445760,
        51445760,
        51445760,
        51445760,
        51445760,
        51445760,
        51445760
      ],
      "exit_codes": [
        0,
        0,
        0,
        0,
        0,
        0,
        0,
        0,
        0,
        0
      ]
    },
    {
      "command": "mdsmith-parity",
      "mean": 0.12811087459999998,
      "stddev": 0.0010503766076241639,
      "median": 0.127843651,
      "user": 0.2924907,
      "system": 0.0313191,
      "min": 0.126603249,
      "max": 0.129960594,
      "times": [
        0.12757838700000002,
        0.128347429,
        0.12731745,
        0.126603249,
        0.127737693,
        0.129812599,
        0.127659149,
        0.12794960900000002,
        0.129960594,
        0.128142587
      ],
      "memory_usage_byte": [
        59899904,
        59904000,
        59904000,
        59904000,
        59904000,
        59965440,
        59965440,
        60112896,
        62103552,
        62103552
      ],
      "exit_codes": [
        1,
        1,
        1,
        1,
        1,
        1,
        1,
        1,
        1,
        1
      ]
    },
    {
      "command": "mdsmith",
      "mean": 0.24301185080000004,
      "stddev": 0.001703618362064621,
      "median": 0.24240019000000002,
      "user": 0.5981449000000001,
      "system": 0.06441250000000001,
      "min": 0.24139105600000002,
      "max": 0.24707978700000002,
      "times": [
        0.24707978700000002,
        0.241851594,
        0.242201456,
        0.24139105600000002,
        0.24189580700000002,
        0.24411938000000002,
        0.24419928400000002,
        0.24259892400000002,
        0.24214744100000002,
        0.24263377900000002
      ],
      "memory_usage_byte": [
        82579456,
        82579456,
        82579456,
        82579456,
        82579456,
        82579456,
        82579456,
        82608128,
        83263488,
        83263488
      ],
      "exit_codes": [
        1,
        1,
        1,
        1,
        1,
        1,
        1,
        1,
        1,
        1
      ]
    }
  ]
}
