{
  "results": [
    {
      "command": "mado",
      "mean": 0.0687464669,
      "stddev": 0.00027470683638600873,
      "median": 0.06868318350000001,
      "user": 0.10922819999999997,
      "system": 0.020006099999999995,
      "min": 0.06832737800000001,
      "max": 0.069280333,
      "times": [
        0.068961723,
        0.069280333,
        0.068983086,
        0.06867693400000001,
        0.06882250300000001,
        0.06832737800000001,
        0.068494699,
        0.06856954300000001,
        0.068659037,
        0.06868943300000001
      ],
      "memory_usage_byte": [
        29667328,
        29810688,
        29810688,
        29810688,
        29810688,
        30978048,
        30978048,
        30978048,
        30978048,
        30978048
      ],
      "exit_codes": [
        1,
        1,
        1,
        1,
        1,
        1,
        1,
        1,
        1,
        1
      ]
    },
    {
      "command": "rumdl",
      "mean": 0.3496539892,
      "stddev": 0.026851383523401613,
      "median": 0.3413856455,
      "user": 1.0342436000000002,
      "system": 0.0827465,
      "min": 0.33361115,
      "max": 0.42437380500000005,
      "times": [
        0.338416217,
        0.34183436,
        0.34544747200000003,
        0.34942718,
        0.42437380500000005,
        0.35027676900000004,
        0.340936931,
        0.33361115,
        0.336157343,
        0.33605866500000003
      ],
      "memory_usage_byte": [
        53600256,
        53600256,
        53600256,
        53600256,
        53600256,
        53600256,
        53600256,
        53600256,
        53600256,
        55308288
      ],
      "exit_codes": [
        1,
        1,
        1,
        1,
        1,
        1,
        1,
        1,
        1,
        1
      ]
    },
    {
      "command": "panache",
      "mean": 0.6973278277,
      "stddev": 0.08054870616852902,
      "median": 0.6393349645,
      "user": 2.2465883,
      "system": 0.1604853,
      "min": 0.631198563,
      "max": 0.797690882,
      "times": [
        0.6336862280000001,
        0.631198563,
        0.634254803,
        0.797426984,
        0.797690882,
        0.797260995,
        0.6340666460000001,
        0.6346696150000001,
        0.644000314,
        0.769023247
      ],
      "memory_usage_byte": [
        55308288,
        55308288,
        55308288,
        55308288,
        55308288,
        55308288,
        55308288,
        55308288,
        55308288,
        55308288
      ],
      "exit_codes": [
        0,
        0,
        0,
        0,
        0,
        0,
        0,
        0,
        0,
        0
      ]
    },
    {
      "command": "gomarklint",
      "mean": 0.06336441250000001,
      "stddev": 0.005781279775194844,
      "median": 0.064809122,
      "user": 0.13479179999999996,
      "system": 0.032245800000000005,
      "min": 0.055239053,
      "max": 0.071710282,
      "times": [
        0.071710282,
        0.067357758,
        0.060556477000000004,
        0.057716453,
        0.0555965,
        0.055239053,
        0.06684944500000001,
        0.06899991300000001,
        0.065510495,
        0.064107749
      ],
      "memory_usage_byte": [
        55308288,
        55308288,
        55308288,
        55308288,
        55308288,
        55308288,
        55308288,
        55308288,
        55308288,
        55308288
      ],
      "exit_codes": [
        1,
        1,
        1,
        1,
        1,
        1,
        1,
        1,
        1,
        1
      ]
    },
    {
      "command": "mdsmith-gomarklint-parity",
      "mean": 0.07577580190000002,
      "stddev": 0.004385786991175304,
      "median": 0.07444748300000001,
      "user": 0.18021099999999998,
      "system": 0.03416240000000001,
      "min": 0.071089461,
      "max": 0.084714709,
      "times": [
        0.07568701900000001,
        0.071651164,
        0.072543434,
        0.07441692100000001,
        0.079758956,
        0.084714709,
        0.080073901,
        0.071089461,
        0.073344409,
        0.074478045
      ],
      "memory_usage_byte": [
        55308288,
        55308288,
        55308288,
        55308288,
        55308288,
        55308288,
        55308288,
        55308288,
        55308288,
        55308288
      ],
      "exit_codes": [
        1,
        1,
        1,
        1,
        1,
        1,
        1,
        1,
        1,
        1
      ]
    },
    {
      "command": "mdsmith-mado-parity",
      "mean": 0.07714552790000001,
      "stddev": 0.006633701227166533,
      "median": 0.07576386,
      "user": 0.18322259999999999,
      "system": 0.0341206,
      "min": 0.06949645800000001,
      "max": 0.091102942,
      "times": [
        0.06949645800000001,
        0.070808253,
        0.091102942,
        0.07920677000000001,
        0.074674681,
        0.074464655,
        0.071797762,
        0.084524052,
        0.076853039,
        0.07852666700000001
      ],
      "memory_usage_byte": [
        55308288,
        55308288,
        55308288,
        55308288,
        55308288,
        55308288,
        55308288,
        55308288,
        55308288,
        55308288
      ],
      "exit_codes": [
        1,
        1,
        1,
        1,
        1,
        1,
        1,
        1,
        1,
        1
      ]
    },
    {
      "command": "mdsmith-rumdl-parity",
      "mean": 0.09676866290000001,
      "stddev": 0.005538658076802307,
      "median": 0.094732379,
      "user": 0.23785920000000002,
      "system": 0.0367903,
      "min": 0.09104808,
      "max": 0.109951165,
      "times": [
        0.097869334,
        0.094096837,
        0.09529108900000001,
        0.09332105,
        0.102445375,
        0.09104808,
        0.094580155,
        0.09419894100000001,
        0.09488460300000001,
        0.109951165
      ],
      "memory_usage_byte": [
        55308288,
        55308288,
        55308288,
        55308288,
        55308288,
        55308288,
        55308288,
        55308288,
        55308288,
        55308288
      ],
      "exit_codes": [
        1,
        1,
        1,
        1,
        1,
        1,
        1,
        1,
        1,
        1
      ]
    },
    {
      "command": "mdsmith-markdownlint-parity",
      "mean": 0.09921379150000001,
      "stddev": 0.004772268681734743,
      "median": 0.09786704100000002,
      "user": 0.24121449999999997,
      "system": 0.0342776,
      "min": 0.09324417500000001,
      "max": 0.107597283,
      "times": [
        0.10073475100000001,
        0.09425926200000001,
        0.107597283,
        0.09906514400000001,
        0.10181287900000001,
        0.096402477,
        0.09324417500000001,
        0.096521967,
        0.09666893800000001,
        0.105831039
      ],
      "memory_usage_byte": [
        55308288,
        55308288,
        55308288,
        55308288,
        55308288,
        55308288,
        55308288,
        55308288,
        55308288,
        55308288
      ],
      "exit_codes": [
        1,
        1,
        1,
        1,
        1,
        1,
        1,
        1,
        1,
        1
      ]
    },
    {
      "command": "mdsmith",
      "mean": 0.1952658686,
      "stddev": 0.0038905899591492195,
      "median": 0.19388917650000004,
      "user": 0.5227932,
      "system": 0.08088899999999999,
      "min": 0.190439154,
      "max": 0.20096044400000002,
      "times": [
        0.20013519300000002,
        0.19256013300000002,
        0.19412314300000003,
        0.19365521000000002,
        0.191680291,
        0.198435267,
        0.190439154,
        0.198701117,
        0.191968734,
        0.20096044400000002
      ],
      "memory_usage_byte": [
        55308288,
        55308288,
        55308288,
        55308288,
        55308288,
        55308288,
        55308288,
        55308288,
        55308288,
        55308288
      ],