{
  "results": [
    {
      "command": "mado",
      "mean": 0.03718177450000001,
      "stddev": 0.002192209259904986,
      "median": 0.036392640500000004,
      "user": 0.056831999999999994,
      "system": 0.0078734,
      "min": 0.035537354,
      "max": 0.041768627,
      "times": [
        0.035733709,
        0.041768627,
        0.036540894000000004,
        0.036654545000000004,
        0.03632606,
        0.036459221,
        0.035537354,
        0.036158838000000006,
        0.03588669,
        0.040751807
      ],
      "memory_usage_byte": [
        29773824,
        29773824,
        29773824,
        29777920,
        29777920,
        29777920,
        29777920,
        29777920,
        29777920,
        29777920
      ],
      "exit_codes": [
        1,
        1,
        1,
        1,
        1,
        1,
        1,
        1,
        1,
        1
      ]
    },
    {
      "command": "rumdl",
      "mean": 0.1473309097,
      "stddev": 0.0025438810593918664,
      "median": 0.1465941665,
      "user": 0.47691910000000004,
      "system": 0.0301747,
      "min": 0.14408948400000002,
      "max": 0.15119812600000002,
      "times": [
        0.145971746,
        0.15119812600000002,
        0.145872166,
        0.147894147,
        0.147050298,
        0.14408948400000002,
        0.149689457,
        0.144451188,
        0.146138035,
        0.15095445000000002
      ],
      "memory_usage_byte": [
        48508928,
        48508928,
        48508928,
        49582080,
        49582080,
        49582080,
        49582080,
        49582080,
        49582080,
        49582080
      ],
      "exit_codes": [
        1,
        1,
        1,
        1,
        1,
        1,
        1,
        1,
        1,
        1
      ]
    },
    {
      "command": "panache",
      "mean": 0.4271032912,
      "stddev": 0.009639396715990494,
      "median": 0.43011459800000007,
      "user": 1.206928,
      "system": 0.0467189,
      "min": 0.40009066200000004,
      "max": 0.43207293300000005,
      "times": [
        0.43017886000000005,
        0.43207293300000005,
        0.426101141,
        0.40009066200000004,
        0.431531859,
        0.43049677700000005,
        0.429265365,
        0.429582848,
        0.43005033600000003,
        0.431662131
      ],
      "memory_usage_byte": [
        49582080,
        49582080,
        49582080,
        49582080,
        49582080,
        49582080,
        49582080,
        49582080,
        49582080,
        49582080
      ],
      "exit_codes": [
        0,
        0,
        0,
        0,
        0,
        0,
        0,
        0,
        0,
        0
      ]
    },
    {
      "command": "gomarklint",
      "mean": 0.0229437815,
      "stddev": 0.0007777524671199482,
      "median": 0.022855957500000003,
      "user": 0.053622500000000003,
      "system": 0.010508899999999998,
      "min": 0.021763224,
      "max": 0.024063705,
      "times": [
        0.022643073000000003,
        0.022509907000000003,
        0.023734039000000002,
        0.023021346,
        0.023506166000000002,
        0.023599557,
        0.021763224,
        0.021906229000000003,
        0.022690569,
        0.024063705
      ],
      "memory_usage_byte": [
        49582080,
        49582080,
        49582080,
        49582080,
        49582080,
        49582080,
        49582080,
        49582080,
        49582080,
        49582080
      ],
      "exit_codes": [
        1,
        1,
        1,
        1,
        1,
        1,
        1,
        1,
        1,
        1
      ]
    },
    {
      "command": "mdsmith-parity",
      "mean": 0.04074658860000001,
      "stddev": 0.0003392550362286296,
      "median": 0.040814142000000005,
      "user": 0.1132309,
      "system": 0.010070699999999998,
      "min": 0.040254926,
      "max": 0.041191825,
      "times": [
        0.04040478,
        0.041191825,
        0.040254926,
        0.040926942,
        0.041005064,
        0.040765684,
        0.041156191,
        0.040862600000000006,
        0.040346668,
        0.040551206
      ],
      "memory_usage_byte": [
        49582080,
        49582080,
        49582080,
        49582080,
        49582080,
        49582080,
        49582080,
        49582080,
        49582080,
        49582080
      ],
      "exit_codes": [
        1,
        1,
        1,
        1,
        1,
        1,
        1,
        1,
        1,
        1
      ]
    },
    {
      "command": "mdsmith",
      "mean": 0.10860845810000001,
      "stddev": 0.0012353987276595248,
      "median": 0.108863069,
      "user": 0.3183973,
      "system": 0.0255689,
      "min": 0.106632423,
      "max": 0.10991919400000001,
      "times": [
        0.106922214,
        0.106632423,
        0.107231084,
        0.108881847,
        0.10991919400000001,
        0.10965079400000001,
        0.108716669,
        0.109683944,
        0.10884429100000001,
        0.10960212100000001
      ],
      "memory_usage_byte": [
        49582080,
        49582080,
        49582080,
        49582080,
        49582080,
        49582080,
        49582080,
        49582080,
        49582080,
        49582080
      ],
      "exit_codes": [
        1,
        1,
        1,
        1,
        1,
        1,
        1,
        1,
        1,
        1
      ]
    }
  ]
}
