{
  "results": [
    {
      "command": "markdownlint-cli2",
      "mean": 3.164814987333333,
      "stddev": 0.1127917906159478,
      "median": 3.1582528355,
      "user": 4.727361166666667,
      "system": 0.30861683333333334,
      "min": 3.03070699,
      "max": 3.297396134,
      "times": [
        3.128805454,
        3.187700217,
        3.03070699,
        3.057861353,
        3.297396134,
        3.286419776
      ],
      "memory_usage_byte": [
        366940160,
        376635392,
        376635392,
        376635392,
        381882368,
        381882368
      ],
      "exit_codes": [
        1,
        1,
        1,
        1,
        1,
        1
      ]
    }
  ]
}
