{
  "results": [
    {
      "command": "markdownlint-cli2",
      "mean": 3.086862541,
      "stddev": 0.0736521245362646,
      "median": 3.0624274155,
      "user": 4.629182833333332,
      "system": 0.27733783333333334,
      "min": 3.008351701,
      "max": 3.21433914,
      "times": [
        3.06233701,
        3.044893609,
        3.008351701,
        3.062517821,
        3.21433914,
        3.128735965
      ],
      "memory_usage_byte": [
        379441152,
        379441152,
        379441152,
        384868352,
        384868352,
        384868352
      ],
      "exit_codes": [
        1,
        1,
        1,
        1,
        1,
        1
      ]
    }
  ]
}
