{
  "results": [
    {
      "command": "markdownlint-cli2",
      "mean": 3.206286334833333,
      "stddev": 0.09460081905574985,
      "median": 3.169210313,
      "user": 4.787574499999999,
      "system": 0.2616715,
      "min": 3.099666289,
      "max": 3.335238489,
      "times": [
        3.159466266,
        3.17895436,
        3.335238489,
        3.311152854,
        3.153239751,
        3.099666289
      ],
      "memory_usage_byte": [
        339722240,
        339722240,
        382095360,
        384339968,
        384339968,
        384339968
      ],
      "exit_codes": [
        1,
        1,
        1,
        1,
        1,
        1
      ]
    }
  ]
}
