{
  "results": [
    {
      "command": "mado",
      "mean": 0.0475473654,
      "stddev": 0.0031796318909609717,
      "median": 0.045909052500000005,
      "user": 0.0767673,
      "system": 0.007421700000000001,
      "min": 0.045109038000000004,
      "max": 0.05431152,
      "times": [
        0.045849227000000006,
        0.05431152,
        0.04514784,
        0.04588818,
        0.045109038000000004,
        0.050621768000000004,
        0.045929925,
        0.045883381,
        0.045945798,
        0.050786977000000004
      ],
      "memory_usage_byte": [
        29528064,
        29528064,
        29528064,
        29532160,
        29532160,
        29532160,
        29659136,
        29659136,
        33685504,
        33685504
      ],
      "exit_codes": [
        1,
        1,
        1,
        1,
        1,
        1,
        1,
        1,
        1,
        1
      ]
    },
    {
      "command": "rumdl",
      "mean": 0.1962832404,
      "stddev": 0.0036833288659385063,
      "median": 0.194759287,
      "user": 0.6478629999999999,
      "system": 0.0342642,
      "min": 0.191982873,
      "max": 0.202698387,
      "times": [
        0.191982873,
        0.198844088,
        0.202698387,
        0.192626934,
        0.201295244,
        0.193650242,
        0.194418793,
        0.19458287000000002,
        0.19779726900000003,
        0.19493570400000002
      ],
      "memory_usage_byte": [
        52641792,
        52641792,
        52641792,
        52641792,
        52641792,
        52641792,
        52641792,
        52641792,
        52641792,
        52641792
      ],
      "exit_codes": [
        1,
        1,
        1,
        1,
        1,
        1,
        1,
        1,
        1,
        1
      ]
    },
    {
      "command": "panache",
      "mean": 0.5576719201000001,
      "stddev": 0.013303321592179902,
      "median": 0.5603185195,
      "user": 1.5941485,
      "system": 0.05360369999999999,
      "min": 0.5235651600000001,
      "max": 0.575927073,
      "times": [
        0.559592877,
        0.56203957,
        0.560719078,
        0.562603062,
        0.575927073,
        0.552744925,
        0.5588904170000001,
        0.560047566,
        0.5235651600000001,
        0.5605894730000001
      ],
      "memory_usage_byte": [
        52641792,
        52641792,
        52641792,
        52641792,
        52641792,
        52641792,
        52641792,
        52641792,
        52641792,
        52641792
      ],
      "exit_codes": [
        0,
        0,
        0,
        0,
        0,
        0,
        0,
        0,
        0,
        0
      ]
    },
    {
      "command": "mdsmith-parity",
      "mean": 0.1217891601,
      "stddev": 0.0010942264361040576,
      "median": 0.12185177850000001,
      "user": 0.28323109999999996,
      "system": 0.029696100000000003,
      "min": 0.12036861600000001,
      "max": 0.123565697,
      "times": [
        0.120831747,
        0.123565697,
        0.12236817700000001,
        0.123287161,
        0.12036861600000001,
        0.12186111100000001,
        0.12085682,
        0.122163902,
        0.12184244600000001,
        0.120745924
      ],
      "memory_usage_byte": [
        52641792,
        52641792,
        52641792,
        52641792,
        52641792,
        52641792,
        52641792,
        52641792,
        52641792,
        52641792
      ],
      "exit_codes": [
        1,
        1,
        1,
        1,
        1,
        1,
        1,
        1,
        1,
        1
      ]
    },
    {
      "command": "mdsmith",
      "mean": 0.2400347541,
      "stddev": 0.004162239348698125,
      "median": 0.23937265700000002,
      "user": 0.5963335000000001,
      "system": 0.07238560000000001,
      "min": 0.23503973400000003,
      "max": 0.24858183600000003,
      "times": [
        0.23503973400000003,
        0.237773271,
        0.238954988,
        0.23979032600000003,
        0.242814568,
        0.23644387400000003,
        0.236090024,
        0.24102884700000002,
        0.243830073,
        0.24858183600000003
      ],
      "memory_usage_byte": [
        70717440,
        70717440,
        70717440,
        70717440,
        70717440,
        70717440,
        70717440,
        70717440,
        70717440,
        70717440
      ],
      "exit_codes": [
        1,
        1,
        1,
        1,
        1,
        1,
        1,
        1,
        1,
        1
      ]
    }
  ]
}
