{
  "results": [
    {
      "command": "mado",
      "mean": 0.046959199800000004,
      "stddev": 0.002179426453155549,
      "median": 0.046190218500000005,
      "user": 0.07545310000000001,
      "system": 0.0067774,
      "min": 0.04583103,
      "max": 0.053087779,
      "times": [
        0.046736902000000004,
        0.046216838,
        0.053087779,
        0.046000068000000005,
        0.046072125000000005,
        0.046163599,
        0.04603459,
        0.046800275,
        0.046648792,
        0.04583103
      ],
      "memory_usage_byte": [
        31125504,
        31125504,
        31125504,
        31125504,
        31125504,
        31125504,
        31125504,
        31125504,
        31125504,
        31125504
      ],
      "exit_codes": [
        1,
        1,
        1,
        1,
        1,
        1,
        1,
        1,
        1,
        1
      ]
    },
    {
      "command": "rumdl",
      "mean": 0.19350450470000002,
      "stddev": 0.004339372760585698,
      "median": 0.1929910875,
      "user": 0.616281,
      "system": 0.040753199999999996,
      "min": 0.18608527000000002,
      "max": 0.19917900100000002,
      "times": [
        0.19915626600000003,
        0.19751888,
        0.192245897,
        0.19917900100000002,
        0.195108987,
        0.193736278,
        0.19118795200000002,
        0.192068346,
        0.18608527000000002,
        0.18875817
      ],
      "memory_usage_byte": [
        50102272,
        50589696,
        54349824,
        54349824,
        54349824,
        54349824,
        54349824,
        54349824,
        54349824,
        54349824
      ],
      "exit_codes": [
        1,
        1,
        1,
        1,
        1,
        1,
        1,
        1,
        1,
        1
      ]
    },
    {
      "command": "panache",
      "mean": 0.525191685,
      "stddev": 0.008172926220546151,
      "median": 0.529539957,
      "user": 1.588841,
      "system": 0.0653068,
      "min": 0.512637232,
      "max": 0.5333546730000001,
      "times": [
        0.530086315,
        0.51738991,
        0.528993599,
        0.516411682,
        0.512637232,
        0.530514966,
        0.532203297,
        0.5333546730000001,
        0.517318736,
        0.5330064400000001
      ],
      "memory_usage_byte": [
        54349824,
        54349824,
        54349824,
        54349824,
        54349824,
        54349824,
        54349824,
        54349824,
        54349824,
        54349824
      ],
      "exit_codes": [
        0,
        0,
        0,
        0,
        0,
        0,
        0,
        0,
        0,
        0
      ]
    },
    {
      "command": "mdsmith-parity",
      "mean": 0.1274083915,
      "stddev": 0.0017865345175476378,
      "median": 0.1269963695,
      "user": 0.2708975,
      "system": 0.0404741,
      "min": 0.12546642400000002,
      "max": 0.131254627,
      "times": [
        0.131254627,
        0.12778973100000002,
        0.12761319200000001,
        0.126123491,
        0.125916346,
        0.127024867,
        0.12546642400000002,
        0.12636084,
        0.126967872,
        0.12956652500000002
      ],
      "memory_usage_byte": [
        59887616,
        59887616,
        59887616,
        60014592,
        60014592,
        60014592,
        60014592,
        60014592,
        60014592,
        60014592
      ],
      "exit_codes": [
        1,
        1,
        1,
        1,
        1,
        1,
        1,
        1,
        1,
        1
      ]
    },
    {
      "command": "mdsmith",
      "mean": 0.2400103536,
      "stddev": 0.0017974595754668857,
      "median": 0.23970856350000003,
      "user": 0.5693148,
      "system": 0.07570149999999999,
      "min": 0.23698079600000002,
      "max": 0.242484372,
      "times": [
        0.239111501,
        0.23860254200000003,
        0.238786933,
        0.24189959200000002,
        0.24030562600000002,
        0.23698079600000002,
        0.239020317,
        0.240874473,
        0.24203738400000002,
        0.242484372
      ],
      "memory_usage_byte": [
        82083840,
        82083840,
        82083840,
        82083840,
        82083840,
        82083840,
        82227200,
        82227200,
        82227200,
        82227200
      ],
      "exit_codes": [
        1,
        1,
        1,
        1,
        1,
        1,
        1,
        1,
        1,
        1
      ]
    }
  ]
}
