{
  "results": [
    {
      "command": "markdownlint-cli2",
      "mean": 4.2703264071666664,
      "stddev": 0.1353844842328972,
      "median": 4.238663909,
      "user": 6.378384499999999,
      "system": 0.3984936666666667,
      "min": 4.13625473,
      "max": 4.437926682,
      "times": [
        4.420115599,
        4.437926682,
        4.150333614,
        4.13625473,
        4.296714,
        4.180613818
      ],
      "memory_usage_byte": [
        393441280,
        393441280,
        393441280,
        393441280,
        393441280,
        393441280
      ],
      "exit_codes": [
        1,
        1,
        1,
        1,
        1,
        1
      ]
    }
  ]
}
