{
  "results": [
    {
      "command": "markdownlint-cli2",
      "mean": 4.441482833999999,
      "stddev": 0.15342091288391918,
      "median": 4.4258785415,
      "user": 6.7262588333333335,
      "system": 0.31340199999999996,
      "min": 4.279053371,
      "max": 4.699303938,
      "times": [
        4.699303938,
        4.482289715,
        4.320162193,
        4.498620419,
        4.279053371,
        4.3694673680000005
      ],
      "memory_usage_byte": [
        368451584,
        368451584,
        368451584,
        368451584,
        395161600,
        395161600
      ],
      "exit_codes": [
        1,
        1,
        1,
        1,
        1,
        1
      ]
    }
  ]
}
