{
  "results": [
    {
      "command": "markdownlint-cli2",
      "mean": 3.1538176735000003,
      "stddev": 0.10304463248393392,
      "median": 3.153274768,
      "user": 4.803264333333333,
      "system": 0.25801766666666665,
      "min": 3.04307495,
      "max": 3.335490909,
      "times": [
        3.04307495,
        3.158643667,
        3.147905869,
        3.335490909,
        3.067298398,
        3.170492248
      ],
      "memory_usage_byte": [
        375214080,
        375214080,
        375214080,
        375214080,
        378105856,
        378105856
      ],
      "exit_codes": [
        1,
        1,
        1,
        1,
        1,
        1
      ]
    }
  ]
}
