{
  "results": [
    {
      "command": "mado",
      "mean": 0.0746738539,
      "stddev": 0.007879183642527054,
      "median": 0.071550739,
      "user": 0.1180688,
      "system": 0.0238507,
      "min": 0.07064630000000001,
      "max": 0.09593014500000001,
      "times": [
        0.071020889,
        0.070778777,
        0.07255090900000001,
        0.072456872,
        0.07196239800000001,
        0.079156999,
        0.09593014500000001,
        0.07113908000000001,
        0.07109617,
        0.07064630000000001
      ],
      "memory_usage_byte": [
        29650944,
        29650944,
        29671424,
        29671424,
        29671424,
        29671424,
        33890304,
        33890304,
        33890304,
        33890304
      ],
      "exit_codes": [
        1,
        1,
        1,
        1,
        1,
        1,
        1,
        1,
        1,
        1
      ]
    },
    {
      "command": "rumdl",
      "mean": 0.3634873367,
      "stddev": 0.007035318289242446,
      "median": 0.36470065500000004,
      "user": 1.111196,
      "system": 0.0772983,
      "min": 0.35334125400000005,
      "max": 0.37397833700000005,
      "times": [
        0.36339149400000004,
        0.370357573,
        0.35334125400000005,
        0.36461210000000005,
        0.35393615500000003,
        0.367108082,
        0.36478921000000003,
        0.367655245,
        0.37397833700000005,
        0.35570391700000004
      ],
      "memory_usage_byte": [
        52965376,
        52965376,
        52965376,
        52965376,
        52965376,
        53186560,
        53186560,
        53186560,
        53186560,
        53186560
      ],
      "exit_codes": [
        1,
        1,
        1,
        1,
        1,
        1,
        1,
        1,
        1,
        1
      ]
    },
    {
      "command": "panache",
      "mean": 0.723359288,
      "stddev": 0.06979771029638566,
      "median": 0.711416409,
      "user": 2.3405568000000003,
      "system": 0.15580909999999998,
      "min": 0.65402766,
      "max": 0.8162793220000001,
      "times": [
        0.6578095350000001,
        0.658417601,
        0.65402766,
        0.809958928,
        0.741336736,
        0.735731354,
        0.687101464,
        0.8162793220000001,
        0.8147478720000001,
        0.658182408
      ],
      "memory_usage_byte": [
        53186560,
        53186560,
        53186560,
        53186560,
        53186560,
        53186560,
        53186560,
        53186560,
        53186560,
        53186560
      ],
      "exit_codes": [
        0,
        0,
        0,
        0,
        0,
        0,
        0,
        0,
        0,
        0
      ]
    },
    {
      "command": "gomarklint",
      "mean": 0.0734131796,
      "stddev": 0.009842648392345815,
      "median": 0.07746403100000002,
      "user": 0.15156180000000002,
      "system": 0.028349000000000003,
      "min": 0.055490106000000004,
      "max": 0.08199400100000001,
      "times": [
        0.056245617000000005,
        0.078716187,
        0.08199400100000001,
        0.069586543,
        0.07717462600000001,
        0.055490106000000004,
        0.07775343600000001,
        0.079886493,
        0.076410489,
        0.08087429800000001
      ],
      "memory_usage_byte": [
        53186560,
        53186560,
        53186560,
        53186560,
        53186560,
        53186560,
        53186560,
        53186560,
        53186560,
        53186560
      ],
      "exit_codes": [
        1,
        1,
        1,
        1,
        1,
        1,
        1,
        1,
        1,
        1
      ]
    },
    {
      "command": "mdsmith-gomarklint-parity",
      "mean": 0.08423980269999999,
      "stddev": 0.006403823417381909,
      "median": 0.083439295,
      "user": 0.20669970000000001,
      "system": 0.0352792,
      "min": 0.07677065200000001,
      "max": 0.09706395400000001,
      "times": [
        0.078005949,
        0.082177653,
        0.084700937,
        0.09706395400000001,
        0.07677065200000001,
        0.079233593,
        0.08643128,
        0.09170932000000001,
        0.086109028,
        0.080195661
      ],
      "memory_usage_byte": [
        53186560,
        53186560,
        53186560,
        53186560,
        53186560,
        53186560,
        53186560,
        53186560,
        53186560,
        53186560
      ],
      "exit_codes": [
        1,
        1,
        1,
        1,
        1,
        1,
        1,
        1,
        1,
        1
      ]
    },
    {
      "command": "mdsmith-mado-parity",
      "mean": 0.08545868910000001,
      "stddev": 0.006085955493510531,
      "median": 0.08365552450000001,
      "user": 0.2091103,
      "system": 0.0357081,
      "min": 0.07925335,
      "max": 0.099034545,
      "times": [
        0.099034545,
        0.08060201,
        0.079849954,
        0.07925335,
        0.08421065200000001,
        0.08248088,
        0.083100397,
        0.08701802600000001,
        0.08808473600000001,
        0.090952341
      ],
      "memory_usage_byte": [
        53186560,
        53186560,
        53186560,
        53186560,
        53186560,
        53186560,
        53186560,
        53186560,
        53186560,
        53186560
      ],
      "exit_codes": [
        1,
        1,
        1,
        1,
        1,
        1,
        1,
        1,
        1,
        1
      ]
    },
    {
      "command": "mdsmith-rumdl-parity",
      "mean": 0.10341441610000002,
      "stddev": 0.004160210730559919,
      "median": 0.1030680185,
      "user": 0.2663578999999999,
      "system": 0.038779999999999995,
      "min": 0.097587506,
      "max": 0.10872117,
      "times": [
        0.10872117,
        0.10839361800000001,
        0.10595408,
        0.10142625200000001,
        0.098041814,
        0.10766415800000001,
        0.100219526,
        0.097587506,
        0.103804244,
        0.102331793
      ],
      "memory_usage_byte": [
        53186560,
        53186560,
        53186560,
        53186560,
        53186560,
        53186560,
        53186560,
        53186560,
        53186560,
        53186560
      ],
      "exit_codes": [
        1,
        1,
        1,
        1,
        1,
        1,
        1,
        1,
        1,
        1
      ]
    },
    {
      "command": "mdsmith-markdownlint-parity",
      "mean": 0.1055104902,
      "stddev": 0.005892869686988332,
      "median": 0.10531397450000002,
      "user": 0.2714825999999999,
      "system": 0.03448710000000001,
      "min": 0.09595297500000001,
      "max": 0.114205547,
      "times": [
        0.11131806200000001,
        0.100050079,
        0.10551650300000001,
        0.10511144600000001,
        0.11290032800000001,
        0.103674971,
        0.100627377,
        0.09595297500000001,
        0.105747614,
        0.114205547
      ],
      "memory_usage_byte": [
        53186560,
        53186560,
        53186560,
        53186560,
        53186560,
        53186560,
        53186560,
        53186560,
        53186560,
        53186560
      ],
      "exit_codes": [
        1,
        1,
        1,
        1,
        1,
        1,
        1,
        1,
        1,
        1
      ]
    },
    {
      "command": "mdsmith",
      "mean": 0.2091087345,
      "stddev": 0.005326672002525824,
      "median": 0.2069913035,
      "user": 0.5641372,
      "system": 0.0837453,
      "min": 0.20203843000000002,
      "max": 0.219225572,
      "times": [
        0.204849932,
        0.21305137600000001,
        0.206039565,
        0.20794304200000002,
        0.21235809,
        0.214123689,
        0.219225572,
        0.20203843000000002,
        0.20577972,
        0.205677929
      ],
      "memory_usage_byte": [
        54460416,
        54460416,
        54460416,
        54562816,
        54710272,
        54710272,
        54710272,
        54710272,
        54710272,
        54710272
      ],