{
  "results": [
    {
      "command": "mado",
      "mean": 0.046110176600000004,
      "stddev": 0.004092845188793656,
      "median": 0.044682414000000004,
      "user": 0.07188359999999999,
      "system": 0.008568099999999999,
      "min": 0.043804894000000004,
      "max": 0.057095471,
      "times": [
        0.043984407,
        0.048624419,
        0.044670899,
        0.044397925000000005,
        0.044693929,
        0.057095471,
        0.044819250000000005,
        0.044733520000000006,
        0.043804894000000004,
        0.044277052000000004
      ],
      "memory_usage_byte": [
        29630464,
        31465472,
        31465472,
        31465472,
        31465472,
        31465472,
        31715328,
        31715328,
        31715328,
        31715328
      ],
      "exit_codes": [
        1,
        1,
        1,
        1,
        1,
        1,
        1,
        1,
        1,
        1
      ]
    },
    {
      "command": "rumdl",
      "mean": 0.20430870770000004,
      "stddev": 0.0038913460986469803,
      "median": 0.20433424700000002,
      "user": 0.7098501999999999,
      "system": 0.025392000000000005,
      "min": 0.19886819600000002,
      "max": 0.212218715,
      "times": [
        0.212218715,
        0.20827034800000002,
        0.20143538400000002,
        0.20255940700000002,
        0.19886819600000002,
        0.205504968,
        0.20507493000000002,
        0.20048663500000002,
        0.20384564100000002,
        0.204822853
      ],
      "memory_usage_byte": [
        51056640,
        51056640,
        51056640,
        51056640,
        51056640,
        51056640,
        51056640,
        51056640,
        51056640,
        52899840
      ],
      "exit_codes": [
        1,
        1,
        1,
        1,
        1,
        1,
        1,
        1,
        1,
        1
      ]
    },
    {
      "command": "panache",
      "mean": 0.5481615312,
      "stddev": 0.01712491776429791,
      "median": 0.5508730070000001,
      "user": 1.6697954,
      "system": 0.033151200000000006,
      "min": 0.5267654070000001,
      "max": 0.5806476420000001,
      "times": [
        0.5285832850000001,
        0.5267654070000001,
        0.553649563,
        0.5581262020000001,
        0.548096451,
        0.55524669,
        0.5440125170000001,
        0.52746854,
        0.5590190150000001,
        0.5806476420000001
      ],
      "memory_usage_byte": [
        52899840,
        52899840,
        52899840,
        52899840,
        52899840,
        52899840,
        52899840,
        52899840,
        52899840,
        52899840
      ],
      "exit_codes": [
        0,
        0,
        0,
        0,
        0,
        0,
        0,
        0,
        0,
        0
      ]
    },
    {
      "command": "gomarklint",
      "mean": 0.027397939700000006,
      "stddev": 0.0010284704696782655,
      "median": 0.027630907000000003,
      "user": 0.07371649999999999,
      "system": 0.0099911,
      "min": 0.025610445000000003,
      "max": 0.028899693,
      "times": [
        0.026988257,
        0.027960917000000002,
        0.028385263,
        0.028899693,
        0.027573684,
        0.026939389,
        0.027688130000000002,
        0.027944731,
        0.025610445000000003,
        0.025988888
      ],
      "memory_usage_byte": [
        52899840,
        52899840,
        52899840,
        52899840,
        52899840,
        52899840,
        52899840,
        52899840,
        52899840,
        52899840
      ],
      "exit_codes": [
        1,
        1,
        1,
        1,
        1,
        1,
        1,
        1,
        1,
        1
      ]
    },
    {
      "command": "mdsmith-parity",
      "mean": 0.052556008900000006,
      "stddev": 0.0008877424904971593,
      "median": 0.0525738575,
      "user": 0.14905239999999997,
      "system": 0.0136399,
      "min": 0.051438433000000006,
      "max": 0.054573543,
      "times": [
        0.053041207,
        0.052908929,
        0.052185637,
        0.051438433000000006,
        0.05270571600000001,
        0.052618692,
        0.054573543,
        0.051632702,
        0.051926207,
        0.052529023
      ],
      "memory_usage_byte": [
        52899840,
        52899840,
        52899840,
        52899840,
        52899840,
        52899840,
        52899840,
        52899840,
        52899840,
        52899840
      ],
      "exit_codes": [
        1,
        1,
        1,
        1,
        1,
        1,
        1,
        1,
        1,
        1
      ]
    },
    {
      "command": "mdsmith",
      "mean": 0.13509159880000002,
      "stddev": 0.0015605094002974261,
      "median": 0.1353040345,
      "user": 0.4054786,
      "system": 0.0236716,
      "min": 0.132415856,
      "max": 0.13700915600000002,
      "times": [
        0.13700915600000002,
        0.13312216600000001,
        0.132415856,
        0.13430851300000002,
        0.13617056900000002,
        0.134664116,
        0.136143536,
        0.135943953,
        0.136784021,
        0.134354102
      ],
      "memory_usage_byte": [
        52899840,
        52899840,
        52899840,
        52899840,
        52899840,
        52899840,
        52899840,
        52899840,
        52899840,
        52899840
      ],
      "exit_codes": [
        1,
        1,
        1,
        1,
        1,
        1,
        1,
        1,
        1,
        1
      ]
    }
  ]
}
