{
  "results": [
    {
      "command": "markdownlint-cli2",
      "mean": 4.4997156935,
      "stddev": 0.13676238222439357,
      "median": 4.493119,
      "user": 6.727637999999999,
      "system": 0.30702266666666667,
      "min": 4.361618196,
      "max": 4.723079031,
      "times": [
        4.723079031,
        4.368910875,
        4.361618196,
        4.558448059,
        4.537341294,
        4.448896706
      ],
      "memory_usage_byte": [
        380186624,
        380186624,
        380186624,
        380186624,
        380186624,
        398725120
      ],
      "exit_codes": [
        1,
        1,
        1,
        1,
        1,
        1
      ]
    }
  ]
}
