{
  "results": [
    {
      "command": "mado",
      "mean": 0.047967828500000004,
      "stddev": 0.0034643108317708327,
      "median": 0.0469168945,
      "user": 0.0748538,
      "system": 0.009961099999999999,
      "min": 0.045998423000000004,
      "max": 0.057668796,
      "times": [
        0.045998423000000004,
        0.046888877,
        0.04630718,
        0.046543832,
        0.047068463000000005,
        0.046597672,
        0.046944912000000005,
        0.048220935000000006,
        0.047439195,
        0.057668796
      ],
      "memory_usage_byte": [
        31502336,
        31502336,
        31502336,
        31502336,
        31502336,
        31502336,
        31502336,
        34004992,
        34004992,
        34004992
      ],
      "exit_codes": [
        1,
        1,
        1,
        1,
        1,
        1,
        1,
        1,
        1,
        1
      ]
    },
    {
      "command": "rumdl",
      "mean": 0.19726350109999996,
      "stddev": 0.0015606090550769982,
      "median": 0.19704296450000003,
      "user": 0.6524156,
      "system": 0.0382583,
      "min": 0.19524153700000002,
      "max": 0.20053547300000002,
      "times": [
        0.197323451,
        0.19677455200000002,
        0.196970529,
        0.195512703,
        0.196330147,
        0.19711540000000002,
        0.198112473,
        0.19524153700000002,
        0.20053547300000002,
        0.198718746
      ],
      "memory_usage_byte": [
        50663424,
        50663424,
        50663424,
        50663424,
        53026816,
        53026816,
        53026816,
        53026816,
        53026816,
        53026816
      ],
      "exit_codes": [
        1,
        1,
        1,
        1,
        1,
        1,
        1,
        1,
        1,
        1
      ]
    },
    {
      "command": "panache",
      "mean": 0.5369856584000001,
      "stddev": 0.00774024813926233,
      "median": 0.5384703565,
      "user": 1.6412959999999999,
      "system": 0.0537185,
      "min": 0.527182691,
      "max": 0.545761946,
      "times": [
        0.527182691,
        0.528789252,
        0.53575688,
        0.545761946,
        0.5436470400000001,
        0.5279844880000001,
        0.5432408160000001,
        0.545655152,
        0.5411838330000001,
        0.530654486
      ],
      "memory_usage_byte": [
        53026816,
        53026816,
        53026816,
        53026816,
        53026816,
        53026816,
        53026816,
        53026816,
        53026816,
        53026816
      ],
      "exit_codes": [
        0,
        0,
        0,
        0,
        0,
        0,
        0,
        0,
        0,
        0
      ]
    },
    {
      "command": "mdsmith-parity",
      "mean": 0.12871942620000001,
      "stddev": 0.0008225264570900235,
      "median": 0.12878797349999999,
      "user": 0.2943747,
      "system": 0.032099699999999995,
      "min": 0.12743701400000002,
      "max": 0.130152588,
      "times": [
        0.129540535,
        0.128760978,
        0.130152588,
        0.128814969,
        0.128236127,
        0.127576079,
        0.129091395,
        0.12888043600000001,
        0.12870414100000002,
        0.12743701400000002
      ],
      "memory_usage_byte": [
        60014592,
        60014592,
        60014592,
        60014592,
        60014592,
        60219392,
        60219392,
        60219392,
        60219392,
        62070784
      ],
      "exit_codes": [
        1,
        1,
        1,
        1,
        1,
        1,
        1,
        1,
        1,
        1
      ]
    },
    {
      "command": "mdsmith",
      "mean": 0.24143358740000004,
      "stddev": 0.0014713353110776715,
      "median": 0.241674343,
      "user": 0.5917408,
      "system": 0.07237249999999999,
      "min": 0.23843418500000002,
      "max": 0.243325283,
      "times": [
        0.243325283,
        0.24141150700000003,
        0.242870463,
        0.23843418500000002,
        0.24176898500000002,
        0.24066417,
        0.242108649,
        0.241579701,
        0.242394304,
        0.23977862700000002
      ],
      "memory_usage_byte": [
        82604032,
        82960384,
        82960384,
        82960384,
        82960384,
        82960384,
        82960384,
        82984960,
        82984960,
        82984960
      ],
      "exit_codes": [
        1,
        1,
        1,
        1,
        1,
        1,
        1,
        1,
        1,
        1
      ]
    }
  ]
}
