{
  "results": [
    {
      "command": "mado",
      "mean": 0.05876175589999999,
      "stddev": 0.0024190012964798997,
      "median": 0.057872422500000006,
      "user": 0.0920801,
      "system": 0.0192382,
      "min": 0.056221522,
      "max": 0.062673744,
      "times": [
        0.05676640300000001,
        0.061090282,
        0.058403794,
        0.06253215000000001,
        0.057109641,
        0.057825869,
        0.057918976000000004,
        0.062673744,
        0.057075178000000004,
        0.056221522
      ],
      "memory_usage_byte": [
        28991488,
        28991488,
        28991488,
        28991488,
        28991488,
        28991488,
        28991488,
        28991488,
        28991488,
        28991488
      ],
      "exit_codes": [
        1,
        1,
        1,
        1,
        1,
        1,
        1,
        1,
        1,
        1
      ]
    },
    {
      "command": "rumdl",
      "mean": 0.305130232,
      "stddev": 0.025768385563640313,
      "median": 0.295970255,
      "user": 0.8937308999999999,
      "system": 0.06919329999999999,
      "min": 0.28594973,
      "max": 0.37349281500000003,
      "times": [
        0.29723979500000003,
        0.37349281500000003,
        0.318690401,
        0.294700715,
        0.288488479,
        0.300696789,
        0.293949819,
        0.28594973,
        0.292557601,
        0.305536176
      ],
      "memory_usage_byte": [
        53936128,
        53936128,
        53936128,
        53936128,
        53936128,
        53936128,
        53936128,
        53936128,
        53936128,
        53936128
      ],
      "exit_codes": [
        1,
        1,
        1,
        1,
        1,
        1,
        1,
        1,
        1,
        1
      ]
    },
    {
      "command": "panache",
      "mean": 0.5404071471,
      "stddev": 0.0038815613861979915,
      "median": 0.539593571,
      "user": 1.9614454999999995,
      "system": 0.1359165,
      "min": 0.536602707,
      "max": 0.5503346490000001,
      "times": [
        0.5384073690000001,
        0.541346978,
        0.536602707,
        0.5503346490000001,
        0.542121786,
        0.537347529,
        0.538412491,
        0.539786214,
        0.5403108200000001,
        0.5394009280000001
      ],
      "memory_usage_byte": [
        53936128,
        53936128,
        53936128,
        53936128,
        53936128,
        53936128,
        53936128,
        53936128,
        53936128,
        53936128
      ],
      "exit_codes": [
        0,
        0,
        0,
        0,
        0,
        0,
        0,
        0,
        0,
        0
      ]
    },
    {
      "command": "mdsmith-parity",
      "mean": 0.1061562805,
      "stddev": 0.0009902947236969683,
      "median": 0.10610090600000001,
      "user": 0.32533399999999996,
      "system": 0.0288145,
      "min": 0.10491599500000001,
      "max": 0.10773244800000001,
      "times": [
        0.10529790900000001,
        0.105316032,
        0.107062798,
        0.10491599500000001,
        0.105074209,
        0.10773244800000001,
        0.10612682400000001,
        0.10607498800000001,
        0.10700230100000001,
        0.106959301
      ],
      "memory_usage_byte": [
        53936128,
        53936128,
        53936128,
        53936128,
        53936128,
        53936128,
        53936128,
        53936128,
        53936128,
        53936128
      ],
      "exit_codes": [
        1,
        1,
        1,
        1,
        1,
        1,
        1,
        1,
        1,
        1
      ]
    },
    {
      "command": "mdsmith",
      "mean": 0.4593338547,
      "stddev": 0.012608154290394323,
      "median": 0.4629587995,
      "user": 1.0175893999999999,
      "system": 0.5134956999999999,
      "min": 0.438031108,
      "max": 0.478783214,
      "times": [
        0.478783214,
        0.453739343,
        0.462267611,
        0.44990763300000003,
        0.46884632000000004,
        0.463649988,
        0.444058074,
        0.438031108,
        0.464907194,
        0.46914806200000003
      ],
      "memory_usage_byte": [
        66220032,
        72134656,
        72134656,
        72134656,
        72134656,
        72134656,
        72134656,
        72134656,
        72134656,
        72134656
      ],
      "exit_codes": [
        1,
        1,
        1,
        1,
        1,
        1,
        1,
        1,
        1,
        1
      ]
    }
  ]
}
