{
  "results": [
    {
      "command": "markdownlint-cli2",
      "mean": 5.083241925833334,
      "stddev": 0.2817486042980127,
      "median": 4.922876312,
      "user": 7.638637499999999,
      "system": 0.42773449999999996,
      "min": 4.872115379,
      "max": 5.533846655,
      "times": [
        4.906697817,
        5.533846655,
        4.912131915,
        4.872115379,
        4.933620709,
        5.34103908
      ],
      "memory_usage_byte": [
        389349376,
        402993152,
        402993152,
        402993152,
        402993152,
        402993152
      ],
      "exit_codes": [
        1,
        1,
        1,
        1,
        1,
        1
      ]
    }
  ]
}
