{
  "results": [
    {
      "command": "markdownlint-cli2",
      "mean": 3.0345768386666667,
      "stddev": 0.022100394426086984,
      "median": 3.028753313,
      "user": 4.475740333333333,
      "system": 0.2968655,
      "min": 3.012195481,
      "max": 3.061764357,
      "times": [
        3.015536697,
        3.021616468,
        3.061764357,
        3.060457871,
        3.012195481,
        3.035890158
      ],
      "memory_usage_byte": [
        363773952,
        363773952,
        363773952,
        385306624,
        390311936,
        390311936
      ],
      "exit_codes": [
        1,
        1,
        1,
        1,
        1,
        1
      ]
    }
  ]
}
