{
  "results": [
    {
      "command": "mado",
      "mean": 0.04710835380000001,
      "stddev": 0.00283754525448172,
      "median": 0.0456056975,
      "user": 0.07577969999999999,
      "system": 0.0077643,
      "min": 0.045036176000000004,
      "max": 0.052765326,
      "times": [
        0.045345535000000006,
        0.049268946,
        0.045864798000000005,
        0.045275714,
        0.045262760000000006,
        0.045036176000000004,
        0.052765326,
        0.045544438,
        0.051052888000000005,
        0.045666957
      ],
      "memory_usage_byte": [
        29544448,
        29544448,
        29691904,
        29691904,
        29691904,
        31453184,
        31641600,
        31641600,
        31641600,
        31641600
      ],
      "exit_codes": [
        1,
        1,
        1,
        1,
        1,
        1,
        1,
        1,
        1,
        1
      ]
    },
    {
      "command": "rumdl",
      "mean": 0.19549121360000002,
      "stddev": 0.0009627742388864492,
      "median": 0.1956166545,
      "user": 0.6478679,
      "system": 0.036006699999999996,
      "min": 0.19376000100000002,
      "max": 0.19692767600000002,
      "times": [
        0.194997309,
        0.195774316,
        0.19692767600000002,
        0.194578625,
        0.19678151200000002,
        0.195872128,
        0.195495052,
        0.195738257,
        0.19498726000000002,
        0.19376000100000002
      ],
      "memory_usage_byte": [
        51200000,
        51200000,
        53882880,
        53882880,
        53882880,
        53882880,
        53882880,
        53882880,
        53882880,
        53882880
      ],
      "exit_codes": [
        1,
        1,
        1,
        1,
        1,
        1,
        1,
        1,
        1,
        1
      ]
    },
    {
      "command": "panache",
      "mean": 0.5550280487,
      "stddev": 0.035596587413007356,
      "median": 0.559733141,
      "user": 1.6165750999999997,
      "system": 0.0525112,
      "min": 0.523830855,
      "max": 0.641702261,
      "times": [
        0.641702261,
        0.558346348,
        0.563773686,
        0.561411,
        0.561119934,
        0.523830855,
        0.5250093730000001,
        0.5644187270000001,
        0.524974889,
        0.525693414
      ],
      "memory_usage_byte": [
        53882880,
        53882880,
        53882880,
        53882880,
        53882880,
        53882880,
        53882880,
        53882880,
        53882880,
        53882880
      ],
      "exit_codes": [
        0,
        0,
        0,
        0,
        0,
        0,
        0,
        0,
        0,
        0
      ]
    },
    {
      "command": "gomarklint",
      "mean": 0.0321012688,
      "stddev": 0.0020673536700821066,
      "median": 0.0323133785,
      "user": 0.07418879999999997,
      "system": 0.010069199999999999,
      "min": 0.028421586000000002,
      "max": 0.035012036,
      "times": [
        0.035012036,
        0.033277623,
        0.028859196,
        0.033635432,
        0.032458178000000004,
        0.032168579,
        0.033486793,
        0.028421586000000002,
        0.031739031,
        0.031954234000000005
      ],
      "memory_usage_byte": [
        53882880,
        53882880,
        53882880,
        53882880,
        53882880,
        53882880,
        53882880,
        53882880,
        53882880,
        53882880
      ],
      "exit_codes": [
        1,
        1,
        1,
        1,
        1,
        1,
        1,
        1,
        1,
        1
      ]
    },
    {
      "command": "mdsmith-gomarklint-parity",
      "mean": 0.0423451105,
      "stddev": 0.002864344452782996,
      "median": 0.0412324875,
      "user": 0.12180329999999999,
      "system": 0.0135179,
      "min": 0.040827938,
      "max": 0.050217532,
      "times": [
        0.050217532,
        0.041199155,
        0.04205635,
        0.041755677000000005,
        0.040827938,
        0.043266247,
        0.04126582,
        0.04098355,
        0.040929149000000005,
        0.040949687000000005
      ],
      "memory_usage_byte": [
        53882880,
        53882880,
        53882880,
        53882880,
        53882880,
        53882880,
        53882880,
        53882880,
        53882880,
        53882880
      ],
      "exit_codes": [
        1,
        1,
        1,
        1,
        1,
        1,
        1,
        1,
        1,
        1
      ]
    },
    {
      "command": "mdsmith-mado-parity",
      "mean": 0.05321297570000001,
      "stddev": 0.004727947719844815,
      "median": 0.0506384835,
      "user": 0.1377396,
      "system": 0.0151787,
      "min": 0.049626004,
      "max": 0.062418166000000004,
      "times": [
        0.050077858,
        0.062418166000000004,
        0.050355318,
        0.049713255000000005,
        0.050814891,
        0.050462076,
        0.058546313,
        0.058576871,
        0.049626004,
        0.051539005000000006
      ],
      "memory_usage_byte": [
        53882880,
        53882880,
        53882880,
        53882880,
        53882880,
        53882880,
        53882880,
        53882880,
        53882880,
        53882880
      ],
      "exit_codes": [
        1,
        1,
        1,
        1,
        1,
        1,
        1,
        1,
        1,
        1
      ]
    },
    {
      "command": "mdsmith-rumdl-parity",
      "mean": 0.0682284553,
      "stddev": 0.003370611909502257,
      "median": 0.0673178485,
      "user": 0.18408929999999998,
      "system": 0.016152,
      "min": 0.06454870800000001,
      "max": 0.073692248,
      "times": [
        0.06727326900000001,
        0.073692248,
        0.06454870800000001,
        0.070147136,
        0.071489382,
        0.06521869300000001,
        0.07210351300000001,
        0.06460932,
        0.067362428,
        0.065839856
      ],
      "memory_usage_byte": [
        53882880,
        53882880,
        53882880,
        53882880,
        53882880,
        53882880,
        53882880,
        53882880,
        53882880,
        53882880
      ],
      "exit_codes": [
        1,
        1,
        1,
        1,
        1,
        1,
        1,
        1,
        1,
        1
      ]
    },
    {
      "command": "mdsmith-markdownlint-parity",
      "mean": 0.069701108,
      "stddev": 0.004513633140149913,
      "median": 0.0685222965,
      "user": 0.1842014,
      "system": 0.017477999999999997,
      "min": 0.064756967,
      "max": 0.075879022,
      "times": [
        0.06647294200000001,
        0.064756967,
        0.073580851,
        0.0733197,
        0.066016877,
        0.075879022,
        0.06539805800000001,
        0.06560705,
        0.07540796200000001,
        0.070571651
      ],
      "memory_usage_byte": [
        53882880,
        53882880,
        53882880,
        53882880,
        53882880,
        53882880,
        53882880,
        53882880,
        53882880,
        53882880
      ],
      "exit_codes": [
        1,
        1,
        1,
        1,
        1,
        1,
        1,
        1,
        1,
        1
      ]
    },
    {
      "command": "mdsmith",
      "mean": 0.14543155010000003,
      "stddev": 0.0014444481250253318,
      "median": 0.1453209825,
      "user": 0.429697,
      "system": 0.033117499999999994,
      "min": 0.14420253900000002,
      "max": 0.149188134,
      "times": [
        0.149188134,
        0.145484094,
        0.145807563,
        0.14420537900000002,
        0.14438378300000002,
        0.14420253900000002,
        0.144843097,
        0.145213588,
        0.145428377,
        0.14555894700000002
      ],
      "memory_usage_byte": [
        53882880,
        53882880,
        53882880,
        53882880,
        53882880,
        53882880,
        53882880,
        53882880,
        53882880,
        53882880
      ],
      "exit_codes": [
        1,
        1,
        1,
        1,
        1,
        1,
        1,
        1,
        1,
        1
      ]
    }
  ]
}
