{
  "results": [
    {
      "command": "markdownlint-cli2",
      "mean": 4.796570719166667,
      "stddev": 0.138221284408157,
      "median": 4.749473548,
      "user": 7.175300666666666,
      "system": 0.29835149999999994,
      "min": 4.700322302,
      "max": 5.075192721,
      "times": [
        4.742849674,
        4.762964698,
        5.075192721,
        4.700322302,
        4.741997498,
        4.756097422
      ],
      "memory_usage_byte": [
        375660544,
        377753600,
        377753600,
        384212992,
        384212992,
        384212992
      ],
      "exit_codes": [
        1,
        1,
        1,
        1,
        1,
        1
      ]
    }
  ]
}
