{
  "results": [
    {
      "command": "mado",
      "mean": 0.057381836900000004,
      "stddev": 0.0005919616936119077,
      "median": 0.057408888500000005,
      "user": 0.08657490000000001,
      "system": 0.020063999999999995,
      "min": 0.056646991,
      "max": 0.058541503,
      "times": [
        0.057536141000000006,
        0.056867045000000005,
        0.056646991,
        0.057799970000000006,
        0.058541503,
        0.057281636000000004,
        0.057725501000000005,
        0.056760639,
        0.056951469000000005,
        0.057707474
      ],
      "memory_usage_byte": [
        28856320,
        28856320,
        28856320,
        28856320,
        28975104,
        30978048,
        30978048,
        30978048,
        30978048,
        30978048
      ],
      "exit_codes": [
        1,
        1,
        1,
        1,
        1,
        1,
        1,
        1,
        1,
        1
      ]
    },
    {
      "command": "rumdl",
      "mean": 0.28781847619999995,
      "stddev": 0.005032431014760755,
      "median": 0.2869411205,
      "user": 0.8473808999999999,
      "system": 0.0761751,
      "min": 0.281211885,
      "max": 0.296089525,
      "times": [
        0.291083661,
        0.293033826,
        0.287582734,
        0.284093773,
        0.292116812,
        0.28458588700000004,
        0.282087152,
        0.296089525,
        0.281211885,
        0.286299507
      ],
      "memory_usage_byte": [
        51281920,
        52113408,
        52113408,
        52113408,
        52113408,
        52113408,
        52113408,
        53202944,
        53202944,
        53202944
      ],
      "exit_codes": [
        1,
        1,
        1,
        1,
        1,
        1,
        1,
        1,
        1,
        1
      ]
    },
    {
      "command": "panache",
      "mean": 0.5497955961000001,
      "stddev": 0.04741338747329266,
      "median": 0.52750704,
      "user": 1.8684856999999997,
      "system": 0.14080420000000002,
      "min": 0.522689478,
      "max": 0.639946411,
      "times": [
        0.5284891300000001,
        0.63882402,
        0.639946411,
        0.5242493530000001,
        0.528173956,
        0.525597306,
        0.5247323740000001,
        0.522689478,
        0.526840124,
        0.538413809
      ],
      "memory_usage_byte": [
        53202944,
        53202944,
        53202944,
        53202944,
        53202944,
        53202944,
        53202944,
        53202944,
        53202944,
        53202944
      ],
      "exit_codes": [
        0,
        0,
        0,
        0,
        0,
        0,
        0,
        0,
        0,
        0
      ]
    },
    {
      "command": "mdsmith-parity",
      "mean": 0.10308204490000002,
      "stddev": 0.0010056171338935715,
      "median": 0.102800678,
      "user": 0.29876289999999994,
      "system": 0.037425,
      "min": 0.101758576,
      "max": 0.105549371,
      "times": [
        0.10278944100000001,
        0.10266167300000001,
        0.10254466200000001,
        0.101758576,
        0.102878913,
        0.10270781100000001,
        0.105549371,
        0.10353010100000001,
        0.102811915,
        0.103587986
      ],
      "memory_usage_byte": [
        53202944,
        53202944,
        53202944,
        53202944,
        53202944,
        53202944,
        53202944,
        53202944,
        53202944,
        53202944
      ],
      "exit_codes": [
        1,
        1,
        1,
        1,
        1,
        1,
        1,
        1,
        1,
        1
      ]
    },
    {
      "command": "mdsmith",
      "mean": 0.49066658380000006,
      "stddev": 0.060311673671924526,
      "median": 0.462498191,
      "user": 0.9895919999999998,
      "system": 0.5513339,
      "min": 0.442109444,
      "max": 0.607499348,
      "times": [
        0.46435740500000006,
        0.495677709,
        0.596014967,
        0.607499348,
        0.45052403,
        0.460638977,
        0.47299917500000005,
        0.456228069,
        0.46061671400000004,
        0.442109444
      ],
      "memory_usage_byte": [
        72413184,
        72413184,
        76398592,
        83001344,
        83001344,
        83001344,
        83001344,
        83001344,
        83001344,
        83001344
      ],
      "exit_codes": [
        1,
        1,
        1,
        1,
        1,
        1,
        1,
        1,
        1,
        1
      ]
    }
  ]
}
