{
  "results": [
    {
      "command": "mado",
      "mean": 0.060983919,
      "stddev": 0.0025553298503774853,
      "median": 0.060001441,
      "user": 0.0946132,
      "system": 0.0188324,
      "min": 0.059193925,
      "max": 0.066874789,
      "times": [
        0.06446303,
        0.059898566,
        0.06012837100000001,
        0.060290386,
        0.059419925000000005,
        0.066874789,
        0.059193925,
        0.059643101000000004,
        0.060104316000000005,
        0.059822781000000005
      ],
      "memory_usage_byte": [
        28987392,
        28991488,
        28991488,
        28991488,
        28991488,
        28991488,
        28991488,
        28991488,
        28991488,
        28991488
      ],
      "exit_codes": [
        1,
        1,
        1,
        1,
        1,
        1,
        1,
        1,
        1,
        1
      ]
    },
    {
      "command": "rumdl",
      "mean": 0.3027233232,
      "stddev": 0.00476053018921064,
      "median": 0.303756991,
      "user": 0.9005708,
      "system": 0.0750217,
      "min": 0.296209704,
      "max": 0.30832966900000003,
      "times": [
        0.30832966900000003,
        0.299015966,
        0.29756401400000004,
        0.305396901,
        0.29769668400000004,
        0.296209704,
        0.306900707,
        0.30579544200000003,
        0.30820706400000003,
        0.302117081
      ],
      "memory_usage_byte": [
        55271424,
        55271424,
        55275520,
        55275520,
        55275520,
        55275520,
        55275520,
        55275520,
        55275520,
        55275520
      ],
      "exit_codes": [
        1,
        1,
        1,
        1,
        1,
        1,
        1,
        1,
        1,
        1
      ]
    },
    {
      "command": "panache",
      "mean": 0.6124685088,
      "stddev": 0.06560105608294002,
      "median": 0.5952424975,
      "user": 1.9541796000000002,
      "system": 0.14798879999999998,
      "min": 0.550434861,
      "max": 0.7078254500000001,
      "times": [
        0.635199806,
        0.7078254500000001,
        0.5537643990000001,
        0.670652942,
        0.66575287,
        0.551987942,
        0.555285189,
        0.682601875,
        0.5511797540000001,
        0.550434861
      ],
      "memory_usage_byte": [
        55275520,
        55275520,
        55275520,
        55275520,
        55275520,
        55275520,
        55275520,
        55275520,
        55275520,
        55275520
      ],
      "exit_codes": [
        0,
        0,
        0,
        0,
        0,
        0,
        0,
        0,
        0,
        0
      ]
    },
    {
      "command": "mdsmith-parity",
      "mean": 0.10794201060000001,
      "stddev": 0.0006634152430634457,
      "median": 0.10803190300000001,
      "user": 0.3176263,
      "system": 0.0357242,
      "min": 0.10659252000000001,
      "max": 0.108935218,
      "times": [
        0.10763729400000001,
        0.108186711,
        0.10848212600000001,
        0.10835294200000001,
        0.10733128300000001,
        0.107735832,
        0.10659252000000001,
        0.107877095,
        0.108935218,
        0.10828908500000001
      ],
      "memory_usage_byte": [
        55275520,
        55275520,
        55275520,
        55275520,
        55275520,
        55275520,
        55275520,
        55275520,
        55275520,
        55275520
      ],
      "exit_codes": [
        1,
        1,
        1,
        1,
        1,
        1,
        1,
        1,
        1,
        1
      ]
    },
    {
      "command": "mdsmith",
      "mean": 0.47836436970000007,
      "stddev": 0.013072485533953564,
      "median": 0.479651441,
      "user": 1.0394478,
      "system": 0.5605719,
      "min": 0.460347418,
      "max": 0.504128946,
      "times": [
        0.483064727,
        0.48535559800000005,
        0.466855907,
        0.47220807400000003,
        0.48193501600000005,
        0.47736786600000003,
        0.488128916,
        0.504128946,
        0.46425122900000004,
        0.460347418
      ],
      "memory_usage_byte": [
        68055040,
        68055040,
        68055040,
        72486912,
        72486912,
        72486912,
        77344768,
        77344768,
        77344768,
        77344768
      ],
      "exit_codes": [
        1,
        1,
        1,
        1,
        1,
        1,
        1,
        1,
        1,
        1
      ]
    }
  ]
}
