{
  "results": [
    {
      "command": "markdownlint-cli2",
      "mean": 4.755970861833334,
      "stddev": 0.14146490037507603,
      "median": 4.6967915,
      "user": 7.173852166666666,
      "system": 0.32603833333333326,
      "min": 4.656382024,
      "max": 5.027411571,
      "times": [
        5.027411571,
        4.70383316,
        4.68974984,
        4.666258929,
        4.792189647,
        4.656382024
      ],
      "memory_usage_byte": [
        391675904,
        392855552,
        392855552,
        392855552,
        392855552,
        392855552
      ],
      "exit_codes": [
        1,
        1,
        1,
        1,
        1,
        1
      ]
    }
  ]
}
