{
  "results": [
    {
      "command": "mado",
      "mean": 0.0473098911,
      "stddev": 0.002803464966539778,
      "median": 0.046493662000000005,
      "user": 0.07423779999999999,
      "system": 0.008424899999999999,
      "min": 0.046000255000000004,
      "max": 0.055250561000000004,
      "times": [
        0.055250561000000004,
        0.046586677,
        0.046461278,
        0.046526046,
        0.046246575000000005,
        0.046735081000000005,
        0.046869052,
        0.046069749,
        0.046353637,
        0.046000255000000004
      ],
      "memory_usage_byte": [
        29876224,
        29876224,
        29876224,
        29876224,
        29876224,
        29876224,
        29876224,
        29876224,
        31309824,
        31309824
      ],
      "exit_codes": [
        1,
        1,
        1,
        1,
        1,
        1,
        1,
        1,
        1,
        1
      ]
    },
    {
      "command": "rumdl",
      "mean": 0.19113985090000002,
      "stddev": 0.003354295855026846,
      "median": 0.19035616,
      "user": 0.6219332999999999,
      "system": 0.0384181,
      "min": 0.18741142000000002,
      "max": 0.199141707,
      "times": [
        0.191141782,
        0.192938415,
        0.18786870800000002,
        0.189662456,
        0.192856932,
        0.191012027,
        0.18741142000000002,
        0.18970029300000002,
        0.199141707,
        0.189664769
      ],
      "memory_usage_byte": [
        48717824,
        48717824,
        49979392,
        49979392,
        49979392,
        51101696,
        51101696,
        51101696,
        51101696,
        51101696
      ],
      "exit_codes": [
        1,
        1,
        1,
        1,
        1,
        1,
        1,
        1,
        1,
        1
      ]
    },
    {
      "command": "panache",
      "mean": 0.5288331926,
      "stddev": 0.00769334092852898,
      "median": 0.5309700495,
      "user": 1.5933497999999997,
      "system": 0.06018169999999999,
      "min": 0.515087296,
      "max": 0.536674431,
      "times": [
        0.533746963,
        0.5338647040000001,
        0.5310491190000001,
        0.515087296,
        0.524697914,
        0.5161581670000001,
        0.5308676760000001,
        0.535294676,
        0.536674431,
        0.53089098
      ],
      "memory_usage_byte": [
        51101696,
        51101696,
        51101696,
        51101696,
        51101696,
        51101696,
        51101696,
        51101696,
        51101696,
        51101696
      ],
      "exit_codes": [
        0,
        0,
        0,
        0,
        0,
        0,
        0,
        0,
        0,
        0
      ]
    },
    {
      "command": "mdsmith-parity",
      "mean": 0.13470148659999998,
      "stddev": 0.0011089127262349486,
      "median": 0.1342679145,
      "user": 0.28017439999999993,
      "system": 0.04183919999999999,
      "min": 0.13364019000000002,
      "max": 0.136834481,
      "times": [
        0.13401546,
        0.133887147,
        0.133947869,
        0.134279026,
        0.13635581000000002,
        0.13439984400000002,
        0.136834481,
        0.13364019000000002,
        0.135398236,
        0.134256803
      ],
      "memory_usage_byte": [
        61964288,
        61964288,
        61964288,
        61964288,
        61964288,
        61964288,
        61964288,
        61964288,
        61964288,
        61964288
      ],
      "exit_codes": [
        1,
        1,
        1,
        1,
        1,
        1,
        1,
        1,
        1,
        1
      ]
    },
    {
      "command": "mdsmith",
      "mean": 0.2497531763,
      "stddev": 0.002186482327995719,
      "median": 0.24990544750000004,
      "user": 0.5682446,
      "system": 0.0948989,
      "min": 0.246428109,
      "max": 0.253048108,
      "times": [
        0.25009933100000004,
        0.246730213,
        0.248615995,
        0.246428109,
        0.248808189,
        0.253048108,
        0.25087099700000004,
        0.24971156400000002,
        0.252482927,
        0.25073633
      ],
      "memory_usage_byte": [
        82972672,
        82972672,
        82972672,
        82972672,
        82972672,
        82972672,
        82972672,
        83013632,
        83013632,
        83013632
      ],
      "exit_codes": [
        1,
        1,
        1,
        1,
        1,
        1,
        1,
        1,
        1,
        1
      ]
    }
  ]
}
