{
  "results": [
    {
      "command": "mado",
      "mean": 0.0462158244,
      "stddev": 0.00024456393006519386,
      "median": 0.046102170000000005,
      "user": 0.0702521,
      "system": 0.010542099999999999,
      "min": 0.045954428000000005,
      "max": 0.046553289000000005,
      "times": [
        0.046078124000000005,
        0.046407791000000004,
        0.045990782,
        0.045984583,
        0.046449323,
        0.046064945,
        0.046553289000000005,
        0.046548763,
        0.045954428000000005,
        0.046126216000000005
      ],
      "memory_usage_byte": [
        29683712,
        29782016,
        29782016,
        29782016,
        29782016,
        29782016,
        29782016,
        31551488,
        31551488,
        31551488
      ],
      "exit_codes": [
        1,
        1,
        1,
        1,
        1,
        1,
        1,
        1,
        1,
        1
      ]
    },
    {
      "command": "rumdl",
      "mean": 0.192825279,
      "stddev": 0.003108856022382619,
      "median": 0.191420207,
      "user": 0.6211589999999998,
      "system": 0.042530399999999996,
      "min": 0.188895637,
      "max": 0.19845827200000002,
      "times": [
        0.188895637,
        0.19543717000000002,
        0.19081466900000002,
        0.191020886,
        0.197130523,
        0.191613888,
        0.19107179200000002,
        0.192583427,
        0.191226526,
        0.19845827200000002
      ],
      "memory_usage_byte": [
        50012160,
        50663424,
        50663424,
        50663424,
        50663424,
        50663424,
        50663424,
        51589120,
        51589120,
        51589120
      ],
      "exit_codes": [
        1,
        1,
        1,
        1,
        1,
        1,
        1,
        1,
        1,
        1
      ]
    },
    {
      "command": "panache",
      "mean": 0.5365861462,
      "stddev": 0.031943635268898325,
      "median": 0.531336275,
      "user": 1.5905176,
      "system": 0.06421310000000001,
      "min": 0.5138731750000001,
      "max": 0.6248479330000001,
      "times": [
        0.532275587,
        0.6248479330000001,
        0.519140595,
        0.5305612980000001,
        0.531081747,
        0.5138731750000001,
        0.515519053,
        0.5315908030000001,
        0.533565796,
        0.533405475
      ],
      "memory_usage_byte": [
        51589120,
        51589120,
        51589120,
        51589120,
        51589120,
        51589120,
        51589120,
        51589120,
        51589120,
        51589120
      ],
      "exit_codes": [
        0,
        0,
        0,
        0,
        0,
        0,
        0,
        0,
        0,
        0
      ]
    },
    {
      "command": "mdsmith-parity",
      "mean": 0.13540714020000003,
      "stddev": 0.002977040122392773,
      "median": 0.1342038625,
      "user": 0.2811318,
      "system": 0.0414692,
      "min": 0.131914936,
      "max": 0.140374534,
      "times": [
        0.13416138900000002,
        0.134214368,
        0.134193357,
        0.140374534,
        0.139649091,
        0.138517577,
        0.134344184,
        0.132578926,
        0.131914936,
        0.13412304
      ],
      "memory_usage_byte": [
        59883520,
        59883520,
        59908096,
        60137472,
        60137472,
        60137472,
        62062592,
        62062592,
        62062592,
        62062592
      ],
      "exit_codes": [
        1,
        1,
        1,
        1,
        1,
        1,
        1,
        1,
        1,
        1
      ]
    },
    {
      "command": "mdsmith",
      "mean": 0.24661952399999998,
      "stddev": 0.0020503477375095284,
      "median": 0.246944257,
      "user": 0.5671106,
      "system": 0.0894147,
      "min": 0.24184091300000002,
      "max": 0.24973599000000002,
      "times": [
        0.245743329,
        0.24599775100000001,
        0.247028764,
        0.24973599000000002,
        0.24702148300000001,
        0.248147098,
        0.247695458,
        0.246117423,
        0.24184091300000002,
        0.24686703100000001
      ],
      "memory_usage_byte": [
        82997248,
        82997248,
        82997248,
        82997248,
        82997248,
        82997248,
        82997248,
        82997248,
        82997248,
        83308544
      ],
      "exit_codes": [
        1,
        1,
        1,
        1,
        1,
        1,
        1,
        1,
        1,
        1
      ]
    }
  ]
}
