{
  "results": [
    {
      "command": "mado",
      "mean": 0.04748889630000001,
      "stddev": 0.002203921423680227,
      "median": 0.046594065000000004,
      "user": 0.07404619999999999,
      "system": 0.009499399999999998,
      "min": 0.045898443000000004,
      "max": 0.05198628,
      "times": [
        0.046921597,
        0.046770996,
        0.046694543000000005,
        0.046493587,
        0.045898443000000004,
        0.051250827000000006,
        0.046156827000000004,
        0.046268814000000005,
        0.05198628,
        0.046447049000000004
      ],
      "memory_usage_byte": [
        29700096,
        29700096,
        29700096,
        29700096,
        29700096,
        29700096,
        31125504,
        31625216,
        35577856,
        35577856
      ],
      "exit_codes": [
        1,
        1,
        1,
        1,
        1,
        1,
        1,
        1,
        1,
        1
      ]
    },
    {
      "command": "rumdl",
      "mean": 0.19614609,
      "stddev": 0.0014984098624435858,
      "median": 0.196450305,
      "user": 0.6499914,
      "system": 0.03730719999999999,
      "min": 0.19412878800000002,
      "max": 0.198847654,
      "times": [
        0.19412878800000002,
        0.196528206,
        0.19422075000000003,
        0.196655043,
        0.196372404,
        0.198847654,
        0.19607090000000002,
        0.194494292,
        0.196732808,
        0.197410055
      ],
      "memory_usage_byte": [
        51949568,
        51949568,
        51949568,
        51949568,
        51949568,
        51949568,
        51949568,
        51949568,
        51949568,
        51949568
      ],
      "exit_codes": [
        1,
        1,
        1,
        1,
        1,
        1,
        1,
        1,
        1,
        1
      ]
    },
    {
      "command": "panache",
      "mean": 0.5505337809000002,
      "stddev": 0.01923439111343594,
      "median": 0.5624912565,
      "user": 1.6204157,
      "system": 0.0561851,
      "min": 0.5255006720000001,
      "max": 0.5679534930000001,
      "times": [
        0.5261946590000001,
        0.566485616,
        0.5255006720000001,
        0.559243927,
        0.5664056940000001,
        0.5679534930000001,
        0.530901427,
        0.565738586,
        0.565772649,
        0.531141086
      ],
      "memory_usage_byte": [
        51949568,
        51949568,
        51949568,
        51949568,
        51949568,
        51949568,
        51949568,
        51949568,
        51949568,
        51949568
      ],
      "exit_codes": [
        0,
        0,
        0,
        0,
        0,
        0,
        0,
        0,
        0,
        0
      ]
    },
    {
      "command": "mdsmith-parity",
      "mean": 0.12987984749999998,
      "stddev": 0.00108163205609807,
      "median": 0.1294845805,
      "user": 0.2972883,
      "system": 0.0322303,
      "min": 0.128906564,
      "max": 0.132717107,
      "times": [
        0.12940247200000002,
        0.129566689,
        0.129300354,
        0.128906564,
        0.129382886,
        0.130263863,
        0.13021458,
        0.12928999100000002,
        0.129753969,
        0.132717107
      ],
      "memory_usage_byte": [
        59805696,
        59805696,
        59805696,
        59805696,
        59805696,
        59805696,
        61693952,
        61693952,
        61693952,
        61693952
      ],
      "exit_codes": [
        1,
        1,
        1,
        1,
        1,
        1,
        1,
        1,
        1,
        1
      ]
    },
    {
      "command": "mdsmith",
      "mean": 0.24418747359999998,
      "stddev": 0.0037130887163928047,
      "median": 0.2430720775,
      "user": 0.6001029000000001,
      "system": 0.0678443,
      "min": 0.240333697,
      "max": 0.253491627,
      "times": [
        0.24198407100000002,
        0.243555973,
        0.24482784100000002,
        0.244417404,
        0.253491627,
        0.242397936,
        0.240333697,
        0.242588182,
        0.241774389,
        0.246503616
      ],
      "memory_usage_byte": [
        82620416,
        82620416,
        82620416,
        82620416,
        82698240,
        84590592,
        84590592,
        84590592,
        84590592,
        84590592
      ],
      "exit_codes": [
        1,
        1,
        1,
        1,
        1,
        1,
        1,
        1,
        1,
        1
      ]
    }
  ]
}
