{
  "results": [
    {
      "command": "markdownlint-cli2",
      "mean": 3.1456541415,
      "stddev": 0.08471155704277948,
      "median": 3.126016482,
      "user": 4.7284353333333335,
      "system": 0.2793368333333333,
      "min": 3.025088172,
      "max": 3.245455555,
      "times": [
        3.245455555,
        3.2410725,
        3.025088172,
        3.137334361,
        3.110275658,
        3.114698603
      ],
      "memory_usage_byte": [
        385462272,
        385462272,
        385462272,
        385462272,
        385462272,
        385462272
      ],
      "exit_codes": [
        1,
        1,
        1,
        1,
        1,
        1
      ]
    }
  ]
}
