{
  "results": [
    {
      "command": "markdownlint-cli2",
      "mean": 4.410908026166666,
      "stddev": 0.03573294613371659,
      "median": 4.4083237135,
      "user": 6.701132833333332,
      "system": 0.31282116666666665,
      "min": 4.364870948,
      "max": 4.463839137,
      "times": [
        4.364870948,
        4.426397346,
        4.429982021,
        4.390250081,
        4.463839137,
        4.390108624
      ],
      "memory_usage_byte": [
        384065536,
        384065536,
        384065536,
        384065536,
        384065536,
        384065536
      ],
      "exit_codes": [
        1,
        1,
        1,
        1,
        1,
        1
      ]
    }
  ]
}
