{
  "results": [
    {
      "command": "mado",
      "mean": 0.05939020020000001,
      "stddev": 0.0029613402191638683,
      "median": 0.057616679000000004,
      "user": 0.0923484,
      "system": 0.0187772,
      "min": 0.057184633000000006,
      "max": 0.064783505,
      "times": [
        0.057505282000000005,
        0.064783505,
        0.057576063000000004,
        0.057445600000000006,
        0.063234653,
        0.062809102,
        0.057620149,
        0.058129806000000006,
        0.057613209000000005,
        0.057184633000000006
      ],
      "memory_usage_byte": [
        31019008,
        31019008,
        31019008,
        31019008,
        31019008,
        31019008,
        31019008,
        31019008,
        31019008,
        31019008
      ],
      "exit_codes": [
        1,
        1,
        1,
        1,
        1,
        1,
        1,
        1,
        1,
        1
      ]
    },
    {
      "command": "rumdl",
      "mean": 0.2913130843,
      "stddev": 0.008036936233884327,
      "median": 0.28912914600000006,
      "user": 0.852548,
      "system": 0.0738032,
      "min": 0.281943955,
      "max": 0.303579353,
      "times": [
        0.299916605,
        0.29178701700000004,
        0.286471275,
        0.29610536800000004,
        0.285183464,
        0.28256257300000004,
        0.281943955,
        0.285582115,
        0.299999118,
        0.303579353
      ],
      "memory_usage_byte": [
        50630656,
        51724288,
        51724288,
        51724288,
        51724288,
        51724288,
        51724288,
        51724288,
        52502528,
        52502528
      ],
      "exit_codes": [
        1,
        1,
        1,
        1,
        1,
        1,
        1,
        1,
        1,
        1
      ]
    },
    {
      "command": "panache",
      "mean": 0.5810454777,
      "stddev": 0.06409178292125885,
      "median": 0.5342393095,
      "user": 1.8760242999999999,
      "system": 0.14037899999999998,
      "min": 0.531984577,
      "max": 0.694677516,
      "times": [
        0.535370364,
        0.6368315360000001,
        0.6398962960000001,
        0.694677516,
        0.64115946,
        0.532543652,
        0.53266705,
        0.532216071,
        0.533108255,
        0.531984577
      ],
      "memory_usage_byte": [
        52502528,
        52502528,
        52502528,
        52502528,
        52502528,
        52502528,
        52502528,
        52502528,
        52502528,
        52502528
      ],
      "exit_codes": [
        0,
        0,
        0,
        0,
        0,
        0,
        0,
        0,
        0,
        0
      ]
    },
    {
      "command": "mdsmith-parity",
      "mean": 0.1048156096,
      "stddev": 0.0020856266671816317,
      "median": 0.10412687200000001,
      "user": 0.30711370000000004,
      "system": 0.035020699999999995,
      "min": 0.10269075300000001,
      "max": 0.10897511600000001,
      "times": [
        0.10897511600000001,
        0.10406457200000001,
        0.103465128,
        0.103006607,
        0.10643290300000001,
        0.107167233,
        0.10509670900000001,
        0.10418917200000001,
        0.103067903,
        0.10269075300000001
      ],
      "memory_usage_byte": [
        52502528,
        53178368,
        53178368,
        53178368,
        53178368,
        53178368,
        53178368,
        53178368,
        53178368,
        53178368
      ],
      "exit_codes": [
        1,
        1,
        1,
        1,
        1,
        1,
        1,
        1,
        1,
        1
      ]
    },
    {
      "command": "mdsmith",
      "mean": 0.452936169,
      "stddev": 0.010384331373368767,
      "median": 0.4496498765,
      "user": 0.9802089,
      "system": 0.5374236,
      "min": 0.437088209,
      "max": 0.467639528,
      "times": [
        0.450626444,
        0.4472721,
        0.448673309,
        0.448279466,
        0.467639528,
        0.437088209,
        0.44195837000000004,
        0.461893788,
        0.466427435,
        0.459503041
      ],
      "memory_usage_byte": [
        70803456,
        70803456,
        70803456,
        70803456,
        70803456,
        70803456,
        70803456,
        70803456,
        70803456,
        70803456
      ],
      "exit_codes": [
        1,
        1,
        1,
        1,
        1,
        1,
        1,
        1,
        1,
        1
      ]
    }
  ]
}
