{
  "results": [
    {
      "command": "mado",
      "mean": 0.047592253400000006,
      "stddev": 0.002212445935682708,
      "median": 0.04652031450000001,
      "user": 0.0741458,
      "system": 0.009309099999999999,
      "min": 0.045772654,
      "max": 0.050978281,
      "times": [
        0.046922635000000004,
        0.046453890000000005,
        0.046586739,
        0.045822439,
        0.050689696000000006,
        0.050978281,
        0.046082331000000004,
        0.046016191000000005,
        0.045772654,
        0.050597678
      ],
      "memory_usage_byte": [
        29544448,
        29544448,
        29650944,
        29650944,
        29650944,
        29650944,
        29650944,
        29650944,
        29650944,
        29650944
      ],
      "exit_codes": [
        1,
        1,
        1,
        1,
        1,
        1,
        1,
        1,
        1,
        1
      ]
    },
    {
      "command": "rumdl",
      "mean": 0.19115088070000003,
      "stddev": 0.0031756469392234953,
      "median": 0.18977417300000002,
      "user": 0.6181764,
      "system": 0.0371239,
      "min": 0.18765318,
      "max": 0.19666145000000002,
      "times": [
        0.189109047,
        0.18765318,
        0.19666145000000002,
        0.193726592,
        0.18900148400000003,
        0.18792128800000002,
        0.18976155900000002,
        0.192735817,
        0.189786787,
        0.195151603
      ],
      "memory_usage_byte": [
        52752384,
        52752384,
        52752384,
        52752384,
        52752384,
        52752384,
        52752384,
        52752384,
        52752384,
        52752384
      ],
      "exit_codes": [
        1,
        1,
        1,
        1,
        1,
        1,
        1,
        1,
        1,
        1
      ]
    },
    {
      "command": "panache",
      "mean": 0.5382910178,
      "stddev": 0.017566852740013583,
      "median": 0.5485739305,
      "user": 1.5664771999999998,
      "system": 0.0626914,
      "min": 0.514485453,
      "max": 0.555525809,
      "times": [
        0.5173282140000001,
        0.514485453,
        0.549688533,
        0.549843316,
        0.518248457,
        0.5227014400000001,
        0.5474593280000001,
        0.5539456110000001,
        0.553684017,
        0.555525809
      ],
      "memory_usage_byte": [
        52752384,
        52752384,
        52752384,
        52752384,
        52752384,
        52752384,
        52752384,
        52752384,
        52752384,
        52752384
      ],
      "exit_codes": [
        0,
        0,
        0,
        0,
        0,
        0,
        0,
        0,
        0,
        0
      ]
    },
    {
      "command": "gomarklint",
      "mean": 0.029759048400000005,
      "stddev": 0.0007392390728786518,
      "median": 0.029819141,
      "user": 0.07065840000000001,
      "system": 0.014201,
      "min": 0.028227850000000002,
      "max": 0.031125603,
      "times": [
        0.029679996,
        0.029622120000000002,
        0.029724283,
        0.028227850000000002,
        0.031125603,
        0.029930744000000002,
        0.030156343000000002,
        0.030063624,
        0.029913999,
        0.029145922
      ],
      "memory_usage_byte": [
        52752384,
        52752384,
        52752384,
        52752384,
        52752384,
        52752384,
        52752384,
        52752384,
        52752384,
        52752384
      ],
      "exit_codes": [
        1,
        1,
        1,
        1,
        1,
        1,
        1,
        1,
        1,
        1
      ]
    },
    {
      "command": "mdsmith-parity",
      "mean": 0.053252794100000014,
      "stddev": 0.0004222059572866329,
      "median": 0.0531296495,
      "user": 0.1442385,
      "system": 0.0153001,
      "min": 0.052620588,
      "max": 0.053921256,
      "times": [
        0.052620588,
        0.053921256,
        0.053566622,
        0.052988933,
        0.052930666,
        0.053051677000000005,
        0.052921702,
        0.053207622,
        0.05362013400000001,
        0.053698741
      ],
      "memory_usage_byte": [
        52752384,
        52752384,
        52752384,
        52752384,
        52752384,
        52752384,
        52752384,
        52752384,
        52752384,
        52752384
      ],
      "exit_codes": [
        1,
        1,
        1,
        1,
        1,
        1,
        1,
        1,
        1,
        1
      ]
    },
    {
      "command": "mdsmith",
      "mean": 0.14160688540000002,
      "stddev": 0.0016437049886763085,
      "median": 0.141829853,
      "user": 0.4172014999999999,
      "system": 0.0323479,
      "min": 0.13957634100000002,
      "max": 0.14388240300000002,
      "times": [
        0.139707528,
        0.139908961,
        0.141249279,
        0.142410427,
        0.143265634,
        0.13957634100000002,
        0.142415495,
        0.14388240300000002,
        0.143283972,
        0.140368814
      ],
      "memory_usage_byte": [
        52752384,
        52752384,
        52752384,
        52752384,
        52752384,
        52752384,
        52752384,
        52752384,
        52752384,
        52752384
      ],
      "exit_codes": [
        1,
        1,
        1,
        1,
        1,
        1,
        1,
        1,
        1,
        1
      ]
    }
  ]
}
