{
  "results": [
    {
      "command": "markdownlint-cli2",
      "mean": 3.1788462501666666,
      "stddev": 0.12981907333456666,
      "median": 3.1835762785,
      "user": 4.7526455,
      "system": 0.26244416666666665,
      "min": 3.003739991,
      "max": 3.388247734,
      "times": [
        3.003739991,
        3.21665791,
        3.097279309,
        3.155061881,
        3.388247734,
        3.212090676
      ],
      "memory_usage_byte": [
        377425920,
        377425920,
        377425920,
        377425920,
        377425920,
        377425920
      ],
      "exit_codes": [
        1,
        1,
        1,
        1,
        1,
        1
      ]
    }
  ]
}
