{
  "results": [
    {
      "command": "mado",
      "mean": 0.047218424999999994,
      "stddev": 0.005991075854522512,
      "median": 0.0454625545,
      "user": 0.0750308,
      "system": 0.007256800000000001,
      "min": 0.043983854,
      "max": 0.06407428,
      "times": [
        0.045424787,
        0.045170483000000004,
        0.047326622000000006,
        0.045570325,
        0.045743107000000005,
        0.045171707000000005,
        0.044218763,
        0.043983854,
        0.06407428,
        0.045500322
      ],
      "memory_usage_byte": [
        29618176,
        29650944,
        29650944,
        29650944,
        29650944,
        31731712,
        31731712,
        31731712,
        31731712,
        31731712
      ],
      "exit_codes": [
        1,
        1,
        1,
        1,
        1,
        1,
        1,
        1,
        1,
        1
      ]
    },
    {
      "command": "rumdl",
      "mean": 0.2116654536,
      "stddev": 0.002345038103307783,
      "median": 0.211762357,
      "user": 0.7289074999999999,
      "system": 0.0267702,
      "min": 0.20769199000000002,
      "max": 0.215023182,
      "times": [
        0.21168988500000002,
        0.211834829,
        0.209170175,
        0.212765271,
        0.20997764100000002,
        0.20769199000000002,
        0.21375813600000002,
        0.21420735300000002,
        0.215023182,
        0.21053607400000002
      ],
      "memory_usage_byte": [
        51101696,
        51101696,
        52097024,
        52097024,
        52097024,
        52097024,
        52727808,
        52727808,
        52727808,
        52727808
      ],
      "exit_codes": [
        1,
        1,
        1,
        1,
        1,
        1,
        1,
        1,
        1,
        1
      ]
    },
    {
      "command": "panache",
      "mean": 0.5534464655,
      "stddev": 0.01343717411645887,
      "median": 0.560152773,
      "user": 1.6879291000000003,
      "system": 0.038741899999999996,
      "min": 0.530408883,
      "max": 0.5659152820000001,
      "times": [
        0.560424363,
        0.530408883,
        0.5444081590000001,
        0.565092637,
        0.5630518320000001,
        0.5659152820000001,
        0.542033866,
        0.559881183,
        0.5374424640000001,
        0.565805986
      ],
      "memory_usage_byte": [
        52727808,
        52727808,
        52727808,
        52727808,
        52727808,
        52727808,
        52727808,
        52727808,
        52727808,
        52727808
      ],
      "exit_codes": [
        0,
        0,
        0,
        0,
        0,
        0,
        0,
        0,
        0,
        0
      ]
    },
    {
      "command": "gomarklint",
      "mean": 0.0299217602,
      "stddev": 0.0022227239715779568,
      "median": 0.029596435,
      "user": 0.07767089999999999,
      "system": 0.010128199999999999,
      "min": 0.026856855000000002,
      "max": 0.033524645,
      "times": [
        0.028138615000000002,
        0.029682513,
        0.033524645,
        0.03338648,
        0.030879446,
        0.029370332000000002,
        0.030258537000000002,
        0.027609822000000003,
        0.029510357,
        0.026856855000000002
      ],
      "memory_usage_byte": [
        52727808,
        52727808,
        52727808,
        52727808,
        52727808,
        52727808,
        52727808,
        52727808,
        52727808,
        52727808
      ],
      "exit_codes": [
        1,
        1,
        1,
        1,
        1,
        1,
        1,
        1,
        1,
        1
      ]
    },
    {
      "command": "mdsmith-parity",
      "mean": 0.0511440011,
      "stddev": 0.0010616358930858082,
      "median": 0.0507816175,
      "user": 0.1477441,
      "system": 0.017155999999999998,
      "min": 0.05027426,
      "max": 0.053844826000000005,
      "times": [
        0.050528198,
        0.05027426,
        0.051764569,
        0.050416125000000006,
        0.053844826000000005,
        0.050634264000000005,
        0.051499469000000006,
        0.050990725,
        0.050558604,
        0.050928971
      ],
      "memory_usage_byte": [
        52727808,
        52727808,
        52727808,
        52727808,
        52727808,
        52727808,
        52727808,
        52727808,
        52727808,
        52727808
      ],
      "exit_codes": [
        1,
        1,
        1,
        1,
        1,
        1,
        1,
        1,
        1,
        1
      ]
    },
    {
      "command": "mdsmith",
      "mean": 0.1462026287,
      "stddev": 0.003038872004969569,
      "median": 0.145796942,
      "user": 0.4462465000000001,
      "system": 0.028553699999999998,
      "min": 0.142865552,
      "max": 0.152312051,
      "times": [
        0.14353743700000002,
        0.14425369100000002,
        0.146038451,
        0.149864101,
        0.146286184,
        0.143500923,
        0.142865552,
        0.145555433,
        0.152312051,
        0.147812464
      ],
      "memory_usage_byte": [
        58433536,
        58433536,
        58433536,
        58433536,
        58433536,
        58433536,
        58433536,
        58433536,
        58433536,
        58433536
      ],
      "exit_codes": [
        1,
        1,
        1,
        1,
        1,
        1,
        1,
        1,
        1,
        1
      ]
    }
  ]
}
