{
  "results": [
    {
      "command": "markdownlint-cli2",
      "mean": 4.747080250833334,
      "stddev": 0.14115836303621362,
      "median": 4.7180163735,
      "user": 7.2088048333333345,
      "system": 0.3098458333333333,
      "min": 4.604603247,
      "max": 4.938886587,
      "times": [
        4.610622752,
        4.892336172,
        4.938886587,
        4.741782952,
        4.604603247,
        4.694249795
      ],
      "memory_usage_byte": [
        379281408,
        384352256,
        386838528,
        386838528,
        386838528,
        386838528
      ],
      "exit_codes": [
        1,
        1,
        1,
        1,
        1,
        1
      ]
    }
  ]
}
