{
  "results": [
    {
      "command": "markdownlint-cli2",
      "mean": 3.0835760926666667,
      "stddev": 0.03575071445573185,
      "median": 3.0931599965,
      "user": 4.617895833333333,
      "system": 0.25953166666666666,
      "min": 3.023493669,
      "max": 3.122516001,
      "times": [
        3.084341988,
        3.101978005,
        3.106048175,
        3.023493669,
        3.122516001,
        3.063078718
      ],
      "memory_usage_byte": [
        380100608,
        380100608,
        380100608,
        380100608,
        380100608,
        385191936
      ],
      "exit_codes": [
        1,
        1,
        1,
        1,
        1,
        1
      ]
    }
  ]
}
