{
  "results": [
    {
      "command": "mado",
      "mean": 0.0624127594,
      "stddev": 0.0006274697948073677,
      "median": 0.062284530000000005,
      "user": 0.1006094,
      "system": 0.014688299999999998,
      "min": 0.06145355,
      "max": 0.06339555000000001,
      "times": [
        0.06283872,
        0.06145355,
        0.062241556,
        0.062565122,
        0.062104802,
        0.061802436,
        0.062072732000000005,
        0.063325622,
        0.062327504000000006,
        0.06339555000000001
      ],
      "memory_usage_byte": [
        29872128,
        29872128,
        29872128,
        29872128,
        29937664,
        29937664,
        31195136,
        34091008,
        34091008,
        34091008
      ],
      "exit_codes": [
        1,
        1,
        1,
        1,
        1,
        1,
        1,
        1,
        1,
        1
      ]
    },
    {
      "command": "rumdl",
      "mean": 0.3673750429,
      "stddev": 0.03162927544828408,
      "median": 0.35480865950000007,
      "user": 1.1880426,
      "system": 0.0458629,
      "min": 0.34778906400000004,
      "max": 0.449777134,
      "times": [
        0.35629191800000004,
        0.35245417,
        0.350195364,
        0.34778906400000004,
        0.35332540100000004,
        0.35665435500000003,
        0.391872371,
        0.449777134,
        0.351004421,
        0.364386231
      ],
      "memory_usage_byte": [
        57528320,
        57528320,
        57528320,
        57528320,
        57528320,
        57528320,
        57528320,
        57528320,
        57528320,
        57528320
      ],
      "exit_codes": [
        1,
        1,
        1,
        1,
        1,
        1,
        1,
        1,
        1,
        1
      ]
    },
    {
      "command": "panache",
      "mean": 0.7188225093,
      "stddev": 0.06835578869217392,
      "median": 0.7703572295000001,
      "user": 2.2829576,
      "system": 0.09165670000000001,
      "min": 0.638825948,
      "max": 0.7748841550000001,
      "times": [
        0.638825948,
        0.770428196,
        0.7722379330000001,
        0.770286263,
        0.770788401,
        0.6388345320000001,
        0.771937532,
        0.6399045830000001,
        0.64009755,
        0.7748841550000001
      ],
      "memory_usage_byte": [
        57528320,
        57528320,
        57528320,
        57528320,
        57528320,
        57528320,
        57528320,
        57528320,
        57528320,
        57528320
      ],
      "exit_codes": [
        0,
        0,
        0,
        0,
        0,
        0,
        0,
        0,
        0,
        0
      ]
    },
    {
      "command": "gomarklint",
      "mean": 0.05159210870000001,
      "stddev": 0.0022578929415641795,
      "median": 0.05207648050000001,
      "user": 0.13798,
      "system": 0.0197578,
      "min": 0.047648338000000005,
      "max": 0.05430083300000001,
      "times": [
        0.051448060000000004,
        0.049968302000000006,
        0.04861067,
        0.051104221000000005,
        0.05430083300000001,
        0.052995546000000004,
        0.052704901000000005,
        0.053274477,
        0.047648338000000005,
        0.053865739
      ],
      "memory_usage_byte": [
        57528320,
        57528320,
        57528320,
        57528320,
        57528320,
        57528320,
        57528320,
        57528320,
        57528320,
        57528320
      ],
      "exit_codes": [
        1,
        1,
        1,
        1,
        1,
        1,
        1,
        1,
        1,
        1
      ]
    },
    {
      "command": "mdsmith-parity",
      "mean": 0.0812446181,
      "stddev": 0.005117421893575372,
      "median": 0.0811849475,
      "user": 0.18920949999999997,
      "system": 0.022380799999999996,
      "min": 0.07376144200000001,
      "max": 0.087591824,
      "times": [
        0.076047127,
        0.086826784,
        0.08734224900000001,
        0.079428497,
        0.081616462,
        0.080753433,
        0.083695903,
        0.07376144200000001,
        0.087591824,
        0.07538246
      ],
      "memory_usage_byte": [
        57528320,
        57528320,
        57528320,
        57528320,
        57528320,
        57528320,
        57528320,
        57528320,
        57528320,
        57528320
      ],
      "exit_codes": [
        1,
        1,
        1,
        1,
        1,
        1,
        1,
        1,
        1,
        1
      ]
    },
    {
      "command": "mdsmith",
      "mean": 0.1877150542,
      "stddev": 0.005467004748027525,
      "median": 0.188719353,
      "user": 0.5184338,
      "system": 0.0485067,
      "min": 0.17769953700000002,
      "max": 0.19692171500000002,
      "times": [
        0.19692171500000002,
        0.17769953700000002,
        0.189147699,
        0.189379765,
        0.18328149900000001,
        0.193342857,
        0.184790054,
        0.188291007,
        0.18412845400000002,
        0.190167955
      ],
      "memory_usage_byte": [
        61128704,
        61128704,
        61128704,
        61128704,
        61128704,
        61128704,
        61128704,
        61128704,
        61128704,
        61128704
      ],
      "exit_codes": [
        1,
        1,
        1,
        1,
        1,
        1,
        1,
        1,
        1,
        1
      ]
    }
  ]
}
