{
  "results": [
    {
      "command": "markdownlint-cli2",
      "mean": 4.754060454,
      "stddev": 0.1865054665335737,
      "median": 4.739588250500001,
      "user": 7.243036333333333,
      "system": 0.3004103333333333,
      "min": 4.529166711,
      "max": 5.011961769,
      "times": [
        4.629151073,
        4.850025428,
        5.011961769,
        4.625515479,
        4.878542264,
        4.529166711
      ],
      "memory_usage_byte": [
        391516160,
        391516160,
        395776000,
        395776000,
        395776000,
        396279808
      ],
      "exit_codes": [
        1,
        1,
        1,
        1,
        1,
        1
      ]
    }
  ]
}
