{
  "results": [
    {
      "command": "markdownlint-cli2",
      "mean": 3.1156805611666663,
      "stddev": 0.13093423178162905,
      "median": 3.084836504,
      "user": 4.6847468333333335,
      "system": 0.304497,
      "min": 2.969733129,
      "max": 3.296197126,
      "times": [
        3.246081905,
        3.296197126,
        3.11843348,
        3.012398199,
        2.969733129,
        3.051239528
      ],
      "memory_usage_byte": [
        386060288,
        390397952,
        390397952,
        390397952,
        390397952,
        390397952
      ],
      "exit_codes": [
        1,
        1,
        1,
        1,
        1,
        1
      ]
    }
  ]
}
