{
  "results": [
    {
      "command": "mado",
      "mean": 0.061196169,
      "stddev": 0.0028905607163449195,
      "median": 0.060419159,
      "user": 0.0928559,
      "system": 0.0211694,
      "min": 0.059586026,
      "max": 0.06935192500000001,
      "times": [
        0.060672568,
        0.059822194,
        0.060378394,
        0.059586026,
        0.060262634,
        0.060037912000000006,
        0.060459924000000005,
        0.06935192500000001,
        0.060671577000000004,
        0.060718536000000004
      ],
      "memory_usage_byte": [
        29052928,
        29052928,
        29052928,
        29052928,
        29052928,
        30978048,
        30978048,
        30978048,
        30978048,
        30978048
      ],
      "exit_codes": [
        1,
        1,
        1,
        1,
        1,
        1,
        1,
        1,
        1,
        1
      ]
    },
    {
      "command": "rumdl",
      "mean": 0.3051983840000001,
      "stddev": 0.010472223354347342,
      "median": 0.30790392,
      "user": 0.8846563999999997,
      "system": 0.07388310000000001,
      "min": 0.28948249400000003,
      "max": 0.323371681,
      "times": [
        0.28948249400000003,
        0.293898115,
        0.323371681,
        0.310130328,
        0.30336681600000004,
        0.310000426,
        0.31201333400000003,
        0.29291553600000003,
        0.31099769600000005,
        0.305807414
      ],
      "memory_usage_byte": [
        48881664,
        48881664,
        50278400,
        50880512,
        53747712,
        53747712,
        53747712,
        53747712,
        53747712,
        53747712
      ],
      "exit_codes": [
        1,
        1,
        1,
        1,
        1,
        1,
        1,
        1,
        1,
        1
      ]
    },
    {
      "command": "panache",
      "mean": 0.6231847957000001,
      "stddev": 0.07174397218879924,
      "median": 0.6255096740000001,
      "user": 1.9278099999999998,
      "system": 0.1371472,
      "min": 0.5507031640000001,
      "max": 0.695368255,
      "times": [
        0.690068884,
        0.690083172,
        0.5507031640000001,
        0.695368255,
        0.555217101,
        0.6876034750000001,
        0.553179211,
        0.553572503,
        0.692636319,
        0.5634158730000001
      ],
      "memory_usage_byte": [
        53747712,
        53747712,
        53747712,
        53747712,
        53747712,
        53747712,
        53747712,
        53747712,
        53747712,
        53747712
      ],
      "exit_codes": [
        0,
        0,
        0,
        0,
        0,
        0,
        0,
        0,
        0,
        0
      ]
    },
    {
      "command": "mdsmith-parity",
      "mean": 0.1074878122,
      "stddev": 0.0006098575116993972,
      "median": 0.1073554645,
      "user": 0.31828569999999995,
      "system": 0.0333633,
      "min": 0.10669244600000001,
      "max": 0.10857498500000001,
      "times": [
        0.107681647,
        0.10669244600000001,
        0.10825596400000001,
        0.107050405,
        0.107251882,
        0.10693183,
        0.10790721900000001,
        0.10857498500000001,
        0.10707269700000001,
        0.107459047
      ],
      "memory_usage_byte": [
        53747712,
        53747712,
        53747712,
        53747712,
        53747712,
        53747712,
        53747712,
        53747712,
        53747712,
        53747712
      ],
      "exit_codes": [
        1,
        1,
        1,
        1,
        1,
        1,
        1,
        1,
        1,
        1
      ]
    },
    {
      "command": "mdsmith",
      "mean": 0.4686461206,
      "stddev": 0.008120245332872762,
      "median": 0.46833480800000005,
      "user": 1.0166726,
      "system": 0.5544556,
      "min": 0.456444899,
      "max": 0.48190229500000004,
      "times": [
        0.47773029000000006,
        0.46431300500000006,
        0.46239411900000005,
        0.470019297,
        0.48190229500000004,
        0.46967677100000005,
        0.476327628,
        0.456444899,
        0.460660057,
        0.46699284500000005
      ],
      "memory_usage_byte": [
        73043968,
        73043968,
        73043968,
        73043968,
        73043968,
        73043968,
        73043968,
        73043968,
        73043968,
        73043968
      ],
      "exit_codes": [
        1,
        1,
        1,
        1,
        1,
        1,
        1,
        1,
        1,
        1
      ]
    }
  ]
}
