{
  "results": [
    {
      "command": "mado",
      "mean": 0.0639814796,
      "stddev": 0.0038233968765040527,
      "median": 0.061990262500000004,
      "user": 0.10132840000000001,
      "system": 0.018462299999999997,
      "min": 0.060611666,
      "max": 0.07018202600000001,
      "times": [
        0.060611666,
        0.06124505500000001,
        0.061546577000000005,
        0.07018202600000001,
        0.06224338200000001,
        0.061737143,
        0.061628209,
        0.068386257,
        0.06973837000000001,
        0.06249611100000001
      ],
      "memory_usage_byte": [
        31113216,
        31113216,
        31113216,
        31113216,
        31113216,
        31113216,
        31113216,
        31113216,
        31113216,
        31113216
      ],
      "exit_codes": [
        1,
        1,
        1,
        1,
        1,
        1,
        1,
        1,
        1,
        1
      ]
    },
    {
      "command": "rumdl",
      "mean": 0.3148209346,
      "stddev": 0.012741277186831788,
      "median": 0.3127477155,
      "user": 0.9306190000000001,
      "system": 0.0741523,
      "min": 0.300556415,
      "max": 0.34459739300000003,
      "times": [
        0.34459739300000003,
        0.322772622,
        0.311219564,
        0.318888744,
        0.31427586700000004,
        0.30240309400000004,
        0.318234583,
        0.300556415,
        0.30970952100000004,
        0.30555154300000004
      ],
      "memory_usage_byte": [
        52375552,
        52375552,
        52375552,
        52375552,
        52375552,
        52375552,
        52375552,
        52375552,
        52375552,
        53129216
      ],
      "exit_codes": [
        1,
        1,
        1,
        1,
        1,
        1,
        1,
        1,
        1,
        1
      ]
    },
    {
      "command": "panache",
      "mean": 0.6638843964000001,
      "stddev": 0.049719694335292434,
      "median": 0.6807141965000001,
      "user": 1.9758613,
      "system": 0.1517025,
      "min": 0.576144521,
      "max": 0.737596311,
      "times": [
        0.678430772,
        0.683947272,
        0.68074632,
        0.68409929,
        0.579060577,
        0.680682073,
        0.576144521,
        0.6808715320000001,
        0.657265296,
        0.737596311
      ],
      "memory_usage_byte": [
        53129216,
        53129216,
        53129216,
        53129216,
        53129216,
        53129216,
        53129216,
        53129216,
        53129216,
        53129216
      ],
      "exit_codes": [
        0,
        0,
        0,
        0,
        0,
        0,
        0,
        0,
        0,
        0
      ]
    },
    {
      "command": "mdsmith-parity",
      "mean": 0.1102863417,
      "stddev": 0.0009725473632235709,
      "median": 0.110136198,
      "user": 0.33145949999999996,
      "system": 0.0326704,
      "min": 0.10927945300000001,
      "max": 0.112663203,
      "times": [
        0.11059350600000001,
        0.109438801,
        0.112663203,
        0.110316491,
        0.110073637,
        0.10980880100000001,
        0.10963242200000001,
        0.11019875900000001,
        0.10927945300000001,
        0.11085834400000001
      ],
      "memory_usage_byte": [
        53129216,
        53129216,
        57335808,
        57335808,
        57335808,
        57335808,
        57335808,
        57335808,
        57335808,
        57335808
      ],
      "exit_codes": [
        1,
        1,
        1,
        1,
        1,
        1,
        1,
        1,
        1,
        1
      ]
    },
    {
      "command": "mdsmith",
      "mean": 0.4777713705,
      "stddev": 0.008820147022797414,
      "median": 0.4758796395,
      "user": 1.0524416,
      "system": 0.5526403999999999,
      "min": 0.467775076,
      "max": 0.49439273100000003,
      "times": [
        0.47512397500000003,
        0.49439273100000003,
        0.480332833,
        0.47947015000000004,
        0.47195898000000003,
        0.469659983,
        0.47160723200000004,
        0.490757441,
        0.47663530400000004,
        0.467775076
      ],
      "memory_usage_byte": [
        72892416,
        72892416,
        72892416,
        72892416,
        72892416,
        72892416,
        72892416,
        72892416,
        72892416,
        73052160
      ],
      "exit_codes": [
        1,
        1,
        1,
        1,
        1,
        1,
        1,
        1,
        1,
        1
      ]
    }
  ]
}
