{
  "results": [
    {
      "command": "markdownlint-cli2",
      "mean": 3.1326062898333333,
      "stddev": 0.05274878968467572,
      "median": 3.1310808605,
      "user": 4.7428678333333325,
      "system": 0.24221649999999997,
      "min": 3.06105159,
      "max": 3.205095875,
      "times": [
        3.171033005,
        3.096295548,
        3.150285323,
        3.06105159,
        3.111876398,
        3.205095875
      ],
      "memory_usage_byte": [
        383705088,
        383705088,
        383705088,
        383705088,
        383705088,
        383705088
      ],
      "exit_codes": [
        1,
        1,
        1,
        1,
        1,
        1
      ]
    }
  ]
}
