{
  "results": [
    {
      "command": "markdownlint-cli2",
      "mean": 3.1189235683333334,
      "stddev": 0.08413941871839048,
      "median": 3.112213845,
      "user": 4.744811666666667,
      "system": 0.26716016666666664,
      "min": 3.037154013,
      "max": 3.227948337,
      "times": [
        3.16778747,
        3.039680247,
        3.05664022,
        3.037154013,
        3.184331123,
        3.227948337
      ],
      "memory_usage_byte": [
        374951936,
        374951936,
        374951936,
        374951936,
        388018176,
        388018176
      ],
      "exit_codes": [
        1,
        1,
        1,
        1,
        1,
        1
      ]
    }
  ]
}
