{
  "results": [
    {
      "command": "mado",
      "mean": 0.0431447818,
      "stddev": 0.00048803937709091574,
      "median": 0.0430855585,
      "user": 0.06782179999999999,
      "system": 0.007092699999999999,
      "min": 0.042455965000000005,
      "max": 0.044312499000000005,
      "times": [
        0.043005577,
        0.042882129000000005,
        0.042762774,
        0.043090773000000006,
        0.042455965000000005,
        0.043236670000000005,
        0.043331146,
        0.043289941000000005,
        0.044312499000000005,
        0.043080344
      ],
      "memory_usage_byte": [
        29655040,
        29655040,
        29663232,
        29663232,
        29671424,
        29671424,
        33808384,
        33808384,
        33808384,
        33808384
      ],
      "exit_codes": [
        1,
        1,
        1,
        1,
        1,
        1,
        1,
        1,
        1,
        1
      ]
    },
    {
      "command": "rumdl",
      "mean": 0.20045386120000006,
      "stddev": 0.0029072074812863456,
      "median": 0.199282817,
      "user": 0.6938999,
      "system": 0.024088999999999996,
      "min": 0.19748390400000002,
      "max": 0.20493708400000002,
      "times": [
        0.198169815,
        0.198202441,
        0.202872509,
        0.20183266300000002,
        0.19748390400000002,
        0.20473175700000001,
        0.19774280500000002,
        0.199881627,
        0.19868400700000002,
        0.20493708400000002
      ],
      "memory_usage_byte": [
        50954240,
        50954240,
        50954240,
        50954240,
        50954240,
        50954240,
        50954240,
        50954240,
        53678080,
        53678080
      ],
      "exit_codes": [
        1,
        1,
        1,
        1,
        1,
        1,
        1,
        1,
        1,
        1
      ]
    },
    {
      "command": "panache",
      "mean": 0.5373940393,
      "stddev": 0.015510807372121856,
      "median": 0.5282009965000001,
      "user": 1.6775285999999998,
      "system": 0.034065599999999994,
      "min": 0.5233523010000001,
      "max": 0.556970206,
      "times": [
        0.523709528,
        0.556693992,
        0.550460128,
        0.556970206,
        0.523577136,
        0.5233523010000001,
        0.526983662,
        0.556546741,
        0.529418331,
        0.5262283680000001
      ],
      "memory_usage_byte": [
        53678080,
        53678080,
        53678080,
        53678080,
        53678080,
        53678080,
        53678080,
        53678080,
        53678080,
        53678080
      ],
      "exit_codes": [
        0,
        0,
        0,
        0,
        0,
        0,
        0,
        0,
        0,
        0
      ]
    },
    {
      "command": "mdsmith-parity",
      "mean": 0.1085261756,
      "stddev": 0.00042998957640626834,
      "median": 0.1087362345,
      "user": 0.27866080000000004,
      "system": 0.0232671,
      "min": 0.10785860700000001,
      "max": 0.109038256,
      "times": [
        0.10785860700000001,
        0.109038256,
        0.108725079,
        0.10813072300000001,
        0.108820025,
        0.10874739000000001,
        0.108935025,
        0.107998829,
        0.108802803,
        0.10820501900000001
      ],
      "memory_usage_byte": [
        60080128,
        60080128,
        60084224,
        60084224,
        60084224,
        60084224,
        60104704,
        60104704,
        60104704,
        60104704
      ],
      "exit_codes": [
        1,
        1,
        1,
        1,
        1,
        1,
        1,
        1,
        1,
        1
      ]
    },
    {
      "command": "mdsmith",
      "mean": 0.2119714118,
      "stddev": 0.002360398552179829,
      "median": 0.2112686205,
      "user": 0.5627617,
      "system": 0.051576699999999996,
      "min": 0.209620828,
      "max": 0.21784325300000001,
      "times": [
        0.210699772,
        0.209620828,
        0.212369409,
        0.212055721,
        0.21175120500000003,
        0.21356444200000002,
        0.210740061,
        0.21028339100000001,
        0.21784325300000001,
        0.210786036
      ],
      "memory_usage_byte": [
        82522112,
        82591744,
        82874368,
        82874368,
        82874368,
        82874368,
        82874368,
        83247104,
        83247104,
        84557824
      ],
      "exit_codes": [
        1,
        1,
        1,
        1,
        1,
        1,
        1,
        1,
        1,
        1
      ]
    }
  ]
}
