{
  "results": [
    {
      "command": "markdownlint-cli2",
      "mean": 4.2877659625,
      "stddev": 0.09680061538959828,
      "median": 4.291956016,
      "user": 6.503132666666666,
      "system": 0.40303399999999995,
      "min": 4.169510789,
      "max": 4.456365188,
      "times": [
        4.456365188,
        4.290093777,
        4.169510789,
        4.221828629,
        4.293818255,
        4.294979137
      ],
      "memory_usage_byte": [
        368992256,
        368992256,
        377982976,
        377982976,
        377982976,
        377982976
      ],
      "exit_codes": [
        1,
        1,
        1,
        1,
        1,
        1
      ]
    }
  ]
}
