{
  "results": [
    {
      "command": "mado",
      "mean": 0.0690667276,
      "stddev": 0.0037792359041424165,
      "median": 0.06717381450000001,
      "user": 0.11115019999999998,
      "system": 0.017714299999999995,
      "min": 0.066230487,
      "max": 0.077694365,
      "times": [
        0.072767909,
        0.077694365,
        0.069110327,
        0.07117098300000001,
        0.067334822,
        0.066231208,
        0.06635616600000001,
        0.066758202,
        0.06701280700000001,
        0.066230487
      ],
      "memory_usage_byte": [
        29806592,
        29806592,
        29806592,
        29806592,
        29835264,
        29835264,
        29835264,
        29835264,
        29835264,
        29835264
      ],
      "exit_codes": [
        1,
        1,
        1,
        1,
        1,
        1,
        1,
        1,
        1,
        1
      ]
    },
    {
      "command": "rumdl",
      "mean": 0.333757695,
      "stddev": 0.006304196447162811,
      "median": 0.3325445895,
      "user": 1.0097956,
      "system": 0.0793367,
      "min": 0.326062526,
      "max": 0.345896517,
      "times": [
        0.331027057,
        0.326062526,
        0.334062122,
        0.337302706,
        0.345896517,
        0.329893859,
        0.341325178,
        0.327882188,
        0.32901793,
        0.33510686700000003
      ],
      "memory_usage_byte": [
        50348032,
        50348032,
        50348032,
        52572160,
        52572160,
        52572160,
        52572160,
        52572160,
        52572160,
        52572160
      ],
      "exit_codes": [
        1,
        1,
        1,
        1,
        1,
        1,
        1,
        1,
        1,
        1
      ]
    },
    {
      "command": "panache",
      "mean": 0.6945312817,
      "stddev": 0.08507255084338718,
      "median": 0.6976607775000001,
      "user": 2.1216601,
      "system": 0.15818569999999998,
      "min": 0.607296979,
      "max": 0.807414238,
      "times": [
        0.60816709,
        0.6085518200000001,
        0.7744242490000001,
        0.761509536,
        0.616866762,
        0.607296979,
        0.634658907,
        0.765760588,
        0.807414238,
        0.760662648
      ],
      "memory_usage_byte": [
        52572160,
        52572160,
        52572160,
        52572160,
        52572160,
        52572160,
        52572160,
        52572160,
        52572160,
        52572160
      ],
      "exit_codes": [
        0,
        0,
        0,
        0,
        0,
        0,
        0,
        0,
        0,
        0
      ]
    },
    {
      "command": "gomarklint",
      "mean": 0.0602503085,
      "stddev": 0.005482843767318019,
      "median": 0.060077739500000005,
      "user": 0.1303105,
      "system": 0.030349999999999995,
      "min": 0.05316734,
      "max": 0.070121892,
      "times": [
        0.061111773,
        0.070121892,
        0.061329891000000004,
        0.057148329000000005,
        0.055183338000000005,
        0.054631617,
        0.059043706,
        0.065498975,
        0.05316734,
        0.065266224
      ],
      "memory_usage_byte": [
        52572160,
        52572160,
        52572160,
        52572160,
        52572160,
        52572160,
        52572160,
        52572160,
        52572160,
        52572160
      ],
      "exit_codes": [
        1,
        1,
        1,
        1,
        1,
        1,
        1,
        1,
        1,
        1
      ]
    },
    {
      "command": "mdsmith-parity",
      "mean": 0.062134893000000004,
      "stddev": 0.0022650881913071044,
      "median": 0.0615354585,
      "user": 0.1776042,
      "system": 0.024998600000000003,
      "min": 0.060032316,
      "max": 0.068296115,
      "times": [
        0.061618621000000005,
        0.060032316,
        0.06137294100000001,
        0.061452296000000003,
        0.061433808000000006,
        0.062029275,
        0.06250633400000001,
        0.06082487,
        0.061782354000000005,
        0.068296115
      ],
      "memory_usage_byte": [
        52572160,
        52572160,
        52572160,
        52572160,
        52572160,
        52572160,
        52572160,
        52572160,
        52572160,
        52572160
      ],
      "exit_codes": [
        1,
        1,
        1,
        1,
        1,
        1,
        1,
        1,
        1,
        1
      ]
    },
    {
      "command": "mdsmith",
      "mean": 0.181573755,
      "stddev": 0.005203001957256153,
      "median": 0.1804825135,
      "user": 0.5183582999999999,
      "system": 0.06718869999999999,
      "min": 0.176663322,
      "max": 0.19499759400000002,
      "times": [
        0.180812886,
        0.180208806,
        0.17920813700000002,
        0.19499759400000002,
        0.183668921,
        0.17977374000000002,
        0.176663322,
        0.182728218,
        0.18075622100000002,
        0.176919705
      ],
      "memory_usage_byte": [
        54267904,
        54480896,
        55873536,
        55873536,
        56356864,
        56356864,
        56356864,
        56455168,
        56455168,
        56455168
      ],
      "exit_codes": [
        1,
        1,
        1,
        1,
        1,
        1,
        1,
        1,
        1,
        1
      ]
    }
  ]
}
