{
  "results": [
    {
      "command": "mado",
      "mean": 0.05058454379999999,
      "stddev": 0.004816084449077897,
      "median": 0.047811592,
      "user": 0.08156260000000001,
      "system": 0.008399799999999999,
      "min": 0.046253489,
      "max": 0.058902291,
      "times": [
        0.048278137000000006,
        0.047040563,
        0.047345047,
        0.058902291,
        0.055384361,
        0.057217843000000004,
        0.051306139,
        0.047142005,
        0.046975563000000005,
        0.046253489
      ],
      "memory_usage_byte": [
        29466624,
        29655040,
        29655040,
        29655040,
        29655040,
        29655040,
        29655040,
        29655040,
        29655040,
        29655040
      ],
      "exit_codes": [
        1,
        1,
        1,
        1,
        1,
        1,
        1,
        1,
        1,
        1
      ]
    },
    {
      "command": "rumdl",
      "mean": 0.1982867616,
      "stddev": 0.0015321870038537307,
      "median": 0.198346232,
      "user": 0.6586165000000002,
      "system": 0.0354684,
      "min": 0.195113623,
      "max": 0.200578627,
      "times": [
        0.198552155,
        0.200578627,
        0.19950383100000002,
        0.195113623,
        0.197234672,
        0.197385115,
        0.19903988,
        0.19814030900000001,
        0.19951660400000001,
        0.1978028
      ],
      "memory_usage_byte": [
        49598464,
        49803264,
        49803264,
        49803264,
        49803264,
        51105792,
        51105792,
        52572160,
        52572160,
        52572160
      ],
      "exit_codes": [
        1,
        1,
        1,
        1,
        1,
        1,
        1,
        1,
        1,
        1
      ]
    },
    {
      "command": "panache",
      "mean": 0.5568934468,
      "stddev": 0.015860775549706586,
      "median": 0.563597808,
      "user": 1.609209,
      "system": 0.055682999999999996,
      "min": 0.526160025,
      "max": 0.569798425,
      "times": [
        0.569798425,
        0.569253919,
        0.563515379,
        0.526160025,
        0.5649026020000001,
        0.5290202030000001,
        0.563680237,
        0.564570698,
        0.55981813,
        0.55821485
      ],
      "memory_usage_byte": [
        52572160,
        52572160,
        52572160,
        52572160,
        52572160,
        52572160,
        52572160,
        52572160,
        52572160,
        52572160
      ],
      "exit_codes": [
        0,
        0,
        0,
        0,
        0,
        0,
        0,
        0,
        0,
        0
      ]
    },
    {
      "command": "gomarklint",
      "mean": 0.0321653453,
      "stddev": 0.0018405811171676222,
      "median": 0.032069833000000006,
      "user": 0.0743587,
      "system": 0.0122425,
      "min": 0.029721355,
      "max": 0.034769249,
      "times": [
        0.034769249,
        0.033592731,
        0.033033622,
        0.032302579000000005,
        0.031131722,
        0.029721355,
        0.030151263,
        0.030390502000000003,
        0.031837087,
        0.034723343000000004
      ],
      "memory_usage_byte": [
        52572160,
        52572160,
        52572160,
        52572160,
        52572160,
        52572160,
        52572160,
        52572160,
        52572160,
        52572160
      ],
      "exit_codes": [
        1,
        1,
        1,
        1,
        1,
        1,
        1,
        1,
        1,
        1
      ]
    },
    {
      "command": "mdsmith-gomarklint-parity",
      "mean": 0.043049632000000004,
      "stddev": 0.004650340988299196,
      "median": 0.04145758050000001,
      "user": 0.1172746,
      "system": 0.016696700000000002,
      "min": 0.040580635000000004,
      "max": 0.05593547,
      "times": [
        0.041405132000000004,
        0.042115454000000004,
        0.04152115,
        0.040580635000000004,
        0.05593547,
        0.041056538000000004,
        0.041267313,
        0.041510029000000004,
        0.044363764,
        0.040740835
      ],
      "memory_usage_byte": [
        52572160,
        52572160,
        52572160,
        52572160,
        52572160,
        52572160,
        52572160,
        52572160,
        52572160,
        52572160
      ],
      "exit_codes": [
        1,
        1,
        1,
        1,
        1,
        1,
        1,
        1,
        1,
        1
      ]
    },
    {
      "command": "mdsmith-mado-parity",
      "mean": 0.054241116500000006,
      "stddev": 0.0037126366088279655,
      "median": 0.052854894,
      "user": 0.1407685,
      "system": 0.0151445,
      "min": 0.050686941000000006,
      "max": 0.06091867200000001,
      "times": [
        0.052718142,
        0.059923073,
        0.052991646,
        0.056837873000000004,
        0.053993416,
        0.06091867200000001,
        0.050913235,
        0.051800049,
        0.051628118,
        0.050686941000000006
      ],
      "memory_usage_byte": [
        52572160,
        52572160,
        52572160,
        52572160,
        52572160,
        52572160,
        52572160,
        52572160,
        52572160,
        52572160
      ],
      "exit_codes": [
        1,
        1,
        1,
        1,
        1,
        1,
        1,
        1,
        1,
        1
      ]
    },
    {
      "command": "mdsmith-rumdl-parity",
      "mean": 0.06866462590000003,
      "stddev": 0.003773292272141326,
      "median": 0.068129138,
      "user": 0.1806436,
      "system": 0.019130199999999997,
      "min": 0.064003722,
      "max": 0.07512874800000001,
      "times": [
        0.065693072,
        0.07512874800000001,
        0.066097078,
        0.071154902,
        0.064306339,
        0.07235957200000001,
        0.07164455,
        0.064003722,
        0.06745606,
        0.068802216
      ],
      "memory_usage_byte": [
        52572160,
        52572160,
        52572160,
        52572160,
        52572160,
        52572160,
        52572160,
        52572160,
        52572160,
        52572160
      ],
      "exit_codes": [
        1,
        1,
        1,
        1,
        1,
        1,
        1,
        1,
        1,
        1
      ]
    },
    {
      "command": "mdsmith-markdownlint-parity",
      "mean": 0.0688170701,
      "stddev": 0.0044720046304235735,
      "median": 0.067197914,
      "user": 0.1837068,
      "system": 0.015598999999999998,
      "min": 0.064134988,
      "max": 0.077975919,
      "times": [
        0.064134988,
        0.06627304,
        0.070639013,
        0.068064952,
        0.072202928,
        0.072704419,
        0.064317979,
        0.06633087600000001,
        0.065526587,
        0.077975919
      ],
      "memory_usage_byte": [
        52572160,
        52572160,
        52572160,
        52572160,
        52572160,
        52572160,
        52572160,
        52572160,
        52572160,
        52572160
      ],
      "exit_codes": [
        1,
        1,
        1,
        1,
        1,
        1,
        1,
        1,
        1,
        1
      ]
    },
    {
      "command": "mdsmith",
      "mean": 0.14677737090000004,
      "stddev": 0.001067651295615596,
      "median": 0.146722978,
      "user": 0.4344461,
      "system": 0.0321695,
      "min": 0.145061882,
      "max": 0.148381271,
      "times": [
        0.14649994800000002,
        0.14641230600000002,
        0.145463706,
        0.14694600800000002,
        0.14790845600000002,
        0.148381271,
        0.147433783,
        0.145061882,
        0.14610424800000002,
        0.147562101
      ],
      "memory_usage_byte": [
        52572160,
        52572160,
        52572160,
        52572160,
        52572160,
        52572160,
        52572160,
        52572160,
        52572160,
        52572160
      ],
      "exit_codes": [
        1,
        1,
        1,
        1,
        1,
        1,
        1,
        1,
        1,
        1
      ]
    }
  ]
}
