{
  "results": [
    {
      "command": "mado",
      "mean": 0.0368572711,
      "stddev": 0.0020374382222553924,
      "median": 0.03599559200000001,
      "user": 0.0578574,
      "system": 0.0065953,
      "min": 0.035522249,
      "max": 0.041637178000000004,
      "times": [
        0.036125768,
        0.036032077,
        0.036057716000000004,
        0.035896722,
        0.035522249,
        0.039556271000000004,
        0.035959107000000004,
        0.035871043000000005,
        0.041637178000000004,
        0.03591458
      ],
      "memory_usage_byte": [
        29601792,
        29626368,
        29626368,
        29626368,
        29626368,
        29626368,
        29626368,
        29626368,
        29626368,
        29626368
      ],
      "exit_codes": [
        1,
        1,
        1,
        1,
        1,
        1,
        1,
        1,
        1,
        1
      ]
    },
    {
      "command": "rumdl",
      "mean": 0.14643724860000001,
      "stddev": 0.0016095692380872335,
      "median": 0.1462035475,
      "user": 0.4796163,
      "system": 0.0294284,
      "min": 0.143909285,
      "max": 0.149032577,
      "times": [
        0.145957902,
        0.144946888,
        0.147759317,
        0.149032577,
        0.14792813100000002,
        0.147647979,
        0.146449193,
        0.143909285,
        0.145254232,
        0.14548698200000001
      ],
      "memory_usage_byte": [
        51585024,
        51585024,
        51585024,
        51585024,
        51585024,
        51585024,
        51585024,
        51585024,
        52604928,
        52604928
      ],
      "exit_codes": [
        1,
        1,
        1,
        1,
        1,
        1,
        1,
        1,
        1,
        1
      ]
    },
    {
      "command": "panache",
      "mean": 0.42678515,
      "stddev": 0.009415193548269514,
      "median": 0.42924454450000005,
      "user": 1.2061626999999997,
      "system": 0.0483359,
      "min": 0.400147882,
      "max": 0.432194104,
      "times": [
        0.42940355900000005,
        0.430364417,
        0.400147882,
        0.432194104,
        0.430430927,
        0.42899324000000005,
        0.428842143,
        0.42898613900000004,
        0.42919652700000005,
        0.42929256200000004
      ],
      "memory_usage_byte": [
        52604928,
        52604928,
        52604928,
        52604928,
        52604928,
        52604928,
        52604928,
        52604928,
        52604928,
        52604928
      ],
      "exit_codes": [
        0,
        0,
        0,
        0,
        0,
        0,
        0,
        0,
        0,
        0
      ]
    },
    {
      "command": "gomarklint",
      "mean": 0.0242014427,
      "stddev": 0.0012334284165117476,
      "median": 0.023644710000000003,
      "user": 0.053206300000000005,
      "system": 0.0111848,
      "min": 0.022950172,
      "max": 0.027011104,
      "times": [
        0.027011104,
        0.023675657000000003,
        0.0234857,
        0.025717724,
        0.024082179000000002,
        0.024317233,
        0.023588194,
        0.023572701,
        0.022950172,
        0.023613763000000003
      ],
      "memory_usage_byte": [
        52604928,
        52604928,
        52604928,
        52604928,
        52604928,
        52604928,
        52604928,
        52604928,
        52604928,
        52604928
      ],
      "exit_codes": [
        1,
        1,
        1,
        1,
        1,
        1,
        1,
        1,
        1,
        1
      ]
    },
    {
      "command": "mdsmith-parity",
      "mean": 0.04234447820000001,
      "stddev": 0.0018073202493672958,
      "median": 0.0415599835,
      "user": 0.114855,
      "system": 0.0114919,
      "min": 0.040618283000000005,
      "max": 0.045173098,
      "times": [
        0.041502176,
        0.040685765000000006,
        0.040946488,
        0.041617791,
        0.044870933,
        0.042910189,
        0.044244909000000006,
        0.045173098,
        0.040618283000000005,
        0.040875150000000006
      ],
      "memory_usage_byte": [
        52604928,
        52604928,
        52604928,
        52604928,
        52604928,
        52604928,
        52604928,
        52604928,
        52604928,
        52604928
      ],
      "exit_codes": [
        1,
        1,
        1,
        1,
        1,
        1,
        1,
        1,
        1,
        1
      ]
    },
    {
      "command": "mdsmith",
      "mean": 0.1083499164,
      "stddev": 0.001414382819638085,
      "median": 0.10857235800000001,
      "user": 0.31571720000000003,
      "system": 0.0277962,
      "min": 0.106106717,
      "max": 0.11017953100000001,
      "times": [
        0.10970119,
        0.106106717,
        0.10900601700000001,
        0.109997436,
        0.107106028,
        0.10865026000000001,
        0.108494456,
        0.107210515,
        0.11017953100000001,
        0.10704701400000001
      ],
      "memory_usage_byte": [
        52604928,
        52604928,
        52604928,
        52604928,
        52604928,
        52604928,
        52604928,
        52604928,
        52604928,
        52604928
      ],
      "exit_codes": [
        1,
        1,
        1,
        1,
        1,
        1,
        1,
        1,
        1,
        1
      ]
    }
  ]
}
