{
  "results": [
    {
      "command": "mado",
      "mean": 0.0485592587,
      "stddev": 0.003859876629310149,
      "median": 0.04809553650000001,
      "user": 0.07762939999999999,
      "system": 0.008291199999999999,
      "min": 0.044705622,
      "max": 0.055623939000000004,
      "times": [
        0.045511592000000003,
        0.045440141,
        0.051283251,
        0.044705622,
        0.044819894000000006,
        0.051345642000000004,
        0.045244531000000004,
        0.050679481000000005,
        0.055623939000000004,
        0.050938494
      ],
      "memory_usage_byte": [
        31608832,
        31608832,
        31608832,
        31608832,
        31608832,
        31608832,
        31608832,
        31608832,
        31608832,
        31608832
      ],
      "exit_codes": [
        1,
        1,
        1,
        1,
        1,
        1,
        1,
        1,
        1,
        1
      ]
    },
    {
      "command": "rumdl",
      "mean": 0.19446943300000002,
      "stddev": 0.0025831658759020684,
      "median": 0.194032535,
      "user": 0.6430577,
      "system": 0.03457609999999999,
      "min": 0.19144444900000002,
      "max": 0.20084627100000002,
      "times": [
        0.193343276,
        0.194530952,
        0.193857304,
        0.19632201500000002,
        0.20084627100000002,
        0.194310119,
        0.19256842500000002,
        0.193263753,
        0.194207766,
        0.19144444900000002
      ],
      "memory_usage_byte": [
        51531776,
        51531776,
        51531776,
        51531776,
        51531776,
        51531776,
        52396032,
        52396032,
        52396032,
        52396032
      ],
      "exit_codes": [
        1,
        1,
        1,
        1,
        1,
        1,
        1,
        1,
        1,
        1
      ]
    },
    {
      "command": "panache",
      "mean": 0.5571175041,
      "stddev": 0.02553645054593474,
      "median": 0.558602138,
      "user": 1.6033241999999999,
      "system": 0.049140800000000005,
      "min": 0.5214667780000001,
      "max": 0.618038034,
      "times": [
        0.558424188,
        0.618038034,
        0.5214667780000001,
        0.553587638,
        0.5282072,
        0.560465789,
        0.5593019410000001,
        0.5535275780000001,
        0.558780088,
        0.559375807
      ],
      "memory_usage_byte": [
        52396032,
        52396032,
        52396032,
        52396032,
        52396032,
        52396032,
        52396032,
        52396032,
        52396032,
        52396032
      ],
      "exit_codes": [
        0,
        0,
        0,
        0,
        0,
        0,
        0,
        0,
        0,
        0
      ]
    },
    {
      "command": "gomarklint",
      "mean": 0.0300286606,
      "stddev": 0.0020238694482100487,
      "median": 0.0303819565,
      "user": 0.07212779999999999,
      "system": 0.010919799999999999,
      "min": 0.026254656,
      "max": 0.032287212,
      "times": [
        0.032062472,
        0.030802739000000003,
        0.032287212,
        0.031747210000000005,
        0.029202991,
        0.026254656,
        0.029102328,
        0.027486498,
        0.031379326,
        0.029961174
      ],
      "memory_usage_byte": [
        52396032,
        52396032,
        52396032,
        52396032,
        52396032,
        52396032,
        52396032,
        52396032,
        52396032,
        52396032
      ],
      "exit_codes": [
        1,
        1,
        1,
        1,
        1,
        1,
        1,
        1,
        1,
        1
      ]
    },
    {
      "command": "mdsmith-gomarklint-parity",
      "mean": 0.0407889344,
      "stddev": 0.001282737157652095,
      "median": 0.040260470000000007,
      "user": 0.11987839999999998,
      "system": 0.0138373,
      "min": 0.039847062,
      "max": 0.044180073,
      "times": [
        0.040093415,
        0.040208614000000004,
        0.040130313,
        0.044180073,
        0.039847062,
        0.040312326,
        0.041262749,
        0.040522771,
        0.041220432,
        0.040111589
      ],
      "memory_usage_byte": [
        52396032,
        52396032,
        52396032,
        52396032,
        52396032,
        52396032,
        52396032,
        52396032,
        52396032,
        52396032
      ],
      "exit_codes": [
        1,
        1,
        1,
        1,
        1,
        1,
        1,
        1,
        1,
        1
      ]
    },
    {
      "command": "mdsmith-mado-parity",
      "mean": 0.050090908499999996,
      "stddev": 0.0028588454913380007,
      "median": 0.04924516400000001,
      "user": 0.13640819999999998,
      "system": 0.013844400000000001,
      "min": 0.048311462000000006,
      "max": 0.05802028100000001,
      "times": [
        0.049340944000000005,
        0.048791994000000005,
        0.048311462000000006,
        0.048581479000000004,
        0.049155616000000006,
        0.049334712,
        0.05802028100000001,
        0.048894787,
        0.050421222,
        0.050056588000000006
      ],
      "memory_usage_byte": [
        52396032,
        52396032,
        52396032,
        52396032,
        52396032,
        52396032,
        52396032,
        52396032,
        52396032,
        52396032
      ],
      "exit_codes": [
        1,
        1,
        1,
        1,
        1,
        1,
        1,
        1,
        1,
        1
      ]
    },
    {
      "command": "mdsmith-rumdl-parity",
      "mean": 0.0698554594,
      "stddev": 0.004172150142265235,
      "median": 0.07131841750000001,
      "user": 0.1789242,
      "system": 0.0186025,
      "min": 0.06390784000000001,
      "max": 0.075157823,
      "times": [
        0.07205106700000001,
        0.068163412,
        0.06460381600000001,
        0.064847429,
        0.07130541600000001,
        0.06390784000000001,
        0.07133141900000001,
        0.07414383100000001,
        0.073042541,
        0.075157823
      ],
      "memory_usage_byte": [
        52396032,
        52396032,
        52396032,
        52396032,
        52396032,
        52396032,
        52396032,
        52396032,
        52396032,
        52396032
      ],
      "exit_codes": [
        1,
        1,
        1,
        1,
        1,
        1,
        1,
        1,
        1,
        1
      ]
    },
    {
      "command": "mdsmith-markdownlint-parity",
      "mean": 0.06739648100000002,
      "stddev": 0.0039673291050378555,
      "median": 0.06703505100000001,
      "user": 0.183454,
      "system": 0.015561099999999998,
      "min": 0.062485911000000005,
      "max": 0.07318751100000001,
      "times": [
        0.063413151,
        0.07052230100000001,
        0.065146436,
        0.063613836,
        0.07318751100000001,
        0.07186597800000001,
        0.062485911000000005,
        0.06892366600000001,
        0.064514237,
        0.07029178300000001
      ],
      "memory_usage_byte": [
        52396032,
        52396032,
        52396032,
        52396032,
        52396032,
        52396032,
        52396032,
        52396032,
        52396032,
        52396032
      ],
      "exit_codes": [
        1,
        1,
        1,
        1,
        1,
        1,
        1,
        1,
        1,
        1
      ]
    },
    {
      "command": "mdsmith",
      "mean": 0.1420030611,
      "stddev": 0.001299760521007403,
      "median": 0.1421009225,
      "user": 0.4197893,
      "system": 0.0337143,
      "min": 0.13905619,
      "max": 0.143712693,
      "times": [
        0.141331271,
        0.13905619,
        0.142899372,
        0.141665069,
        0.142553541,
        0.142472922,
        0.14145474800000002,
        0.141728923,
        0.143155882,
        0.143712693
      ],
      "memory_usage_byte": [
        52396032,
        52396032,
        52396032,
        52396032,
        52396032,
        52396032,
        52396032,
        52396032,
        52396032,
        52396032
      ],