{
  "results": [
    {
      "command": "mado",
      "mean": 0.047233281,
      "stddev": 0.002556402183461794,
      "median": 0.046346410500000004,
      "user": 0.07486849999999998,
      "system": 0.008154600000000001,
      "min": 0.045627327,
      "max": 0.054136880000000005,
      "times": [
        0.046316084,
        0.046294183,
        0.045889446,
        0.048632140000000004,
        0.046202795000000005,
        0.045627327,
        0.054136880000000005,
        0.046456396000000004,
        0.046376737,
        0.046400822
      ],
      "memory_usage_byte": [
        29687808,
        29687808,
        29687808,
        29687808,
        29687808,
        29687808,
        29687808,
        29687808,
        29687808,
        29687808
      ],
      "exit_codes": [
        1,
        1,
        1,
        1,
        1,
        1,
        1,
        1,
        1,
        1
      ]
    },
    {
      "command": "rumdl",
      "mean": 0.19512265220000002,
      "stddev": 0.0029414246235193167,
      "median": 0.1947202195,
      "user": 0.6465314999999999,
      "system": 0.0345854,
      "min": 0.191866679,
      "max": 0.20235486200000002,
      "times": [
        0.19429796800000002,
        0.19432020200000003,
        0.19211352,
        0.195120237,
        0.19608197400000002,
        0.191866679,
        0.20235486200000002,
        0.195787855,
        0.19346749900000001,
        0.19581572600000002
      ],
      "memory_usage_byte": [
        50262016,
        50262016,
        50262016,
        50262016,
        50262016,
        50262016,
        50262016,
        50262016,
        50262016,
        50262016
      ],
      "exit_codes": [
        1,
        1,
        1,
        1,
        1,
        1,
        1,
        1,
        1,
        1
      ]
    },
    {
      "command": "panache",
      "mean": 0.5423625377000001,
      "stddev": 0.01908854412872535,
      "median": 0.5395561235,
      "user": 1.612282,
      "system": 0.053832099999999994,
      "min": 0.523509756,
      "max": 0.563857091,
      "times": [
        0.559639901,
        0.5239866670000001,
        0.5248959940000001,
        0.553468276,
        0.563857091,
        0.5623959270000001,
        0.525643971,
        0.5620260060000001,
        0.523509756,
        0.5242017880000001
      ],
      "memory_usage_byte": [
        50262016,
        50262016,
        50262016,
        50262016,
        50262016,
        50262016,
        50262016,
        50262016,
        50262016,
        50262016
      ],
      "exit_codes": [
        0,
        0,
        0,
        0,
        0,
        0,
        0,
        0,
        0,
        0
      ]
    },
    {
      "command": "gomarklint",
      "mean": 0.030654126200000003,
      "stddev": 0.001482330796450029,
      "median": 0.031006019500000002,
      "user": 0.0727053,
      "system": 0.0112432,
      "min": 0.027955811,
      "max": 0.032588263,
      "times": [
        0.032588263,
        0.027955811,
        0.031483257,
        0.03114743,
        0.030864609,
        0.030441181,
        0.028718698,
        0.031360628,
        0.029713603,
        0.032267782
      ],
      "memory_usage_byte": [
        50262016,
        50262016,
        50262016,
        50262016,
        50262016,
        50262016,
        50262016,
        50262016,
        50262016,
        50262016
      ],
      "exit_codes": [
        1,
        1,
        1,
        1,
        1,
        1,
        1,
        1,
        1,
        1
      ]
    },
    {
      "command": "mdsmith-parity",
      "mean": 0.05472575660000001,
      "stddev": 0.0005345970970892628,
      "median": 0.054721078500000006,
      "user": 0.1543669,
      "system": 0.013408799999999998,
      "min": 0.053888072,
      "max": 0.055615979,
      "times": [
        0.055253232000000006,
        0.055615979,
        0.054311935000000006,
        0.054419831,
        0.053888072,
        0.054799595000000006,
        0.054255409000000004,
        0.055271356,
        0.054648744000000006,
        0.054793413000000006
      ],
      "memory_usage_byte": [
        50262016,
        50262016,
        50262016,
        50262016,
        50262016,
        50262016,
        50262016,
        50262016,
        50262016,
        50262016
      ],
      "exit_codes": [
        1,
        1,
        1,
        1,
        1,
        1,
        1,
        1,
        1,
        1
      ]
    },
    {
      "command": "mdsmith",
      "mean": 0.1426217401,
      "stddev": 0.0009015770545334497,
      "median": 0.142381098,
      "user": 0.4233903,
      "system": 0.029845799999999995,
      "min": 0.141468392,
      "max": 0.1438471,
      "times": [
        0.141468392,
        0.14179275300000002,
        0.14366082100000002,
        0.1438471,
        0.143040372,
        0.14254092000000002,
        0.141877106,
        0.142221276,
        0.1438015,
        0.141967161
      ],
      "memory_usage_byte": [
        50262016,
        50262016,
        50262016,
        51232768,
        51232768,
        51232768,
        51232768,
        51232768,
        51441664,
        51441664
      ],
      "exit_codes": [
        1,
        1,
        1,
        1,
        1,
        1,
        1,
        1,
        1,
        1
      ]
    }
  ]
}
