{
  "results": [
    {
      "command": "markdownlint-cli2",
      "mean": 3.1294128736666664,
      "stddev": 0.08455567097708619,
      "median": 3.1081355215000004,
      "user": 4.7090966666666665,
      "system": 0.2566173333333333,
      "min": 3.041927876,
      "max": 3.286772713,
      "times": [
        3.092324656,
        3.286772713,
        3.041927876,
        3.087878531,
        3.143627079,
        3.123946387
      ],
      "memory_usage_byte": [
        386412544,
        386412544,
        386412544,
        386412544,
        386412544,
        386412544
      ],
      "exit_codes": [
        1,
        1,
        1,
        1,
        1,
        1
      ]
    }
  ]
}
