{
  "results": [
    {
      "command": "markdownlint-cli2",
      "mean": 3.0516676831666665,
      "stddev": 0.07138330683118295,
      "median": 3.0434513745,
      "user": 4.557808333333333,
      "system": 0.2575303333333333,
      "min": 2.981961171,
      "max": 3.169526067,
      "times": [
        2.981961171,
        3.169526067,
        3.08801942,
        2.983596692,
        3.061314212,
        3.025588537
      ],
      "memory_usage_byte": [
        359116800,
        378150912,
        387723264,
        387723264,
        387723264,
        387723264
      ],
      "exit_codes": [
        1,
        1,
        1,
        1,
        1,
        1
      ]
    }
  ]
}
