{
  "results": [
    {
      "command": "mado",
      "mean": 0.048505671699999996,
      "stddev": 0.004672791483476518,
      "median": 0.0464187465,
      "user": 0.077263,
      "system": 0.008695099999999999,
      "min": 0.045802602000000005,
      "max": 0.058170898000000006,
      "times": [
        0.046934525000000005,
        0.046696841,
        0.046140079,
        0.058170898000000006,
        0.045802602000000005,
        0.046185456,
        0.046106268000000006,
        0.045914670000000005,
        0.056453341000000004,
        0.046652037
      ],
      "memory_usage_byte": [
        29630464,
        31281152,
        31281152,
        31281152,
        31281152,
        31281152,
        31281152,
        31281152,
        31281152,
        31281152
      ],
      "exit_codes": [
        1,
        1,
        1,
        1,
        1,
        1,
        1,
        1,
        1,
        1
      ]
    },
    {
      "command": "rumdl",
      "mean": 0.1978077855,
      "stddev": 0.0037077631257827807,
      "median": 0.19722197550000004,
      "user": 0.6530482,
      "system": 0.0352693,
      "min": 0.194267082,
      "max": 0.207023065,
      "times": [
        0.19697908700000002,
        0.19632838200000002,
        0.19746486400000002,
        0.19761795000000001,
        0.195142337,
        0.194267082,
        0.198715319,
        0.194555691,
        0.207023065,
        0.199984078
      ],
      "memory_usage_byte": [
        52592640,
        52592640,
        52592640,
        52592640,
        52592640,
        52592640,
        52592640,
        52592640,
        52592640,
        52592640
      ],
      "exit_codes": [
        1,
        1,
        1,
        1,
        1,
        1,
        1,
        1,
        1,
        1
      ]
    },
    {
      "command": "panache",
      "mean": 0.5527005095,
      "stddev": 0.018966531867287563,
      "median": 0.5625931180000001,
      "user": 1.6134777,
      "system": 0.055944900000000006,
      "min": 0.524708898,
      "max": 0.571285526,
      "times": [
        0.5624183850000001,
        0.5641389480000001,
        0.564882536,
        0.562767851,
        0.571285526,
        0.5259399760000001,
        0.564645006,
        0.525921622,
        0.5602963470000001,
        0.524708898
      ],
      "memory_usage_byte": [
        52592640,
        52592640,
        52592640,
        52592640,
        52592640,
        52592640,
        52592640,
        52592640,
        52592640,
        52592640
      ],
      "exit_codes": [
        0,
        0,
        0,
        0,
        0,
        0,
        0,
        0,
        0,
        0
      ]
    },
    {
      "command": "gomarklint",
      "mean": 0.0321408693,
      "stddev": 0.0024364633001122326,
      "median": 0.0323451785,
      "user": 0.0759411,
      "system": 0.0113433,
      "min": 0.028756467,
      "max": 0.036177520000000005,
      "times": [
        0.03069291,
        0.034658505,
        0.028989106,
        0.032382334,
        0.028756467,
        0.032828337,
        0.034137392,
        0.032308023000000005,
        0.036177520000000005,
        0.030478099
      ],
      "memory_usage_byte": [
        52592640,
        52592640,
        52592640,
        52592640,
        52592640,
        52592640,
        52592640,
        52592640,
        52592640,
        52592640
      ],
      "exit_codes": [
        1,
        1,
        1,
        1,
        1,
        1,
        1,
        1,
        1,
        1
      ]
    },
    {
      "command": "mdsmith-parity",
      "mean": 0.05607671569999999,
      "stddev": 0.0007046387003767797,
      "median": 0.056001761000000004,
      "user": 0.1566214,
      "system": 0.014844699999999999,
      "min": 0.055126833,
      "max": 0.057633954,
      "times": [
        0.055696767,
        0.055343260000000005,
        0.055126833,
        0.056353263,
        0.057633954,
        0.056065385,
        0.055752341000000004,
        0.055938137000000006,
        0.056500608,
        0.056356609
      ],
      "memory_usage_byte": [
        52592640,
        52592640,
        52592640,
        52592640,
        52592640,
        52592640,
        52592640,
        52592640,
        52592640,
        52592640
      ],
      "exit_codes": [
        1,
        1,
        1,
        1,
        1,
        1,
        1,
        1,
        1,
        1
      ]
    },
    {
      "command": "mdsmith",
      "mean": 0.1470247688,
      "stddev": 0.0016725543194339833,
      "median": 0.1471080975,
      "user": 0.4316966,
      "system": 0.0320678,
      "min": 0.144149353,
      "max": 0.149523971,
      "times": [
        0.147515992,
        0.145429246,
        0.148733745,
        0.146763989,
        0.147452206,
        0.14639997800000001,
        0.148603823,
        0.14567538500000002,
        0.149523971,
        0.144149353
      ],
      "memory_usage_byte": [
        52592640,
        52592640,
        52592640,
        52592640,
        52592640,
        52592640,
        52592640,
        52592640,
        52592640,
        52592640
      ],
      "exit_codes": [
        1,
        1,
        1,
        1,
        1,
        1,
        1,
        1,
        1,
        1
      ]
    }
  ]
}
