{
  "results": [
    {
      "command": "mado",
      "mean": 0.0475664983,
      "stddev": 0.002317454727744502,
      "median": 0.046465145500000006,
      "user": 0.07518729999999998,
      "system": 0.008284999999999999,
      "min": 0.046081250000000004,
      "max": 0.05198473,
      "times": [
        0.046723556000000006,
        0.05198473,
        0.051723565000000006,
        0.046179385,
        0.046081250000000004,
        0.046206735000000006,
        0.046123442,
        0.046761621,
        0.046125035,
        0.047755664
      ],
      "memory_usage_byte": [
        29704192,
        29704192,
        29704192,
        29704192,
        29704192,
        29704192,
        29704192,
        29704192,
        29704192,
        29704192
      ],
      "exit_codes": [
        1,
        1,
        1,
        1,
        1,
        1,
        1,
        1,
        1,
        1
      ]
    },
    {
      "command": "rumdl",
      "mean": 0.1911207499,
      "stddev": 0.0020073939899119863,
      "median": 0.190711701,
      "user": 0.6241019999999999,
      "system": 0.0385325,
      "min": 0.18808891,
      "max": 0.194572043,
      "times": [
        0.19166889,
        0.190178857,
        0.190061068,
        0.18808891,
        0.18950708300000002,
        0.194572043,
        0.19124454500000002,
        0.192166998,
        0.193865433,
        0.189853672
      ],
      "memory_usage_byte": [
        50593792,
        50593792,
        50593792,
        50593792,
        50593792,
        50593792,
        50593792,
        51179520,
        51179520,
        51179520
      ],
      "exit_codes": [
        1,
        1,
        1,
        1,
        1,
        1,
        1,
        1,
        1,
        1
      ]
    },
    {
      "command": "panache",
      "mean": 0.5425891102,
      "stddev": 0.021570624386682717,
      "median": 0.555239495,
      "user": 1.5780843,
      "system": 0.06230279999999999,
      "min": 0.513436616,
      "max": 0.5677027130000001,
      "times": [
        0.555593356,
        0.515421578,
        0.5677027130000001,
        0.529705916,
        0.5566503420000001,
        0.561449567,
        0.554885634,
        0.515158561,
        0.555886819,
        0.513436616
      ],
      "memory_usage_byte": [
        51179520,
        51179520,
        51179520,
        51179520,
        51179520,
        51179520,
        51179520,
        51179520,
        51179520,
        51179520
      ],
      "exit_codes": [
        0,
        0,
        0,
        0,
        0,
        0,
        0,
        0,
        0,
        0
      ]
    },
    {
      "command": "gomarklint",
      "mean": 0.0299495901,
      "stddev": 0.001089309003156328,
      "median": 0.0300305335,
      "user": 0.0699904,
      "system": 0.0138234,
      "min": 0.028530681000000002,
      "max": 0.031817574,
      "times": [
        0.028939122,
        0.031817574,
        0.028530681000000002,
        0.030328337,
        0.029350909,
        0.030756808000000004,
        0.030085209,
        0.031073374,
        0.029975858,
        0.028638029000000002
      ],
      "memory_usage_byte": [
        51179520,
        51179520,
        51179520,
        51179520,
        51179520,
        51179520,
        51179520,
        51179520,
        51179520,
        51179520
      ],
      "exit_codes": [
        1,
        1,
        1,
        1,
        1,
        1,
        1,
        1,
        1,
        1
      ]
    },
    {
      "command": "mdsmith-parity",
      "mean": 0.049138011700000005,
      "stddev": 0.0005799560826943987,
      "median": 0.04900953150000001,
      "user": 0.14075349999999998,
      "system": 0.015053499999999997,
      "min": 0.04852113,
      "max": 0.050473955,
      "times": [
        0.048814321,
        0.048542521000000005,
        0.049532193,
        0.050473955,
        0.04884129,
        0.049482524,
        0.049069177000000005,
        0.048949886000000005,
        0.04915312,
        0.04852113
      ],
      "memory_usage_byte": [
        51179520,
        51179520,
        51179520,
        51179520,
        51179520,
        51179520,
        51179520,
        51179520,
        51179520,
        51179520
      ],
      "exit_codes": [
        1,
        1,
        1,
        1,
        1,
        1,
        1,
        1,
        1,
        1
      ]
    },
    {
      "command": "mdsmith",
      "mean": 0.1357816912,
      "stddev": 0.0010303462603436682,
      "median": 0.135802697,
      "user": 0.4073346000000001,
      "system": 0.03383299999999999,
      "min": 0.13423869500000002,
      "max": 0.13732170500000002,
      "times": [
        0.13538165000000002,
        0.135879743,
        0.135165972,
        0.137207873,
        0.13620584300000002,
        0.13732170500000002,
        0.13625446500000002,
        0.13423869500000002,
        0.135725651,
        0.134435315
      ],
      "memory_usage_byte": [
        51179520,
        51351552,
        51351552,
        51351552,
        51351552,
        51814400,
        51814400,
        51814400,
        51814400,
        51814400
      ],
      "exit_codes": [
        1,
        1,
        1,
        1,
        1,
        1,
        1,
        1,
        1,
        1
      ]
    }
  ]
}
