{
  "results": [
    {
      "command": "markdownlint-cli2",
      "mean": 4.786738451833333,
      "stddev": 0.015721715626062747,
      "median": 4.7896111315,
      "user": 7.162668666666666,
      "system": 0.2959005,
      "min": 4.768470879,
      "max": 4.802621572,
      "times": [
        4.783125296,
        4.796096967,
        4.768470879,
        4.802621572,
        4.801544348,
        4.768571649
      ],
      "memory_usage_byte": [
        395272192,
        395272192,
        395272192,
        395272192,
        395272192,
        395272192
      ],
      "exit_codes": [
        1,
        1,
        1,
        1,
        1,
        1
      ]
    }
  ]
}
