{
  "results": [
    {
      "command": "mado",
      "mean": 0.0681464868,
      "stddev": 0.003135492714027567,
      "median": 0.0668876,
      "user": 0.1069632,
      "system": 0.020665199999999998,
      "min": 0.066013821,
      "max": 0.074065147,
      "times": [
        0.066580767,
        0.066806377,
        0.074065147,
        0.066915392,
        0.07405236800000001,
        0.06699278900000001,
        0.066128884,
        0.067049515,
        0.066859808,
        0.066013821
      ],
      "memory_usage_byte": [
        29712384,
        29712384,
        29712384,
        29712384,
        29798400,
        29798400,
        29798400,
        29798400,
        29798400,
        29798400
      ],
      "exit_codes": [
        1,
        1,
        1,
        1,
        1,
        1,
        1,
        1,
        1,
        1
      ]
    },
    {
      "command": "rumdl",
      "mean": 0.3318239255,
      "stddev": 0.006665515993619754,
      "median": 0.3312371745,
      "user": 1.0088865999999999,
      "system": 0.0778076,
      "min": 0.32439664300000004,
      "max": 0.34862160400000003,
      "times": [
        0.331223288,
        0.331251061,
        0.34862160400000003,
        0.332167606,
        0.33387394400000003,
        0.32459324900000003,
        0.331257686,
        0.329712893,
        0.32439664300000004,
        0.331141281
      ],
      "memory_usage_byte": [
        53194752,
        53194752,
        53194752,
        53194752,
        53194752,
        53194752,
        53194752,
        53194752,
        53194752,
        54226944
      ],
      "exit_codes": [
        1,
        1,
        1,
        1,
        1,
        1,
        1,
        1,
        1,
        1
      ]
    },
    {
      "command": "panache",
      "mean": 0.7079621075,
      "stddev": 0.0801417130649203,
      "median": 0.7603129825000001,
      "user": 2.0994383,
      "system": 0.1657846,
      "min": 0.606695781,
      "max": 0.794351577,
      "times": [
        0.76552611,
        0.794351577,
        0.7629294980000001,
        0.620779916,
        0.7618770530000001,
        0.6130388360000001,
        0.62217667,
        0.758748912,
        0.606695781,
        0.7734967220000001
      ],
      "memory_usage_byte": [
        54226944,
        54226944,
        54226944,
        54226944,
        54226944,
        54226944,
        54226944,
        54226944,
        54226944,
        54226944
      ],
      "exit_codes": [
        0,
        0,
        0,
        0,
        0,
        0,
        0,
        0,
        0,
        0
      ]
    },
    {
      "command": "gomarklint",
      "mean": 0.05992874700000002,
      "stddev": 0.004550126558629405,
      "median": 0.059799532,
      "user": 0.1281318,
      "system": 0.031716499999999995,
      "min": 0.054678249000000005,
      "max": 0.065726168,
      "times": [
        0.06236338600000001,
        0.057235678000000005,
        0.065726168,
        0.063926649,
        0.054678249000000005,
        0.05602449600000001,
        0.055972677000000005,
        0.06368433400000001,
        0.054789296,
        0.06488653700000001
      ],
      "memory_usage_byte": [
        54226944,
        54226944,
        54226944,
        54226944,
        54226944,
        54226944,
        54226944,
        54226944,
        54226944,
        54226944
      ],
      "exit_codes": [
        1,
        1,
        1,
        1,
        1,
        1,
        1,
        1,
        1,
        1
      ]
    },
    {
      "command": "mdsmith-parity",
      "mean": 0.06126929059999999,
      "stddev": 0.0007335215583906321,
      "median": 0.061235448500000005,
      "user": 0.1774552,
      "system": 0.023519900000000003,
      "min": 0.060271913,
      "max": 0.062663313,
      "times": [
        0.0607682,
        0.061489626000000006,
        0.060271913,
        0.061980215000000005,
        0.06157916100000001,
        0.060981271000000004,
        0.061596527000000005,
        0.060434418000000004,
        0.060928262000000004,
        0.062663313
      ],
      "memory_usage_byte": [
        54226944,
        54226944,
        54226944,
        54226944,
        54226944,
        54226944,
        54226944,
        54226944,
        54226944,
        54226944
      ],
      "exit_codes": [
        1,
        1,
        1,
        1,
        1,
        1,
        1,
        1,
        1,
        1
      ]
    },
    {
      "command": "mdsmith",
      "mean": 0.17927696760000003,
      "stddev": 0.0006681190714186902,
      "median": 0.179343439,
      "user": 0.5149882,
      "system": 0.0674598,
      "min": 0.17828179500000002,
      "max": 0.180218651,
      "times": [
        0.179067268,
        0.17968213400000002,
        0.180218651,
        0.17828179500000002,
        0.17988273500000002,
        0.17961961,
        0.17871055100000002,
        0.179047629,
        0.17841167100000002,
        0.179847632
      ],
      "memory_usage_byte": [
        54226944,
        54226944,
        58605568,
        58605568,
        58605568,
        58605568,
        58605568,
        58605568,
        58605568,
        58605568
      ],
      "exit_codes": [
        1,
        1,
        1,
        1,
        1,
        1,
        1,
        1,
        1,
        1
      ]
    }
  ]
}
