{
  "results": [
    {
      "command": "mado",
      "mean": 0.047262974000000006,
      "stddev": 0.002608864425797171,
      "median": 0.04626040100000001,
      "user": 0.0734397,
      "system": 0.0096002,
      "min": 0.045507432,
      "max": 0.053252404,
      "times": [
        0.046605247,
        0.0461615,
        0.046344601000000006,
        0.045507432,
        0.050844280000000006,
        0.053252404,
        0.045512349,
        0.046281037000000004,
        0.046239765,
        0.045881125
      ],
      "memory_usage_byte": [
        29655040,
        29655040,
        31604736,
        31604736,
        31604736,
        31604736,
        31604736,
        31604736,
        31604736,
        31604736
      ],
      "exit_codes": [
        1,
        1,
        1,
        1,
        1,
        1,
        1,
        1,
        1,
        1
      ]
    },
    {
      "command": "rumdl",
      "mean": 0.19116656410000002,
      "stddev": 0.0026841748638814513,
      "median": 0.1903843815,
      "user": 0.6201059,
      "system": 0.03723259999999999,
      "min": 0.188008745,
      "max": 0.19605435300000001,
      "times": [
        0.194316902,
        0.18993985400000002,
        0.191536126,
        0.19037661,
        0.188287909,
        0.19359192800000002,
        0.18916106100000002,
        0.19605435300000001,
        0.190392153,
        0.188008745
      ],
      "memory_usage_byte": [
        52416512,
        52416512,
        52416512,
        52416512,
        52416512,
        52416512,
        52416512,
        52416512,
        52416512,
        52416512
      ],
      "exit_codes": [
        1,
        1,
        1,
        1,
        1,
        1,
        1,
        1,
        1,
        1
      ]
    },
    {
      "command": "panache",
      "mean": 0.5375556331,
      "stddev": 0.019222317830545926,
      "median": 0.5491207525000001,
      "user": 1.5609838,
      "system": 0.06485529999999999,
      "min": 0.5137231290000001,
      "max": 0.555624804,
      "times": [
        0.5498505880000001,
        0.5483909170000001,
        0.516861874,
        0.550155068,
        0.514172884,
        0.5169381470000001,
        0.555471257,
        0.5543676630000001,
        0.5137231290000001,
        0.555624804
      ],
      "memory_usage_byte": [
        52416512,
        52416512,
        52416512,
        52416512,
        52416512,
        52416512,
        52416512,
        52416512,
        52416512,
        52416512
      ],
      "exit_codes": [
        0,
        0,
        0,
        0,
        0,
        0,
        0,
        0,
        0,
        0
      ]
    },
    {
      "command": "gomarklint",
      "mean": 0.0298441828,
      "stddev": 0.0013238291528403338,
      "median": 0.03013841,
      "user": 0.0680891,
      "system": 0.014778099999999999,
      "min": 0.027247476000000003,
      "max": 0.031421625,
      "times": [
        0.028904209,
        0.029273565,
        0.030632156,
        0.031368586000000004,
        0.027247476000000003,
        0.02866797,
        0.029836238,
        0.030440582,
        0.030649421000000003,
        0.031421625
      ],
      "memory_usage_byte": [
        52416512,
        52416512,
        52416512,
        52416512,
        52416512,
        52416512,
        52416512,
        52416512,
        52416512,
        52416512
      ],
      "exit_codes": [
        1,
        1,
        1,
        1,
        1,
        1,
        1,
        1,
        1,
        1
      ]
    },
    {
      "command": "mdsmith-parity",
      "mean": 0.05282071340000001,
      "stddev": 0.0015199153244176468,
      "median": 0.052393413,
      "user": 0.1437239,
      "system": 0.0118979,
      "min": 0.051382122,
      "max": 0.055913989000000004,
      "times": [
        0.051729982,
        0.053166787,
        0.052340364,
        0.055038512000000005,
        0.055913989000000004,
        0.052807240000000005,
        0.051382122,
        0.052446462000000006,
        0.051667669000000006,
        0.051714007000000006
      ],
      "memory_usage_byte": [
        52416512,
        52416512,
        52416512,
        52416512,
        52416512,
        52416512,
        52416512,
        52416512,
        52416512,
        52416512
      ],
      "exit_codes": [
        1,
        1,
        1,
        1,
        1,
        1,
        1,
        1,
        1,
        1
      ]
    },
    {
      "command": "mdsmith",
      "mean": 0.139747924,
      "stddev": 0.0009830992547210664,
      "median": 0.1395284395,
      "user": 0.4088254,
      "system": 0.033344900000000004,
      "min": 0.13838409000000002,
      "max": 0.141441636,
      "times": [
        0.141441636,
        0.139251034,
        0.13926664600000002,
        0.14088082000000002,
        0.139272856,
        0.13838409000000002,
        0.138589985,
        0.14040715,
        0.14020100000000002,
        0.139784023
      ],
      "memory_usage_byte": [
        52416512,
        52416512,
        52416512,
        52416512,
        52416512,
        52416512,
        52416512,
        52416512,
        52416512,
        52416512
      ],
      "exit_codes": [
        1,
        1,
        1,
        1,
        1,
        1,
        1,
        1,
        1,
        1
      ]
    }
  ]
}
