{
  "results": [
    {
      "command": "mado",
      "mean": 0.0723397954,
      "stddev": 0.003244903515759213,
      "median": 0.07050471900000001,
      "user": 0.11690750000000001,
      "system": 0.0204991,
      "min": 0.069235301,
      "max": 0.07824734800000001,
      "times": [
        0.07824734800000001,
        0.074901881,
        0.07515173600000001,
        0.06976850300000001,
        0.07541607800000001,
        0.06947360400000001,
        0.070252775,
        0.070194065,
        0.07075666300000001,
        0.069235301
      ],
      "memory_usage_byte": [
        29847552,
        31420416,
        31420416,
        31420416,
        31420416,
        31420416,
        31420416,
        31420416,
        31420416,
        31420416
      ],
      "exit_codes": [
        1,
        1,
        1,
        1,
        1,
        1,
        1,
        1,
        1,
        1
      ]
    },
    {
      "command": "rumdl",
      "mean": 0.3851016943,
      "stddev": 0.030404704423499674,
      "median": 0.3736043805,
      "user": 1.1255728,
      "system": 0.0756065,
      "min": 0.364890408,
      "max": 0.46530792200000004,
      "times": [
        0.37218322800000003,
        0.37143642800000004,
        0.364890408,
        0.376065284,
        0.46530792200000004,
        0.370195527,
        0.383992539,
        0.36702898,
        0.375025533,
        0.404891094
      ],
      "memory_usage_byte": [
        53448704,
        53448704,
        53448704,
        53448704,
        53448704,
        54308864,
        54308864,
        54308864,
        54308864,
        54308864
      ],
      "exit_codes": [
        1,
        1,
        1,
        1,
        1,
        1,
        1,
        1,
        1,
        1
      ]
    },
    {
      "command": "panache",
      "mean": 0.7484314590000001,
      "stddev": 0.07797496532880407,
      "median": 0.7895132585,
      "user": 2.2948915,
      "system": 0.15049339999999997,
      "min": 0.654662046,
      "max": 0.8293902860000001,
      "times": [
        0.669405208,
        0.81016052,
        0.654662046,
        0.8293902860000001,
        0.810834649,
        0.6549801160000001,
        0.658784875,
        0.806360313,
        0.7726662040000001,
        0.8170703730000001
      ],
      "memory_usage_byte": [
        54308864,
        54308864,
        54308864,
        54308864,
        54308864,
        54308864,
        54308864,
        54308864,
        54308864,
        54308864
      ],
      "exit_codes": [
        0,
        0,
        0,
        0,
        0,
        0,
        0,
        0,
        0,
        0
      ]
    },
    {
      "command": "gomarklint",
      "mean": 0.0654812666,
      "stddev": 0.011978408540335094,
      "median": 0.062260558,
      "user": 0.1407146,
      "system": 0.026326900000000004,
      "min": 0.054844789000000005,
      "max": 0.08730344000000001,
      "times": [
        0.079242507,
        0.055334847000000006,
        0.054865764000000004,
        0.068431515,
        0.08730344000000001,
        0.074580095,
        0.05520868,
        0.056089601,
        0.054844789000000005,
        0.06891142800000001
      ],
      "memory_usage_byte": [
        54308864,
        54308864,
        54308864,
        54308864,
        54308864,
        54308864,
        54308864,
        54308864,
        54308864,
        54308864
      ],
      "exit_codes": [
        1,
        1,
        1,
        1,
        1,
        1,
        1,
        1,
        1,
        1
      ]
    },
    {
      "command": "mdsmith-gomarklint-parity",
      "mean": 0.0835196066,
      "stddev": 0.004606244226643949,
      "median": 0.08322887550000001,
      "user": 0.20645699999999997,
      "system": 0.0330199,
      "min": 0.077101258,
      "max": 0.093092439,
      "times": [
        0.077680654,
        0.081777604,
        0.08707194800000001,
        0.077101258,
        0.08537763500000001,
        0.08335848500000001,
        0.08484155800000001,
        0.083099266,
        0.093092439,
        0.081795219
      ],
      "memory_usage_byte": [
        54308864,
        54308864,
        54308864,
        54308864,
        54308864,
        54308864,
        54308864,
        54308864,
        54308864,
        54308864
      ],
      "exit_codes": [
        1,
        1,
        1,
        1,
        1,
        1,
        1,
        1,
        1,
        1
      ]
    },
    {
      "command": "mdsmith-mado-parity",
      "mean": 0.08297055960000001,
      "stddev": 0.0057866608582992,
      "median": 0.081931907,
      "user": 0.2059458,
      "system": 0.032680400000000005,
      "min": 0.07580252700000001,
      "max": 0.091103364,
      "times": [
        0.076018631,
        0.08607519000000001,
        0.07814628200000001,
        0.081194165,
        0.07580252700000001,
        0.07954119500000001,
        0.08266964900000001,
        0.089190328,
        0.091103364,
        0.089964265
      ],
      "memory_usage_byte": [
        54308864,
        54308864,
        54308864,
        54308864,
        54308864,
        54308864,
        54308864,
        54308864,
        54308864,
        54308864
      ],
      "exit_codes": [
        1,
        1,
        1,
        1,
        1,
        1,
        1,
        1,
        1,
        1
      ]
    },
    {
      "command": "mdsmith-rumdl-parity",
      "mean": 0.10136423890000001,
      "stddev": 0.003493927171878706,
      "median": 0.1005954775,
      "user": 0.2694656,
      "system": 0.0348383,
      "min": 0.097023229,
      "max": 0.108347144,
      "times": [
        0.108347144,
        0.098259912,
        0.103027852,
        0.098755481,
        0.10469436200000001,
        0.10348375000000001,
        0.098859704,
        0.097023229,
        0.100507129,
        0.100683826
      ],
      "memory_usage_byte": [
        54308864,
        54308864,
        54308864,
        54308864,
        54308864,
        54308864,
        54308864,
        54308864,
        54308864,
        54308864
      ],
      "exit_codes": [
        1,
        1,
        1,
        1,
        1,
        1,
        1,
        1,
        1,
        1
      ]
    },
    {
      "command": "mdsmith-markdownlint-parity",
      "mean": 0.1053075474,
      "stddev": 0.005545518549433248,
      "median": 0.104802431,
      "user": 0.26812969999999997,
      "system": 0.0369374,
      "min": 0.09747211300000001,
      "max": 0.116904165,
      "times": [
        0.10877178400000001,
        0.10571504500000001,
        0.10733086,
        0.09916282000000001,
        0.10388981700000001,
        0.10846296700000001,
        0.10192885800000001,
        0.103437045,
        0.09747211300000001,
        0.116904165
      ],
      "memory_usage_byte": [
        54308864,
        54308864,
        54308864,
        54308864,
        54308864,
        54308864,
        54308864,
        54308864,
        54308864,
        54308864
      ],
      "exit_codes": [
        1,
        1,
        1,
        1,
        1,
        1,
        1,
        1,
        1,
        1
      ]
    },
    {
      "command": "mdsmith",
      "mean": 0.20827731920000003,
      "stddev": 0.006345332306189046,
      "median": 0.2065561525,
      "user": 0.5705559,
      "system": 0.0737907,
      "min": 0.201553376,
      "max": 0.21981919800000002,
      "times": [
        0.207121727,
        0.21981919800000002,
        0.20339410400000002,
        0.20523006300000002,
        0.207043935,
        0.20606837,
        0.201553376,
        0.218803628,
        0.210631541,
        0.20310725000000002
      ],
      "memory_usage_byte": [
        54308864,
        54513664,
        54513664,
        54513664,
        54513664,
        54513664,
        54513664,
        54513664,
        54513664,
        54513664
      ],