{
  "results": [
    {
      "command": "markdownlint-cli2",
      "mean": 3.1456960325,
      "stddev": 0.09006316294434241,
      "median": 3.1076521735,
      "user": 4.7825413333333335,
      "system": 0.2719878333333333,
      "min": 3.071191366,
      "max": 3.281222741,
      "times": [
        3.071191366,
        3.281222741,
        3.076039994,
        3.136926988,
        3.230417747,
        3.078377359
      ],
      "memory_usage_byte": [
        382746624,
        382746624,
        382746624,
        382746624,
        382746624,
        382746624
      ],
      "exit_codes": [
        1,
        1,
        1,
        1,
        1,
        1
      ]
    }
  ]
}
