{
  "results": [
    {
      "command": "markdownlint-cli2",
      "mean": 4.802700331666666,
      "stddev": 0.12593348419257286,
      "median": 4.7558168535,
      "user": 7.233284333333333,
      "system": 0.40756333333333333,
      "min": 4.697542169,
      "max": 5.039907913,
      "times": [
        5.039907913,
        4.841433671,
        4.697542169,
        4.747369663,
        4.72568453,
        4.764264044
      ],
      "memory_usage_byte": [
        387772416,
        387772416,
        387772416,
        387772416,
        387772416,
        387772416
      ],
      "exit_codes": [
        1,
        1,
        1,
        1,
        1,
        1
      ]
    }
  ]
}
