{
  "results": [
    {
      "command": "mado",
      "mean": 0.0466326972,
      "stddev": 0.002429259465400827,
      "median": 0.045940312500000004,
      "user": 0.07066049999999999,
      "system": 0.015254199999999999,
      "min": 0.045253791,
      "max": 0.053510251,
      "times": [
        0.053510251,
        0.045826027000000005,
        0.046032666,
        0.045959757000000004,
        0.045854178,
        0.045253791,
        0.045920868000000004,
        0.04596233,
        0.045788901,
        0.046218203000000006
      ],
      "memory_usage_byte": [
        29106176,
        29106176,
        29114368,
        29114368,
        29114368,
        29114368,
        29114368,
        29175808,
        29175808,
        29175808
      ],
      "exit_codes": [
        1,
        1,
        1,
        1,
        1,
        1,
        1,
        1,
        1,
        1
      ]
    },
    {
      "command": "rumdl",
      "mean": 0.2251243799,
      "stddev": 0.0038710434340272996,
      "median": 0.22498107650000002,
      "user": 0.6725704,
      "system": 0.0581353,
      "min": 0.22112926500000002,
      "max": 0.23315702600000002,
      "times": [
        0.228691527,
        0.221180862,
        0.22210712800000001,
        0.225863627,
        0.22409852600000002,
        0.22112926500000002,
        0.22181182600000002,
        0.226778265,
        0.23315702600000002,
        0.226425747
      ],
      "memory_usage_byte": [
        49332224,
        49332224,
        49332224,
        50438144,
        50438144,
        51638272,
        51638272,
        51638272,
        51638272,
        52998144
      ],
      "exit_codes": [
        1,
        1,
        1,
        1,
        1,
        1,
        1,
        1,
        1,
        1
      ]
    },
    {
      "command": "panache",
      "mean": 0.4328192274,
      "stddev": 0.03411990366441197,
      "median": 0.4166589405000001,
      "user": 1.4766632999999998,
      "system": 0.11473199999999999,
      "min": 0.41574152600000003,
      "max": 0.49935838000000005,
      "times": [
        0.41574152600000003,
        0.495691955,
        0.41768330000000004,
        0.415933873,
        0.41654739100000004,
        0.41626047000000005,
        0.49935838000000005,
        0.41677049000000005,
        0.417672859,
        0.41653203000000005
      ],
      "memory_usage_byte": [
        52998144,
        52998144,
        52998144,
        52998144,
        52998144,
        52998144,
        52998144,
        52998144,
        52998144,
        52998144
      ],
      "exit_codes": [
        0,
        0,
        0,
        0,
        0,
        0,
        0,
        0,
        0,
        0
      ]
    },
    {
      "command": "mdsmith-parity",
      "mean": 0.08212260350000002,
      "stddev": 0.0008178622381127021,
      "median": 0.08190673100000001,
      "user": 0.23914929999999995,
      "system": 0.0278736,
      "min": 0.08109996600000001,
      "max": 0.083508445,
      "times": [
        0.083307712,
        0.083508445,
        0.08109996600000001,
        0.082771234,
        0.08193148800000001,
        0.08219217200000001,
        0.08188197400000001,
        0.08156524700000001,
        0.08152089900000001,
        0.081446898
      ],
      "memory_usage_byte": [
        52998144,
        59568128,
        59568128,
        59568128,
        59568128,
        59568128,
        59568128,
        59568128,
        59568128,
        59568128
      ],
      "exit_codes": [
        1,
        1,
        1,
        1,
        1,
        1,
        1,
        1,
        1,
        1
      ]
    },
    {
      "command": "mdsmith",
      "mean": 0.360262426,
      "stddev": 0.008159556194062225,
      "median": 0.36068512100000005,
      "user": 0.7720646,
      "system": 0.4249514,
      "min": 0.349323685,
      "max": 0.371810487,
      "times": [
        0.37131484000000003,
        0.361484218,
        0.371810487,
        0.349323685,
        0.360252132,
        0.350397614,
        0.355299079,
        0.36785679800000004,
        0.36111811000000005,
        0.35376729700000004
      ],
      "memory_usage_byte": [
        83316736,
        83316736,
        83316736,
        83316736,
        83316736,
        83316736,
        83316736,
        83316736,
        83316736,
        83316736
      ],
      "exit_codes": [
        1,
        1,
        1,
        1,
        1,
        1,
        1,
        1,
        1,
        1
      ]
    }
  ]
}
