{
  "results": [
    {
      "command": "mado",
      "mean": 0.0483055516,
      "stddev": 0.0027063910594188876,
      "median": 0.0467700095,
      "user": 0.07686889999999999,
      "system": 0.0083106,
      "min": 0.04612438,
      "max": 0.052895584,
      "times": [
        0.051893591,
        0.046947914,
        0.052895584,
        0.046592105,
        0.046190163000000006,
        0.04612438,
        0.046497438,
        0.046358517,
        0.047965292,
        0.051590532
      ],
      "memory_usage_byte": [
        31387648,
        31387648,
        31387648,
        31387648,
        31387648,
        31387648,
        31387648,
        31387648,
        31387648,
        31387648
      ],
      "exit_codes": [
        1,
        1,
        1,
        1,
        1,
        1,
        1,
        1,
        1,
        1
      ]
    },
    {
      "command": "rumdl",
      "mean": 0.1960430201,
      "stddev": 0.001143990167584928,
      "median": 0.196056736,
      "user": 0.6526862,
      "system": 0.03565890000000001,
      "min": 0.194664062,
      "max": 0.198166261,
      "times": [
        0.19507848200000003,
        0.194664062,
        0.195558274,
        0.19655519800000001,
        0.19709609,
        0.198166261,
        0.194789085,
        0.19666734800000002,
        0.19657709,
        0.195278311
      ],
      "memory_usage_byte": [
        48431104,
        48431104,
        48431104,
        48431104,
        53043200,
        53043200,
        53043200,
        53043200,
        53043200,
        53043200
      ],
      "exit_codes": [
        1,
        1,
        1,
        1,
        1,
        1,
        1,
        1,
        1,
        1
      ]
    },
    {
      "command": "panache",
      "mean": 0.5574575042000001,
      "stddev": 0.014741852749994313,
      "median": 0.560852078,
      "user": 1.597492,
      "system": 0.0539938,
      "min": 0.528960799,
      "max": 0.577061063,
      "times": [
        0.528960799,
        0.5606709630000001,
        0.5672727390000001,
        0.559956212,
        0.577061063,
        0.5556144040000001,
        0.5626787360000001,
        0.561033193,
        0.566645767,
        0.534681166
      ],
      "memory_usage_byte": [
        53043200,
        53043200,
        53043200,
        53043200,
        53043200,
        53043200,
        53043200,
        53043200,
        53043200,
        53043200
      ],
      "exit_codes": [
        0,
        0,
        0,
        0,
        0,
        0,
        0,
        0,
        0,
        0
      ]
    },
    {
      "command": "gomarklint",
      "mean": 0.031984103800000004,
      "stddev": 0.0015593839555536598,
      "median": 0.031826347500000005,
      "user": 0.0723769,
      "system": 0.011947,
      "min": 0.030246376000000002,
      "max": 0.034307738000000004,
      "times": [
        0.03242154,
        0.030514298000000002,
        0.031231155000000003,
        0.034307738000000004,
        0.033898879,
        0.030246376000000002,
        0.032767948000000005,
        0.030481038000000002,
        0.033401577,
        0.030570489000000003
      ],
      "memory_usage_byte": [
        53043200,
        53043200,
        53043200,
        53043200,
        53043200,
        53043200,
        53043200,
        53043200,
        53043200,
        53043200
      ],
      "exit_codes": [
        1,
        1,
        1,
        1,
        1,
        1,
        1,
        1,
        1,
        1
      ]
    },
    {
      "command": "mdsmith-parity",
      "mean": 0.05584526320000001,
      "stddev": 0.000815962807054041,
      "median": 0.0556335435,
      "user": 0.15733800000000003,
      "system": 0.0125726,
      "min": 0.054977242,
      "max": 0.057404714,
      "times": [
        0.056802595000000004,
        0.055202043000000006,
        0.055245007000000006,
        0.055082028000000005,
        0.055412045,
        0.055855042,
        0.057404714,
        0.056378611,
        0.056093305,
        0.054977242
      ],
      "memory_usage_byte": [
        53043200,
        53043200,
        53043200,
        53043200,
        53043200,
        53043200,
        53043200,
        53043200,
        53043200,
        53043200
      ],
      "exit_codes": [
        1,
        1,
        1,
        1,
        1,
        1,
        1,
        1,
        1,
        1
      ]
    },
    {
      "command": "mdsmith",
      "mean": 0.1457829633,
      "stddev": 0.0015280470756496903,
      "median": 0.145575403,
      "user": 0.4301589,
      "system": 0.0301822,
      "min": 0.14408743400000001,
      "max": 0.14840567200000002,
      "times": [
        0.14408743400000001,
        0.14497237200000002,
        0.147004843,
        0.147553814,
        0.144516486,
        0.14633336400000002,
        0.14840567200000002,
        0.146178434,
        0.144280885,
        0.144496329
      ],
      "memory_usage_byte": [
        53043200,
        53043200,
        53043200,
        53043200,
        53043200,
        53043200,
        53043200,
        53043200,
        53043200,
        53043200
      ],
      "exit_codes": [
        1,
        1,
        1,
        1,
        1,
        1,
        1,
        1,
        1,
        1
      ]
    }
  ]
}
