{
  "results": [
    {
      "command": "mado",
      "mean": 0.04794968140000001,
      "stddev": 0.0026903409582797492,
      "median": 0.0461789685,
      "user": 0.0757957,
      "system": 0.0089447,
      "min": 0.045533343000000004,
      "max": 0.052105546,
      "times": [
        0.046262947000000006,
        0.050977983000000004,
        0.052105546,
        0.045533343000000004,
        0.045903338,
        0.045915125,
        0.04609499,
        0.050030461000000005,
        0.050946142,
        0.045726939
      ],
      "memory_usage_byte": [
        29687808,
        29687808,
        29687808,
        29687808,
        29687808,
        29687808,
        29687808,
        29687808,
        29687808,
        29687808
      ],
      "exit_codes": [
        1,
        1,
        1,
        1,
        1,
        1,
        1,
        1,
        1,
        1
      ]
    },
    {
      "command": "rumdl",
      "mean": 0.1913546823,
      "stddev": 0.003281249506617195,
      "median": 0.1905125145,
      "user": 0.617068,
      "system": 0.03883009999999999,
      "min": 0.188229888,
      "max": 0.197122292,
      "times": [
        0.190561096,
        0.197122292,
        0.19649559100000002,
        0.189324617,
        0.193568137,
        0.188229888,
        0.18847626,
        0.190463933,
        0.190860165,
        0.188444844
      ],
      "memory_usage_byte": [
        50511872,
        50511872,
        50511872,
        50511872,
        50511872,
        50511872,
        50511872,
        50946048,
        50946048,
        50946048
      ],
      "exit_codes": [
        1,
        1,
        1,
        1,
        1,
        1,
        1,
        1,
        1,
        1
      ]
    },
    {
      "command": "panache",
      "mean": 0.528161016,
      "stddev": 0.019184468165339127,
      "median": 0.5168293785,
      "user": 1.5893513,
      "system": 0.0600039,
      "min": 0.5138830400000001,
      "max": 0.5587657060000001,
      "times": [
        0.55360021,
        0.5138830400000001,
        0.514170079,
        0.516600682,
        0.517058075,
        0.554993119,
        0.5164671750000001,
        0.5587657060000001,
        0.520309044,
        0.51576303
      ],
      "memory_usage_byte": [
        50946048,
        50946048,
        50946048,
        50946048,
        50946048,
        50946048,
        50946048,
        50946048,
        50946048,
        50946048
      ],
      "exit_codes": [
        0,
        0,
        0,
        0,
        0,
        0,
        0,
        0,
        0,
        0
      ]
    },
    {
      "command": "mdsmith-parity",
      "mean": 0.1330607686,
      "stddev": 0.0023264987981369573,
      "median": 0.13254319950000001,
      "user": 0.2767665,
      "system": 0.043658999999999996,
      "min": 0.130796095,
      "max": 0.138649262,
      "times": [
        0.13473263300000002,
        0.130796095,
        0.132251736,
        0.131327527,
        0.131363835,
        0.13283466300000002,
        0.138649262,
        0.134030421,
        0.13298292,
        0.131638594
      ],
      "memory_usage_byte": [
        59830272,
        59830272,
        59875328,
        59875328,
        59875328,
        60121088,
        62074880,
        62074880,
        62074880,
        62074880
      ],
      "exit_codes": [
        1,
        1,
        1,
        1,
        1,
        1,
        1,
        1,
        1,
        1
      ]
    },
    {
      "command": "mdsmith",
      "mean": 0.2528165874,
      "stddev": 0.0019803555875024664,
      "median": 0.25257146750000004,
      "user": 0.5822333,
      "system": 0.0855794,
      "min": 0.24906729500000002,
      "max": 0.255911779,
      "times": [
        0.25277192200000004,
        0.252182261,
        0.255911779,
        0.252912876,
        0.251802582,
        0.25203379600000003,
        0.25237101300000003,
        0.255851049,
        0.24906729500000002,
        0.253261301
      ],
      "memory_usage_byte": [
        74280960,
        74371072,
        74371072,
        74371072,
        74371072,
        78454784,
        78454784,
        78454784,
        78454784,
        78454784
      ],
      "exit_codes": [
        1,
        1,
        1,
        1,
        1,
        1,
        1,
        1,
        1,
        1
      ]
    }
  ]
}
