{
  "results": [
    {
      "command": "markdownlint-cli2",
      "mean": 3.1544993303333335,
      "stddev": 0.06483626170225869,
      "median": 3.153604632,
      "user": 4.844054666666666,
      "system": 0.2555938333333333,
      "min": 3.062944002,
      "max": 3.232811524,
      "times": [
        3.206418567,
        3.232811524,
        3.117612625,
        3.062944002,
        3.118635437,
        3.188573827
      ],
      "memory_usage_byte": [
        376516608,
        384409600,
        384409600,
        384409600,
        384409600,
        384409600
      ],
      "exit_codes": [
        1,
        1,
        1,
        1,
        1,
        1
      ]
    }
  ]
}
