{
  "results": [
    {
      "command": "markdownlint-cli2",
      "mean": 3.0752228775,
      "stddev": 0.07520344922665097,
      "median": 3.0527254985,
      "user": 4.556315,
      "system": 0.3225476666666667,
      "min": 3.005766529,
      "max": 3.222312283,
      "times": [
        3.04756617,
        3.222312283,
        3.055584036,
        3.049866961,
        3.070241286,
        3.005766529
      ],
      "memory_usage_byte": [
        392810496,
        392810496,
        392810496,
        392810496,
        392810496,
        392810496
      ],
      "exit_codes": [
        1,
        1,
        1,
        1,
        1,
        1
      ]
    }
  ]
}
