{
  "results": [
    {
      "command": "markdownlint-cli2",
      "mean": 4.913348497833334,
      "stddev": 0.06636314715636049,
      "median": 4.9187421425,
      "user": 7.360908666666667,
      "system": 0.33029699999999995,
      "min": 4.823363005,
      "max": 4.9942235230000005,
      "times": [
        4.823363005,
        4.9942235230000005,
        4.948257594,
        4.889226691,
        4.965331794,
        4.85968838
      ],
      "memory_usage_byte": [
        385449984,
        385449984,
        385449984,
        391122944,
        391122944,
        391122944
      ],
      "exit_codes": [
        1,
        1,
        1,
        1,
        1,
        1
      ]
    }
  ]
}
