{
  "results": [
    {
      "command": "mado",
      "mean": 0.047786172700000004,
      "stddev": 0.0030706663712949667,
      "median": 0.0468691755,
      "user": 0.0751694,
      "system": 0.0092043,
      "min": 0.046074548,
      "max": 0.056430781000000006,
      "times": [
        0.046390908,
        0.04676724,
        0.047186473,
        0.047321495000000005,
        0.056430781000000006,
        0.046074548,
        0.046451732,
        0.046971111,
        0.046718379000000004,
        0.047549060000000004
      ],
      "memory_usage_byte": [
        29601792,
        29601792,
        31637504,
        31637504,
        31637504,
        31637504,
        31637504,
        31637504,
        31637504,
        31637504
      ],
      "exit_codes": [
        1,
        1,
        1,
        1,
        1,
        1,
        1,
        1,
        1,
        1
      ]
    },
    {
      "command": "rumdl",
      "mean": 0.19814743210000002,
      "stddev": 0.0023647404259650117,
      "median": 0.1976003675,
      "user": 0.6520301,
      "system": 0.0378731,
      "min": 0.19540731800000002,
      "max": 0.203571424,
      "times": [
        0.19639145700000002,
        0.200399756,
        0.19637400400000002,
        0.197804423,
        0.19739631200000002,
        0.197126038,
        0.198749156,
        0.19540731800000002,
        0.198254433,
        0.203571424
      ],
      "memory_usage_byte": [
        49446912,
        49446912,
        49446912,
        50253824,
        50253824,
        50253824,
        50253824,
        50253824,
        50253824,
        50311168
      ],
      "exit_codes": [
        1,
        1,
        1,
        1,
        1,
        1,
        1,
        1,
        1,
        1
      ]
    },
    {
      "command": "panache",
      "mean": 0.5558746751000001,
      "stddev": 0.017312801106441365,
      "median": 0.5642587425000001,
      "user": 1.6144140999999999,
      "system": 0.0544327,
      "min": 0.530408442,
      "max": 0.571330365,
      "times": [
        0.5324080520000001,
        0.530408442,
        0.5665844710000001,
        0.5659470120000001,
        0.571330365,
        0.5305607560000001,
        0.570704026,
        0.562286142,
        0.56356591,
        0.564951575
      ],
      "memory_usage_byte": [
        50311168,
        50311168,
        50311168,
        50311168,
        50311168,
        50311168,
        50311168,
        50311168,
        50311168,
        50311168
      ],
      "exit_codes": [
        0,
        0,
        0,
        0,
        0,
        0,
        0,
        0,
        0,
        0
      ]
    },
    {
      "command": "gomarklint",
      "mean": 0.0328203619,
      "stddev": 0.0014102307147736463,
      "median": 0.033377719,
      "user": 0.07629839999999999,
      "system": 0.011569999999999999,
      "min": 0.030748274000000003,
      "max": 0.034328202,
      "times": [
        0.03125691,
        0.033643806000000005,
        0.030748274000000003,
        0.033486862,
        0.033953032,
        0.030837499,
        0.032389215,
        0.034291243,
        0.033268576,
        0.034328202
      ],
      "memory_usage_byte": [
        50311168,
        50311168,
        50311168,
        50311168,
        50311168,
        50311168,
        50311168,
        50311168,
        50311168,
        50311168
      ],
      "exit_codes": [
        1,
        1,
        1,
        1,
        1,
        1,
        1,
        1,
        1,
        1
      ]
    },
    {
      "command": "mdsmith-parity",
      "mean": 0.057500163800000004,
      "stddev": 0.001124203488862699,
      "median": 0.057005479500000004,
      "user": 0.15988059999999998,
      "system": 0.014293499999999997,
      "min": 0.056363460000000004,
      "max": 0.059577958,
      "times": [
        0.057042106,
        0.057164646000000006,
        0.056874374000000005,
        0.056882079,
        0.059577958,
        0.05937536,
        0.056728381,
        0.05696885300000001,
        0.056363460000000004,
        0.05802442100000001
      ],
      "memory_usage_byte": [
        50311168,
        50311168,
        50311168,
        50311168,
        50311168,
        50311168,
        50311168,
        50311168,
        50311168,
        50311168
      ],
      "exit_codes": [
        1,
        1,
        1,
        1,
        1,
        1,
        1,
        1,
        1,
        1
      ]
    },
    {
      "command": "mdsmith",
      "mean": 0.1471819341,
      "stddev": 0.001398170615073807,
      "median": 0.1468810885,
      "user": 0.4303095,
      "system": 0.0343401,
      "min": 0.14577641800000002,
      "max": 0.150529304,
      "times": [
        0.146059756,
        0.14577641800000002,
        0.150529304,
        0.146722072,
        0.148426063,
        0.146619318,
        0.147040105,
        0.146157108,
        0.147254105,
        0.147235092
      ],
      "memory_usage_byte": [
        50311168,
        50311168,
        50311168,
        50311168,
        50311168,
        50311168,
        50311168,
        50311168,
        51712000,
        51712000
      ],
      "exit_codes": [
        1,
        1,
        1,
        1,
        1,
        1,
        1,
        1,
        1,
        1
      ]
    }
  ]
}
