{
  "results": [
    {
      "command": "mado",
      "mean": 0.0460571976,
      "stddev": 0.0001785923262555744,
      "median": 0.0460045435,
      "user": 0.07230089999999999,
      "system": 0.0083495,
      "min": 0.045815313,
      "max": 0.046407377,
      "times": [
        0.045815313,
        0.046064679000000004,
        0.045914962000000004,
        0.045957557,
        0.046215226000000005,
        0.046407377,
        0.045949184000000004,
        0.046022145,
        0.045986942,
        0.046238591
      ],
      "memory_usage_byte": [
        29712384,
        29712384,
        29818880,
        29818880,
        29818880,
        29818880,
        29818880,
        29818880,
        29818880,
        29818880
      ],
      "exit_codes": [
        1,
        1,
        1,
        1,
        1,
        1,
        1,
        1,
        1,
        1
      ]
    },
    {
      "command": "rumdl",
      "mean": 0.19159429700000002,
      "stddev": 0.0035583220909030855,
      "median": 0.190449363,
      "user": 0.620552,
      "system": 0.0370106,
      "min": 0.188372177,
      "max": 0.19961114700000002,
      "times": [
        0.190903429,
        0.188372177,
        0.190001938,
        0.195050581,
        0.189019705,
        0.193835366,
        0.190896788,
        0.19961114700000002,
        0.189228269,
        0.18902357
      ],
      "memory_usage_byte": [
        50032640,
        50032640,
        50032640,
        50032640,
        50032640,
        50032640,
        50032640,
        51642368,
        51642368,
        51642368
      ],
      "exit_codes": [
        1,
        1,
        1,
        1,
        1,
        1,
        1,
        1,
        1,
        1
      ]
    },
    {
      "command": "panache",
      "mean": 0.5292316487,
      "stddev": 0.008730453063574955,
      "median": 0.5325246265000001,
      "user": 1.5954044,
      "system": 0.0590167,
      "min": 0.516862507,
      "max": 0.5384730080000001,
      "times": [
        0.517720532,
        0.5384730080000001,
        0.536298444,
        0.534566289,
        0.516862507,
        0.5366108110000001,
        0.530542614,
        0.516890168,
        0.529845475,
        0.5345066390000001
      ],
      "memory_usage_byte": [
        51642368,
        51642368,
        51642368,
        51642368,
        51642368,
        51642368,
        51642368,
        51642368,
        51642368,
        51642368
      ],
      "exit_codes": [
        0,
        0,
        0,
        0,
        0,
        0,
        0,
        0,
        0,
        0
      ]
    },
    {
      "command": "mdsmith-parity",
      "mean": 0.1320549896,
      "stddev": 0.0006805657688623172,
      "median": 0.132085172,
      "user": 0.27359089999999997,
      "system": 0.04294969999999999,
      "min": 0.13126099300000002,
      "max": 0.133564321,
      "times": [
        0.13244423900000002,
        0.13224670100000002,
        0.132310748,
        0.132168012,
        0.13178320100000002,
        0.133564321,
        0.132002332,
        0.13126099300000002,
        0.131480264,
        0.131289085
      ],
      "memory_usage_byte": [
        63569920,
        63569920,
        63569920,
        63569920,
        63569920,
        63569920,
        63569920,
        63569920,
        63569920,
        63569920
      ],
      "exit_codes": [
        1,
        1,
        1,
        1,
        1,
        1,
        1,
        1,
        1,
        1
      ]
    },
    {
      "command": "mdsmith",
      "mean": 0.2510164766000001,
      "stddev": 0.0018538715988180093,
      "median": 0.250840863,
      "user": 0.569028,
      "system": 0.08899309999999998,
      "min": 0.248224979,
      "max": 0.255158584,
      "times": [
        0.255158584,
        0.251443377,
        0.251456614,
        0.251059238,
        0.25062248800000003,
        0.248224979,
        0.252313662,
        0.24953802100000003,
        0.24989049400000002,
        0.250457309
      ],
      "memory_usage_byte": [
        76718080,
        76718080,
        76718080,
        76718080,
        76718080,
        76718080,
        76718080,
        76718080,
        76718080,
        76718080
      ],
      "exit_codes": [
        1,
        1,
        1,
        1,
        1,
        1,
        1,
        1,
        1,
        1
      ]
    }
  ]
}
