{
  "results": [
    {
      "command": "mado",
      "mean": 0.0468956791,
      "stddev": 0.002267534763340305,
      "median": 0.0459655415,
      "user": 0.07488169999999998,
      "system": 0.0075306999999999995,
      "min": 0.045344476,
      "max": 0.051470166000000005,
      "times": [
        0.051470166000000005,
        0.04552676,
        0.046451994,
        0.045638168,
        0.045344476,
        0.046427929,
        0.045469594,
        0.050759766000000005,
        0.046292915000000004,
        0.045575023000000006
      ],
      "memory_usage_byte": [
        29548544,
        29548544,
        29650944,
        29650944,
        29650944,
        29650944,
        29650944,
        29650944,
        29650944,
        29913088
      ],
      "exit_codes": [
        1,
        1,
        1,
        1,
        1,
        1,
        1,
        1,
        1,
        1
      ]
    },
    {
      "command": "rumdl",
      "mean": 0.18990779000000002,
      "stddev": 0.0026213998772201858,
      "median": 0.189261221,
      "user": 0.6198558000000001,
      "system": 0.0373566,
      "min": 0.18667307500000002,
      "max": 0.193970143,
      "times": [
        0.189651451,
        0.19309098000000002,
        0.18827622100000002,
        0.19316939200000002,
        0.18985327800000001,
        0.193970143,
        0.18702385300000002,
        0.18887099100000002,
        0.188498516,
        0.18667307500000002
      ],
      "memory_usage_byte": [
        50823168,
        50823168,
        50823168,
        50823168,
        50823168,
        50823168,
        50823168,
        50823168,
        50823168,
        50823168
      ],
      "exit_codes": [
        1,
        1,
        1,
        1,
        1,
        1,
        1,
        1,
        1,
        1
      ]
    },
    {
      "command": "panache",
      "mean": 0.5389637857000001,
      "stddev": 0.019128889900512813,
      "median": 0.5523464880000001,
      "user": 1.5679830999999997,
      "system": 0.062492199999999984,
      "min": 0.514743619,
      "max": 0.554749043,
      "times": [
        0.5173364970000001,
        0.5510697640000001,
        0.5536232120000001,
        0.515530875,
        0.553724565,
        0.554598202,
        0.5545968800000001,
        0.514743619,
        0.554749043,
        0.5196652
      ],
      "memory_usage_byte": [
        50823168,
        50823168,
        50823168,
        50823168,
        50823168,
        50823168,
        50823168,
        50823168,
        50823168,
        50823168
      ],
      "exit_codes": [
        0,
        0,
        0,
        0,
        0,
        0,
        0,
        0,
        0,
        0
      ]
    },
    {
      "command": "gomarklint",
      "mean": 0.029870398500000006,
      "stddev": 0.0014103022723411097,
      "median": 0.029809644500000003,
      "user": 0.0720702,
      "system": 0.012890099999999998,
      "min": 0.027823393000000002,
      "max": 0.032263701,
      "times": [
        0.029752740000000003,
        0.032263701,
        0.029906498000000004,
        0.029763187000000003,
        0.032084411,
        0.029860374000000002,
        0.029083397,
        0.028310182000000003,
        0.029856102000000002,
        0.027823393000000002
      ],
      "memory_usage_byte": [
        50823168,
        50823168,
        50823168,
        50823168,
        50823168,
        50823168,
        50823168,
        50823168,
        50823168,
        50823168
      ],
      "exit_codes": [
        1,
        1,
        1,
        1,
        1,
        1,
        1,
        1,
        1,
        1
      ]
    },
    {
      "command": "mdsmith-parity",
      "mean": 0.0485381854,
      "stddev": 0.0004434844322957809,
      "median": 0.04849392,
      "user": 0.1421121,
      "system": 0.0128767,
      "min": 0.047799869,
      "max": 0.049237661,
      "times": [
        0.0485369,
        0.048259667000000006,
        0.048450940000000005,
        0.048883416000000006,
        0.049137835000000005,
        0.047799869,
        0.049237661,
        0.048325741000000005,
        0.048566394000000006,
        0.048183431000000006
      ],
      "memory_usage_byte": [
        50823168,
        50823168,
        50823168,
        50823168,
        50823168,
        50823168,
        50823168,
        50823168,
        50823168,
        50823168
      ],
      "exit_codes": [
        1,
        1,
        1,
        1,
        1,
        1,
        1,
        1,
        1,
        1
      ]
    },
    {
      "command": "mdsmith",
      "mean": 0.13568026500000002,
      "stddev": 0.0011369167713430567,
      "median": 0.135901634,
      "user": 0.40601279999999995,
      "system": 0.0342591,
      "min": 0.133940007,
      "max": 0.13721355200000002,
      "times": [
        0.134646538,
        0.136204571,
        0.134377126,
        0.13718870800000002,
        0.135067783,
        0.13636109700000001,
        0.13721355200000002,
        0.13589880000000001,
        0.133940007,
        0.135904468
      ],
      "memory_usage_byte": [
        51466240,
        51466240,
        51466240,
        51675136,
        51675136,
        51675136,
        51675136,
        51675136,
        51675136,
        51675136
      ],
      "exit_codes": [
        1,
        1,
        1,
        1,
        1,
        1,
        1,
        1,
        1,
        1
      ]
    }
  ]
}
