{
  "results": [
    {
      "command": "markdownlint-cli2",
      "mean": 4.482273468833333,
      "stddev": 0.054245151868217024,
      "median": 4.491723164,
      "user": 6.799517666666666,
      "system": 0.3188525,
      "min": 4.413431165,
      "max": 4.540923943,
      "times": [
        4.518888907,
        4.540923943,
        4.464557421,
        4.413431165,
        4.527118683,
        4.428720694
      ],
      "memory_usage_byte": [
        386723840,
        386723840,
        393007104,
        393007104,
        393007104,
        393007104
      ],
      "exit_codes": [
        1,
        1,
        1,
        1,
        1,
        1
      ]
    }
  ]
}
