{
  "results": [
    {
      "command": "mado",
      "mean": 0.048001771,
      "stddev": 0.0025950929749584454,
      "median": 0.04645553250000001,
      "user": 0.0783181,
      "system": 0.006754700000000001,
      "min": 0.045675447,
      "max": 0.051788293000000006,
      "times": [
        0.051267585000000004,
        0.049196534,
        0.045836039,
        0.046455564000000005,
        0.045879389,
        0.046111956,
        0.051788293000000006,
        0.045675447,
        0.051351402000000004,
        0.046455501
      ],
      "memory_usage_byte": [
        33497088,
        33497088,
        33497088,
        33497088,
        33497088,
        33497088,
        33497088,
        33632256,
        33632256,
        33632256
      ],
      "exit_codes": [
        1,
        1,
        1,
        1,
        1,
        1,
        1,
        1,
        1,
        1
      ]
    },
    {
      "command": "rumdl",
      "mean": 0.19832701830000002,
      "stddev": 0.0016859980281067335,
      "median": 0.19776496100000002,
      "user": 0.6570443,
      "system": 0.03660719999999999,
      "min": 0.19699033100000002,
      "max": 0.20226227900000002,
      "times": [
        0.20226227900000002,
        0.19798696300000002,
        0.197642647,
        0.19704027600000001,
        0.197887275,
        0.20040131500000002,
        0.19731398900000002,
        0.19699033100000002,
        0.19761255200000002,
        0.19813255600000002
      ],
      "memory_usage_byte": [
        49819648,
        49819648,
        49819648,
        49819648,
        49819648,
        49819648,
        49819648,
        49819648,
        49917952,
        49917952
      ],
      "exit_codes": [
        1,
        1,
        1,
        1,
        1,
        1,
        1,
        1,
        1,
        1
      ]
    },
    {
      "command": "panache",
      "mean": 0.5573137463,
      "stddev": 0.014465225238387032,
      "median": 0.5640393405,
      "user": 1.6112081999999996,
      "system": 0.055523699999999995,
      "min": 0.525704332,
      "max": 0.567085189,
      "times": [
        0.566255075,
        0.5641632280000001,
        0.563682386,
        0.563915453,
        0.564269288,
        0.525704332,
        0.557729408,
        0.535557881,
        0.567085189,
        0.564775223
      ],
      "memory_usage_byte": [
        49917952,
        49917952,
        49917952,
        49917952,
        49917952,
        49917952,
        49917952,
        49917952,
        49917952,
        49917952
      ],
      "exit_codes": [
        0,
        0,
        0,
        0,
        0,
        0,
        0,
        0,
        0,
        0
      ]
    },
    {
      "command": "gomarklint",
      "mean": 0.0315853982,
      "stddev": 0.0024012250926809474,
      "median": 0.0306277385,
      "user": 0.07338579999999999,
      "system": 0.0140475,
      "min": 0.029399073,
      "max": 0.035748941,
      "times": [
        0.034855353000000006,
        0.03429428,
        0.029701230000000002,
        0.029399073,
        0.03079327,
        0.030771228,
        0.030484249,
        0.035748941,
        0.030034525000000003,
        0.029771833
      ],
      "memory_usage_byte": [
        49917952,
        49917952,
        49917952,
        49917952,
        49917952,
        49917952,
        49917952,
        49917952,
        49917952,
        49917952
      ],
      "exit_codes": [
        1,
        1,
        1,
        1,
        1,
        1,
        1,
        1,
        1,
        1
      ]
    },
    {
      "command": "mdsmith-gomarklint-parity",
      "mean": 0.043002691600000004,
      "stddev": 0.0017212029583315131,
      "median": 0.042539527,
      "user": 0.12366119999999999,
      "system": 0.0147143,
      "min": 0.041204782,
      "max": 0.047125711,
      "times": [
        0.042063063000000005,
        0.043344047000000004,
        0.047125711,
        0.042421275,
        0.041204782,
        0.044140247,
        0.041345055000000006,
        0.042657779,
        0.042194069,
        0.043530888000000004
      ],
      "memory_usage_byte": [
        49917952,
        49917952,
        49917952,
        49917952,
        49917952,
        49917952,
        49917952,
        49917952,
        49917952,
        49917952
      ],
      "exit_codes": [
        1,
        1,
        1,
        1,
        1,
        1,
        1,
        1,
        1,
        1
      ]
    },
    {
      "command": "mdsmith-mado-parity",
      "mean": 0.0545809604,
      "stddev": 0.003982332412067531,
      "median": 0.053965980000000004,
      "user": 0.1381172,
      "system": 0.0179118,
      "min": 0.050756060000000006,
      "max": 0.061710927000000006,
      "times": [
        0.050980185000000004,
        0.052611703,
        0.055320257000000005,
        0.056759975000000004,
        0.050788030000000005,
        0.051193947000000004,
        0.061710927000000006,
        0.055848038,
        0.050756060000000006,
        0.059840482
      ],
      "memory_usage_byte": [
        49917952,
        49917952,
        49917952,
        49917952,
        49917952,
        49917952,
        49917952,
        49917952,
        49917952,
        49917952
      ],
      "exit_codes": [
        1,
        1,
        1,
        1,
        1,
        1,
        1,
        1,
        1,
        1
      ]
    },
    {
      "command": "mdsmith-rumdl-parity",
      "mean": 0.06835540130000001,
      "stddev": 0.0029569751569334065,
      "median": 0.0672919235,
      "user": 0.1839483,
      "system": 0.019148599999999998,
      "min": 0.065420475,
      "max": 0.07364446200000001,
      "times": [
        0.07095027500000001,
        0.066459606,
        0.066048805,
        0.06565641800000001,
        0.065420475,
        0.072141921,
        0.07364446200000001,
        0.068124241,
        0.06887623200000001,
        0.066231578
      ],
      "memory_usage_byte": [
        49917952,
        49917952,
        49917952,
        49917952,
        49917952,
        49917952,
        49917952,
        49917952,
        49917952,
        49917952
      ],
      "exit_codes": [
        1,
        1,
        1,
        1,
        1,
        1,
        1,
        1,
        1,
        1
      ]
    },
    {
      "command": "mdsmith-markdownlint-parity",
      "mean": 0.0665890479,
      "stddev": 0.003014793686104882,
      "median": 0.0657624965,
      "user": 0.18435929999999998,
      "system": 0.015234599999999997,
      "min": 0.063463563,
      "max": 0.072209388,
      "times": [
        0.06535845700000001,
        0.066166536,
        0.063832464,
        0.06406297700000001,
        0.070504578,
        0.069086116,
        0.063463563,
        0.072209388,
        0.06480923100000001,
        0.066397169
      ],
      "memory_usage_byte": [
        49917952,
        49917952,
        49917952,
        49917952,
        49917952,
        49917952,
        49917952,
        49917952,
        49917952,
        49917952
      ],
      "exit_codes": [
        1,
        1,
        1,
        1,
        1,
        1,
        1,
        1,
        1,
        1
      ]
    },
    {
      "command": "mdsmith",
      "mean": 0.1456145,
      "stddev": 0.00280648577385028,
      "median": 0.145278917,
      "user": 0.4241966,
      "system": 0.0335462,
      "min": 0.14233088700000002,
      "max": 0.14940355500000002,
      "times": [
        0.145040696,
        0.1493324,
        0.142448356,
        0.148018816,
        0.143334719,
        0.14940355500000002,
        0.14233088700000002,
        0.147645453,
        0.14307298000000002,
        0.14551713800000002
      ],
      "memory_usage_byte": [
        51638272,
        51638272,
        51638272,
        51638272,
        51638272,
        51638272,
        51638272,
        51638272,
        51638272,
        51638272
      ],