{
  "results": [
    {
      "command": "markdownlint-cli2",
      "mean": 4.3657577155,
      "stddev": 0.02483748524836522,
      "median": 4.3582888885,
      "user": 6.5934325,
      "system": 0.31807783333333334,
      "min": 4.339869463,
      "max": 4.406724467,
      "times": [
        4.355337022,
        4.361240755,
        4.348265707,
        4.339869463,
        4.383108879,
        4.406724467
      ],
      "memory_usage_byte": [
        384438272,
        384438272,
        384884736,
        384884736,
        384884736,
        384884736
      ],
      "exit_codes": [
        1,
        1,
        1,
        1,
        1,
        1
      ]
    }
  ]
}
