{
  "results": [
    {
      "command": "markdownlint-cli2",
      "mean": 4.766755350666666,
      "stddev": 0.07084505390986762,
      "median": 4.752738331,
      "user": 7.168809499999999,
      "system": 0.3109155,
      "min": 4.661662775,
      "max": 4.86022073,
      "times": [
        4.86022073,
        4.741937752,
        4.661662775,
        4.761355023,
        4.831234185,
        4.744121639
      ],
      "memory_usage_byte": [
        381202432,
        403193856,
        403193856,
        403193856,
        403193856,
        403193856
      ],
      "exit_codes": [
        1,
        1,
        1,
        1,
        1,
        1
      ]
    }
  ]
}
