{
  "results": [
    {
      "command": "mado",
      "mean": 0.0480991922,
      "stddev": 0.004885412999459623,
      "median": 0.046021652,
      "user": 0.0767234,
      "system": 0.0088968,
      "min": 0.04470894,
      "max": 0.060787680000000004,
      "times": [
        0.050835736000000006,
        0.045334899000000005,
        0.049725299,
        0.046451314,
        0.04470894,
        0.045331202,
        0.046267982000000006,
        0.060787680000000004,
        0.045773548000000004,
        0.045775322
      ],
      "memory_usage_byte": [
        31551488,
        31551488,
        31551488,
        31551488,
        31551488,
        31551488,
        31551488,
        31551488,
        31551488,
        31551488
      ],
      "exit_codes": [
        1,
        1,
        1,
        1,
        1,
        1,
        1,
        1,
        1,
        1
      ]
    },
    {
      "command": "rumdl",
      "mean": 0.1961519055,
      "stddev": 0.0024480331835527915,
      "median": 0.195818704,
      "user": 0.6478486999999999,
      "system": 0.034098,
      "min": 0.19300492400000002,
      "max": 0.20056872,
      "times": [
        0.19710096400000002,
        0.19483343900000002,
        0.19966655600000002,
        0.19300492400000002,
        0.196023151,
        0.19581381,
        0.193171125,
        0.195512768,
        0.19582359800000002,
        0.20056872
      ],
      "memory_usage_byte": [
        50257920,
        50294784,
        50294784,
        52637696,
        52637696,
        52637696,
        52637696,
        52637696,
        52637696,
        52637696
      ],
      "exit_codes": [
        1,
        1,
        1,
        1,
        1,
        1,
        1,
        1,
        1,
        1
      ]
    },
    {
      "command": "panache",
      "mean": 0.5547113605,
      "stddev": 0.016724705829615685,
      "median": 0.560530347,
      "user": 1.6018756999999997,
      "system": 0.05368829999999999,
      "min": 0.523944673,
      "max": 0.5714741050000001,
      "times": [
        0.560055961,
        0.523944673,
        0.5242115420000001,
        0.5610047330000001,
        0.5714741050000001,
        0.561437171,
        0.5647236990000001,
        0.5572946550000001,
        0.55660646,
        0.566360606
      ],
      "memory_usage_byte": [
        52637696,
        52637696,
        52637696,
        52637696,
        52637696,
        52637696,
        52637696,
        52637696,
        52637696,
        52637696
      ],
      "exit_codes": [
        0,
        0,
        0,
        0,
        0,
        0,
        0,
        0,
        0,
        0
      ]
    },
    {
      "command": "mdsmith-parity",
      "mean": 0.12635063529999999,
      "stddev": 0.0012251465427772813,
      "median": 0.1261259555,
      "user": 0.2877769,
      "system": 0.030966799999999996,
      "min": 0.124617244,
      "max": 0.128379931,
      "times": [
        0.12627955600000002,
        0.128379931,
        0.12713238100000002,
        0.127540453,
        0.125881986,
        0.125972355,
        0.12568593,
        0.124720757,
        0.124617244,
        0.12729576
      ],
      "memory_usage_byte": [
        52637696,
        52637696,
        52637696,
        52637696,
        52637696,
        52637696,
        52637696,
        52637696,
        52637696,
        52637696
      ],
      "exit_codes": [
        1,
        1,
        1,
        1,
        1,
        1,
        1,
        1,
        1,
        1
      ]
    },
    {
      "command": "mdsmith",
      "mean": 0.2481768449,
      "stddev": 0.0024663336319650426,
      "median": 0.24805594750000004,
      "user": 0.5979504999999999,
      "system": 0.06960030000000002,
      "min": 0.24515645900000002,
      "max": 0.252161034,
      "times": [
        0.24515645900000002,
        0.252161034,
        0.246869104,
        0.24530875700000002,
        0.24589042300000002,
        0.24811680100000003,
        0.24799509400000003,
        0.24863051100000003,
        0.25124936800000003,
        0.25039089800000003
      ],
      "memory_usage_byte": [
        69898240,
        69898240,
        69898240,
        69898240,
        69898240,
        69898240,
        69898240,
        69898240,
        69959680,
        69959680
      ],
      "exit_codes": [
        1,
        1,
        1,
        1,
        1,
        1,
        1,
        1,
        1,
        1
      ]
    }
  ]
}
