{
  "results": [
    {
      "command": "markdownlint-cli2",
      "mean": 3.2565305141666663,
      "stddev": 0.11564474462623642,
      "median": 3.305450205,
      "user": 4.947756999999999,
      "system": 0.32162466666666667,
      "min": 3.07001085,
      "max": 3.350826772,
      "times": [
        3.350826772,
        3.348970471,
        3.316422481,
        3.158474582,
        3.294477929,
        3.07001085
      ],
      "memory_usage_byte": [
        387604480,
        390561792,
        390561792,
        390561792,
        390561792,
        390561792
      ],
      "exit_codes": [
        1,
        1,
        1,
        1,
        1,
        1
      ]
    }
  ]
}
