{
  "results": [
    {
      "command": "mado",
      "mean": 0.04647452020000001,
      "stddev": 0.0006137879351049517,
      "median": 0.0464370765,
      "user": 0.07228589999999999,
      "system": 0.009214,
      "min": 0.045859364,
      "max": 0.047835029,
      "times": [
        0.046498861,
        0.046414863,
        0.045894034,
        0.045859364,
        0.047835029,
        0.04645929,
        0.046808428000000006,
        0.046047768,
        0.045950933000000006,
        0.046976632000000004
      ],
      "memory_usage_byte": [
        27992064,
        27992064,
        27992064,
        27992064,
        29642752,
        29642752,
        29691904,
        29691904,
        29691904,
        31612928
      ],
      "exit_codes": [
        1,
        1,
        1,
        1,
        1,
        1,
        1,
        1,
        1,
        1
      ]
    },
    {
      "command": "rumdl",
      "mean": 0.19188850240000002,
      "stddev": 0.002933255561899788,
      "median": 0.191637511,
      "user": 0.6241441,
      "system": 0.0396656,
      "min": 0.188680451,
      "max": 0.198501602,
      "times": [
        0.188680451,
        0.193474278,
        0.18928736300000001,
        0.193020923,
        0.189421015,
        0.193374067,
        0.191268336,
        0.189850303,
        0.198501602,
        0.192006686
      ],
      "memory_usage_byte": [
        50733056,
        50733056,
        50733056,
        50733056,
        50733056,
        50733056,
        50733056,
        50733056,
        50733056,
        50733056
      ],
      "exit_codes": [
        1,
        1,
        1,
        1,
        1,
        1,
        1,
        1,
        1,
        1
      ]
    },
    {
      "command": "panache",
      "mean": 0.5423416518,
      "stddev": 0.030334641016389902,
      "median": 0.5367167875000001,
      "user": 1.5828901999999998,
      "system": 0.063775,
      "min": 0.5156949860000001,
      "max": 0.6128739830000001,
      "times": [
        0.5228523190000001,
        0.6128739830000001,
        0.5579717590000001,
        0.555508478,
        0.5505812560000001,
        0.520789382,
        0.5172830420000001,
        0.551197014,
        0.518664299,
        0.5156949860000001
      ],
      "memory_usage_byte": [
        50733056,
        50733056,
        50733056,
        50733056,
        50733056,
        50733056,
        50733056,
        50733056,
        50733056,
        50733056
      ],
      "exit_codes": [
        0,
        0,
        0,
        0,
        0,
        0,
        0,
        0,
        0,
        0
      ]
    },
    {
      "command": "gomarklint",
      "mean": 0.0306922232,
      "stddev": 0.0007175534817239605,
      "median": 0.030531093000000002,
      "user": 0.06960049999999998,
      "system": 0.0148228,
      "min": 0.029707559,
      "max": 0.031791166,
      "times": [
        0.031080983000000003,
        0.030107663000000003,
        0.029959349000000003,
        0.031791166,
        0.030353174000000004,
        0.029707559,
        0.030709012,
        0.031639917000000004,
        0.030341988,
        0.031231421000000002
      ],
      "memory_usage_byte": [
        50733056,
        50733056,
        50733056,
        50733056,
        50733056,
        50733056,
        50733056,
        50733056,
        50733056,
        50733056
      ],
      "exit_codes": [
        1,
        1,
        1,
        1,
        1,
        1,
        1,
        1,
        1,
        1
      ]
    },
    {
      "command": "mdsmith-gomarklint-parity",
      "mean": 0.0403003187,
      "stddev": 0.0015088008275583966,
      "median": 0.0398474705,
      "user": 0.11344069999999999,
      "system": 0.014858099999999999,
      "min": 0.039088504,
      "max": 0.044335939000000005,
      "times": [
        0.039991348,
        0.039638616,
        0.040488208000000005,
        0.040562601000000004,
        0.039530602000000005,
        0.039088504,
        0.040427197000000005,
        0.039703593,
        0.044335939000000005,
        0.039236579
      ],
      "memory_usage_byte": [
        50733056,
        50733056,
        50733056,
        50733056,
        50733056,
        50733056,
        50733056,
        50733056,
        50733056,
        50733056
      ],
      "exit_codes": [
        1,
        1,
        1,
        1,
        1,
        1,
        1,
        1,
        1,
        1
      ]
    },
    {
      "command": "mdsmith-mado-parity",
      "mean": 0.049317959700000004,
      "stddev": 0.0032237732487041763,
      "median": 0.048295552500000005,
      "user": 0.12840769999999999,
      "system": 0.0154229,
      "min": 0.047420557,
      "max": 0.058191351,
      "times": [
        0.047579216,
        0.058191351,
        0.047987863000000006,
        0.047420557,
        0.048574639,
        0.050343831000000006,
        0.048178661000000005,
        0.048412444000000006,
        0.047808673,
        0.048682362
      ],
      "memory_usage_byte": [
        50733056,
        50733056,
        50733056,
        50733056,
        50733056,
        50733056,
        50733056,
        50733056,
        50733056,
        50733056
      ],
      "exit_codes": [
        1,
        1,
        1,
        1,
        1,
        1,
        1,
        1,
        1,
        1
      ]
    },
    {
      "command": "mdsmith-rumdl-parity",
      "mean": 0.06389714319999999,
      "stddev": 0.002868304779239968,
      "median": 0.06280668750000001,
      "user": 0.1710232,
      "system": 0.017851099999999998,
      "min": 0.061581741,
      "max": 0.069612688,
      "times": [
        0.062913861,
        0.06286385600000001,
        0.062749519,
        0.069612688,
        0.061581741,
        0.06893265,
        0.062981484,
        0.062523998,
        0.062666634,
        0.062145001000000005
      ],
      "memory_usage_byte": [
        50733056,
        50733056,
        50733056,
        50733056,
        50733056,
        50733056,
        50733056,
        50733056,
        50733056,
        50733056
      ],
      "exit_codes": [
        1,
        1,
        1,
        1,
        1,
        1,
        1,
        1,
        1,
        1
      ]
    },
    {
      "command": "mdsmith-markdownlint-parity",
      "mean": 0.0644456054,
      "stddev": 0.0031626760033276026,
      "median": 0.063067183,
      "user": 0.17277139999999996,
      "system": 0.015863,
      "min": 0.06062253200000001,
      "max": 0.069349941,
      "times": [
        0.062258378,
        0.068564374,
        0.06154822,
        0.06062253200000001,
        0.06305340200000001,
        0.06718834600000001,
        0.062172002000000004,
        0.069349941,
        0.063080964,
        0.06661789500000001
      ],
      "memory_usage_byte": [
        50733056,
        50733056,
        50733056,
        50733056,
        50733056,
        50733056,
        50733056,
        50733056,
        50733056,
        50733056
      ],
      "exit_codes": [
        1,
        1,
        1,
        1,
        1,
        1,
        1,
        1,
        1,
        1
      ]
    },
    {
      "command": "mdsmith",
      "mean": 0.1422179961,
      "stddev": 0.0022687130900426273,
      "median": 0.141761529,
      "user": 0.41749790000000003,
      "system": 0.034128,
      "min": 0.13918734700000002,
      "max": 0.146410544,
      "times": [
        0.146410544,
        0.14037179600000002,
        0.13918734700000002,
        0.140293738,
        0.141840293,
        0.14492991400000002,
        0.14413135300000002,
        0.14168276500000002,
        0.142111237,
        0.141220974
      ],
      "memory_usage_byte": [
        50733056,
        50733056,
        50733056,
        50733056,
        50733056,
        50733056,
        50733056,
        50733056,
        50733056,
        50733056
      ],