{
  "results": [
    {
      "command": "markdownlint-cli2",
      "mean": 4.7207244655,
      "stddev": 0.059386748194562695,
      "median": 4.7117558475,
      "user": 7.103207,
      "system": 0.31589033333333333,
      "min": 4.645233333,
      "max": 4.7894631400000005,
      "times": [
        4.731828082,
        4.691683613,
        4.787560417,
        4.7894631400000005,
        4.645233333,
        4.678578208
      ],
      "memory_usage_byte": [
        379437056,
        379437056,
        379551744,
        379551744,
        379551744,
        379551744
      ],
      "exit_codes": [
        1,
        1,
        1,
        1,
        1,
        1
      ]
    }
  ]
}
