{
  "results": [
    {
      "command": "mado",
      "mean": 0.0641210988,
      "stddev": 0.0029091796755950435,
      "median": 0.0624420185,
      "user": 0.09957429999999999,
      "system": 0.0203041,
      "min": 0.061849738,
      "max": 0.068735716,
      "times": [
        0.06228339,
        0.062057681,
        0.068092259,
        0.063166346,
        0.068735716,
        0.06806358,
        0.061849738,
        0.062093344,
        0.06260064700000001,
        0.062268287000000005
      ],
      "memory_usage_byte": [
        29065216,
        29065216,
        29065216,
        29065216,
        29065216,
        29065216,
        29065216,
        29065216,
        29065216,
        29065216
      ],
      "exit_codes": [
        1,
        1,
        1,
        1,
        1,
        1,
        1,
        1,
        1,
        1
      ]
    },
    {
      "command": "rumdl",
      "mean": 0.31661669880000004,
      "stddev": 0.009756062569445861,
      "median": 0.3151852665,
      "user": 0.9404454,
      "system": 0.076742,
      "min": 0.304232869,
      "max": 0.33584915600000004,
      "times": [
        0.32117864100000004,
        0.31391284,
        0.316620518,
        0.304232869,
        0.32865141000000003,
        0.33584915600000004,
        0.312896944,
        0.31645769300000004,
        0.306713295,
        0.309653622
      ],
      "memory_usage_byte": [
        52506624,
        52506624,
        52506624,
        52506624,
        52506624,
        52506624,
        52506624,
        52506624,
        52506624,
        52506624
      ],
      "exit_codes": [
        1,
        1,
        1,
        1,
        1,
        1,
        1,
        1,
        1,
        1
      ]
    },
    {
      "command": "panache",
      "mean": 0.6614356103000001,
      "stddev": 0.05876673996562663,
      "median": 0.6930364075,
      "user": 2.0162028999999997,
      "system": 0.14817159999999996,
      "min": 0.5835556700000001,
      "max": 0.7533388630000001,
      "times": [
        0.6100002480000001,
        0.690831513,
        0.696386292,
        0.7533388630000001,
        0.6015253190000001,
        0.592327591,
        0.6957674020000001,
        0.695381903,
        0.5835556700000001,
        0.695241302
      ],
      "memory_usage_byte": [
        52506624,
        52506624,
        52506624,
        52506624,
        52506624,
        52506624,
        52506624,
        52506624,
        52506624,
        52506624
      ],
      "exit_codes": [
        0,
        0,
        0,
        0,
        0,
        0,
        0,
        0,
        0,
        0
      ]
    },
    {
      "command": "mdsmith-parity",
      "mean": 0.1039947688,
      "stddev": 0.0005542837650994676,
      "median": 0.104001646,
      "user": 0.31245349999999994,
      "system": 0.0335361,
      "min": 0.10306461800000001,
      "max": 0.10512609,
      "times": [
        0.103772261,
        0.10364525000000001,
        0.10306461800000001,
        0.104429779,
        0.10356517000000001,
        0.104195096,
        0.104146132,
        0.10512609,
        0.10407717000000001,
        0.10392612200000001
      ],
      "memory_usage_byte": [
        52506624,
        52506624,
        52506624,
        52506624,
        52506624,
        52506624,
        52506624,
        52506624,
        52506624,
        52506624
      ],
      "exit_codes": [
        1,
        1,
        1,
        1,
        1,
        1,
        1,
        1,
        1,
        1
      ]
    },
    {
      "command": "mdsmith",
      "mean": 0.4852462368,
      "stddev": 0.03124297071464712,
      "median": 0.47294809050000003,
      "user": 1.040949,
      "system": 0.5738631,
      "min": 0.461566654,
      "max": 0.564251115,
      "times": [
        0.46671030100000005,
        0.50913724,
        0.564251115,
        0.461566654,
        0.48614561700000003,
        0.48719436800000004,
        0.47231879000000004,
        0.46690642000000004,
        0.46465447200000004,
        0.473577391
      ],
      "memory_usage_byte": [
        55840768,
        62337024,
        62337024,
        62337024,
        62337024,
        62337024,
        62337024,
        62337024,
        62337024,
        62337024
      ],
      "exit_codes": [
        1,
        1,
        1,
        1,
        1,
        1,
        1,
        1,
        1,
        1
      ]
    }
  ]
}
