{
  "results": [
    {
      "command": "markdownlint-cli2",
      "mean": 5.0841896496666665,
      "stddev": 0.16501796208115616,
      "median": 5.03038091,
      "user": 7.645207166666665,
      "system": 0.438663,
      "min": 4.933958224,
      "max": 5.315716275,
      "times": [
        5.081739528,
        5.253183989,
        5.315716275,
        4.979022292,
        4.933958224,
        4.94151759
      ],
      "memory_usage_byte": [
        405757952,
        405757952,
        418537472,
        418537472,
        418537472,
        418537472
      ],
      "exit_codes": [
        1,
        1,
        1,
        1,
        1,
        1
      ]
    }
  ]
}
