{
  "results": [
    {
      "command": "mado",
      "mean": 0.07438175910000001,
      "stddev": 0.004582704810335983,
      "median": 0.0731463885,
      "user": 0.1196798,
      "system": 0.0214145,
      "min": 0.068917328,
      "max": 0.082684665,
      "times": [
        0.071927053,
        0.07857894500000001,
        0.07436572400000001,
        0.07069217,
        0.07482804900000001,
        0.068917328,
        0.079801096,
        0.082684665,
        0.070433145,
        0.071589416
      ],
      "memory_usage_byte": [
        29683712,
        31924224,
        31924224,
        31924224,
        31924224,
        31924224,
        31924224,
        31924224,
        31924224,
        31924224
      ],
      "exit_codes": [
        1,
        1,
        1,
        1,
        1,
        1,
        1,
        1,
        1,
        1
      ]
    },
    {
      "command": "rumdl",
      "mean": 0.3684853417,
      "stddev": 0.03383533983385029,
      "median": 0.357895113,
      "user": 1.0995886999999998,
      "system": 0.0802774,
      "min": 0.348062288,
      "max": 0.461127082,
      "times": [
        0.348062288,
        0.358092095,
        0.358179707,
        0.350006545,
        0.355070855,
        0.35552937,
        0.38228130800000004,
        0.461127082,
        0.358806036,
        0.35769813100000003
      ],
      "memory_usage_byte": [
        54910976,
        54910976,
        54910976,
        54910976,
        54910976,
        54910976,
        54910976,
        54910976,
        54910976,
        54910976
      ],
      "exit_codes": [
        1,
        1,
        1,
        1,
        1,
        1,
        1,
        1,
        1,
        1
      ]
    },
    {
      "command": "panache",
      "mean": 0.7249528841999999,
      "stddev": 0.08482690991072456,
      "median": 0.6634469585,
      "user": 2.3386321999999997,
      "system": 0.1489296,
      "min": 0.656194222,
      "max": 0.833550805,
      "times": [
        0.8208972280000001,
        0.656629829,
        0.656194222,
        0.657913427,
        0.81805105,
        0.6631606160000001,
        0.658448837,
        0.663733301,
        0.833550805,
        0.820949527
      ],
      "memory_usage_byte": [
        54910976,
        54910976,
        54910976,
        54910976,
        54910976,
        54910976,
        54910976,
        54910976,
        54910976,
        54910976
      ],
      "exit_codes": [
        0,
        0,
        0,
        0,
        0,
        0,
        0,
        0,
        0,
        0
      ]
    },
    {
      "command": "gomarklint",
      "mean": 0.06972967830000001,
      "stddev": 0.011491584756886806,
      "median": 0.07068156550000002,
      "user": 0.14334009999999997,
      "system": 0.0262795,
      "min": 0.053706253,
      "max": 0.08939632600000001,
      "times": [
        0.08939632600000001,
        0.07742971600000001,
        0.057118995000000006,
        0.080272785,
        0.074675407,
        0.053706253,
        0.06928638200000001,
        0.07207674900000001,
        0.056407419,
        0.066926751
      ],
      "memory_usage_byte": [
        54910976,
        54910976,
        54910976,
        54910976,
        54910976,
        54910976,
        54910976,
        54910976,
        54910976,
        54910976
      ],
      "exit_codes": [
        1,
        1,
        1,
        1,
        1,
        1,
        1,
        1,
        1,
        1
      ]
    },
    {
      "command": "mdsmith-gomarklint-parity",
      "mean": 0.083602172,
      "stddev": 0.004835791429004795,
      "median": 0.08238230900000001,
      "user": 0.2071208,
      "system": 0.033678,
      "min": 0.077929025,
      "max": 0.09157870800000001,
      "times": [
        0.084041715,
        0.07948785200000001,
        0.08143797500000001,
        0.083326643,
        0.09157870800000001,
        0.077929025,
        0.07964322,
        0.08921574800000001,
        0.089331381,
        0.080029453
      ],
      "memory_usage_byte": [
        54910976,
        54910976,
        54910976,
        54910976,
        54910976,
        54910976,
        54910976,
        54910976,
        54910976,
        54910976
      ],
      "exit_codes": [
        1,
        1,
        1,
        1,
        1,
        1,
        1,
        1,
        1,
        1
      ]
    },
    {
      "command": "mdsmith-mado-parity",
      "mean": 0.08492483340000001,
      "stddev": 0.005681093826674251,
      "median": 0.08305830950000001,
      "user": 0.20932119999999999,
      "system": 0.0332015,
      "min": 0.078162309,
      "max": 0.09377754,
      "times": [
        0.09040511200000001,
        0.087776001,
        0.08184749200000001,
        0.084034445,
        0.080914123,
        0.07827987900000001,
        0.08208217400000001,
        0.09196925900000001,
        0.09377754,
        0.078162309
      ],
      "memory_usage_byte": [
        54910976,
        54910976,
        54910976,
        54910976,
        54910976,
        54910976,
        54910976,
        54910976,
        54910976,
        54910976
      ],
      "exit_codes": [
        1,
        1,
        1,
        1,
        1,
        1,
        1,
        1,
        1,
        1
      ]
    },
    {
      "command": "mdsmith-rumdl-parity",
      "mean": 0.10623421430000002,
      "stddev": 0.006061230159387378,
      "median": 0.1060112475,
      "user": 0.27104269999999997,
      "system": 0.033531700000000005,
      "min": 0.098018935,
      "max": 0.11904382000000001,
      "times": [
        0.102116047,
        0.107136465,
        0.101617706,
        0.101468758,
        0.108822423,
        0.107900519,
        0.11904382000000001,
        0.11133144,
        0.098018935,
        0.10488603
      ],
      "memory_usage_byte": [
        54910976,
        54910976,
        54910976,
        54910976,
        54910976,
        54910976,
        54910976,
        54910976,
        54910976,
        54910976
      ],
      "exit_codes": [
        1,
        1,
        1,
        1,
        1,
        1,
        1,
        1,
        1,
        1
      ]
    },
    {
      "command": "mdsmith-markdownlint-parity",
      "mean": 0.10009468070000001,
      "stddev": 0.0030476312616823514,
      "median": 0.10049294650000001,
      "user": 0.26580390000000004,
      "system": 0.034811499999999995,
      "min": 0.094863448,
      "max": 0.10343537200000001,
      "times": [
        0.099022364,
        0.09847815600000001,
        0.10343537200000001,
        0.103061211,
        0.103131923,
        0.100823666,
        0.09580018900000001,
        0.094863448,
        0.100162227,
        0.102168251
      ],
      "memory_usage_byte": [
        54910976,
        54910976,
        54910976,
        54910976,
        54910976,
        54910976,
        54910976,
        54910976,
        54910976,
        54910976
      ],
      "exit_codes": [
        1,
        1,
        1,
        1,
        1,
        1,
        1,
        1,
        1,
        1
      ]
    },
    {
      "command": "mdsmith",
      "mean": 0.207101333,
      "stddev": 0.004142624178420351,
      "median": 0.2073430475,
      "user": 0.567961,
      "system": 0.07459649999999998,
      "min": 0.199892704,
      "max": 0.213521452,
      "times": [
        0.199892704,
        0.20873617400000002,
        0.207109603,
        0.207576492,
        0.21066815900000002,
        0.20692068400000002,
        0.213521452,
        0.20608993,
        0.20090558800000002,
        0.20959254400000002
      ],
      "memory_usage_byte": [
        56827904,
        56827904,
        56827904,
        56827904,
        56827904,
        56827904,
        56827904,
        56827904,
        56827904,
        56827904
      ],
      "exit_codes": [
        1,
        1,
        1,
        1,
        1,
        1,
        1,
        1,
        1,
        1
      ]
    }
  ]
}
