{
  "results": [
    {
      "command": "mado",
      "mean": 0.0467141088,
      "stddev": 0.0018774764638138793,
      "median": 0.0461630465,
      "user": 0.0737516,
      "system": 0.0088487,
      "min": 0.045643865000000006,
      "max": 0.051957156000000004,
      "times": [
        0.046229676000000004,
        0.045643865000000006,
        0.045804534,
        0.051957156000000004,
        0.046690745000000006,
        0.046458863,
        0.046592883,
        0.045748843000000004,
        0.045918106,
        0.046096417
      ],
      "memory_usage_byte": [
        29851648,
        29851648,
        29851648,
        29851648,
        29851648,
        29851648,
        29941760,
        29941760,
        29941760,
        29941760
      ],
      "exit_codes": [
        1,
        1,
        1,
        1,
        1,
        1,
        1,
        1,
        1,
        1
      ]
    },
    {
      "command": "rumdl",
      "mean": 0.19607686540000002,
      "stddev": 0.002226923115785954,
      "median": 0.19563069100000002,
      "user": 0.6489809,
      "system": 0.03610409999999999,
      "min": 0.193799448,
      "max": 0.201732295,
      "times": [
        0.197148127,
        0.194109115,
        0.19594920400000002,
        0.201732295,
        0.195255842,
        0.193799448,
        0.195312178,
        0.19638049800000001,
        0.195040551,
        0.196041396
      ],
      "memory_usage_byte": [
        50675712,
        50675712,
        51179520,
        51179520,
        51179520,
        51179520,
        51179520,
        51179520,
        51179520,
        51179520
      ],
      "exit_codes": [
        1,
        1,
        1,
        1,
        1,
        1,
        1,
        1,
        1,
        1
      ]
    },
    {
      "command": "panache",
      "mean": 0.5353938713999999,
      "stddev": 0.008248072937400854,
      "median": 0.5402579750000001,
      "user": 1.6384459,
      "system": 0.05342589999999999,
      "min": 0.5243105450000001,
      "max": 0.542911761,
      "times": [
        0.542059319,
        0.526988976,
        0.542911761,
        0.541973993,
        0.5243105450000001,
        0.542858622,
        0.526279343,
        0.539571715,
        0.526040205,
        0.540944235
      ],
      "memory_usage_byte": [
        51179520,
        51179520,
        51179520,
        51179520,
        51179520,
        51179520,
        51179520,
        51179520,
        51179520,
        51179520
      ],
      "exit_codes": [
        0,
        0,
        0,
        0,
        0,
        0,
        0,
        0,
        0,
        0
      ]
    },
    {
      "command": "mdsmith-parity",
      "mean": 0.1281389662,
      "stddev": 0.0010784755420733478,
      "median": 0.1280420455,
      "user": 0.2914286,
      "system": 0.033923299999999997,
      "min": 0.12687884200000002,
      "max": 0.129938825,
      "times": [
        0.126892857,
        0.129147218,
        0.12937921900000002,
        0.128083953,
        0.12752618100000002,
        0.12687884200000002,
        0.12842875,
        0.128000138,
        0.127113679,
        0.129938825
      ],
      "memory_usage_byte": [
        59875328,
        59875328,
        59875328,
        59875328,
        59875328,
        59875328,
        60010496,
        60100608,
        60100608,
        60100608
      ],
      "exit_codes": [
        1,
        1,
        1,
        1,
        1,
        1,
        1,
        1,
        1,
        1
      ]
    },
    {
      "command": "mdsmith",
      "mean": 0.24207247010000005,
      "stddev": 0.0025302676786157726,
      "median": 0.24152222550000002,
      "user": 0.5918013,
      "system": 0.07178349999999997,
      "min": 0.24000753600000002,
      "max": 0.24835398900000002,
      "times": [
        0.242568837,
        0.24835398900000002,
        0.241908471,
        0.24000753600000002,
        0.24353797800000002,
        0.24004559900000003,
        0.24252611200000002,
        0.24058959200000002,
        0.24113598000000003,
        0.24005060700000003
      ],
      "memory_usage_byte": [
        82644992,
        82644992,
        82644992,
        82644992,
        82644992,
        82862080,
        82866176,
        82866176,
        82866176,
        82866176
      ],
      "exit_codes": [
        1,
        1,
        1,
        1,
        1,
        1,
        1,
        1,
        1,
        1
      ]
    }
  ]
}
