{
  "results": [
    {
      "command": "mado",
      "mean": 0.048808792000000004,
      "stddev": 0.003013942865554098,
      "median": 0.047873111,
      "user": 0.0773994,
      "system": 0.008799699999999999,
      "min": 0.045544476,
      "max": 0.053994275,
      "times": [
        0.045752225,
        0.052723323,
        0.053994275,
        0.051799762000000006,
        0.049021153000000005,
        0.045544476,
        0.046387797,
        0.048077865000000004,
        0.047668357,
        0.047118687000000006
      ],
      "memory_usage_byte": [
        29245440,
        33501184,
        33501184,
        33501184,
        33501184,
        33501184,
        33501184,
        33501184,
        33501184,
        33501184
      ],
      "exit_codes": [
        1,
        1,
        1,
        1,
        1,
        1,
        1,
        1,
        1,
        1
      ]
    },
    {
      "command": "rumdl",
      "mean": 0.20175336580000006,
      "stddev": 0.005004229497387091,
      "median": 0.1999848395,
      "user": 0.6652216999999999,
      "system": 0.033771800000000005,
      "min": 0.196710075,
      "max": 0.213264526,
      "times": [
        0.213264526,
        0.196710075,
        0.199541653,
        0.19866623200000003,
        0.19990312100000002,
        0.200066558,
        0.197515574,
        0.204995947,
        0.200923062,
        0.20594691
      ],
      "memory_usage_byte": [
        49917952,
        49917952,
        49917952,
        49917952,
        49917952,
        49917952,
        49917952,
        49917952,
        49917952,
        49917952
      ],
      "exit_codes": [
        1,
        1,
        1,
        1,
        1,
        1,
        1,
        1,
        1,
        1
      ]
    },
    {
      "command": "panache",
      "mean": 0.5662231231,
      "stddev": 0.02284411386528869,
      "median": 0.5732388465,
      "user": 1.6438268,
      "system": 0.05282939999999999,
      "min": 0.527604786,
      "max": 0.59079099,
      "times": [
        0.5347386000000001,
        0.58112229,
        0.567672084,
        0.527604786,
        0.5636491450000001,
        0.59079099,
        0.588626883,
        0.545712121,
        0.578805609,
        0.583508723
      ],
      "memory_usage_byte": [
        49917952,
        49917952,
        49917952,
        49917952,
        49917952,
        49917952,
        49917952,
        49917952,
        49917952,
        49917952
      ],
      "exit_codes": [
        0,
        0,
        0,
        0,
        0,
        0,
        0,
        0,
        0,
        0
      ]
    },
    {
      "command": "gomarklint",
      "mean": 0.0331046983,
      "stddev": 0.001700508957412525,
      "median": 0.0331687945,
      "user": 0.07436369999999999,
      "system": 0.013402800000000001,
      "min": 0.029347018000000002,
      "max": 0.03527148,
      "times": [
        0.033268977000000005,
        0.033068612000000004,
        0.033893814,
        0.029347018000000002,
        0.033797318,
        0.031589581,
        0.033068191000000004,
        0.035013016,
        0.03527148,
        0.032728976
      ],
      "memory_usage_byte": [
        49917952,
        49917952,
        49917952,
        49917952,
        49917952,
        49917952,
        49917952,
        49917952,
        49917952,
        49917952
      ],
      "exit_codes": [
        1,
        1,
        1,
        1,
        1,
        1,
        1,
        1,
        1,
        1
      ]
    },
    {
      "command": "mdsmith-gomarklint-parity",
      "mean": 0.0440389137,
      "stddev": 0.004281495775073942,
      "median": 0.042675632000000005,
      "user": 0.1260634,
      "system": 0.0150057,
      "min": 0.040804629,
      "max": 0.055346823,
      "times": [
        0.041152552,
        0.041846091,
        0.040804629,
        0.042048386,
        0.04244772,
        0.055346823,
        0.042903544,
        0.044651895000000004,
        0.04613279,
        0.043054707000000005
      ],
      "memory_usage_byte": [
        49917952,
        49917952,
        49917952,
        49917952,
        49917952,
        49917952,
        49917952,
        49917952,
        49917952,
        49917952
      ],
      "exit_codes": [
        1,
        1,
        1,
        1,
        1,
        1,
        1,
        1,
        1,
        1
      ]
    },
    {
      "command": "mdsmith-mado-parity",
      "mean": 0.0538123101,
      "stddev": 0.0030012790036615476,
      "median": 0.053951087,
      "user": 0.1390826,
      "system": 0.0174016,
      "min": 0.049854458000000004,
      "max": 0.059332172,
      "times": [
        0.055309643000000006,
        0.059332172,
        0.050301698000000006,
        0.055285127,
        0.052412886000000006,
        0.055687361000000005,
        0.051289479000000006,
        0.049854458000000004,
        0.05603323,
        0.052617047
      ],
      "memory_usage_byte": [
        49917952,
        49917952,
        49917952,
        49917952,
        49917952,
        49917952,
        49917952,
        49917952,
        49917952,
        49917952
      ],
      "exit_codes": [
        1,
        1,
        1,
        1,
        1,
        1,
        1,
        1,
        1,
        1
      ]
    },
    {
      "command": "mdsmith-rumdl-parity",
      "mean": 0.0682706882,
      "stddev": 0.0038865885543488813,
      "median": 0.067398984,
      "user": 0.1833937,
      "system": 0.017987499999999997,
      "min": 0.06377484700000001,
      "max": 0.076732455,
      "times": [
        0.06524036400000001,
        0.067025654,
        0.076732455,
        0.067772314,
        0.06816303500000001,
        0.071234617,
        0.07138610100000001,
        0.06487646600000001,
        0.06377484700000001,
        0.066501029
      ],
      "memory_usage_byte": [
        49917952,
        49917952,
        49917952,
        49917952,
        49917952,
        49917952,
        49917952,
        49917952,
        49917952,
        49917952
      ],
      "exit_codes": [
        1,
        1,
        1,
        1,
        1,
        1,
        1,
        1,
        1,
        1
      ]
    },
    {
      "command": "mdsmith-markdownlint-parity",
      "mean": 0.07089980139999999,
      "stddev": 0.004495112441751651,
      "median": 0.071315313,
      "user": 0.18453519999999998,
      "system": 0.019740300000000002,
      "min": 0.06559176,
      "max": 0.078953486,
      "times": [
        0.071921445,
        0.075988415,
        0.06559176,
        0.07120607300000001,
        0.078953486,
        0.066642092,
        0.06637396200000001,
        0.071424553,
        0.073801539,
        0.067094689
      ],
      "memory_usage_byte": [
        49917952,
        49917952,
        49917952,
        49917952,
        49917952,
        49917952,
        49917952,
        49917952,
        49917952,
        49917952
      ],
      "exit_codes": [
        1,
        1,
        1,
        1,
        1,
        1,
        1,
        1,
        1,
        1
      ]
    },
    {
      "command": "mdsmith",
      "mean": 0.14729154430000002,
      "stddev": 0.002585399385404465,
      "median": 0.1467807795,
      "user": 0.42751700000000004,
      "system": 0.034979699999999996,
      "min": 0.144384691,
      "max": 0.15294541,
      "times": [
        0.144800862,
        0.15294541,
        0.144384691,
        0.148652588,
        0.148285769,
        0.146906322,
        0.14908382,
        0.146379003,
        0.14665523700000002,
        0.144821741
      ],
      "memory_usage_byte": [
        49917952,
        49917952,
        49917952,
        49917952,
        49917952,
        49917952,
        49917952,
        49917952,
        49917952,
        49917952
      ],
      "exit_codes": [
        1,
        1,
        1,
        1,
        1,
        1,
        1,
        1,
        1,
        1
      ]
    }
  ]
}
