{
  "results": [
    {
      "command": "mado",
      "mean": 0.0485754383,
      "stddev": 0.0034325481428279115,
      "median": 0.046622960000000005,
      "user": 0.0770309,
      "system": 0.0090724,
      "min": 0.045395710000000006,
      "max": 0.053904440000000005,
      "times": [
        0.045594958000000005,
        0.053904440000000005,
        0.051492811000000006,
        0.051223021,
        0.045395710000000006,
        0.053144203,
        0.046769537,
        0.046476383,
        0.045774687,
        0.045978633000000005
      ],
      "memory_usage_byte": [
        29790208,
        29945856,
        29945856,
        29945856,
        29945856,
        29945856,
        29945856,
        29945856,
        29945856,
        29945856
      ],
      "exit_codes": [
        1,
        1,
        1,
        1,
        1,
        1,
        1,
        1,
        1,
        1
      ]
    },
    {
      "command": "rumdl",
      "mean": 0.20885864469999998,
      "stddev": 0.023216838834043265,
      "median": 0.19635473050000002,
      "user": 0.6466877999999999,
      "system": 0.0333384,
      "min": 0.19292387100000002,
      "max": 0.251794674,
      "times": [
        0.217815893,
        0.24915030700000002,
        0.251794674,
        0.20373008,
        0.193197359,
        0.193983134,
        0.19537298,
        0.19328166800000002,
        0.19292387100000002,
        0.197336481
      ],
      "memory_usage_byte": [
        51113984,
        51113984,
        51113984,
        51113984,
        51113984,
        52678656,
        52678656,
        52678656,
        52678656,
        52678656
      ],
      "exit_codes": [
        1,
        1,
        1,
        1,
        1,
        1,
        1,
        1,
        1,
        1
      ]
    },
    {
      "command": "panache",
      "mean": 0.5525512801000001,
      "stddev": 0.014589038911299751,
      "median": 0.5595818850000001,
      "user": 1.5941557,
      "system": 0.0537294,
      "min": 0.5250725970000001,
      "max": 0.561032866,
      "times": [
        0.559853212,
        0.5603271200000001,
        0.554487815,
        0.5584774530000001,
        0.5250725970000001,
        0.560970132,
        0.5593105580000001,
        0.560830263,
        0.525150785,
        0.561032866
      ],
      "memory_usage_byte": [
        52678656,
        52678656,
        52678656,
        52678656,
        52678656,
        52678656,
        52678656,
        52678656,
        52678656,
        52678656
      ],
      "exit_codes": [
        0,
        0,
        0,
        0,
        0,
        0,
        0,
        0,
        0,
        0
      ]
    },
    {
      "command": "gomarklint",
      "mean": 0.030901884500000004,
      "stddev": 0.0020876202168712077,
      "median": 0.030845347500000002,
      "user": 0.07533189999999998,
      "system": 0.0089278,
      "min": 0.027377040000000002,
      "max": 0.03383342,
      "times": [
        0.031746456,
        0.027377040000000002,
        0.03383342,
        0.03086488,
        0.030546820000000002,
        0.028794168000000002,
        0.030825815000000003,
        0.033133327000000004,
        0.032939982,
        0.028956937000000002
      ],
      "memory_usage_byte": [
        52678656,
        52678656,
        52678656,
        52678656,
        52678656,
        52678656,
        52678656,
        52678656,
        52678656,
        52678656
      ],
      "exit_codes": [
        1,
        1,
        1,
        1,
        1,
        1,
        1,
        1,
        1,
        1
      ]
    },
    {
      "command": "mdsmith-gomarklint-parity",
      "mean": 0.04083873350000001,
      "stddev": 0.0010505859865751381,
      "median": 0.040415398000000005,
      "user": 0.11844179999999997,
      "system": 0.014951200000000001,
      "min": 0.04005206,
      "max": 0.042937041,
      "times": [
        0.040541615,
        0.042937041,
        0.040334932000000004,
        0.04005206,
        0.040052581000000004,
        0.042633658000000005,
        0.040239745,
        0.040475731,
        0.040355065,
        0.040764907
      ],
      "memory_usage_byte": [
        52678656,
        52678656,
        52678656,
        52678656,
        52678656,
        52678656,
        52678656,
        52678656,
        52678656,
        52678656
      ],
      "exit_codes": [
        1,
        1,
        1,
        1,
        1,
        1,
        1,
        1,
        1,
        1
      ]
    },
    {
      "command": "mdsmith-mado-parity",
      "mean": 0.050418812800000004,
      "stddev": 0.002531366786433141,
      "median": 0.0490057885,
      "user": 0.13580599999999998,
      "system": 0.013695099999999998,
      "min": 0.048040535,
      "max": 0.054874358000000005,
      "times": [
        0.053961705000000006,
        0.049046125,
        0.054874358000000005,
        0.051447372000000005,
        0.048556019000000006,
        0.048040535,
        0.048965452,
        0.048326405,
        0.052315211,
        0.048654946000000004
      ],
      "memory_usage_byte": [
        52678656,
        52678656,
        52678656,
        52678656,
        52678656,
        52678656,
        52678656,
        52678656,
        52678656,
        52678656
      ],
      "exit_codes": [
        1,
        1,
        1,
        1,
        1,
        1,
        1,
        1,
        1,
        1
      ]
    },
    {
      "command": "mdsmith-rumdl-parity",
      "mean": 0.06697383500000001,
      "stddev": 0.0023787133156241793,
      "median": 0.06777854050000001,
      "user": 0.18330399999999997,
      "system": 0.015410199999999999,
      "min": 0.062551724,
      "max": 0.069334511,
      "times": [
        0.069103354,
        0.06716208600000001,
        0.064669406,
        0.068692106,
        0.069334511,
        0.065663835,
        0.068394995,
        0.062551724,
        0.064937963,
        0.06922837
      ],
      "memory_usage_byte": [
        52678656,
        52678656,
        52678656,
        52678656,
        52678656,
        52678656,
        52678656,
        52678656,
        52678656,
        52678656
      ],
      "exit_codes": [
        1,
        1,
        1,
        1,
        1,
        1,
        1,
        1,
        1,
        1
      ]
    },
    {
      "command": "mdsmith-markdownlint-parity",
      "mean": 0.06592335939999999,
      "stddev": 0.0028466980971714184,
      "median": 0.0653830695,
      "user": 0.18147979999999994,
      "system": 0.0150731,
      "min": 0.062575219,
      "max": 0.071689922,
      "times": [
        0.063273118,
        0.071689922,
        0.063556843,
        0.062575219,
        0.064583103,
        0.06426480100000001,
        0.067409183,
        0.066183036,
        0.066953101,
        0.068745268
      ],
      "memory_usage_byte": [
        52678656,
        52678656,
        52678656,
        52678656,
        52678656,
        52678656,
        52678656,
        52678656,
        52678656,
        52678656
      ],
      "exit_codes": [
        1,
        1,
        1,
        1,
        1,
        1,
        1,
        1,
        1,
        1
      ]
    },
    {
      "command": "mdsmith",
      "mean": 0.14336944280000002,
      "stddev": 0.0023816885154195272,
      "median": 0.142973174,
      "user": 0.4265551,
      "system": 0.0300643,
      "min": 0.139671596,
      "max": 0.147239595,
      "times": [
        0.142666615,
        0.14131236600000002,
        0.139671596,
        0.145796479,
        0.147239595,
        0.14120412100000002,
        0.14294484000000002,
        0.145907739,
        0.143949569,
        0.143001508
      ],
      "memory_usage_byte": [
        52678656,
        52678656,
        52678656,
        52678656,
        52678656,
        52678656,
        52678656,
        52678656,
        52678656,
        52678656
      ],