{
  "results": [
    {
      "command": "markdownlint-cli2",
      "mean": 4.978302108,
      "stddev": 0.04794034326390142,
      "median": 4.979727861000001,
      "user": 7.382912666666666,
      "system": 0.423157,
      "min": 4.908452698,
      "max": 5.049352521,
      "times": [
        5.049352521,
        4.908452698,
        4.977723635,
        4.981732087,
        4.948491231,
        5.004060476
      ],
      "memory_usage_byte": [
        380076032,
        386596864,
        386596864,
        386834432,
        386834432,
        392253440
      ],
      "exit_codes": [
        1,
        1,
        1,
        1,
        1,
        1
      ]
    }
  ]
}
