{
  "results": [
    {
      "command": "markdownlint-cli2",
      "mean": 4.966980191333334,
      "stddev": 0.06471258984754531,
      "median": 4.958966133500001,
      "user": 7.448609499999999,
      "system": 0.31462033333333334,
      "min": 4.886944823,
      "max": 5.062335872,
      "times": [
        4.926027939,
        4.9897811700000005,
        4.928151097,
        4.886944823,
        5.062335872,
        5.008640247
      ],
      "memory_usage_byte": [
        383959040,
        384610304,
        384610304,
        385716224,
        385716224,
        385716224
      ],
      "exit_codes": [
        1,
        1,
        1,
        1,
        1,
        1
      ]
    }
  ]
}
