{
  "results": [
    {
      "command": "mado",
      "mean": 0.0472658969,
      "stddev": 0.003013398377858735,
      "median": 0.046342453500000005,
      "user": 0.0749309,
      "system": 0.0084423,
      "min": 0.045815355,
      "max": 0.05578551,
      "times": [
        0.046759548000000005,
        0.045815355,
        0.046324766,
        0.045940759000000005,
        0.046280363000000005,
        0.05578551,
        0.046360141,
        0.046046035000000006,
        0.046953369,
        0.046393123
      ],
      "memory_usage_byte": [
        29736960,
        29736960,
        29765632,
        29790208,
        29818880,
        29831168,
        29831168,
        29831168,
        29831168,
        29831168
      ],
      "exit_codes": [
        1,
        1,
        1,
        1,
        1,
        1,
        1,
        1,
        1,
        1
      ]
    },
    {
      "command": "rumdl",
      "mean": 0.1951027279,
      "stddev": 0.002481197398885308,
      "median": 0.19439403,
      "user": 0.6488237,
      "system": 0.033845099999999996,
      "min": 0.192386005,
      "max": 0.201042618,
      "times": [
        0.193708825,
        0.19761388700000002,
        0.19427613500000002,
        0.194495254,
        0.201042618,
        0.19511503400000002,
        0.194292806,
        0.19457916,
        0.193517555,
        0.192386005
      ],
      "memory_usage_byte": [
        51564544,
        52740096,
        52740096,
        52740096,
        52740096,
        52740096,
        52740096,
        52740096,
        52740096,
        52740096
      ],
      "exit_codes": [
        1,
        1,
        1,
        1,
        1,
        1,
        1,
        1,
        1,
        1
      ]
    },
    {
      "command": "panache",
      "mean": 0.5387353597000001,
      "stddev": 0.007379407719628495,
      "median": 0.5418095540000001,
      "user": 1.6324243999999997,
      "system": 0.0533052,
      "min": 0.52825402,
      "max": 0.5451349010000001,
      "times": [
        0.54230518,
        0.539401659,
        0.544183447,
        0.544966511,
        0.5283684230000001,
        0.541313928,
        0.52825402,
        0.5284881770000001,
        0.5451349010000001,
        0.5449373510000001
      ],
      "memory_usage_byte": [
        52740096,
        52740096,
        52740096,
        52740096,
        52740096,
        52740096,
        52740096,
        52740096,
        52740096,
        52740096
      ],
      "exit_codes": [
        0,
        0,
        0,
        0,
        0,
        0,
        0,
        0,
        0,
        0
      ]
    },
    {
      "command": "mdsmith-parity",
      "mean": 0.1282453931,
      "stddev": 0.001497985022137738,
      "median": 0.12819640850000003,
      "user": 0.2934009999999999,
      "system": 0.028988599999999996,
      "min": 0.125481924,
      "max": 0.13079279800000002,
      "times": [
        0.13079279800000002,
        0.12809363,
        0.12846427100000002,
        0.128299187,
        0.127833955,
        0.128819224,
        0.125481924,
        0.126676634,
        0.128019191,
        0.129973117
      ],
      "memory_usage_byte": [
        61669376,
        61669376,
        61669376,
        61669376,
        61669376,
        61669376,
        61669376,
        61669376,
        61669376,
        61669376
      ],
      "exit_codes": [
        1,
        1,
        1,
        1,
        1,
        1,
        1,
        1,
        1,
        1
      ]
    },
    {
      "command": "mdsmith",
      "mean": 0.24282122829999997,
      "stddev": 0.0022596973548943845,
      "median": 0.2431915665,
      "user": 0.5872062,
      "system": 0.06679739999999999,
      "min": 0.23875419900000003,
      "max": 0.24572270000000002,
      "times": [
        0.24308537100000002,
        0.23875419900000003,
        0.245669871,
        0.24572270000000002,
        0.241531715,
        0.24298391600000002,
        0.24329776200000003,
        0.239785625,
        0.24398169900000002,
        0.243399425
      ],
      "memory_usage_byte": [
        80580608,
        82710528,
        82710528,
        82710528,
        82710528,
        82710528,
        82710528,
        82710528,
        82763776,
        82763776
      ],
      "exit_codes": [
        1,
        1,
        1,
        1,
        1,
        1,
        1,
        1,
        1,
        1
      ]
    }
  ]
}
