{
  "results": [
    {
      "command": "mado",
      "mean": 0.0467929457,
      "stddev": 0.0025165485042911917,
      "median": 0.046051817,
      "user": 0.075931,
      "system": 0.007033200000000001,
      "min": 0.044663748,
      "max": 0.051625647000000004,
      "times": [
        0.046077129,
        0.046342846,
        0.051625647000000004,
        0.046207102,
        0.045072752,
        0.051262399,
        0.045658927,
        0.044663748,
        0.046026505,
        0.044992402
      ],
      "memory_usage_byte": [
        29638656,
        29638656,
        29638656,
        29638656,
        29638656,
        29638656,
        29638656,
        29638656,
        31383552,
        31383552
      ],
      "exit_codes": [
        1,
        1,
        1,
        1,
        1,
        1,
        1,
        1,
        1,
        1
      ]
    },
    {
      "command": "rumdl",
      "mean": 0.1969776626,
      "stddev": 0.00274443201974864,
      "median": 0.196247167,
      "user": 0.652464,
      "system": 0.0380796,
      "min": 0.193500485,
      "max": 0.201099105,
      "times": [
        0.193500485,
        0.19432786100000002,
        0.201099105,
        0.194750801,
        0.195042015,
        0.195823094,
        0.199895746,
        0.19667124000000002,
        0.200319127,
        0.198347152
      ],
      "memory_usage_byte": [
        51146752,
        51146752,
        51146752,
        51146752,
        51146752,
        51146752,
        51146752,
        51146752,
        51146752,
        51146752
      ],
      "exit_codes": [
        1,
        1,
        1,
        1,
        1,
        1,
        1,
        1,
        1,
        1
      ]
    },
    {
      "command": "panache",
      "mean": 0.5432745394000001,
      "stddev": 0.018011925118920323,
      "median": 0.5437678815,
      "user": 1.6212662000000002,
      "system": 0.0521494,
      "min": 0.52321975,
      "max": 0.561807705,
      "times": [
        0.5292705480000001,
        0.5284120950000001,
        0.526912691,
        0.561807705,
        0.559647868,
        0.523693154,
        0.558265215,
        0.52321975,
        0.561729149,
        0.5597872190000001
      ],
      "memory_usage_byte": [
        51146752,
        51146752,
        51146752,
        51146752,
        51146752,
        51146752,
        51146752,
        51146752,
        51146752,
        51146752
      ],
      "exit_codes": [
        0,
        0,
        0,
        0,
        0,
        0,
        0,
        0,
        0,
        0
      ]
    },
    {
      "command": "gomarklint",
      "mean": 0.030702650200000004,
      "stddev": 0.00190509407297533,
      "median": 0.030582414000000002,
      "user": 0.0755219,
      "system": 0.0106255,
      "min": 0.027847984000000003,
      "max": 0.033783697,
      "times": [
        0.030565824000000002,
        0.030599004000000003,
        0.028010057,
        0.030108890000000003,
        0.027847984000000003,
        0.031865402,
        0.032601528000000005,
        0.031918453,
        0.029725663000000003,
        0.033783697
      ],
      "memory_usage_byte": [
        51146752,
        51146752,
        51146752,
        51146752,
        51146752,
        51146752,
        51146752,
        51146752,
        51146752,
        51146752
      ],
      "exit_codes": [
        1,
        1,
        1,
        1,
        1,
        1,
        1,
        1,
        1,
        1
      ]
    },
    {
      "command": "mdsmith-parity",
      "mean": 0.051328859799999994,
      "stddev": 0.0006764398526394235,
      "median": 0.051168172500000005,
      "user": 0.15269839999999998,
      "system": 0.0151051,
      "min": 0.050602408,
      "max": 0.052861001000000005,
      "times": [
        0.050974083,
        0.050602408,
        0.050622467000000004,
        0.052861001000000005,
        0.051101662000000006,
        0.051705631,
        0.051494556000000004,
        0.051786281,
        0.050905826,
        0.051234683
      ],
      "memory_usage_byte": [
        51146752,
        51146752,
        51146752,
        51146752,
        51146752,
        51146752,
        51146752,
        51146752,
        51146752,
        51146752
      ],
      "exit_codes": [
        1,
        1,
        1,
        1,
        1,
        1,
        1,
        1,
        1,
        1
      ]
    },
    {
      "command": "mdsmith",
      "mean": 0.14089733399999999,
      "stddev": 0.0027313169698793445,
      "median": 0.139691072,
      "user": 0.42718350000000005,
      "system": 0.033175500000000004,
      "min": 0.138143486,
      "max": 0.145407432,
      "times": [
        0.145017178,
        0.139244441,
        0.138143486,
        0.143361077,
        0.145407432,
        0.138373105,
        0.138983716,
        0.141080235,
        0.140137703,
        0.139224967
      ],
      "memory_usage_byte": [
        51789824,
        51789824,
        51789824,
        51789824,
        51789824,
        51789824,
        51789824,
        51789824,
        51789824,
        51789824
      ],
      "exit_codes": [
        1,
        1,
        1,
        1,
        1,
        1,
        1,
        1,
        1,
        1
      ]
    }
  ]
}
