{
  "results": [
    {
      "command": "markdownlint-cli2",
      "mean": 3.1387626568333338,
      "stddev": 0.13553750887966343,
      "median": 3.0822642015,
      "user": 4.7583305,
      "system": 0.3366991666666666,
      "min": 3.006939693,
      "max": 3.354465745,
      "times": [
        3.0510194840000002,
        3.092454888,
        3.255622616,
        3.006939693,
        3.354465745,
        3.072073515
      ],
      "memory_usage_byte": [
        347127808,
        382980096,
        382980096,
        382980096,
        382980096,
        382980096
      ],
      "exit_codes": [
        1,
        1,
        1,
        1,
        1,
        1
      ]
    }
  ]
}
