{
  "results": [
    {
      "command": "markdownlint-cli2",
      "mean": 5.303409680666667,
      "stddev": 0.1680009897189416,
      "median": 5.278800055,
      "user": 8.059269333333333,
      "system": 0.32084933333333326,
      "min": 5.115560469,
      "max": 5.609047641,
      "times": [
        5.115560469,
        5.329857899,
        5.251591309,
        5.306008801,
        5.208391965,
        5.609047641
      ],
      "memory_usage_byte": [
        356515840,
        358748160,
        371445760,
        377151488,
        377151488,
        398487552
      ],
      "exit_codes": [
        1,
        1,
        1,
        1,
        1,
        1
      ]
    }
  ]
}
