{
  "results": [
    {
      "command": "mado",
      "mean": 0.0708685929,
      "stddev": 0.0017718616731512437,
      "median": 0.0700037995,
      "user": 0.1120961,
      "system": 0.019598300000000003,
      "min": 0.069227145,
      "max": 0.073775822,
      "times": [
        0.07025919400000001,
        0.06993318800000001,
        0.06982273700000001,
        0.069227145,
        0.073775822,
        0.07316436100000001,
        0.073218262,
        0.070074411,
        0.069326624,
        0.069884185
      ],
      "memory_usage_byte": [
        28971008,
        28971008,
        28971008,
        28971008,
        28971008,
        28971008,
        28971008,
        28971008,
        28971008,
        28971008
      ],
      "exit_codes": [
        1,
        1,
        1,
        1,
        1,
        1,
        1,
        1,
        1,
        1
      ]
    },
    {
      "command": "rumdl",
      "mean": 0.32125806650000005,
      "stddev": 0.030742957238023758,
      "median": 0.3109328575,
      "user": 0.9097141000000001,
      "system": 0.07899669999999999,
      "min": 0.300047294,
      "max": 0.392806078,
      "times": [
        0.392806078,
        0.361088748,
        0.312917282,
        0.30383798500000003,
        0.31108435100000004,
        0.300047294,
        0.310781364,
        0.30391766600000003,
        0.315625396,
        0.300474501
      ],
      "memory_usage_byte": [
        51687424,
        51810304,
        51810304,
        51810304,
        51810304,
        51810304,
        51810304,
        51810304,
        52117504,
        52117504
      ],
      "exit_codes": [
        1,
        1,
        1,
        1,
        1,
        1,
        1,
        1,
        1,
        1
      ]
    },
    {
      "command": "panache",
      "mean": 0.6414077542000001,
      "stddev": 0.08288444157431403,
      "median": 0.6335953080000001,
      "user": 1.9493056,
      "system": 0.14003870000000002,
      "min": 0.561848515,
      "max": 0.769921018,
      "times": [
        0.5674304,
        0.565254586,
        0.568222427,
        0.561848515,
        0.698968189,
        0.562553207,
        0.7101751420000001,
        0.709571637,
        0.7001324210000001,
        0.769921018
      ],
      "memory_usage_byte": [
        52117504,
        52117504,
        52117504,
        52117504,
        52117504,
        52117504,
        52117504,
        52117504,
        52117504,
        52117504
      ],
      "exit_codes": [
        0,
        0,
        0,
        0,
        0,
        0,
        0,
        0,
        0,
        0
      ]
    },
    {
      "command": "mdsmith-parity",
      "mean": 0.10785039829999998,
      "stddev": 0.0006015367561399256,
      "median": 0.10768108400000001,
      "user": 0.32035269999999993,
      "system": 0.03336769999999999,
      "min": 0.10715767600000001,
      "max": 0.108866325,
      "times": [
        0.10884552300000001,
        0.10782074000000001,
        0.10715767600000001,
        0.108866325,
        0.10816526900000001,
        0.10761762300000001,
        0.107397978,
        0.10764887100000001,
        0.10771329700000001,
        0.107270681
      ],
      "memory_usage_byte": [
        52117504,
        52117504,
        52117504,
        52117504,
        52117504,
        52117504,
        52117504,
        52117504,
        52117504,
        52117504
      ],
      "exit_codes": [
        1,
        1,
        1,
        1,
        1,
        1,
        1,
        1,
        1,
        1
      ]
    },
    {
      "command": "mdsmith",
      "mean": 0.47970017590000014,
      "stddev": 0.008722180675818089,
      "median": 0.4780326185,
      "user": 1.0364685999999999,
      "system": 0.5713562999999999,
      "min": 0.46442537600000006,
      "max": 0.496784539,
      "times": [
        0.496784539,
        0.474669288,
        0.48870331000000006,
        0.46442537600000006,
        0.47836027400000003,
        0.47715003500000003,
        0.47605103000000004,
        0.477940756,
        0.47812448100000005,
        0.48479267000000004
      ],
      "memory_usage_byte": [
        72859648,
        72859648,
        72859648,
        72859648,
        72859648,
        72859648,
        72859648,
        72859648,
        72859648,
        72859648
      ],
      "exit_codes": [
        1,
        1,
        1,
        1,
        1,
        1,
        1,
        1,
        1,
        1
      ]
    }
  ]
}
