{
  "results": [
    {
      "command": "mado",
      "mean": 0.04722608030000001,
      "stddev": 0.0027762760213778394,
      "median": 0.045828794000000006,
      "user": 0.0751477,
      "system": 0.008881199999999999,
      "min": 0.045108042,
      "max": 0.051804124,
      "times": [
        0.045811827,
        0.045257223000000006,
        0.045430741000000004,
        0.051804124,
        0.045213460000000004,
        0.045961069,
        0.051092143000000007,
        0.045108042,
        0.045845761000000006,
        0.050736413
      ],
      "memory_usage_byte": [
        29581312,
        29581312,
        29581312,
        29581312,
        29581312,
        29581312,
        31256576,
        31256576,
        31256576,
        31256576
      ],
      "exit_codes": [
        1,
        1,
        1,
        1,
        1,
        1,
        1,
        1,
        1,
        1
      ]
    },
    {
      "command": "rumdl",
      "mean": 0.19490813900000004,
      "stddev": 0.001610459677058285,
      "median": 0.194636467,
      "user": 0.6466915,
      "system": 0.0368302,
      "min": 0.19340837900000002,
      "max": 0.19861477600000002,
      "times": [
        0.193486987,
        0.19340837900000002,
        0.194903826,
        0.19373631700000002,
        0.19484843100000002,
        0.19571153700000002,
        0.19373446400000002,
        0.19861477600000002,
        0.194424503,
        0.19621217000000002
      ],
      "memory_usage_byte": [
        50999296,
        50999296,
        50999296,
        50999296,
        50999296,
        51331072,
        51331072,
        51331072,
        51331072,
        51331072
      ],
      "exit_codes": [
        1,
        1,
        1,
        1,
        1,
        1,
        1,
        1,
        1,
        1
      ]
    },
    {
      "command": "panache",
      "mean": 0.5580695392,
      "stddev": 0.024869288775793922,
      "median": 0.559449345,
      "user": 1.5984235999999998,
      "system": 0.055168499999999995,
      "min": 0.5214160090000001,
      "max": 0.609328584,
      "times": [
        0.5214160090000001,
        0.562975207,
        0.55926535,
        0.5217206240000001,
        0.5529347290000001,
        0.5596333400000001,
        0.5589551260000001,
        0.572287012,
        0.609328584,
        0.562179411
      ],
      "memory_usage_byte": [
        51331072,
        51331072,
        51331072,
        51331072,
        51331072,
        51331072,
        51331072,
        51331072,
        51331072,
        51331072
      ],
      "exit_codes": [
        0,
        0,
        0,
        0,
        0,
        0,
        0,
        0,
        0,
        0
      ]
    },
    {
      "command": "gomarklint",
      "mean": 0.031914769999999995,
      "stddev": 0.00176271669736127,
      "median": 0.032219669500000006,
      "user": 0.0717243,
      "system": 0.013283199999999998,
      "min": 0.029710569000000003,
      "max": 0.03511638,
      "times": [
        0.032811714,
        0.033215484,
        0.030633832000000003,
        0.030096086,
        0.032639797000000005,
        0.03511638,
        0.031799542,
        0.033082562,
        0.030041734,
        0.029710569000000003
      ],
      "memory_usage_byte": [
        51331072,
        51331072,
        51331072,
        51331072,
        51331072,
        51331072,
        51331072,
        51331072,
        51331072,
        51331072
      ],
      "exit_codes": [
        1,
        1,
        1,
        1,
        1,
        1,
        1,
        1,
        1,
        1
      ]
    },
    {
      "command": "mdsmith-parity",
      "mean": 0.050943845200000004,
      "stddev": 0.0015192635475554735,
      "median": 0.05064856250000001,
      "user": 0.15227849999999998,
      "system": 0.011394900000000001,
      "min": 0.04985726,
      "max": 0.055155531,
      "times": [
        0.049873059000000004,
        0.050756129000000004,
        0.055155531,
        0.050390806,
        0.050676094000000005,
        0.050621031000000004,
        0.04985726,
        0.050756466,
        0.05075467,
        0.050597406000000004
      ],
      "memory_usage_byte": [
        51331072,
        51331072,
        51331072,
        51331072,
        51331072,
        51331072,
        51331072,
        51331072,
        51331072,
        51331072
      ],
      "exit_codes": [
        1,
        1,
        1,
        1,
        1,
        1,
        1,
        1,
        1,
        1
      ]
    },
    {
      "command": "mdsmith",
      "mean": 0.13703632789999998,
      "stddev": 0.0011365712857353493,
      "median": 0.13727694899999998,
      "user": 0.4183258,
      "system": 0.030101199999999995,
      "min": 0.135185146,
      "max": 0.138293935,
      "times": [
        0.136897887,
        0.137656011,
        0.135711511,
        0.138293935,
        0.13642788,
        0.137960511,
        0.13811235300000002,
        0.135185146,
        0.13604015,
        0.138077895
      ],
      "memory_usage_byte": [
        51806208,
        51806208,
        51806208,
        51806208,
        51806208,
        51806208,
        51806208,
        51806208,
        51818496,
        51818496
      ],
      "exit_codes": [
        1,
        1,
        1,
        1,
        1,
        1,
        1,
        1,
        1,
        1
      ]
    }
  ]
}
