{
  "results": [
    {
      "command": "mado",
      "mean": 0.06173160949999999,
      "stddev": 0.003411747650050703,
      "median": 0.060182543500000005,
      "user": 0.0928505,
      "system": 0.0223696,
      "min": 0.059407124000000006,
      "max": 0.068623339,
      "times": [
        0.059554697000000004,
        0.062305837,
        0.060202013000000006,
        0.067320008,
        0.068623339,
        0.059437209000000005,
        0.060163074000000004,
        0.059407124000000006,
        0.06065327400000001,
        0.059649520000000004
      ],
      "memory_usage_byte": [
        28995584,
        28995584,
        28995584,
        28995584,
        29020160,
        29020160,
        30920704,
        30920704,
        30920704,
        30920704
      ],
      "exit_codes": [
        1,
        1,
        1,
        1,
        1,
        1,
        1,
        1,
        1,
        1
      ]
    },
    {
      "command": "rumdl",
      "mean": 0.3049572374,
      "stddev": 0.005795728921437501,
      "median": 0.304536111,
      "user": 0.9023633999999999,
      "system": 0.0741897,
      "min": 0.298059251,
      "max": 0.31583684300000003,
      "times": [
        0.30214548,
        0.307465096,
        0.304536006,
        0.298059251,
        0.312907971,
        0.29838890300000004,
        0.31583684300000003,
        0.30465990800000003,
        0.304536216,
        0.30103670000000005
      ],
      "memory_usage_byte": [
        51970048,
        52342784,
        52805632,
        52805632,
        52805632,
        52805632,
        52805632,
        52805632,
        52805632,
        52805632
      ],
      "exit_codes": [
        1,
        1,
        1,
        1,
        1,
        1,
        1,
        1,
        1,
        1
      ]
    },
    {
      "command": "panache",
      "mean": 0.6309207913,
      "stddev": 0.06127874492951371,
      "median": 0.6734953225,
      "user": 1.9388689,
      "system": 0.147366,
      "min": 0.556407726,
      "max": 0.6870507140000001,
      "times": [
        0.675434702,
        0.6776947640000001,
        0.56846273,
        0.556407726,
        0.557878756,
        0.6870507140000001,
        0.677004935,
        0.680590535,
        0.671555943,
        0.557127108
      ],
      "memory_usage_byte": [
        52805632,
        52805632,
        52805632,
        52805632,
        52805632,
        52805632,
        52805632,
        52805632,
        52805632,
        52805632
      ],
      "exit_codes": [
        0,
        0,
        0,
        0,
        0,
        0,
        0,
        0,
        0,
        0
      ]
    },
    {
      "command": "mdsmith-parity",
      "mean": 0.10990058900000002,
      "stddev": 0.002386784955315367,
      "median": 0.109135599,
      "user": 0.32420499999999997,
      "system": 0.0337263,
      "min": 0.107708907,
      "max": 0.115017137,
      "times": [
        0.112307475,
        0.108819262,
        0.107708907,
        0.10842077000000001,
        0.108223708,
        0.11170697800000001,
        0.115017137,
        0.107711836,
        0.109637881,
        0.10945193600000001
      ],
      "memory_usage_byte": [
        52805632,
        52805632,
        52805632,
        52805632,
        52805632,
        52805632,
        52805632,
        52805632,
        52805632,
        52805632
      ],
      "exit_codes": [
        1,
        1,
        1,
        1,
        1,
        1,
        1,
        1,
        1,
        1
      ]
    },
    {
      "command": "mdsmith",
      "mean": 0.48475453469999996,
      "stddev": 0.022392310122366574,
      "median": 0.47953159700000003,
      "user": 1.0387929999999996,
      "system": 0.5604283000000001,
      "min": 0.464185573,
      "max": 0.5340537360000001,
      "times": [
        0.464185573,
        0.489016216,
        0.46554071700000005,
        0.473237836,
        0.467802213,
        0.49198952,
        0.507670448,
        0.46822373,
        0.48582535800000004,
        0.5340537360000001
      ],
      "memory_usage_byte": [
        68362240,
        68362240,
        68673536,
        70774784,
        70774784,
        70774784,
        70774784,
        70774784,
        72888320,
        74842112
      ],
      "exit_codes": [
        1,
        1,
        1,
        1,
        1,
        1,
        1,
        1,
        1,
        1
      ]
    }
  ]
}
