{
  "results": [
    {
      "command": "markdownlint-cli2",
      "mean": 4.203432011333333,
      "stddev": 0.1233889839473556,
      "median": 4.178741187,
      "user": 6.295008333333333,
      "system": 0.309882,
      "min": 4.083393746,
      "max": 4.43728726,
      "times": [
        4.43728726,
        4.170199704,
        4.18728267,
        4.213555817,
        4.083393746,
        4.128872871
      ],
      "memory_usage_byte": [
        386109440,
        386109440,
        386109440,
        386109440,
        386109440,
        399183872
      ],
      "exit_codes": [
        1,
        1,
        1,
        1,
        1,
        1
      ]
    }
  ]
}
