{
  "results": [
    {
      "command": "markdownlint-cli2",
      "mean": 3.1112767173333338,
      "stddev": 0.11066580983048915,
      "median": 3.124226931,
      "user": 4.676484666666666,
      "system": 0.32863083333333326,
      "min": 2.982931797,
      "max": 3.249163932,
      "times": [
        3.079768747,
        3.168685115,
        3.249163932,
        2.991494749,
        3.195615964,
        2.982931797
      ],
      "memory_usage_byte": [
        360697856,
        390221824,
        404000768,
        404000768,
        404000768,
        404000768
      ],
      "exit_codes": [
        1,
        1,
        1,
        1,
        1,
        1
      ]
    }
  ]
}
