{
  "results": [
    {
      "command": "markdownlint-cli2",
      "mean": 5.307443288833333,
      "stddev": 0.1927713766885172,
      "median": 5.235267242,
      "user": 7.958389666666666,
      "system": 0.33440116666666664,
      "min": 5.109595355,
      "max": 5.628344539,
      "times": [
        5.192927488,
        5.628344539,
        5.20607504,
        5.109595355,
        5.443257867,
        5.264459444
      ],
      "memory_usage_byte": [
        399990784,
        399990784,
        399990784,
        399990784,
        399990784,
        399990784
      ],
      "exit_codes": [
        1,
        1,
        1,
        1,
        1,
        1
      ]
    }
  ]
}
