{
  "results": [
    {
      "command": "markdownlint-cli2",
      "mean": 4.871401716833334,
      "stddev": 0.11438650380098656,
      "median": 4.845225366499999,
      "user": 7.309389833333333,
      "system": 0.31819116666666664,
      "min": 4.767486578,
      "max": 5.071520882,
      "times": [
        5.071520882,
        4.891045466,
        4.786054883,
        4.767486578,
        4.912897225,
        4.799405267
      ],
      "memory_usage_byte": [
        375721984,
        375721984,
        375721984,
        377040896,
        377040896,
        377040896
      ],
      "exit_codes": [
        1,
        1,
        1,
        1,
        1,
        1
      ]
    }
  ]
}
