{
  "results": [
    {
      "command": "mado",
      "mean": 0.06132485300000001,
      "stddev": 0.0025246559828890646,
      "median": 0.060277263000000005,
      "user": 0.0963508,
      "system": 0.0199021,
      "min": 0.059006944000000006,
      "max": 0.065952594,
      "times": [
        0.064170805,
        0.059826316000000004,
        0.065952594,
        0.064465305,
        0.059481021,
        0.059313237000000005,
        0.060206296000000006,
        0.060477782,
        0.059006944000000006,
        0.06034823
      ],
      "memory_usage_byte": [
        31068160,
        31068160,
        31068160,
        31068160,
        31068160,
        31068160,
        31068160,
        31068160,
        31068160,
        31068160
      ],
      "exit_codes": [
        1,
        1,
        1,
        1,
        1,
        1,
        1,
        1,
        1,
        1
      ]
    },
    {
      "command": "rumdl",
      "mean": 0.3051692656,
      "stddev": 0.007822874743376713,
      "median": 0.3065678995,
      "user": 0.9266402999999999,
      "system": 0.0678095,
      "min": 0.29305202,
      "max": 0.31820649700000003,
      "times": [
        0.314040666,
        0.307590126,
        0.295288577,
        0.304065931,
        0.29305202,
        0.31820649700000003,
        0.307535706,
        0.306886044,
        0.306249755,
        0.298777334
      ],
      "memory_usage_byte": [
        52768768,
        52768768,
        52768768,
        52768768,
        52768768,
        52768768,
        52768768,
        52768768,
        52768768,
        52768768
      ],
      "exit_codes": [
        1,
        1,
        1,
        1,
        1,
        1,
        1,
        1,
        1,
        1
      ]
    },
    {
      "command": "panache",
      "mean": 0.6026487624000001,
      "stddev": 0.06496714546479242,
      "median": 0.565482192,
      "user": 1.9938712999999997,
      "system": 0.1355083,
      "min": 0.555309743,
      "max": 0.742380381,
      "times": [
        0.559393346,
        0.555309743,
        0.558885908,
        0.588765164,
        0.742380381,
        0.663392344,
        0.6662241440000001,
        0.5611722100000001,
        0.561803539,
        0.5691608450000001
      ],
      "memory_usage_byte": [
        52768768,
        52768768,
        52768768,
        52768768,
        52768768,
        52768768,
        52768768,
        52768768,
        52768768,
        52768768
      ],
      "exit_codes": [
        0,
        0,
        0,
        0,
        0,
        0,
        0,
        0,
        0,
        0
      ]
    },
    {
      "command": "mdsmith-parity",
      "mean": 0.10972696700000002,
      "stddev": 0.0007691089410894765,
      "median": 0.109531614,
      "user": 0.33482730000000005,
      "system": 0.031778499999999994,
      "min": 0.108576036,
      "max": 0.111020726,
      "times": [
        0.110428102,
        0.110572499,
        0.110077374,
        0.111020726,
        0.10925863300000001,
        0.10911367300000001,
        0.108576036,
        0.109499384,
        0.109159399,
        0.10956384400000001
      ],
      "memory_usage_byte": [
        52768768,
        52768768,
        52768768,
        52768768,
        52768768,
        52768768,
        52768768,
        52768768,
        52768768,
        52768768
      ],
      "exit_codes": [
        1,
        1,
        1,
        1,
        1,
        1,
        1,
        1,
        1,
        1
      ]
    },
    {
      "command": "mdsmith",
      "mean": 0.46682557339999997,
      "stddev": 0.01126203161777101,
      "median": 0.46418366,
      "user": 1.0511195,
      "system": 0.5216076,
      "min": 0.452021123,
      "max": 0.48559037600000005,
      "times": [
        0.462084629,
        0.48559037600000005,
        0.475544246,
        0.453283508,
        0.458026617,
        0.452021123,
        0.477622113,
        0.465004884,
        0.475715802,
        0.46336243600000004
      ],
      "memory_usage_byte": [
        70488064,
        70488064,
        70488064,
        70488064,
        70488064,
        70488064,
        70488064,
        71028736,
        71028736,
        71028736
      ],
      "exit_codes": [
        1,
        1,
        1,
        1,
        1,
        1,
        1,
        1,
        1,
        1
      ]
    }
  ]
}
