{
  "results": [
    {
      "command": "mado",
      "mean": 0.052254064200000006,
      "stddev": 0.0005181333675029578,
      "median": 0.052345999500000004,
      "user": 0.08351489999999999,
      "system": 0.012684599999999999,
      "min": 0.051272254,
      "max": 0.052812981,
      "times": [
        0.052080413000000006,
        0.052812981,
        0.052641216000000005,
        0.051613514000000006,
        0.052775239,
        0.05203874,
        0.052551940000000005,
        0.052614286,
        0.051272254,
        0.052140059
      ],
      "memory_usage_byte": [
        29151232,
        29151232,
        29151232,
        29151232,
        29151232,
        29151232,
        29151232,
        29233152,
        29233152,
        29233152
      ],
      "exit_codes": [
        1,
        1,
        1,
        1,
        1,
        1,
        1,
        1,
        1,
        1
      ]
    },
    {
      "command": "rumdl",
      "mean": 0.2966367865,
      "stddev": 0.00758950963263825,
      "median": 0.29713084300000003,
      "user": 0.9806179,
      "system": 0.0444491,
      "min": 0.28806633000000004,
      "max": 0.31203013300000004,
      "times": [
        0.300280625,
        0.288368697,
        0.29254645300000004,
        0.297663018,
        0.30352070000000003,
        0.288993486,
        0.31203013300000004,
        0.296598668,
        0.28806633000000004,
        0.298299755
      ],
      "memory_usage_byte": [
        54837248,
        54837248,
        54837248,
        54837248,
        54837248,
        54837248,
        54837248,
        54837248,
        54837248,
        54837248
      ],
      "exit_codes": [
        1,
        1,
        1,
        1,
        1,
        1,
        1,
        1,
        1,
        1
      ]
    },
    {
      "command": "panache",
      "mean": 0.5499036887,
      "stddev": 0.03678658654087527,
      "median": 0.5384638545,
      "user": 2.0037363,
      "system": 0.08973670000000002,
      "min": 0.5366605240000001,
      "max": 0.654537763,
      "times": [
        0.537010902,
        0.654537763,
        0.538494503,
        0.539048005,
        0.5409978200000001,
        0.5372745440000001,
        0.538433206,
        0.5366605240000001,
        0.539070889,
        0.5375087310000001
      ],
      "memory_usage_byte": [
        54837248,
        54837248,
        54837248,
        54837248,
        54837248,
        54837248,
        54837248,
        54837248,
        54837248,
        54837248
      ],
      "exit_codes": [
        0,
        0,
        0,
        0,
        0,
        0,
        0,
        0,
        0,
        0
      ]
    },
    {
      "command": "mdsmith-parity",
      "mean": 0.0997976217,
      "stddev": 0.0028478687533694817,
      "median": 0.09882580400000002,
      "user": 0.31829009999999996,
      "system": 0.0259882,
      "min": 0.097498131,
      "max": 0.10730360100000001,
      "times": [
        0.097498131,
        0.10132785400000001,
        0.098518464,
        0.09847998000000001,
        0.10730360100000001,
        0.09792806700000001,
        0.099905293,
        0.099363219,
        0.09864223200000001,
        0.09900937600000001
      ],
      "memory_usage_byte": [
        54837248,
        68079616,
        68079616,
        68079616,
        68079616,
        68079616,
        68079616,
        68079616,
        68079616,
        68079616
      ],
      "exit_codes": [
        1,
        1,
        1,
        1,
        1,
        1,
        1,
        1,
        1,
        1
      ]
    },
    {
      "command": "mdsmith",
      "mean": 0.3999555066000001,
      "stddev": 0.017663271706721047,
      "median": 0.3952313035,
      "user": 0.9836587999999999,
      "system": 0.3526741,
      "min": 0.384516422,
      "max": 0.446867027,
      "times": [
        0.384516422,
        0.39079791700000005,
        0.39035275700000005,
        0.40179051200000004,
        0.39134503600000003,
        0.389990897,
        0.40107533900000003,
        0.403701588,
        0.399117571,
        0.446867027
      ],
      "memory_usage_byte": [
        72437760,
        72437760,
        72437760,
        72437760,
        72437760,
        72437760,
        72437760,
        72437760,
        72437760,
        72437760
      ],
      "exit_codes": [
        1,
        1,
        1,
        1,
        1,
        1,
        1,
        1,
        1,
        1
      ]
    }
  ]
}
