{
  "results": [
    {
      "command": "mado",
      "mean": 0.07027039319999999,
      "stddev": 0.0012139086946423032,
      "median": 0.0698501215,
      "user": 0.1122692,
      "system": 0.021446199999999995,
      "min": 0.06941341300000001,
      "max": 0.07358777700000001,
      "times": [
        0.069840759,
        0.069651426,
        0.06962428600000001,
        0.07032192500000001,
        0.070553286,
        0.06941341300000001,
        0.069770028,
        0.07358777700000001,
        0.07008154800000001,
        0.069859484
      ],
      "memory_usage_byte": [
        29827072,
        31145984,
        34025472,
        34025472,
        34025472,
        34025472,
        34025472,
        34025472,
        34025472,
        34025472
      ],
      "exit_codes": [
        1,
        1,
        1,
        1,
        1,
        1,
        1,
        1,
        1,
        1
      ]
    },
    {
      "command": "rumdl",
      "mean": 0.35896839140000003,
      "stddev": 0.004079373886464002,
      "median": 0.35824556250000006,
      "user": 1.0968036999999997,
      "system": 0.0791806,
      "min": 0.35199639000000005,
      "max": 0.36475376600000003,
      "times": [
        0.362848463,
        0.36194375,
        0.35852880000000004,
        0.357962325,
        0.355017399,
        0.35746420300000004,
        0.35199639000000005,
        0.35612411600000005,
        0.363044702,
        0.36475376600000003
      ],
      "memory_usage_byte": [
        52813824,
        52813824,
        52953088,
        52953088,
        52953088,
        52953088,
        53448704,
        53448704,
        53448704,
        53448704
      ],
      "exit_codes": [
        1,
        1,
        1,
        1,
        1,
        1,
        1,
        1,
        1,
        1
      ]
    },
    {
      "command": "panache",
      "mean": 0.7382849047000001,
      "stddev": 0.0819606345897371,
      "median": 0.7439421805,
      "user": 2.2982082,
      "system": 0.14934959999999997,
      "min": 0.6507199300000001,
      "max": 0.848072798,
      "times": [
        0.848072798,
        0.8075606070000001,
        0.6507199300000001,
        0.8043492990000001,
        0.6511747720000001,
        0.6694914630000001,
        0.807860945,
        0.6549477930000001,
        0.805136378,
        0.683535062
      ],
      "memory_usage_byte": [
        53448704,
        53448704,
        53448704,
        53448704,
        53448704,
        53448704,
        53448704,
        53448704,
        53448704,
        53448704
      ],
      "exit_codes": [
        0,
        0,
        0,
        0,
        0,
        0,
        0,
        0,
        0,
        0
      ]
    },
    {
      "command": "gomarklint",
      "mean": 0.0692782855,
      "stddev": 0.007591065506864855,
      "median": 0.0728883805,
      "user": 0.14797449999999998,
      "system": 0.0259959,
      "min": 0.056516748000000006,
      "max": 0.079539124,
      "times": [
        0.065138967,
        0.07455057600000001,
        0.067167404,
        0.073107508,
        0.073500826,
        0.072669253,
        0.073214082,
        0.057378367000000007,
        0.079539124,
        0.056516748000000006
      ],
      "memory_usage_byte": [
        53448704,
        53448704,
        53448704,
        53448704,
        53448704,
        53448704,
        53448704,
        53448704,
        53448704,
        53448704
      ],
      "exit_codes": [
        1,
        1,
        1,
        1,
        1,
        1,
        1,
        1,
        1,
        1
      ]
    },
    {
      "command": "mdsmith-gomarklint-parity",
      "mean": 0.0829720199,
      "stddev": 0.0029787293459475664,
      "median": 0.083099025,
      "user": 0.20947529999999998,
      "system": 0.033003399999999995,
      "min": 0.07951785,
      "max": 0.08811717200000001,
      "times": [
        0.07951785,
        0.08043056300000001,
        0.08431041,
        0.08811717200000001,
        0.079758381,
        0.085962786,
        0.080112928,
        0.083450222,
        0.08531205900000001,
        0.08274782800000001
      ],
      "memory_usage_byte": [
        53448704,
        53448704,
        53448704,
        53448704,
        53448704,
        53448704,
        53448704,
        53448704,
        53448704,
        53448704
      ],
      "exit_codes": [
        1,
        1,
        1,
        1,
        1,
        1,
        1,
        1,
        1,
        1
      ]
    },
    {
      "command": "mdsmith-mado-parity",
      "mean": 0.0846008894,
      "stddev": 0.00618441332630991,
      "median": 0.08238948400000001,
      "user": 0.2099699,
      "system": 0.0348758,
      "min": 0.078318817,
      "max": 0.096929079,
      "times": [
        0.09333305400000001,
        0.080574954,
        0.08207647400000001,
        0.078318817,
        0.080345181,
        0.096929079,
        0.082702494,
        0.087546919,
        0.07975120000000001,
        0.084430722
      ],
      "memory_usage_byte": [
        53448704,
        53448704,
        53448704,
        53448704,
        53448704,
        53448704,
        53448704,
        53448704,
        53448704,
        53448704
      ],
      "exit_codes": [
        1,
        1,
        1,
        1,
        1,
        1,
        1,
        1,
        1,
        1
      ]
    },
    {
      "command": "mdsmith-rumdl-parity",
      "mean": 0.1061373189,
      "stddev": 0.007980223403495006,
      "median": 0.10598383650000001,
      "user": 0.27173839999999994,
      "system": 0.035299199999999996,
      "min": 0.096498046,
      "max": 0.125555621,
      "times": [
        0.10779522100000001,
        0.1016103,
        0.10417245200000001,
        0.10823796000000001,
        0.10839907100000001,
        0.096498046,
        0.10112009200000001,
        0.09998205900000001,
        0.108002367,
        0.125555621
      ],
      "memory_usage_byte": [
        53448704,
        53448704,
        53448704,
        53448704,
        53448704,
        53448704,
        53448704,
        53448704,
        53448704,
        53448704
      ],
      "exit_codes": [
        1,
        1,
        1,
        1,
        1,
        1,
        1,
        1,
        1,
        1
      ]
    },
    {
      "command": "mdsmith-markdownlint-parity",
      "mean": 0.10265042799999999,
      "stddev": 0.005818570947040997,
      "median": 0.1013287815,
      "user": 0.2716432,
      "system": 0.033820399999999994,
      "min": 0.093827963,
      "max": 0.114626662,
      "times": [
        0.10764043400000001,
        0.09904352100000001,
        0.100195827,
        0.106536897,
        0.114626662,
        0.093827963,
        0.09830714,
        0.10062077800000001,
        0.102036785,
        0.103668273
      ],
      "memory_usage_byte": [
        53448704,
        53448704,
        53448704,
        53448704,
        53448704,
        53448704,
        53448704,
        53448704,
        53448704,
        53448704
      ],
      "exit_codes": [
        1,
        1,
        1,
        1,
        1,
        1,
        1,
        1,
        1,
        1
      ]
    },
    {
      "command": "mdsmith",
      "mean": 0.21370490450000004,
      "stddev": 0.00495707623320679,
      "median": 0.212911289,
      "user": 0.5762622,
      "system": 0.07650950000000001,
      "min": 0.20685415000000001,
      "max": 0.22290662500000002,
      "times": [
        0.21631191200000002,
        0.210392181,
        0.22290662500000002,
        0.20848475200000002,
        0.21205964800000002,
        0.218519236,
        0.20685415000000001,
        0.216926741,
        0.21376293000000002,
        0.21083087
      ],
      "memory_usage_byte": [
        53448704,
        53448704,
        53448704,
        53448704,
        53448704,
        54571008,
        54571008,
        54571008,
        54571008,
        54571008
      ],