{
  "results": [
    {
      "command": "mado",
      "mean": 0.0734306156,
      "stddev": 0.004513783709724893,
      "median": 0.071169716,
      "user": 0.1215746,
      "system": 0.018529499999999997,
      "min": 0.07000149700000001,
      "max": 0.081595653,
      "times": [
        0.070584757,
        0.081009288,
        0.070851727,
        0.070539092,
        0.07626877,
        0.071487705,
        0.070440128,
        0.071527539,
        0.07000149700000001,
        0.081595653
      ],
      "memory_usage_byte": [
        29675520,
        29675520,
        29675520,
        29765632,
        29765632,
        29765632,
        29765632,
        29765632,
        29765632,
        29765632
      ],
      "exit_codes": [
        1,
        1,
        1,
        1,
        1,
        1,
        1,
        1,
        1,
        1
      ]
    },
    {
      "command": "rumdl",
      "mean": 0.36646345700000005,
      "stddev": 0.00968286951181198,
      "median": 0.36354006650000004,
      "user": 1.1215217,
      "system": 0.0760211,
      "min": 0.357231587,
      "max": 0.39003821200000005,
      "times": [
        0.36314595,
        0.363934183,
        0.36602511000000004,
        0.35798516500000005,
        0.371109913,
        0.362652698,
        0.39003821200000005,
        0.372466789,
        0.357231587,
        0.360044963
      ],
      "memory_usage_byte": [
        52654080,
        52654080,
        52961280,
        52961280,
        52961280,
        53260288,
        53260288,
        53260288,
        53260288,
        53260288
      ],
      "exit_codes": [
        1,
        1,
        1,
        1,
        1,
        1,
        1,
        1,
        1,
        1
      ]
    },
    {
      "command": "panache",
      "mean": 0.7173792201000001,
      "stddev": 0.07507545098267249,
      "median": 0.6696795440000001,
      "user": 2.3812173999999997,
      "system": 0.16261629999999996,
      "min": 0.662071728,
      "max": 0.829577852,
      "times": [
        0.6622056970000001,
        0.708614602,
        0.823222737,
        0.6691334320000001,
        0.662071728,
        0.829577852,
        0.6650563140000001,
        0.8201683540000001,
        0.6702256560000001,
        0.6635158290000001
      ],
      "memory_usage_byte": [
        53260288,
        53260288,
        53260288,
        53260288,
        53260288,
        53260288,
        53260288,
        53260288,
        53260288,
        53260288
      ],
      "exit_codes": [
        0,
        0,
        0,
        0,
        0,
        0,
        0,
        0,
        0,
        0
      ]
    },
    {
      "command": "gomarklint",
      "mean": 0.06746874080000001,
      "stddev": 0.010466921678841553,
      "median": 0.06658448850000001,
      "user": 0.14813359999999998,
      "system": 0.0244421,
      "min": 0.055995239,
      "max": 0.082479021,
      "times": [
        0.056714992000000006,
        0.055995239,
        0.06590330600000001,
        0.079043578,
        0.067265671,
        0.074039566,
        0.057148572,
        0.082479021,
        0.057404670000000005,
        0.07869279300000001
      ],
      "memory_usage_byte": [
        53260288,
        53260288,
        53260288,
        53260288,
        53260288,
        53260288,
        53260288,
        53260288,
        53260288,
        53260288
      ],
      "exit_codes": [
        1,
        1,
        1,
        1,
        1,
        1,
        1,
        1,
        1,
        1
      ]
    },
    {
      "command": "mdsmith-gomarklint-parity",
      "mean": 0.08263455080000001,
      "stddev": 0.004453748460776029,
      "median": 0.08427268,
      "user": 0.20797439999999998,
      "system": 0.034575800000000004,
      "min": 0.075584049,
      "max": 0.08854403400000001,
      "times": [
        0.08643308200000001,
        0.075584049,
        0.085545177,
        0.084118262,
        0.079541177,
        0.07651174100000001,
        0.084427098,
        0.08854403400000001,
        0.079783239,
        0.08585764900000001
      ],
      "memory_usage_byte": [
        53260288,
        53260288,
        53260288,
        53260288,
        53260288,
        53260288,
        53260288,
        53260288,
        53260288,
        53260288
      ],
      "exit_codes": [
        1,
        1,
        1,
        1,
        1,
        1,
        1,
        1,
        1,
        1
      ]
    },
    {
      "command": "mdsmith-mado-parity",
      "mean": 0.0850192089,
      "stddev": 0.004676533203092566,
      "median": 0.08569218,
      "user": 0.21077869999999996,
      "system": 0.0352708,
      "min": 0.077648533,
      "max": 0.09237057500000001,
      "times": [
        0.08077147700000001,
        0.077648533,
        0.084753036,
        0.08663132400000001,
        0.082101296,
        0.087001013,
        0.090810996,
        0.09237057500000001,
        0.08089840000000001,
        0.08720543900000001
      ],
      "memory_usage_byte": [
        53260288,
        53260288,
        53260288,
        53260288,
        53260288,
        53260288,
        53260288,
        53260288,
        53260288,
        53260288
      ],
      "exit_codes": [
        1,
        1,
        1,
        1,
        1,
        1,
        1,
        1,
        1,
        1
      ]
    },
    {
      "command": "mdsmith-rumdl-parity",
      "mean": 0.1048295377,
      "stddev": 0.005467816040965129,
      "median": 0.1043206935,
      "user": 0.2716983,
      "system": 0.0356321,
      "min": 0.096804132,
      "max": 0.11583853100000001,
      "times": [
        0.106699629,
        0.10492755200000001,
        0.096804132,
        0.103068951,
        0.103713835,
        0.109145876,
        0.097959051,
        0.11583853100000001,
        0.10726752,
        0.10287030000000001
      ],
      "memory_usage_byte": [
        53260288,
        53260288,
        53260288,
        53260288,
        53260288,
        53260288,
        53260288,
        53260288,
        53260288,
        53260288
      ],
      "exit_codes": [
        1,
        1,
        1,
        1,
        1,
        1,
        1,
        1,
        1,
        1
      ]
    },
    {
      "command": "mdsmith-markdownlint-parity",
      "mean": 0.10652593760000002,
      "stddev": 0.006859269317147649,
      "median": 0.10519181550000001,
      "user": 0.272207,
      "system": 0.0384347,
      "min": 0.09729960300000001,
      "max": 0.12105433600000001,
      "times": [
        0.10789517300000001,
        0.104732773,
        0.103428605,
        0.105650858,
        0.09886828,
        0.09729960300000001,
        0.110112787,
        0.112308659,
        0.10390830200000001,
        0.12105433600000001
      ],
      "memory_usage_byte": [
        53260288,
        53260288,
        53260288,
        53260288,
        53260288,
        53260288,
        53260288,
        53260288,
        53260288,
        53260288
      ],
      "exit_codes": [
        1,
        1,
        1,
        1,
        1,
        1,
        1,
        1,
        1,
        1
      ]
    },
    {
      "command": "mdsmith",
      "mean": 0.2090242571,
      "stddev": 0.003541274785305788,
      "median": 0.208701474,
      "user": 0.5753095,
      "system": 0.08032989999999998,
      "min": 0.20542533400000001,
      "max": 0.21662734,
      "times": [
        0.21021767000000002,
        0.207185278,
        0.21662734,
        0.21190793500000002,
        0.21026881600000003,
        0.20542533400000001,
        0.206042373,
        0.205585491,
        0.206737484,
        0.21024485
      ],
      "memory_usage_byte": [
        54636544,
        54636544,
        54636544,
        54636544,
        54636544,
        54636544,
        54636544,
        54636544,
        54636544,
        54636544
      ],