{
  "results": [
    {
      "command": "markdownlint-cli2",
      "mean": 3.102912281833333,
      "stddev": 0.10429528302837988,
      "median": 3.082834469,
      "user": 4.681470333333333,
      "system": 0.2627373333333333,
      "min": 2.998413501,
      "max": 3.2343130110000002,
      "times": [
        3.115022734,
        3.050646204,
        2.998413501,
        3.2343130110000002,
        3.21732397,
        3.001754271
      ],
      "memory_usage_byte": [
        367484928,
        384647168,
        384647168,
        395284480,
        395284480,
        395284480
      ],
      "exit_codes": [
        1,
        1,
        1,
        1,
        1,
        1
      ]
    }
  ]
}
