{
  "results": [
    {
      "command": "mado",
      "mean": 0.048015261,
      "stddev": 0.003622076779552398,
      "median": 0.046026559,
      "user": 0.07536780000000001,
      "system": 0.009935999999999999,
      "min": 0.044908193000000006,
      "max": 0.054960654000000005,
      "times": [
        0.054960654000000005,
        0.044908193000000006,
        0.045972669,
        0.045987536,
        0.046065582,
        0.051823039,
        0.052560193000000005,
        0.046332102,
        0.045909830000000006,
        0.045632812
      ],
      "memory_usage_byte": [
        31133696,
        31133696,
        31498240,
        31498240,
        31592448,
        31592448,
        31592448,
        31592448,
        31592448,
        31592448
      ],
      "exit_codes": [
        1,
        1,
        1,
        1,
        1,
        1,
        1,
        1,
        1,
        1
      ]
    },
    {
      "command": "rumdl",
      "mean": 0.1963136152,
      "stddev": 0.003622814825592993,
      "median": 0.1962649965,
      "user": 0.6506625999999999,
      "system": 0.0341723,
      "min": 0.192835365,
      "max": 0.204584704,
      "times": [
        0.19632485300000002,
        0.19671232300000002,
        0.196761763,
        0.204584704,
        0.19350672300000002,
        0.193150695,
        0.192835365,
        0.19342340600000002,
        0.19963118000000002,
        0.19620514
      ],
      "memory_usage_byte": [
        54947840,
        54947840,
        54947840,
        54947840,
        54947840,
        54947840,
        54947840,
        54947840,
        54947840,
        54947840
      ],
      "exit_codes": [
        1,
        1,
        1,
        1,
        1,
        1,
        1,
        1,
        1,
        1
      ]
    },
    {
      "command": "panache",
      "mean": 0.5420958730000001,
      "stddev": 0.01862422446753164,
      "median": 0.5409425945,
      "user": 1.6224958999999999,
      "system": 0.050936100000000005,
      "min": 0.52309539,
      "max": 0.563516001,
      "times": [
        0.559404616,
        0.526462922,
        0.524267357,
        0.523695746,
        0.558406356,
        0.563516001,
        0.52309539,
        0.525250219,
        0.5614378560000001,
        0.5554222670000001
      ],
      "memory_usage_byte": [
        54947840,
        54947840,
        54947840,
        54947840,
        54947840,
        54947840,
        54947840,
        54947840,
        54947840,
        54947840
      ],
      "exit_codes": [
        0,
        0,
        0,
        0,
        0,
        0,
        0,
        0,
        0,
        0
      ]
    },
    {
      "command": "gomarklint",
      "mean": 0.031381721700000004,
      "stddev": 0.0016270867800998107,
      "median": 0.031472992000000005,
      "user": 0.07321579999999998,
      "system": 0.011273899999999998,
      "min": 0.028560154,
      "max": 0.033630876000000004,
      "times": [
        0.031304496,
        0.028560154,
        0.031641488,
        0.032289902,
        0.031205350000000003,
        0.033004229,
        0.029624598000000002,
        0.033630876000000004,
        0.029840022,
        0.032716102000000004
      ],
      "memory_usage_byte": [
        54947840,
        54947840,
        54947840,
        54947840,
        54947840,
        54947840,
        54947840,
        54947840,
        54947840,
        54947840
      ],
      "exit_codes": [
        1,
        1,
        1,
        1,
        1,
        1,
        1,
        1,
        1,
        1
      ]
    },
    {
      "command": "mdsmith-parity",
      "mean": 0.0563460057,
      "stddev": 0.0005052077501400456,
      "median": 0.056365306500000004,
      "user": 0.1577932,
      "system": 0.0144709,
      "min": 0.05552328,
      "max": 0.057046688000000005,
      "times": [
        0.056468956,
        0.055936578,
        0.055807836000000006,
        0.05552328,
        0.056472622,
        0.05626165700000001,
        0.05670019900000001,
        0.05619866900000001,
        0.057046688000000005,
        0.057043572
      ],
      "memory_usage_byte": [
        54947840,
        54947840,
        54947840,
        54947840,
        54947840,
        54947840,
        54947840,
        54947840,
        54947840,
        54947840
      ],
      "exit_codes": [
        1,
        1,
        1,
        1,
        1,
        1,
        1,
        1,
        1,
        1
      ]
    },
    {
      "command": "mdsmith",
      "mean": 0.14552390180000002,
      "stddev": 0.0023980005041674816,
      "median": 0.14546858550000002,
      "user": 0.4261404999999999,
      "system": 0.033704899999999996,
      "min": 0.141663524,
      "max": 0.1499161,
      "times": [
        0.14666046900000002,
        0.141663524,
        0.146420229,
        0.147815724,
        0.143476081,
        0.144516942,
        0.1499161,
        0.146536346,
        0.14421593700000002,
        0.14401766600000002
      ],
      "memory_usage_byte": [
        54947840,
        54947840,
        54947840,
        54947840,
        54947840,
        54947840,
        54947840,
        54947840,
        54947840,
        54947840
      ],
      "exit_codes": [
        1,
        1,
        1,
        1,
        1,
        1,
        1,
        1,
        1,
        1
      ]
    }
  ]
}
