{
  "results": [
    {
      "command": "markdownlint-cli2",
      "mean": 4.398800331166666,
      "stddev": 0.058382077650525555,
      "median": 4.3842120875,
      "user": 6.570725500000001,
      "system": 0.4108578333333333,
      "min": 4.340671824,
      "max": 4.482604509,
      "times": [
        4.482604509,
        4.350193478,
        4.408053252,
        4.340671824,
        4.450908001,
        4.360370923
      ],
      "memory_usage_byte": [
        383361024,
        383361024,
        386375680,
        386375680,
        395661312,
        395661312
      ],
      "exit_codes": [
        1,
        1,
        1,
        1,
        1,
        1
      ]
    }
  ]
}
