{
  "results": [
    {
      "command": "mado",
      "mean": 0.0673731654,
      "stddev": 0.005600343043477332,
      "median": 0.0643250135,
      "user": 0.1057931,
      "system": 0.0213023,
      "min": 0.06291923,
      "max": 0.077382464,
      "times": [
        0.063505646,
        0.07059865600000001,
        0.07661237700000001,
        0.077382464,
        0.064808462,
        0.063841565,
        0.06291923,
        0.062970065,
        0.063755431,
        0.067337758
      ],
      "memory_usage_byte": [
        28999680,
        28999680,
        28999680,
        29016064,
        29016064,
        29016064,
        29016064,
        29016064,
        29016064,
        29077504
      ],
      "exit_codes": [
        1,
        1,
        1,
        1,
        1,
        1,
        1,
        1,
        1,
        1
      ]
    },
    {
      "command": "rumdl",
      "mean": 0.32568070270000005,
      "stddev": 0.008911932139012181,
      "median": 0.324514709,
      "user": 1.0034692,
      "system": 0.0719355,
      "min": 0.315924074,
      "max": 0.348141721,
      "times": [
        0.348141721,
        0.326458776,
        0.31959591800000003,
        0.32524023500000004,
        0.320366246,
        0.315924074,
        0.32816973600000005,
        0.32378918300000004,
        0.328847973,
        0.320273165
      ],
      "memory_usage_byte": [
        52776960,
        52776960,
        52776960,
        52776960,
        52776960,
        52776960,
        52776960,
        52776960,
        55312384,
        55312384
      ],
      "exit_codes": [
        1,
        1,
        1,
        1,
        1,
        1,
        1,
        1,
        1,
        1
      ]
    },
    {
      "command": "panache",
      "mean": 0.6896358824000001,
      "stddev": 0.08011920174245352,
      "median": 0.734325666,
      "user": 2.0961450999999998,
      "system": 0.1369666,
      "min": 0.597661028,
      "max": 0.7882221070000001,
      "times": [
        0.7340320650000001,
        0.7412093620000001,
        0.7882221070000001,
        0.597661028,
        0.7394032930000001,
        0.734619267,
        0.598267218,
        0.764974523,
        0.600146953,
        0.597823008
      ],
      "memory_usage_byte": [
        55312384,
        55312384,
        55312384,
        55312384,
        55312384,
        55312384,
        55312384,
        55312384,
        55312384,
        55312384
      ],
      "exit_codes": [
        0,
        0,
        0,
        0,
        0,
        0,
        0,
        0,
        0,
        0
      ]
    },
    {
      "command": "mdsmith-parity",
      "mean": 0.10998687850000002,
      "stddev": 0.0005947818491251427,
      "median": 0.110112135,
      "user": 0.34321339999999995,
      "system": 0.031106500000000002,
      "min": 0.109142369,
      "max": 0.11074156700000001,
      "times": [
        0.110616132,
        0.110343594,
        0.10988067600000001,
        0.110404837,
        0.109142369,
        0.109315244,
        0.110452827,
        0.11074156700000001,
        0.109589554,
        0.109381985
      ],
      "memory_usage_byte": [
        55312384,
        55312384,
        55312384,
        55312384,
        55312384,
        55312384,
        55312384,
        55312384,
        55312384,
        55312384
      ],
      "exit_codes": [
        1,
        1,
        1,
        1,
        1,
        1,
        1,
        1,
        1,
        1
      ]
    },
    {
      "command": "mdsmith",
      "mean": 0.49198324619999995,
      "stddev": 0.04286400938231345,
      "median": 0.4806521185,
      "user": 1.1003686,
      "system": 0.5398294000000001,
      "min": 0.464020486,
      "max": 0.60971547,
      "times": [
        0.470408358,
        0.464020486,
        0.49424288400000005,
        0.466548777,
        0.49517004000000003,
        0.60971547,
        0.488150831,
        0.484012631,
        0.47729160600000003,
        0.47027137900000004
      ],
      "memory_usage_byte": [
        60321792,
        60321792,
        60321792,
        60321792,
        60432384,
        62107648,
        62107648,
        62107648,
        62107648,
        62107648
      ],
      "exit_codes": [
        1,
        1,
        1,
        1,
        1,
        1,
        1,
        1,
        1,
        1
      ]
    }
  ]
}
