{
  "results": [
    {
      "command": "markdownlint-cli2",
      "mean": 3.047635498,
      "stddev": 0.09001122020607077,
      "median": 3.022174048,
      "user": 4.601051999999999,
      "system": 0.2693761666666667,
      "min": 2.929566602,
      "max": 3.157772443,
      "times": [
        3.013272786,
        3.002053906,
        3.03107531,
        2.929566602,
        3.152071941,
        3.157772443
      ],
      "memory_usage_byte": [
        362307584,
        380538880,
        389033984,
        389033984,
        389033984,
        389033984
      ],
      "exit_codes": [
        1,
        1,
        1,
        1,
        1,
        1
      ]
    }
  ]
}
