{
  "results": [
    {
      "command": "mado",
      "mean": 0.07381962700000001,
      "stddev": 0.003678056599912755,
      "median": 0.071701522,
      "user": 0.1191691,
      "system": 0.0211196,
      "min": 0.07024622400000001,
      "max": 0.08015372200000001,
      "times": [
        0.07024622400000001,
        0.070691824,
        0.08015372200000001,
        0.07170064500000001,
        0.075834311,
        0.077613637,
        0.07143666300000001,
        0.071702399,
        0.07796382,
        0.070853025
      ],
      "memory_usage_byte": [
        31772672,
        31772672,
        31772672,
        31772672,
        31772672,
        34004992,
        34004992,
        34004992,
        34004992,
        34004992
      ],
      "exit_codes": [
        1,
        1,
        1,
        1,
        1,
        1,
        1,
        1,
        1,
        1
      ]
    },
    {
      "command": "rumdl",
      "mean": 0.3657351512,
      "stddev": 0.006689893348778321,
      "median": 0.367724524,
      "user": 1.1152745000000002,
      "system": 0.074322,
      "min": 0.35679498000000004,
      "max": 0.374219631,
      "times": [
        0.369687523,
        0.366367274,
        0.357850027,
        0.37392897900000005,
        0.370143924,
        0.35679498000000004,
        0.374219631,
        0.36908177400000003,
        0.360174229,
        0.359103171
      ],
      "memory_usage_byte": [
        52838400,
        52838400,
        52838400,
        53444608,
        53444608,
        53444608,
        53444608,
        53444608,
        53444608,
        53444608
      ],
      "exit_codes": [
        1,
        1,
        1,
        1,
        1,
        1,
        1,
        1,
        1,
        1
      ]
    },
    {
      "command": "panache",
      "mean": 0.7523304043,
      "stddev": 0.08989738728521067,
      "median": 0.748663788,
      "user": 2.3373611,
      "system": 0.1561788,
      "min": 0.662953781,
      "max": 0.8698820580000001,
      "times": [
        0.6756685520000001,
        0.665953966,
        0.8698820580000001,
        0.6681714940000001,
        0.83001068,
        0.667059704,
        0.834559848,
        0.8273849360000001,
        0.662953781,
        0.821659024
      ],
      "memory_usage_byte": [
        53444608,
        53444608,
        53444608,
        53444608,
        53444608,
        53444608,
        53444608,
        53444608,
        53444608,
        53444608
      ],
      "exit_codes": [
        0,
        0,
        0,
        0,
        0,
        0,
        0,
        0,
        0,
        0
      ]
    },
    {
      "command": "gomarklint",
      "mean": 0.0661027644,
      "stddev": 0.010091678657993066,
      "median": 0.06461910150000001,
      "user": 0.1469391,
      "system": 0.028460999999999997,
      "min": 0.056211877,
      "max": 0.086553792,
      "times": [
        0.072228996,
        0.05971332100000001,
        0.07044289000000001,
        0.06952488200000001,
        0.056211877,
        0.074121196,
        0.057308227,
        0.056909405,
        0.058013058000000006,
        0.086553792
      ],
      "memory_usage_byte": [
        53444608,
        53444608,
        53444608,
        53444608,
        53444608,
        53444608,
        53444608,
        53444608,
        53444608,
        53444608
      ],
      "exit_codes": [
        1,
        1,
        1,
        1,
        1,
        1,
        1,
        1,
        1,
        1
      ]
    },
    {
      "command": "mdsmith-gomarklint-parity",
      "mean": 0.0865802219,
      "stddev": 0.007636255485912285,
      "median": 0.08537118100000002,
      "user": 0.2108631,
      "system": 0.0350993,
      "min": 0.078320873,
      "max": 0.09876586500000001,
      "times": [
        0.08040058,
        0.09876586500000001,
        0.09615721,
        0.09414636700000001,
        0.08347921100000001,
        0.08005040000000001,
        0.078580494,
        0.078320873,
        0.088638068,
        0.08726315100000001
      ],
      "memory_usage_byte": [
        53444608,
        53444608,
        53444608,
        53444608,
        53444608,
        53444608,
        53444608,
        53444608,
        53444608,
        53444608
      ],
      "exit_codes": [
        1,
        1,
        1,
        1,
        1,
        1,
        1,
        1,
        1,
        1
      ]
    },
    {
      "command": "mdsmith-mado-parity",
      "mean": 0.08555696460000001,
      "stddev": 0.00563987782944657,
      "median": 0.0853124515,
      "user": 0.21103899999999998,
      "system": 0.0360779,
      "min": 0.079068895,
      "max": 0.097731468,
      "times": [
        0.079610653,
        0.083492285,
        0.08818988500000001,
        0.0813113,
        0.089174417,
        0.079068895,
        0.082188279,
        0.08713261800000001,
        0.08766984600000001,
        0.097731468
      ],
      "memory_usage_byte": [
        53444608,
        53444608,
        53444608,
        53444608,
        53444608,
        53444608,
        53444608,
        53444608,
        53444608,
        53444608
      ],
      "exit_codes": [
        1,
        1,
        1,
        1,
        1,
        1,
        1,
        1,
        1,
        1
      ]
    },
    {
      "command": "mdsmith-rumdl-parity",
      "mean": 0.1054258693,
      "stddev": 0.002822375241591541,
      "median": 0.1058618295,
      "user": 0.2753966,
      "system": 0.035261299999999995,
      "min": 0.100615835,
      "max": 0.11069599000000001,
      "times": [
        0.10365233500000001,
        0.100615835,
        0.10650627600000001,
        0.105829195,
        0.11069599000000001,
        0.10589446400000001,
        0.102319875,
        0.10768353600000001,
        0.106343141,
        0.10471804600000001
      ],
      "memory_usage_byte": [
        53444608,
        53444608,
        53444608,
        53444608,
        53444608,
        53444608,
        53444608,
        53444608,
        53444608,
        53444608
      ],
      "exit_codes": [
        1,
        1,
        1,
        1,
        1,
        1,
        1,
        1,
        1,
        1
      ]
    },
    {
      "command": "mdsmith-markdownlint-parity",
      "mean": 0.106955822,
      "stddev": 0.007171980211622159,
      "median": 0.10464163600000001,
      "user": 0.2773311,
      "system": 0.03586689999999999,
      "min": 0.100997024,
      "max": 0.12536244800000002,
      "times": [
        0.101963653,
        0.10887600300000001,
        0.100997024,
        0.10303070800000001,
        0.12536244800000002,
        0.103406629,
        0.10757835900000001,
        0.105876643,
        0.10239825100000001,
        0.11006850200000001
      ],
      "memory_usage_byte": [
        53444608,
        53444608,
        53444608,
        53444608,
        53444608,
        53444608,
        53444608,
        53444608,
        53444608,
        53444608
      ],
      "exit_codes": [
        1,
        1,
        1,
        1,
        1,
        1,
        1,
        1,
        1,
        1
      ]
    },
    {
      "command": "mdsmith",
      "mean": 0.2122979227,
      "stddev": 0.00393792798827006,
      "median": 0.21205840050000002,
      "user": 0.5733265999999999,
      "system": 0.0865466,
      "min": 0.20668006800000002,
      "max": 0.21839793300000002,
      "times": [
        0.208401876,
        0.21103247300000003,
        0.20668006800000002,
        0.213461332,
        0.21820576800000002,
        0.209313524,
        0.21017432700000002,
        0.21308432800000002,
        0.21422759800000002,
        0.21839793300000002
      ],
      "memory_usage_byte": [
        54484992,
        54484992,
        54484992,
        54484992,
        54534144,
        54534144,
        54534144,
        54534144,
        56475648,
        56475648
      ],