{
  "results": [
    {
      "command": "mado",
      "mean": 0.059778935899999996,
      "stddev": 0.0038303815905399025,
      "median": 0.0593414395,
      "user": 0.0942684,
      "system": 0.018613799999999996,
      "min": 0.055986647,
      "max": 0.06704985200000001,
      "times": [
        0.056688600000000006,
        0.061922592000000005,
        0.055986647,
        0.06704985200000001,
        0.056316263000000005,
        0.061659953,
        0.061916994,
        0.062996762,
        0.057022926,
        0.056228770000000004
      ],
      "memory_usage_byte": [
        29065216,
        29065216,
        29065216,
        30953472,
        30953472,
        30953472,
        30953472,
        30953472,
        30953472,
        30953472
      ],
      "exit_codes": [
        1,
        1,
        1,
        1,
        1,
        1,
        1,
        1,
        1,
        1
      ]
    },
    {
      "command": "rumdl",
      "mean": 0.2928789518,
      "stddev": 0.007648313670377609,
      "median": 0.291789322,
      "user": 0.8926355000000001,
      "system": 0.0664905,
      "min": 0.283771682,
      "max": 0.305107771,
      "times": [
        0.293245474,
        0.291092194,
        0.304671421,
        0.288608233,
        0.305107771,
        0.298387693,
        0.28555498900000004,
        0.285863611,
        0.283771682,
        0.29248645
      ],
      "memory_usage_byte": [
        51777536,
        51777536,
        53362688,
        53362688,
        53362688,
        53362688,
        53362688,
        53362688,
        53362688,
        53362688
      ],
      "exit_codes": [
        1,
        1,
        1,
        1,
        1,
        1,
        1,
        1,
        1,
        1
      ]
    },
    {
      "command": "panache",
      "mean": 0.5572422599,
      "stddev": 0.041744340890864706,
      "median": 0.5369109195,
      "user": 1.9454333,
      "system": 0.1290025,
      "min": 0.535431239,
      "max": 0.6632120300000001,
      "times": [
        0.595736727,
        0.536074072,
        0.535431239,
        0.536282622,
        0.5380830590000001,
        0.5368921320000001,
        0.536874158,
        0.556906853,
        0.536929707,
        0.6632120300000001
      ],
      "memory_usage_byte": [
        53362688,
        53362688,
        53362688,
        53362688,
        53362688,
        53362688,
        53362688,
        53362688,
        53362688,
        53362688
      ],
      "exit_codes": [
        0,
        0,
        0,
        0,
        0,
        0,
        0,
        0,
        0,
        0
      ]
    },
    {
      "command": "mdsmith-parity",
      "mean": 0.10342577100000001,
      "stddev": 0.0005012374392235004,
      "median": 0.10346620000000001,
      "user": 0.32149400000000006,
      "system": 0.025292,
      "min": 0.10248446600000001,
      "max": 0.104113274,
      "times": [
        0.10325078,
        0.10248446600000001,
        0.10357313900000001,
        0.10335926100000001,
        0.10330979600000001,
        0.103764754,
        0.104113274,
        0.10385719700000001,
        0.10278047800000001,
        0.103764565
      ],
      "memory_usage_byte": [
        53362688,
        53362688,
        53362688,
        53362688,
        53362688,
        53362688,
        53362688,
        53362688,
        53362688,
        53362688
      ],
      "exit_codes": [
        1,
        1,
        1,
        1,
        1,
        1,
        1,
        1,
        1,
        1
      ]
    },
    {
      "command": "mdsmith",
      "mean": 0.4491149150000001,
      "stddev": 0.012564061781161595,
      "median": 0.44978550100000003,
      "user": 1.0030363,
      "system": 0.5042992,
      "min": 0.432153973,
      "max": 0.46391017300000004,
      "times": [
        0.463423446,
        0.46391017300000004,
        0.463772075,
        0.44032875600000004,
        0.432153973,
        0.432724449,
        0.455724477,
        0.43954079900000004,
        0.447288715,
        0.452282287
      ],
      "memory_usage_byte": [
        74723328,
        74723328,
        74723328,
        74723328,
        74723328,
        74723328,
        74723328,
        74723328,
        74723328,
        74723328
      ],
      "exit_codes": [
        1,
        1,
        1,
        1,
        1,
        1,
        1,
        1,
        1,
        1
      ]
    }
  ]
}
