{
  "results": [
    {
      "command": "markdownlint-cli2",
      "mean": 4.826050986666667,
      "stddev": 0.16833211701631792,
      "median": 4.7861467475,
      "user": 7.295317833333333,
      "system": 0.30412966666666663,
      "min": 4.647155395,
      "max": 5.131611511,
      "times": [
        4.647155395,
        4.731347517,
        4.755611025,
        5.131611511,
        4.81668247,
        4.873898002
      ],
      "memory_usage_byte": [
        392867840,
        399323136,
        399323136,
        399323136,
        399323136,
        399323136
      ],
      "exit_codes": [
        1,
        1,
        1,
        1,
        1,
        1
      ]
    }
  ]
}
