{
  "results": [
    {
      "command": "mado",
      "mean": 0.0582611712,
      "stddev": 0.0018158125613539646,
      "median": 0.05767759,
      "user": 0.09092079999999998,
      "system": 0.0173851,
      "min": 0.057375527,
      "max": 0.063356355,
      "times": [
        0.063356355,
        0.057514015,
        0.058140915,
        0.057377891,
        0.057376769,
        0.057559833000000005,
        0.058022518,
        0.057375527,
        0.058092542000000004,
        0.057795347000000004
      ],
      "memory_usage_byte": [
        28991488,
        28991488,
        28991488,
        28991488,
        28991488,
        28991488,
        28991488,
        28991488,
        28991488,
        28991488
      ],
      "exit_codes": [
        1,
        1,
        1,
        1,
        1,
        1,
        1,
        1,
        1,
        1
      ]
    },
    {
      "command": "rumdl",
      "mean": 0.28686514760000004,
      "stddev": 0.003937932059218173,
      "median": 0.2871885905,
      "user": 0.8516592,
      "system": 0.0734607,
      "min": 0.28042037400000003,
      "max": 0.29327469100000003,
      "times": [
        0.289363563,
        0.28800004300000004,
        0.29327469100000003,
        0.283306126,
        0.286842541,
        0.28753464,
        0.29118228500000004,
        0.28275894100000004,
        0.28042037400000003,
        0.285968272
      ],
      "memory_usage_byte": [
        52060160,
        52060160,
        52060160,
        52060160,
        52060160,
        52060160,
        52060160,
        52060160,
        52060160,
        52060160
      ],
      "exit_codes": [
        1,
        1,
        1,
        1,
        1,
        1,
        1,
        1,
        1,
        1
      ]
    },
    {
      "command": "panache",
      "mean": 0.5248883883000001,
      "stddev": 0.0014618806051213756,
      "median": 0.5247902400000001,
      "user": 1.8950077999999997,
      "system": 0.1389859,
      "min": 0.522898759,
      "max": 0.5276214880000001,
      "times": [
        0.5250486990000001,
        0.523749101,
        0.5245317810000001,
        0.5257850700000001,
        0.5266081810000001,
        0.523997275,
        0.5276214880000001,
        0.522898759,
        0.5235612980000001,
        0.5250822310000001
      ],
      "memory_usage_byte": [
        52060160,
        52060160,
        52060160,
        52060160,
        52060160,
        52060160,
        52060160,
        52060160,
        52060160,
        52060160
      ],
      "exit_codes": [
        0,
        0,
        0,
        0,
        0,
        0,
        0,
        0,
        0,
        0
      ]
    },
    {
      "command": "mdsmith-parity",
      "mean": 0.1057006421,
      "stddev": 0.002515798359400296,
      "median": 0.10497564850000002,
      "user": 0.3062852,
      "system": 0.03459640000000001,
      "min": 0.102992054,
      "max": 0.111378077,
      "times": [
        0.111378077,
        0.104009082,
        0.10432696100000001,
        0.10832791000000001,
        0.103971345,
        0.104207566,
        0.10641787200000001,
        0.10562433600000001,
        0.102992054,
        0.10575121800000001
      ],
      "memory_usage_byte": [
        52060160,
        52060160,
        52060160,
        52060160,
        52060160,
        52060160,
        52060160,
        52060160,
        52060160,
        52060160
      ],
      "exit_codes": [
        1,
        1,
        1,
        1,
        1,
        1,
        1,
        1,
        1,
        1
      ]
    },
    {
      "command": "mdsmith",
      "mean": 0.49212217050000007,
      "stddev": 0.05610871551436093,
      "median": 0.46290685750000005,
      "user": 0.989346,
      "system": 0.5486401,
      "min": 0.448432045,
      "max": 0.59649322,
      "times": [
        0.462223378,
        0.448432045,
        0.45367229800000003,
        0.450621264,
        0.550541335,
        0.59649322,
        0.566817356,
        0.457511999,
        0.471318473,
        0.463590337
      ],
      "memory_usage_byte": [
        68472832,
        68472832,
        68472832,
        68472832,
        70643712,
        76505088,
        76505088,
        76505088,
        76505088,
        76505088
      ],
      "exit_codes": [
        1,
        1,
        1,
        1,
        1,
        1,
        1,
        1,
        1,
        1
      ]
    }
  ]
}
