{
  "results": [
    {
      "command": "markdownlint-cli2",
      "mean": 3.106014884,
      "stddev": 0.07441424917776414,
      "median": 3.0987953915,
      "user": 4.675573666666667,
      "system": 0.265064,
      "min": 3.039730303,
      "max": 3.241806618,
      "times": [
        3.241806618,
        3.109707808,
        3.087882975,
        3.039778692,
        3.117182908,
        3.039730303
      ],
      "memory_usage_byte": [
        373399552,
        373399552,
        374996992,
        374996992,
        374996992,
        374996992
      ],
      "exit_codes": [
        1,
        1,
        1,
        1,
        1,
        1
      ]
    }
  ]
}
