{
  "results": [
    {
      "command": "mado",
      "mean": 0.0491091795,
      "stddev": 0.0050997219628507034,
      "median": 0.0461384485,
      "user": 0.0771652,
      "system": 0.009594899999999998,
      "min": 0.045819324,
      "max": 0.058806565000000005,
      "times": [
        0.054314528,
        0.045947176000000006,
        0.045927947000000004,
        0.05586796,
        0.046001528,
        0.046275369000000004,
        0.058806565000000005,
        0.046281618000000004,
        0.045819324,
        0.04584978
      ],
      "memory_usage_byte": [
        29704192,
        29704192,
        29704192,
        29704192,
        29704192,
        29704192,
        29704192,
        29704192,
        29704192,
        29704192
      ],
      "exit_codes": [
        1,
        1,
        1,
        1,
        1,
        1,
        1,
        1,
        1,
        1
      ]
    },
    {
      "command": "rumdl",
      "mean": 0.19374045150000002,
      "stddev": 0.004881384416324038,
      "median": 0.192319823,
      "user": 0.6263849,
      "system": 0.0363434,
      "min": 0.189759364,
      "max": 0.20574657400000002,
      "times": [
        0.189759364,
        0.19150942,
        0.196983175,
        0.20574657400000002,
        0.19077324,
        0.19017698500000002,
        0.19488116400000002,
        0.19313022600000002,
        0.189858297,
        0.19458607
      ],
      "memory_usage_byte": [
        51658752,
        51658752,
        51658752,
        51658752,
        51658752,
        51658752,
        51658752,
        51658752,
        51658752,
        51658752
      ],
      "exit_codes": [
        1,
        1,
        1,
        1,
        1,
        1,
        1,
        1,
        1,
        1
      ]
    },
    {
      "command": "panache",
      "mean": 0.5448954907,
      "stddev": 0.01829467635294562,
      "median": 0.554382236,
      "user": 1.5755324,
      "system": 0.0584822,
      "min": 0.514685254,
      "max": 0.560894707,
      "times": [
        0.554512491,
        0.5542519810000001,
        0.554104409,
        0.560894707,
        0.555443047,
        0.516156696,
        0.555988947,
        0.514685254,
        0.557189728,
        0.5257276470000001
      ],
      "memory_usage_byte": [
        51658752,
        51658752,
        51658752,
        51658752,
        51658752,
        51658752,
        51658752,
        51658752,
        51658752,
        51658752
      ],
      "exit_codes": [
        0,
        0,
        0,
        0,
        0,
        0,
        0,
        0,
        0,
        0
      ]
    },
    {
      "command": "gomarklint",
      "mean": 0.029871694700000007,
      "stddev": 0.0010995562248462929,
      "median": 0.029799875500000003,
      "user": 0.0707435,
      "system": 0.013577999999999998,
      "min": 0.028510972000000002,
      "max": 0.032468616,
      "times": [
        0.029919840000000003,
        0.029583777000000002,
        0.029912329,
        0.030511413,
        0.029983743,
        0.032468616,
        0.028592063,
        0.029687422,
        0.029546772000000002,
        0.028510972000000002
      ],
      "memory_usage_byte": [
        51658752,
        51658752,
        51658752,
        51658752,
        51658752,
        51658752,
        51658752,
        51658752,
        51658752,
        51658752
      ],
      "exit_codes": [
        1,
        1,
        1,
        1,
        1,
        1,
        1,
        1,
        1,
        1
      ]
    },
    {
      "command": "mdsmith-parity",
      "mean": 0.0531452688,
      "stddev": 0.0003622573509962838,
      "median": 0.053156182,
      "user": 0.147668,
      "system": 0.0115295,
      "min": 0.052461539,
      "max": 0.053599337000000004,
      "times": [
        0.052461539,
        0.052810493,
        0.053534490000000004,
        0.053158776000000005,
        0.053153588,
        0.05355883,
        0.053599337000000004,
        0.053180828000000006,
        0.05288000700000001,
        0.053114800000000004
      ],
      "memory_usage_byte": [
        51658752,
        51658752,
        51658752,
        51658752,
        51658752,
        51658752,
        51658752,
        51658752,
        51658752,
        51658752
      ],
      "exit_codes": [
        1,
        1,
        1,
        1,
        1,
        1,
        1,
        1,
        1,
        1
      ]
    },
    {
      "command": "mdsmith",
      "mean": 0.14259646450000002,
      "stddev": 0.0009196854112200262,
      "median": 0.1426004815,
      "user": 0.41646299999999997,
      "system": 0.0344938,
      "min": 0.14114690000000002,
      "max": 0.14436426900000002,
      "times": [
        0.142683486,
        0.14314849400000002,
        0.141948928,
        0.142890016,
        0.14436426900000002,
        0.141632699,
        0.142517477,
        0.14114690000000002,
        0.142298213,
        0.14333416300000001
      ],
      "memory_usage_byte": [
        51658752,
        51658752,
        51658752,
        51658752,
        51658752,
        51658752,
        51658752,
        51658752,
        51658752,
        51765248
      ],
      "exit_codes": [
        1,
        1,
        1,
        1,
        1,
        1,
        1,
        1,
        1,
        1
      ]
    }
  ]
}
