{
  "results": [
    {
      "command": "markdownlint-cli2",
      "mean": 4.2265213746666666,
      "stddev": 0.0952692930103464,
      "median": 4.2194401135,
      "user": 6.382041999999999,
      "system": 0.2914733333333333,
      "min": 4.118126631,
      "max": 4.357101686,
      "times": [
        4.289788497,
        4.357101686,
        4.280248203,
        4.155231207,
        4.158632024,
        4.118126631
      ],
      "memory_usage_byte": [
        396021760,
        396021760,
        396021760,
        396021760,
        396021760,
        396021760
      ],
      "exit_codes": [
        1,
        1,
        1,
        1,
        1,
        1
      ]
    }
  ]
}
