{
  "results": [
    {
      "command": "markdownlint-cli2",
      "mean": 2.9826243033333335,
      "stddev": 0.05653098405145101,
      "median": 2.97660045,
      "user": 4.4661816666666665,
      "system": 0.21926899999999996,
      "min": 2.92782892,
      "max": 3.086110653,
      "times": [
        2.936769126,
        2.978426902,
        3.086110653,
        2.991836221,
        2.974773998,
        2.92782892
      ],
      "memory_usage_byte": [
        391299072,
        391299072,
        391299072,
        391299072,
        391299072,
        391299072
      ],
      "exit_codes": [
        1,
        1,
        1,
        1,
        1,
        1
      ]
    }
  ]
}
