{
  "results": [
    {
      "command": "markdownlint-cli2",
      "mean": 5.1907522041666665,
      "stddev": 0.1059963208676149,
      "median": 5.213336931000001,
      "user": 7.7848245,
      "system": 0.32067166666666663,
      "min": 5.003376205,
      "max": 5.304333448,
      "times": [
        5.259621268,
        5.150508442,
        5.003376205,
        5.193550723,
        5.233123139,
        5.304333448
      ],
      "memory_usage_byte": [
        377806848,
        377806848,
        377806848,
        377806848,
        377806848,
        383946752
      ],
      "exit_codes": [
        1,
        1,
        1,
        1,
        1,
        1
      ]
    }
  ]
}
