{
  "results": [
    {
      "command": "markdownlint-cli2",
      "mean": 4.356870169166666,
      "stddev": 0.04618654299082799,
      "median": 4.339789159,
      "user": 6.5848825,
      "system": 0.32359283333333333,
      "min": 4.3184150070000005,
      "max": 4.439074798,
      "times": [
        4.3184150070000005,
        4.322094515,
        4.3387239090000005,
        4.340854409,
        4.439074798,
        4.382058377
      ],
      "memory_usage_byte": [
        378118144,
        378548224,
        380694528,
        381120512,
        381120512,
        381120512
      ],
      "exit_codes": [
        1,
        1,
        1,
        1,
        1,
        1
      ]
    }
  ]
}
