{
  "results": [
    {
      "command": "mado",
      "mean": 0.029793918900000004,
      "stddev": 0.0016681066153130658,
      "median": 0.0292927985,
      "user": 0.04394959999999999,
      "system": 0.0071284999999999986,
      "min": 0.028833081000000003,
      "max": 0.034462296,
      "times": [
        0.034462296,
        0.028833081000000003,
        0.029680587,
        0.029365048,
        0.029762361,
        0.029145254000000002,
        0.029463076,
        0.028903737000000002,
        0.029103200000000003,
        0.029220549000000002
      ],
      "memory_usage_byte": [
        30027776,
        30027776,
        30027776,
        30027776,
        30027776,
        30027776,
        30027776,
        30027776,
        30027776,
        30027776
      ],
      "exit_codes": [
        1,
        1,
        1,
        1,
        1,
        1,
        1,
        1,
        1,
        1
      ]
    },
    {
      "command": "rumdl",
      "mean": 0.11781381190000002,
      "stddev": 0.0009429890860523653,
      "median": 0.11777492450000002,
      "user": 0.3745615,
      "system": 0.029008500000000003,
      "min": 0.11666754600000001,
      "max": 0.11991023,
      "times": [
        0.118154426,
        0.11739542300000001,
        0.11826112700000001,
        0.11991023,
        0.11815455500000001,
        0.118223721,
        0.11721510900000001,
        0.11688106200000001,
        0.11666754600000001,
        0.11727492
      ],
      "memory_usage_byte": [
        51826688,
        53530624,
        53530624,
        53530624,
        53530624,
        53530624,
        53530624,
        53530624,
        53530624,
        53530624
      ],
      "exit_codes": [
        1,
        1,
        1,
        1,
        1,
        1,
        1,
        1,
        1,
        1
      ]
    },
    {
      "command": "panache",
      "mean": 0.30495703900000004,
      "stddev": 0.008179180229659853,
      "median": 0.3067825985,
      "user": 0.8593134999999998,
      "system": 0.0399201,
      "min": 0.28337575000000004,
      "max": 0.31156184800000003,
      "times": [
        0.31156184800000003,
        0.31126922500000004,
        0.30597486,
        0.301878849,
        0.307590337,
        0.308243001,
        0.309866395,
        0.28337575000000004,
        0.305415688,
        0.304394437
      ],
      "memory_usage_byte": [
        53530624,
        53530624,
        53530624,
        53530624,
        53530624,
        53530624,
        53530624,
        53530624,
        53530624,
        53530624
      ],
      "exit_codes": [
        0,
        0,
        0,
        0,
        0,
        0,
        0,
        0,
        0,
        0
      ]
    },
    {
      "command": "mdsmith-parity",
      "mean": 0.0795218174,
      "stddev": 0.0006739723495688671,
      "median": 0.0794127355,
      "user": 0.17103149999999998,
      "system": 0.021033,
      "min": 0.07848255400000001,
      "max": 0.08101907400000001,
      "times": [
        0.079329592,
        0.07949689,
        0.07848255400000001,
        0.07944160900000001,
        0.079383862,
        0.07918765600000001,
        0.08101907400000001,
        0.08010634600000001,
        0.079711372,
        0.079059219
      ],
      "memory_usage_byte": [
        62013440,
        62013440,
        62013440,
        62013440,
        62013440,
        62013440,
        62013440,
        62013440,
        62013440,
        62013440
      ],
      "exit_codes": [
        1,
        1,
        1,
        1,
        1,
        1,
        1,
        1,
        1,
        1
      ]
    },
    {
      "command": "mdsmith",
      "mean": 0.1534271594,
      "stddev": 0.002641253491731034,
      "median": 0.15334534700000002,
      "user": 0.35377400000000003,
      "system": 0.0526496,
      "min": 0.14940250700000002,
      "max": 0.157271703,
      "times": [
        0.154267693,
        0.15614407100000002,
        0.157271703,
        0.156389403,
        0.151154997,
        0.15318990600000001,
        0.15250005900000002,
        0.14940250700000002,
        0.153500788,
        0.150450467
      ],
      "memory_usage_byte": [
        78356480,
        78356480,
        78356480,
        78356480,
        78356480,
        78356480,
        78356480,
        78356480,
        78356480,
        78356480
      ],
      "exit_codes": [
        1,
        1,
        1,
        1,
        1,
        1,
        1,
        1,
        1,
        1
      ]
    }
  ]
}
