{
  "results": [
    {
      "command": "markdownlint-cli2",
      "mean": 3.042520645333333,
      "stddev": 0.06305386038876008,
      "median": 3.0491291335,
      "user": 4.708920666666667,
      "system": 0.21434983333333332,
      "min": 2.947517766,
      "max": 3.105458517,
      "times": [
        3.105458517,
        3.097031037,
        3.006858285,
        3.084918048,
        2.947517766,
        3.013340219
      ],
      "memory_usage_byte": [
        381673472,
        381673472,
        381673472,
        391757824,
        391757824,
        391757824
      ],
      "exit_codes": [
        1,
        1,
        1,
        1,
        1,
        1
      ]
    }
  ]
}
