{
  "results": [
    {
      "command": "markdownlint-cli2",
      "mean": 4.695781654166667,
      "stddev": 0.07167047500437021,
      "median": 4.728231258499999,
      "user": 7.093931166666667,
      "system": 0.30070949999999996,
      "min": 4.58766953,
      "max": 4.755014379,
      "times": [
        4.73574147,
        4.720721047,
        4.751566187,
        4.755014379,
        4.58766953,
        4.623977312
      ],
      "memory_usage_byte": [
        384430080,
        387768320,
        387768320,
        387768320,
        387768320,
        387768320
      ],
      "exit_codes": [
        1,
        1,
        1,
        1,
        1,
        1
      ]
    }
  ]
}
