{
  "results": [
    {
      "command": "mado",
      "mean": 0.0712916176,
      "stddev": 0.003911165460842508,
      "median": 0.06933121650000001,
      "user": 0.11460750000000001,
      "system": 0.020926900000000002,
      "min": 0.06847117,
      "max": 0.07961467600000001,
      "times": [
        0.06936178800000001,
        0.06930064500000001,
        0.068587487,
        0.06870688900000001,
        0.06847117,
        0.068775086,
        0.07961467600000001,
        0.07593036,
        0.074281608,
        0.06988646700000001
      ],
      "memory_usage_byte": [
        29818880,
        29818880,
        29818880,
        29818880,
        29818880,
        29818880,
        29818880,
        29818880,
        35737600,
        35737600
      ],
      "exit_codes": [
        1,
        1,
        1,
        1,
        1,
        1,
        1,
        1,
        1,
        1
      ]
    },
    {
      "command": "rumdl",
      "mean": 0.3536669733000001,
      "stddev": 0.006666450178894064,
      "median": 0.3515446765,
      "user": 1.0820696,
      "system": 0.0769325,
      "min": 0.34634765500000003,
      "max": 0.36969161700000003,
      "times": [
        0.34634765500000003,
        0.354343205,
        0.36969161700000003,
        0.35479676000000004,
        0.359175731,
        0.350840448,
        0.349149457,
        0.352039094,
        0.35105025900000003,
        0.349235507
      ],
      "memory_usage_byte": [
        54018048,
        54018048,
        54018048,
        54018048,
        54018048,
        54018048,
        54018048,
        54018048,
        54018048,
        54857728
      ],
      "exit_codes": [
        1,
        1,
        1,
        1,
        1,
        1,
        1,
        1,
        1,
        1
      ]
    },
    {
      "command": "panache",
      "mean": 0.7021182952999999,
      "stddev": 0.0759838739860973,
      "median": 0.6442044445,
      "user": 2.2792287999999994,
      "system": 0.14134559999999996,
      "min": 0.6416486880000001,
      "max": 0.7930778190000001,
      "times": [
        0.7903397050000001,
        0.644202692,
        0.7930778190000001,
        0.790693486,
        0.6436827420000001,
        0.6416486880000001,
        0.7874293480000001,
        0.644206197,
        0.643632759,
        0.642269517
      ],
      "memory_usage_byte": [
        54857728,
        54857728,
        54857728,
        54857728,
        54857728,
        54857728,
        54857728,
        54857728,
        54857728,
        54857728
      ],
      "exit_codes": [
        0,
        0,
        0,
        0,
        0,
        0,
        0,
        0,
        0,
        0
      ]
    },
    {
      "command": "gomarklint",
      "mean": 0.0704656178,
      "stddev": 0.008675888064606398,
      "median": 0.07370696600000001,
      "user": 0.14268579999999997,
      "system": 0.026276799999999996,
      "min": 0.056097687,
      "max": 0.080417078,
      "times": [
        0.080417078,
        0.056097687,
        0.074695804,
        0.067246068,
        0.07519471400000001,
        0.066377158,
        0.072718128,
        0.07980240200000001,
        0.075366163,
        0.056740976000000005
      ],
      "memory_usage_byte": [
        54857728,
        54857728,
        54857728,
        54857728,
        54857728,
        54857728,
        54857728,
        54857728,
        54857728,
        54857728
      ],
      "exit_codes": [
        1,
        1,
        1,
        1,
        1,
        1,
        1,
        1,
        1,
        1
      ]
    },
    {
      "command": "mdsmith-gomarklint-parity",
      "mean": 0.08096738170000001,
      "stddev": 0.005718696457457381,
      "median": 0.07901116250000001,
      "user": 0.19401769999999996,
      "system": 0.032184599999999994,
      "min": 0.074422662,
      "max": 0.09323521800000001,
      "times": [
        0.078929856,
        0.079092469,
        0.07689699,
        0.087643912,
        0.076569604,
        0.08327087200000001,
        0.078249888,
        0.09323521800000001,
        0.081362346,
        0.074422662
      ],
      "memory_usage_byte": [
        54857728,
        54857728,
        54857728,
        54857728,
        54857728,
        54857728,
        54857728,
        54857728,
        54857728,
        54857728
      ],
      "exit_codes": [
        1,
        1,
        1,
        1,
        1,
        1,
        1,
        1,
        1,
        1
      ]
    },
    {
      "command": "mdsmith-mado-parity",
      "mean": 0.0804302275,
      "stddev": 0.0030001193578184787,
      "median": 0.080727457,
      "user": 0.1991416,
      "system": 0.034218799999999994,
      "min": 0.07515583,
      "max": 0.084526082,
      "times": [
        0.083575072,
        0.08148662400000001,
        0.08087598900000001,
        0.080417795,
        0.079421689,
        0.07590747,
        0.08057892500000001,
        0.08235679900000001,
        0.07515583,
        0.084526082
      ],
      "memory_usage_byte": [
        54857728,
        54857728,
        54857728,
        54857728,
        54857728,
        54857728,
        54857728,
        54857728,
        54857728,
        54857728
      ],
      "exit_codes": [
        1,
        1,
        1,
        1,
        1,
        1,
        1,
        1,
        1,
        1
      ]
    },
    {
      "command": "mdsmith-rumdl-parity",
      "mean": 0.09955651509999999,
      "stddev": 0.0037224474553111918,
      "median": 0.09945751750000001,
      "user": 0.256762,
      "system": 0.031319799999999995,
      "min": 0.09292376100000001,
      "max": 0.10656418100000001,
      "times": [
        0.09887000400000001,
        0.09930435200000001,
        0.09867582100000001,
        0.101794323,
        0.09292376100000001,
        0.095393211,
        0.099610683,
        0.10656418100000001,
        0.102322827,
        0.100105988
      ],
      "memory_usage_byte": [
        54857728,
        54857728,
        54857728,
        54857728,
        54857728,
        54857728,
        54857728,
        54857728,
        54857728,
        54857728
      ],
      "exit_codes": [
        1,
        1,
        1,
        1,
        1,
        1,
        1,
        1,
        1,
        1
      ]
    },
    {
      "command": "mdsmith-markdownlint-parity",
      "mean": 0.09820293580000002,
      "stddev": 0.006873826270481219,
      "median": 0.0955632955,
      "user": 0.25661509999999993,
      "system": 0.0332494,
      "min": 0.092741522,
      "max": 0.11610466900000001,
      "times": [
        0.09923701500000001,
        0.09438266000000001,
        0.096485499,
        0.09341132,
        0.100371651,
        0.09463916,
        0.11610466900000001,
        0.10001477,
        0.09464109200000001,
        0.092741522
      ],
      "memory_usage_byte": [
        54857728,
        54857728,
        54857728,
        54857728,
        54857728,
        54857728,
        54857728,
        54857728,
        54857728,
        54857728
      ],
      "exit_codes": [
        1,
        1,
        1,
        1,
        1,
        1,
        1,
        1,
        1,
        1
      ]
    },
    {
      "command": "mdsmith",
      "mean": 0.20014654650000002,
      "stddev": 0.00442522634108771,
      "median": 0.20033333250000002,
      "user": 0.5505559,
      "system": 0.0712554,
      "min": 0.193963036,
      "max": 0.20653525,
      "times": [
        0.19638239500000002,
        0.20480325800000002,
        0.196465159,
        0.20499683800000001,
        0.20159053000000002,
        0.19907613500000002,
        0.19586465,
        0.20653525,
        0.20178821400000002,
        0.193963036
      ],
      "memory_usage_byte": [
        54857728,
        54857728,
        54857728,
        54857728,
        54857728,
        54857728,
        54857728,
        54857728,
        56492032,
        56492032
      ],