{
  "results": [
    {
      "command": "mado",
      "mean": 0.0489105868,
      "stddev": 0.003401572693425852,
      "median": 0.0488262545,
      "user": 0.07895669999999999,
      "system": 0.008218199999999998,
      "min": 0.045318906000000006,
      "max": 0.054082460000000006,
      "times": [
        0.046440482000000005,
        0.045798708,
        0.051212027,
        0.045318906000000006,
        0.054082460000000006,
        0.045573519,
        0.052139788000000006,
        0.051231646000000006,
        0.051511036,
        0.045797296
      ],
      "memory_usage_byte": [
        29184000,
        29184000,
        29184000,
        29184000,
        29184000,
        29184000,
        29499392,
        29544448,
        29544448,
        29544448
      ],
      "exit_codes": [
        1,
        1,
        1,
        1,
        1,
        1,
        1,
        1,
        1,
        1
      ]
    },
    {
      "command": "rumdl",
      "mean": 0.19777143079999998,
      "stddev": 0.003170138599405141,
      "median": 0.197007777,
      "user": 0.6499727,
      "system": 0.0365071,
      "min": 0.194141679,
      "max": 0.203217044,
      "times": [
        0.202090188,
        0.196230556,
        0.203217044,
        0.194141679,
        0.200277545,
        0.198384433,
        0.19504006000000002,
        0.19527274400000003,
        0.19778499800000002,
        0.195275061
      ],
      "memory_usage_byte": [
        50900992,
        50900992,
        50900992,
        50900992,
        50900992,
        50900992,
        50900992,
        50900992,
        50900992,
        50900992
      ],
      "exit_codes": [
        1,
        1,
        1,
        1,
        1,
        1,
        1,
        1,
        1,
        1
      ]
    },
    {
      "command": "panache",
      "mean": 0.5444206905,
      "stddev": 0.018003001049543818,
      "median": 0.5452055745000001,
      "user": 1.6199409,
      "system": 0.05409579999999999,
      "min": 0.5245349530000001,
      "max": 0.566854218,
      "times": [
        0.5245349530000001,
        0.5545165240000001,
        0.526391968,
        0.566854218,
        0.564152471,
        0.527473881,
        0.560637136,
        0.5587003420000001,
        0.5358946250000001,
        0.5250507870000001
      ],
      "memory_usage_byte": [
        50900992,
        50900992,
        50900992,
        50900992,
        50900992,
        50900992,
        50900992,
        50900992,
        50900992,
        50900992
      ],
      "exit_codes": [
        0,
        0,
        0,
        0,
        0,
        0,
        0,
        0,
        0,
        0
      ]
    },
    {
      "command": "mdsmith-parity",
      "mean": 0.12708255140000002,
      "stddev": 0.0008158912059038005,
      "median": 0.1268740605,
      "user": 0.2933768,
      "system": 0.031174,
      "min": 0.126219948,
      "max": 0.12875862600000001,
      "times": [
        0.12696804,
        0.12678008100000002,
        0.12875862600000001,
        0.127761908,
        0.12672825100000001,
        0.126219948,
        0.12632325,
        0.12622038900000002,
        0.127635833,
        0.127429188
      ],
      "memory_usage_byte": [
        59518976,
        59916288,
        59916288,
        59916288,
        59916288,
        59916288,
        59916288,
        59916288,
        59916288,
        59916288
      ],
      "exit_codes": [
        1,
        1,
        1,
        1,
        1,
        1,
        1,
        1,
        1,
        1
      ]
    },
    {
      "command": "mdsmith",
      "mean": 0.2487340691,
      "stddev": 0.0015812960385415493,
      "median": 0.24859403500000002,
      "user": 0.6086606999999999,
      "system": 0.0644762,
      "min": 0.246452566,
      "max": 0.251269429,
      "times": [
        0.251269429,
        0.250070778,
        0.246452566,
        0.25048305600000004,
        0.247783251,
        0.249195619,
        0.24657731100000002,
        0.248441446,
        0.24832061100000002,
        0.24874662400000003
      ],
      "memory_usage_byte": [
        78405632,
        78610432,
        78610432,
        78610432,
        78610432,
        78610432,
        78610432,
        80568320,
        80568320,
        80568320
      ],
      "exit_codes": [
        1,
        1,
        1,
        1,
        1,
        1,
        1,
        1,
        1,
        1
      ]
    }
  ]
}
