{
  "results": [
    {
      "command": "markdownlint-cli2",
      "mean": 3.1371770328333337,
      "stddev": 0.11381548751524033,
      "median": 3.1314023975,
      "user": 4.734175,
      "system": 0.2574783333333333,
      "min": 2.998663184,
      "max": 3.309172393,
      "times": [
        3.213850965,
        2.998663184,
        3.118507171,
        3.309172393,
        3.144297624,
        3.03857086
      ],
      "memory_usage_byte": [
        392097792,
        392097792,
        392097792,
        392097792,
        392097792,
        392097792
      ],
      "exit_codes": [
        1,
        1,
        1,
        1,
        1,
        1
      ]
    }
  ]
}
