{
  "results": [
    {
      "command": "markdownlint-cli2",
      "mean": 3.2634598858333335,
      "stddev": 0.08523599337337191,
      "median": 3.2945175654999996,
      "user": 4.946528833333332,
      "system": 0.321502,
      "min": 3.156010337,
      "max": 3.349135922,
      "times": [
        3.349135922,
        3.32510648,
        3.156010337,
        3.320100573,
        3.161471445,
        3.2689345579999998
      ],
      "memory_usage_byte": [
        391819264,
        391819264,
        391819264,
        391819264,
        391819264,
        391819264
      ],
      "exit_codes": [
        1,
        1,
        1,
        1,
        1,
        1
      ]
    }
  ]
}
