{
  "results": [
    {
      "command": "markdownlint-cli2",
      "mean": 3.2234536251666666,
      "stddev": 0.10833036799545184,
      "median": 3.2129776354999997,
      "user": 4.8965165,
      "system": 0.2749996666666667,
      "min": 3.096201004,
      "max": 3.360608387,
      "times": [
        3.360608387,
        3.262067155,
        3.163888116,
        3.096201004,
        3.132613144,
        3.325343945
      ],
      "memory_usage_byte": [
        387358720,
        387358720,
        387358720,
        387358720,
        387358720,
        387358720
      ],
      "exit_codes": [
        1,
        1,
        1,
        1,
        1,
        1
      ]
    }
  ]
}
