{
  "results": [
    {
      "command": "mado",
      "mean": 0.043841295800000006,
      "stddev": 0.0022440238647630684,
      "median": 0.043115214,
      "user": 0.0685131,
      "system": 0.008077999999999998,
      "min": 0.042719699,
      "max": 0.050178196,
      "times": [
        0.042996607000000006,
        0.043017129,
        0.043056307,
        0.043174121,
        0.042719699,
        0.043471125,
        0.043564378,
        0.042808241000000004,
        0.050178196,
        0.043427155
      ],
      "memory_usage_byte": [
        29736960,
        29736960,
        29736960,
        29736960,
        29736960,
        31719424,
        31719424,
        31719424,
        31719424,
        31719424
      ],
      "exit_codes": [
        1,
        1,
        1,
        1,
        1,
        1,
        1,
        1,
        1,
        1
      ]
    },
    {
      "command": "rumdl",
      "mean": 0.20279254499999996,
      "stddev": 0.0032491169948216914,
      "median": 0.2025272405,
      "user": 0.7131554,
      "system": 0.0222536,
      "min": 0.197828111,
      "max": 0.20757097100000002,
      "times": [
        0.20273844200000002,
        0.205741804,
        0.198915387,
        0.20757097100000002,
        0.204440535,
        0.20120604,
        0.200661257,
        0.202316039,
        0.197828111,
        0.206506864
      ],
      "memory_usage_byte": [
        52162560,
        52162560,
        52162560,
        52162560,
        52162560,
        52162560,
        52162560,
        52162560,
        52162560,
        52162560
      ],
      "exit_codes": [
        1,
        1,
        1,
        1,
        1,
        1,
        1,
        1,
        1,
        1
      ]
    },
    {
      "command": "panache",
      "mean": 0.5563859587,
      "stddev": 0.0035171708995087227,
      "median": 0.5569207675000001,
      "user": 1.6419404,
      "system": 0.031777999999999994,
      "min": 0.5503977830000001,
      "max": 0.564027352,
      "times": [
        0.5503977830000001,
        0.553119617,
        0.564027352,
        0.5569726110000001,
        0.555232638,
        0.5575058150000001,
        0.55708338,
        0.5575006800000001,
        0.5551507870000001,
        0.556868924
      ],
      "memory_usage_byte": [
        52162560,
        52162560,
        52162560,
        52162560,
        52162560,
        52162560,
        52162560,
        52162560,
        52162560,
        52162560
      ],
      "exit_codes": [
        0,
        0,
        0,
        0,
        0,
        0,
        0,
        0,
        0,
        0
      ]
    },
    {
      "command": "gomarklint",
      "mean": 0.027728787300000002,
      "stddev": 0.0009040457895720214,
      "median": 0.027906937,
      "user": 0.0724442,
      "system": 0.010700199999999997,
      "min": 0.025849103000000002,
      "max": 0.028921853,
      "times": [
        0.028203635,
        0.028170904,
        0.028921853,
        0.025849103000000002,
        0.02780993,
        0.027121190000000003,
        0.028003944000000003,
        0.027139868,
        0.027328792,
        0.028738654000000002
      ],
      "memory_usage_byte": [
        52162560,
        52162560,
        52162560,
        52162560,
        52162560,
        52162560,
        52162560,
        52162560,
        52162560,
        52162560
      ],
      "exit_codes": [
        1,
        1,
        1,
        1,
        1,
        1,
        1,
        1,
        1,
        1
      ]
    },
    {
      "command": "mdsmith-parity",
      "mean": 0.051854545800000006,
      "stddev": 0.000570798441995421,
      "median": 0.051751373,
      "user": 0.1486481,
      "system": 0.0132081,
      "min": 0.051200859,
      "max": 0.052921846,
      "times": [
        0.051317953000000006,
        0.051960242000000004,
        0.051994969,
        0.052921846,
        0.05251808,
        0.051468232,
        0.051542504,
        0.051200859,
        0.05223243700000001,
        0.051388336
      ],
      "memory_usage_byte": [
        52162560,
        52162560,
        52162560,
        52162560,
        52162560,
        52162560,
        52162560,
        52162560,
        52162560,
        52162560
      ],
      "exit_codes": [
        1,
        1,
        1,
        1,
        1,
        1,
        1,
        1,
        1,
        1
      ]
    },
    {
      "command": "mdsmith",
      "mean": 0.13486363459999998,
      "stddev": 0.0014289406594032656,
      "median": 0.1351762045,
      "user": 0.40354480000000004,
      "system": 0.025756800000000003,
      "min": 0.131931144,
      "max": 0.136352611,
      "times": [
        0.13356104500000002,
        0.136352611,
        0.134196498,
        0.13616113700000002,
        0.131931144,
        0.13605756900000002,
        0.13593105600000002,
        0.134092877,
        0.13561245700000002,
        0.134739952
      ],
      "memory_usage_byte": [
        52162560,
        52162560,
        52162560,
        52162560,
        52162560,
        52162560,
        52162560,
        52162560,
        52162560,
        52162560
      ],
      "exit_codes": [
        1,
        1,
        1,
        1,
        1,
        1,
        1,
        1,
        1,
        1
      ]
    }
  ]
}
