{
  "results": [
    {
      "command": "markdownlint-cli2",
      "mean": 5.067486271,
      "stddev": 0.07224661594278656,
      "median": 5.069659043,
      "user": 7.6605995,
      "system": 0.31457399999999996,
      "min": 4.953244628,
      "max": 5.14891589,
      "times": [
        4.953244628,
        5.03231237,
        5.131126652,
        5.093314787,
        5.14891589,
        5.046003299
      ],
      "memory_usage_byte": [
        384503808,
        384503808,
        385445888,
        385445888,
        385445888,
        385445888
      ],
      "exit_codes": [
        1,
        1,
        1,
        1,
        1,
        1
      ]
    }
  ]
}
