{
  "results": [
    {
      "command": "markdownlint-cli2",
      "mean": 3.1790546098333334,
      "stddev": 0.16787922190098964,
      "median": 3.1721436604999997,
      "user": 4.7593135,
      "system": 0.3304925,
      "min": 2.998518562,
      "max": 3.379893279,
      "times": [
        3.001731025,
        3.232398413,
        2.998518562,
        3.111888908,
        3.349897472,
        3.379893279
      ],
      "memory_usage_byte": [
        379875328,
        385388544,
        385388544,
        385388544,
        388386816,
        402444288
      ],
      "exit_codes": [
        1,
        1,
        1,
        1,
        1,
        1
      ]
    }
  ]
}
