{
  "results": [
    {
      "command": "markdownlint-cli2",
      "mean": 4.631522861166666,
      "stddev": 0.1117462315705927,
      "median": 4.6036645015,
      "user": 6.929181,
      "system": 0.423886,
      "min": 4.525253736,
      "max": 4.83552785,
      "times": [
        4.83552785,
        4.55394295,
        4.58509636,
        4.525253736,
        4.622232643,
        4.667083628
      ],
      "memory_usage_byte": [
        379334656,
        385241088,
        385241088,
        385241088,
        408981504,
        408981504
      ],
      "exit_codes": [
        1,
        1,
        1,
        1,
        1,
        1
      ]
    }
  ]
}
