{
  "results": [
    {
      "command": "mado",
      "mean": 0.0487928211,
      "stddev": 0.0037998086878497915,
      "median": 0.0485486285,
      "user": 0.07881230000000002,
      "system": 0.0077004000000000005,
      "min": 0.044825088000000006,
      "max": 0.054428337,
      "times": [
        0.044825088000000006,
        0.045160898000000005,
        0.054428337,
        0.052420334000000006,
        0.051082505,
        0.046109527000000004,
        0.044866195000000005,
        0.05098773,
        0.045609870000000004,
        0.052437727
      ],
      "memory_usage_byte": [
        28848128,
        29020160,
        29020160,
        29491200,
        29593600,
        33533952,
        33533952,
        33533952,
        33533952,
        33533952
      ],
      "exit_codes": [
        1,
        1,
        1,
        1,
        1,
        1,
        1,
        1,
        1,
        1
      ]
    },
    {
      "command": "rumdl",
      "mean": 0.19548978749999998,
      "stddev": 0.0024907052360962747,
      "median": 0.19512151700000002,
      "user": 0.6470813,
      "system": 0.0354124,
      "min": 0.192785175,
      "max": 0.20119667200000002,
      "times": [
        0.196759338,
        0.194577156,
        0.19340625900000002,
        0.192785175,
        0.19666213600000002,
        0.20119667200000002,
        0.19566587800000002,
        0.196519253,
        0.193772146,
        0.19355386200000002
      ],
      "memory_usage_byte": [
        51965952,
        51965952,
        51965952,
        54509568,
        54509568,
        54509568,
        54509568,
        54509568,
        54509568,
        54509568
      ],
      "exit_codes": [
        1,
        1,
        1,
        1,
        1,
        1,
        1,
        1,
        1,
        1
      ]
    },
    {
      "command": "panache",
      "mean": 0.5487460723,
      "stddev": 0.015582041118793338,
      "median": 0.554884339,
      "user": 1.6038211,
      "system": 0.0488143,
      "min": 0.524573564,
      "max": 0.563206526,
      "times": [
        0.560841908,
        0.550810217,
        0.5250856850000001,
        0.5573237200000001,
        0.559492469,
        0.563206526,
        0.552444958,
        0.524573564,
        0.56219334,
        0.531488336
      ],
      "memory_usage_byte": [
        54509568,
        54509568,
        54509568,
        54509568,
        54509568,
        54509568,
        54509568,
        54509568,
        54509568,
        54509568
      ],
      "exit_codes": [
        0,
        0,
        0,
        0,
        0,
        0,
        0,
        0,
        0,
        0
      ]
    },
    {
      "command": "gomarklint",
      "mean": 0.030971417600000002,
      "stddev": 0.0021228525763978888,
      "median": 0.030706457,
      "user": 0.07519189999999999,
      "system": 0.0097217,
      "min": 0.028048997000000003,
      "max": 0.034342793,
      "times": [
        0.028048997000000003,
        0.032799438,
        0.029967045,
        0.028102077000000003,
        0.032522528,
        0.029712116,
        0.030172881000000002,
        0.032806268,
        0.031240033,
        0.034342793
      ],
      "memory_usage_byte": [
        54509568,
        54509568,
        54509568,
        54509568,
        54509568,
        54509568,
        54509568,
        54509568,
        54509568,
        54509568
      ],
      "exit_codes": [
        1,
        1,
        1,
        1,
        1,
        1,
        1,
        1,
        1,
        1
      ]
    },
    {
      "command": "mdsmith-parity",
      "mean": 0.0552140979,
      "stddev": 0.0006975924300233467,
      "median": 0.055142339,
      "user": 0.1548335,
      "system": 0.0133661,
      "min": 0.054053648,
      "max": 0.05655165,
      "times": [
        0.055197645000000004,
        0.054053648,
        0.055645796000000004,
        0.055087033,
        0.054622246000000006,
        0.054827391,
        0.054836948,
        0.055622261000000006,
        0.05655165,
        0.05569636100000001
      ],
      "memory_usage_byte": [
        54509568,
        54509568,
        54509568,
        54509568,
        54509568,
        54509568,
        54509568,
        54509568,
        54509568,
        54509568
      ],
      "exit_codes": [
        1,
        1,
        1,
        1,
        1,
        1,
        1,
        1,
        1,
        1
      ]
    },
    {
      "command": "mdsmith",
      "mean": 0.1423653222,
      "stddev": 0.001612669961436406,
      "median": 0.1424043405,
      "user": 0.42341299999999993,
      "system": 0.027794599999999996,
      "min": 0.139351579,
      "max": 0.144728124,
      "times": [
        0.14395628700000002,
        0.143411472,
        0.139351579,
        0.143354277,
        0.142482191,
        0.141818527,
        0.14169614700000002,
        0.140528128,
        0.14232649,
        0.144728124
      ],
      "memory_usage_byte": [
        54509568,
        54509568,
        54509568,
        54509568,
        54509568,
        54509568,
        54509568,
        54509568,
        54509568,
        54509568
      ],
      "exit_codes": [
        1,
        1,
        1,
        1,
        1,
        1,
        1,
        1,
        1,
        1
      ]
    }
  ]
}
