{
  "results": [
    {
      "command": "mado",
      "mean": 0.06930019920000001,
      "stddev": 0.0023465979186818916,
      "median": 0.068506063,
      "user": 0.11197189999999999,
      "system": 0.0193591,
      "min": 0.067806779,
      "max": 0.07572173900000001,
      "times": [
        0.06819172700000001,
        0.068686799,
        0.07572173900000001,
        0.067806779,
        0.069685011,
        0.06817308000000001,
        0.068874772,
        0.067940206,
        0.068325327,
        0.069596552
      ],
      "memory_usage_byte": [
        29024256,
        31502336,
        31502336,
        31502336,
        31502336,
        31502336,
        31502336,
        31502336,
        31502336,
        31502336
      ],
      "exit_codes": [
        1,
        1,
        1,
        1,
        1,
        1,
        1,
        1,
        1,
        1
      ]
    },
    {
      "command": "rumdl",
      "mean": 0.36525801980000006,
      "stddev": 0.009968875818922002,
      "median": 0.3660434425,
      "user": 1.1009810999999998,
      "system": 0.0758576,
      "min": 0.349004403,
      "max": 0.38029744000000004,
      "times": [
        0.349004403,
        0.38029744000000004,
        0.36719855700000004,
        0.365467396,
        0.37549626700000005,
        0.36494700900000004,
        0.35316908500000005,
        0.356608054,
        0.373772498,
        0.366619489
      ],
      "memory_usage_byte": [
        52846592,
        53141504,
        53141504,
        54374400,
        54374400,
        54374400,
        54374400,
        54374400,
        54374400,
        54374400
      ],
      "exit_codes": [
        1,
        1,
        1,
        1,
        1,
        1,
        1,
        1,
        1,
        1
      ]
    },
    {
      "command": "panache",
      "mean": 0.7521690655000001,
      "stddev": 0.07773700398959893,
      "median": 0.8075438050000001,
      "user": 2.2839327,
      "system": 0.13988260000000002,
      "min": 0.651849077,
      "max": 0.8242674470000001,
      "times": [
        0.8092361640000001,
        0.810102902,
        0.6802776380000001,
        0.651849077,
        0.660023389,
        0.657446168,
        0.8121681700000001,
        0.810468254,
        0.805851446,
        0.8242674470000001
      ],
      "memory_usage_byte": [
        54374400,
        54374400,
        54374400,
        54374400,
        54374400,
        54374400,
        54374400,
        54374400,
        54374400,
        54374400
      ],
      "exit_codes": [
        0,
        0,
        0,
        0,
        0,
        0,
        0,
        0,
        0,
        0
      ]
    },
    {
      "command": "gomarklint",
      "mean": 0.0685451093,
      "stddev": 0.009495003658766646,
      "median": 0.0704334335,
      "user": 0.14545929999999999,
      "system": 0.026089400000000002,
      "min": 0.05475564300000001,
      "max": 0.081631169,
      "times": [
        0.081631169,
        0.056662433000000005,
        0.076019904,
        0.069271576,
        0.071595291,
        0.076442784,
        0.059653171000000005,
        0.05475564300000001,
        0.06267579000000001,
        0.07674333200000001
      ],
      "memory_usage_byte": [
        54374400,
        54374400,
        54374400,
        54374400,
        54374400,
        54374400,
        54374400,
        54374400,
        54374400,
        54374400
      ],
      "exit_codes": [
        1,
        1,
        1,
        1,
        1,
        1,
        1,
        1,
        1,
        1
      ]
    },
    {
      "command": "mdsmith-gomarklint-parity",
      "mean": 0.08142361800000002,
      "stddev": 0.004651966890700751,
      "median": 0.080266286,
      "user": 0.20288370000000003,
      "system": 0.03606619999999999,
      "min": 0.075462446,
      "max": 0.088185444,
      "times": [
        0.080977696,
        0.079102637,
        0.08711489600000001,
        0.08753063700000001,
        0.08096910900000001,
        0.07944184600000001,
        0.079563463,
        0.075462446,
        0.07588800600000001,
        0.088185444
      ],
      "memory_usage_byte": [
        54374400,
        54374400,
        54374400,
        54374400,
        54374400,
        54374400,
        54374400,
        54374400,
        54374400,
        54374400
      ],
      "exit_codes": [
        1,
        1,
        1,
        1,
        1,
        1,
        1,
        1,
        1,
        1
      ]
    },
    {
      "command": "mdsmith-mado-parity",
      "mean": 0.0839721843,
      "stddev": 0.004087652182930824,
      "median": 0.084791378,
      "user": 0.204621,
      "system": 0.033051,
      "min": 0.075902803,
      "max": 0.08951350100000001,
      "times": [
        0.08773995700000001,
        0.082911832,
        0.085641908,
        0.084183302,
        0.085399454,
        0.078967884,
        0.08675241700000001,
        0.075902803,
        0.08951350100000001,
        0.082708785
      ],
      "memory_usage_byte": [
        54374400,
        54374400,
        54374400,
        54374400,
        54374400,
        54374400,
        54374400,
        54374400,
        54374400,
        54374400
      ],
      "exit_codes": [
        1,
        1,
        1,
        1,
        1,
        1,
        1,
        1,
        1,
        1
      ]
    },
    {
      "command": "mdsmith-rumdl-parity",
      "mean": 0.10438084119999999,
      "stddev": 0.006937875620970565,
      "median": 0.10175126250000001,
      "user": 0.26641269999999995,
      "system": 0.036962,
      "min": 0.09813434300000001,
      "max": 0.11916046300000001,
      "times": [
        0.10246509000000001,
        0.10183903700000001,
        0.11916046300000001,
        0.113576282,
        0.10752916500000001,
        0.10060466700000001,
        0.099769969,
        0.10166348800000001,
        0.09813434300000001,
        0.09906590800000001
      ],
      "memory_usage_byte": [
        54374400,
        54374400,
        54374400,
        54374400,
        54374400,
        54374400,
        54374400,
        54374400,
        54374400,
        54374400
      ],
      "exit_codes": [
        1,
        1,
        1,
        1,
        1,
        1,
        1,
        1,
        1,
        1
      ]
    },
    {
      "command": "mdsmith-markdownlint-parity",
      "mean": 0.10234319650000001,
      "stddev": 0.004042286088365108,
      "median": 0.1025446935,
      "user": 0.26972409999999997,
      "system": 0.033289799999999994,
      "min": 0.095673135,
      "max": 0.10749053300000001,
      "times": [
        0.102013249,
        0.095843572,
        0.10525954000000001,
        0.10749053300000001,
        0.101775866,
        0.10301227,
        0.10270159000000001,
        0.10727441300000001,
        0.095673135,
        0.102387797
      ],
      "memory_usage_byte": [
        54374400,
        54374400,
        54374400,
        54374400,
        54374400,
        54374400,
        54374400,
        54374400,
        54374400,
        54374400
      ],
      "exit_codes": [
        1,
        1,
        1,
        1,
        1,
        1,
        1,
        1,
        1,
        1
      ]
    },
    {
      "command": "mdsmith",
      "mean": 0.20965009,
      "stddev": 0.0077551401521943,
      "median": 0.207601288,
      "user": 0.5678957,
      "system": 0.0789525,
      "min": 0.202130581,
      "max": 0.22623958300000002,
      "times": [
        0.20612078,
        0.20908179600000001,
        0.21858447,
        0.22623958300000002,
        0.21255838400000002,
        0.204741678,
        0.202130581,
        0.20317901000000002,
        0.20320906200000002,
        0.21065555600000002
      ],
      "memory_usage_byte": [
        54374400,
        54374400,
        54374400,
        54374400,
        54374400,
        54374400,
        54374400,
        54374400,
        54374400,
        54636544
      ],