{
  "results": [
    {
      "command": "markdownlint-cli2",
      "mean": 4.387983011333334,
      "stddev": 0.1976938593780679,
      "median": 4.3187428435,
      "user": 6.598820166666666,
      "system": 0.30023616666666664,
      "min": 4.235061713,
      "max": 4.771292166,
      "times": [
        4.771292166,
        4.330174114,
        4.267765421,
        4.416293081,
        4.235061713,
        4.307311573
      ],
      "memory_usage_byte": [
        372383744,
        372383744,
        381243392,
        381243392,
        384884736,
        388947968
      ],
      "exit_codes": [
        1,
        1,
        1,
        1,
        1,
        1
      ]
    }
  ]
}
