{
  "results": [
    {
      "command": "mado",
      "mean": 0.061419961300000006,
      "stddev": 0.002945950124234287,
      "median": 0.060152379500000006,
      "user": 0.09947589999999998,
      "system": 0.013982100000000003,
      "min": 0.059583792000000003,
      "max": 0.06823159300000001,
      "times": [
        0.060230396000000005,
        0.05967738400000001,
        0.059729420000000005,
        0.061043028000000006,
        0.065369939,
        0.059861179,
        0.06823159300000001,
        0.059583792000000003,
        0.060074363000000006,
        0.060398519000000005
      ],
      "memory_usage_byte": [
        31252480,
        31252480,
        31252480,
        31252480,
        31252480,
        31252480,
        31252480,
        31252480,
        31252480,
        31252480
      ],
      "exit_codes": [
        1,
        1,
        1,
        1,
        1,
        1,
        1,
        1,
        1,
        1
      ]
    },
    {
      "command": "rumdl",
      "mean": 0.3341951938,
      "stddev": 0.004473777902709884,
      "median": 0.33297759000000005,
      "user": 1.1288648999999997,
      "system": 0.0480379,
      "min": 0.32947633600000004,
      "max": 0.343192838,
      "times": [
        0.333148518,
        0.338731724,
        0.343192838,
        0.33746627900000004,
        0.335136439,
        0.33280666200000003,
        0.32947633600000004,
        0.33232585200000003,
        0.329536386,
        0.330130904
      ],
      "memory_usage_byte": [
        50106368,
        50106368,
        51871744,
        51924992,
        54734848,
        54734848,
        54734848,
        54734848,
        54734848,
        54734848
      ],
      "exit_codes": [
        1,
        1,
        1,
        1,
        1,
        1,
        1,
        1,
        1,
        1
      ]
    },
    {
      "command": "panache",
      "mean": 0.6464919922000001,
      "stddev": 0.05439896355241715,
      "median": 0.6193389165000001,
      "user": 2.2900126,
      "system": 0.09133679999999998,
      "min": 0.6165256370000001,
      "max": 0.750548289,
      "times": [
        0.619578183,
        0.61909965,
        0.62332343,
        0.6165256370000001,
        0.616984281,
        0.617408523,
        0.636575667,
        0.617257929,
        0.750548289,
        0.747618333
      ],
      "memory_usage_byte": [
        54734848,
        54734848,
        54734848,
        54734848,
        54734848,
        54734848,
        54734848,
        54734848,
        54734848,
        54734848
      ],
      "exit_codes": [
        0,
        0,
        0,
        0,
        0,
        0,
        0,
        0,
        0,
        0
      ]
    },
    {
      "command": "gomarklint",
      "mean": 0.0534805352,
      "stddev": 0.002919024286776615,
      "median": 0.05437918,
      "user": 0.13653049999999997,
      "system": 0.020775499999999995,
      "min": 0.049004316000000006,
      "max": 0.056771753,
      "times": [
        0.051324512,
        0.0548726,
        0.05676588900000001,
        0.051320644000000006,
        0.05560136,
        0.049657621000000006,
        0.049004316000000006,
        0.055600897,
        0.053885760000000005,
        0.056771753
      ],
      "memory_usage_byte": [
        54734848,
        54734848,
        54734848,
        54734848,
        54734848,
        54734848,
        54734848,
        54734848,
        54734848,
        54734848
      ],
      "exit_codes": [
        1,
        1,
        1,
        1,
        1,
        1,
        1,
        1,
        1,
        1
      ]
    },
    {
      "command": "mdsmith-parity",
      "mean": 0.0574371438,
      "stddev": 0.0005711847153554925,
      "median": 0.057608923000000006,
      "user": 0.18057779999999996,
      "system": 0.019043900000000002,
      "min": 0.056386563,
      "max": 0.058067081000000006,
      "times": [
        0.057870396000000004,
        0.057677573,
        0.057779897000000004,
        0.056386563,
        0.05805081,
        0.058067081000000006,
        0.057540273,
        0.05705467,
        0.057203032,
        0.056741143
      ],
      "memory_usage_byte": [
        54734848,
        54734848,
        54734848,
        54734848,
        54734848,
        54734848,
        54734848,
        54734848,
        54734848,
        54734848
      ],
      "exit_codes": [
        1,
        1,
        1,
        1,
        1,
        1,
        1,
        1,
        1,
        1
      ]
    },
    {
      "command": "mdsmith",
      "mean": 0.1667558236,
      "stddev": 0.002799399190344966,
      "median": 0.1660666255,
      "user": 0.5125607,
      "system": 0.0418875,
      "min": 0.163317062,
      "max": 0.173396494,
      "times": [
        0.167034223,
        0.165113591,
        0.169301625,
        0.16556858800000002,
        0.165046421,
        0.173396494,
        0.166646981,
        0.166235709,
        0.163317062,
        0.165897542
      ],
      "memory_usage_byte": [
        54734848,
        54734848,
        54734848,
        54734848,
        54734848,
        54734848,
        56164352,
        56164352,
        56164352,
        56164352
      ],
      "exit_codes": [
        1,
        1,
        1,
        1,
        1,
        1,
        1,
        1,
        1,
        1
      ]
    }
  ]
}
