{
  "results": [
    {
      "command": "markdownlint-cli2",
      "mean": 5.509050344833334,
      "stddev": 0.09649966731654995,
      "median": 5.4988996685,
      "user": 8.223242,
      "system": 0.34183199999999997,
      "min": 5.379311664,
      "max": 5.631414568,
      "times": [
        5.631414568,
        5.449619852,
        5.379311664,
        5.596156648,
        5.457485682,
        5.540313655
      ],
      "memory_usage_byte": [
        372592640,
        372592640,
        373071872,
        375967744,
        375967744,
        382566400
      ],
      "exit_codes": [
        1,
        1,
        1,
        1,
        1,
        1
      ]
    }
  ]
}
