{
  "results": [
    {
      "command": "mado",
      "mean": 0.04783500610000001,
      "stddev": 0.0024060157806521103,
      "median": 0.046523075500000004,
      "user": 0.0762538,
      "system": 0.0078846,
      "min": 0.045897502,
      "max": 0.05154878,
      "times": [
        0.05101979,
        0.047438777,
        0.05154878,
        0.046393905000000006,
        0.046652246,
        0.045963010000000006,
        0.04602454,
        0.051203761,
        0.045897502,
        0.046207750000000006
      ],
      "memory_usage_byte": [
        29560832,
        29560832,
        29560832,
        29560832,
        29560832,
        31064064,
        31064064,
        31064064,
        31064064,
        31064064
      ],
      "exit_codes": [
        1,
        1,
        1,
        1,
        1,
        1,
        1,
        1,
        1,
        1
      ]
    },
    {
      "command": "rumdl",
      "mean": 0.19220718320000002,
      "stddev": 0.00250305331456975,
      "median": 0.19165047300000002,
      "user": 0.6228389,
      "system": 0.0392731,
      "min": 0.188403497,
      "max": 0.197851256,
      "times": [
        0.193638902,
        0.191521338,
        0.188403497,
        0.197851256,
        0.193620704,
        0.191153064,
        0.192518138,
        0.19106946100000002,
        0.190515864,
        0.19177960800000002
      ],
      "memory_usage_byte": [
        50081792,
        50749440,
        50749440,
        50749440,
        50749440,
        51331072,
        51331072,
        51331072,
        51331072,
        51331072
      ],
      "exit_codes": [
        1,
        1,
        1,
        1,
        1,
        1,
        1,
        1,
        1,
        1
      ]
    },
    {
      "command": "panache",
      "mean": 0.544504496,
      "stddev": 0.017159331645471076,
      "median": 0.552296218,
      "user": 1.5745681,
      "system": 0.0575083,
      "min": 0.514741756,
      "max": 0.5596225890000001,
      "times": [
        0.55243999,
        0.552152446,
        0.552061801,
        0.5557591070000001,
        0.556649571,
        0.524754191,
        0.556024799,
        0.5596225890000001,
        0.52083871,
        0.514741756
      ],
      "memory_usage_byte": [
        51331072,
        51331072,
        51331072,
        51331072,
        51331072,
        51331072,
        51331072,
        51331072,
        51331072,
        51331072
      ],
      "exit_codes": [
        0,
        0,
        0,
        0,
        0,
        0,
        0,
        0,
        0,
        0
      ]
    },
    {
      "command": "gomarklint",
      "mean": 0.0308842494,
      "stddev": 0.0012566689475471966,
      "median": 0.031035841,
      "user": 0.07139599999999999,
      "system": 0.0134235,
      "min": 0.029074212000000002,
      "max": 0.032998081000000005,
      "times": [
        0.030612682000000002,
        0.029110906000000002,
        0.029074212000000002,
        0.029870687000000003,
        0.031267518,
        0.031515163,
        0.032998081000000005,
        0.031710852000000005,
        0.030804164000000002,
        0.031878229
      ],
      "memory_usage_byte": [
        51331072,
        51331072,
        51331072,
        51331072,
        51331072,
        51331072,
        51331072,
        51331072,
        51331072,
        51331072
      ],
      "exit_codes": [
        1,
        1,
        1,
        1,
        1,
        1,
        1,
        1,
        1,
        1
      ]
    },
    {
      "command": "mdsmith-parity",
      "mean": 0.053536919700000005,
      "stddev": 0.002950939348124709,
      "median": 0.052602432500000004,
      "user": 0.14429679999999998,
      "system": 0.0134185,
      "min": 0.052003129,
      "max": 0.061615721000000005,
      "times": [
        0.052636964,
        0.052108915000000006,
        0.052622592,
        0.052003129,
        0.052582273000000006,
        0.05281774,
        0.052187331,
        0.054771814,
        0.052022718,
        0.061615721000000005
      ],
      "memory_usage_byte": [
        51331072,
        51331072,
        51331072,
        51331072,
        51331072,
        51331072,
        51331072,
        51331072,
        51331072,
        51331072
      ],
      "exit_codes": [
        1,
        1,
        1,
        1,
        1,
        1,
        1,
        1,
        1,
        1
      ]
    },
    {
      "command": "mdsmith",
      "mean": 0.14018487220000003,
      "stddev": 0.002220790021422801,
      "median": 0.14006980600000002,
      "user": 0.40851690000000007,
      "system": 0.0350327,
      "min": 0.13662551,
      "max": 0.14360398600000002,
      "times": [
        0.139929404,
        0.14327505000000001,
        0.137910436,
        0.13662551,
        0.139862756,
        0.140210208,
        0.14360398600000002,
        0.14036984400000002,
        0.13844108800000002,
        0.14162044000000001
      ],
      "memory_usage_byte": [
        51417088,
        51650560,
        51650560,
        51650560,
        51650560,
        51650560,
        51650560,
        51650560,
        51650560,
        51650560
      ],
      "exit_codes": [
        1,
        1,
        1,
        1,
        1,
        1,
        1,
        1,
        1,
        1
      ]
    }
  ]
}
