{
  "results": [
    {
      "command": "mado",
      "mean": 0.0391359015,
      "stddev": 0.0013721682462565308,
      "median": 0.0388448615,
      "user": 0.0576682,
      "system": 0.014520699999999997,
      "min": 0.037993889,
      "max": 0.042654856000000005,
      "times": [
        0.039846472,
        0.042654856000000005,
        0.03834259,
        0.037993889,
        0.038859083,
        0.03883064,
        0.038153161000000005,
        0.039454568,
        0.039022842,
        0.038200914
      ],
      "memory_usage_byte": [
        28971008,
        29200384,
        29200384,
        29200384,
        29200384,
        29200384,
        29200384,
        29200384,
        29200384,
        29200384
      ],
      "exit_codes": [
        1,
        1,
        1,
        1,
        1,
        1,
        1,
        1,
        1,
        1
      ]
    },
    {
      "command": "rumdl",
      "mean": 0.204585777,
      "stddev": 0.017143685857353614,
      "median": 0.19664081900000002,
      "user": 0.569863,
      "system": 0.05258449999999999,
      "min": 0.189288958,
      "max": 0.24758320500000003,
      "times": [
        0.195164198,
        0.197886009,
        0.209149159,
        0.211751402,
        0.24758320500000003,
        0.211587971,
        0.19539562900000002,
        0.189288958,
        0.193893098,
        0.194158141
      ],
      "memory_usage_byte": [
        51204096,
        51204096,
        52723712,
        52723712,
        52723712,
        52723712,
        52723712,
        52723712,
        52723712,
        52723712
      ],
      "exit_codes": [
        1,
        1,
        1,
        1,
        1,
        1,
        1,
        1,
        1,
        1
      ]
    },
    {
      "command": "panache",
      "mean": 0.3803359199,
      "stddev": 0.04487533688295932,
      "median": 0.4058987815,
      "user": 1.0930952,
      "system": 0.1037811,
      "min": 0.322021465,
      "max": 0.438176396,
      "times": [
        0.405585644,
        0.407208526,
        0.408725155,
        0.32268227800000004,
        0.40621191900000003,
        0.322545166,
        0.322021465,
        0.415381129,
        0.35482152100000003,
        0.438176396
      ],
      "memory_usage_byte": [
        52723712,
        52723712,
        52723712,
        52723712,
        52723712,
        52723712,
        52723712,
        52723712,
        52723712,
        52723712
      ],
      "exit_codes": [
        0,
        0,
        0,
        0,
        0,
        0,
        0,
        0,
        0,
        0
      ]
    },
    {
      "command": "mdsmith-parity",
      "mean": 0.0707569085,
      "stddev": 0.0029036854486813534,
      "median": 0.0699349385,
      "user": 0.1930588,
      "system": 0.0221478,
      "min": 0.067669061,
      "max": 0.077130239,
      "times": [
        0.070070832,
        0.06854299400000001,
        0.067669061,
        0.07300362,
        0.071925193,
        0.077130239,
        0.07241763000000001,
        0.069799045,
        0.068252176,
        0.06875829500000001
      ],
      "memory_usage_byte": [
        52723712,
        52723712,
        52723712,
        53436416,
        53436416,
        53436416,
        53436416,
        53436416,
        53436416,
        53436416
      ],
      "exit_codes": [
        1,
        1,
        1,
        1,
        1,
        1,
        1,
        1,
        1,
        1
      ]
    },
    {
      "command": "mdsmith",
      "mean": 0.3162428291,
      "stddev": 0.01583014155538691,
      "median": 0.31092299100000004,
      "user": 0.6609275,
      "system": 0.3635641,
      "min": 0.30754954,
      "max": 0.36068989700000004,
      "times": [
        0.314230913,
        0.31130117900000004,
        0.30932135,
        0.310133522,
        0.30754954,
        0.31054480300000004,
        0.308932494,
        0.315497456,
        0.31422713700000005,
        0.36068989700000004
      ],
      "memory_usage_byte": [
        75096064,
        75096064,
        75096064,
        75096064,
        75096064,
        75096064,
        75096064,
        75096064,
        75096064,
        75096064
      ],
      "exit_codes": [
        1,
        1,
        1,
        1,
        1,
        1,
        1,
        1,
        1,
        1
      ]
    }
  ]
}
