{
  "results": [
    {
      "command": "mado",
      "mean": 0.04756978220000001,
      "stddev": 0.002729498631549912,
      "median": 0.046422213000000004,
      "user": 0.07572949999999999,
      "system": 0.0078402,
      "min": 0.045758359000000005,
      "max": 0.053874027000000005,
      "times": [
        0.046388918,
        0.046455508,
        0.046149298000000005,
        0.046213594000000004,
        0.046710161,
        0.04681616,
        0.051294948,
        0.046036849000000005,
        0.053874027000000005,
        0.045758359000000005
      ],
      "memory_usage_byte": [
        31789056,
        31789056,
        31789056,
        31789056,
        31789056,
        31789056,
        31789056,
        31789056,
        31789056,
        31789056
      ],
      "exit_codes": [
        1,
        1,
        1,
        1,
        1,
        1,
        1,
        1,
        1,
        1
      ]
    },
    {
      "command": "rumdl",
      "mean": 0.19125707080000004,
      "stddev": 0.002966246771963101,
      "median": 0.1908579525,
      "user": 0.6220942999999999,
      "system": 0.037085400000000004,
      "min": 0.187665606,
      "max": 0.19675393600000002,
      "times": [
        0.187665606,
        0.189532003,
        0.190858368,
        0.19675393600000002,
        0.188748134,
        0.191198009,
        0.18982778800000003,
        0.19085753700000002,
        0.190939029,
        0.196190298
      ],
      "memory_usage_byte": [
        49655808,
        49655808,
        49655808,
        51232768,
        51232768,
        51232768,
        51232768,
        53207040,
        53207040,
        53207040
      ],
      "exit_codes": [
        1,
        1,
        1,
        1,
        1,
        1,
        1,
        1,
        1,
        1
      ]
    },
    {
      "command": "panache",
      "mean": 0.520897644,
      "stddev": 0.007841071552380586,
      "median": 0.5179636865000001,
      "user": 1.6028031999999999,
      "system": 0.060312800000000014,
      "min": 0.5133657580000001,
      "max": 0.5325367830000001,
      "times": [
        0.515131392,
        0.519449518,
        0.5325367830000001,
        0.53214954,
        0.5310383790000001,
        0.51558731,
        0.5133657580000001,
        0.5175014090000001,
        0.5184259640000001,
        0.513790387
      ],
      "memory_usage_byte": [
        53207040,
        53207040,
        53207040,
        53207040,
        53207040,
        53207040,
        53207040,
        53207040,
        53207040,
        53207040
      ],
      "exit_codes": [
        0,
        0,
        0,
        0,
        0,
        0,
        0,
        0,
        0,
        0
      ]
    },
    {
      "command": "mdsmith-parity",
      "mean": 0.13287773060000002,
      "stddev": 0.001967733327470926,
      "median": 0.1323469095,
      "user": 0.27371710000000005,
      "system": 0.044342599999999996,
      "min": 0.13102545200000001,
      "max": 0.137698879,
      "times": [
        0.13134874700000002,
        0.132385718,
        0.13102545200000001,
        0.13191123400000002,
        0.132308101,
        0.132158211,
        0.132536915,
        0.134784179,
        0.137698879,
        0.13261987
      ],
      "memory_usage_byte": [
        59797504,
        59797504,
        59797504,
        59797504,
        59797504,
        59891712,
        59891712,
        59891712,
        61857792,
        61857792
      ],
      "exit_codes": [
        1,
        1,
        1,
        1,
        1,
        1,
        1,
        1,
        1,
        1
      ]
    },
    {
      "command": "mdsmith",
      "mean": 0.24744017950000002,
      "stddev": 0.0017805439885460882,
      "median": 0.24734699450000003,
      "user": 0.5689,
      "system": 0.0871577,
      "min": 0.244525553,
      "max": 0.249755097,
      "times": [
        0.244525553,
        0.24804266400000002,
        0.24965664,
        0.24652193400000003,
        0.24916037200000002,
        0.246822476,
        0.24696836500000002,
        0.24522307000000002,
        0.249755097,
        0.247725624
      ],
      "memory_usage_byte": [
        84545536,
        84545536,
        84545536,
        84545536,
        84545536,
        84545536,
        84545536,
        84545536,
        84545536,
        84545536
      ],
      "exit_codes": [
        1,
        1,
        1,
        1,
        1,
        1,
        1,
        1,
        1,
        1
      ]
    }
  ]
}
