{
  "results": [
    {
      "command": "markdownlint-cli2",
      "mean": 3.2482695773333337,
      "stddev": 0.12260973134688002,
      "median": 3.2469431,
      "user": 4.868825999999999,
      "system": 0.33178033333333334,
      "min": 3.087074122,
      "max": 3.4433752760000003,
      "times": [
        3.173005696,
        3.4433752760000003,
        3.205045776,
        3.087074122,
        3.29227617,
        3.288840424
      ],
      "memory_usage_byte": [
        371277824,
        387735552,
        387735552,
        387735552,
        387735552,
        387735552
      ],
      "exit_codes": [
        1,
        1,
        1,
        1,
        1,
        1
      ]
    }
  ]
}
