{
  "results": [
    {
      "command": "mado",
      "mean": 0.04743032300000001,
      "stddev": 0.00278367042387265,
      "median": 0.04624832400000001,
      "user": 0.07407659999999998,
      "system": 0.009555699999999999,
      "min": 0.045773349000000005,
      "max": 0.054396900000000005,
      "times": [
        0.046229326,
        0.046234924000000004,
        0.046261724000000004,
        0.046133251,
        0.045773349000000005,
        0.046095053000000004,
        0.046390208,
        0.050371386000000004,
        0.046417109000000005,
        0.054396900000000005
      ],
      "memory_usage_byte": [
        29908992,
        29908992,
        29908992,
        31858688,
        31858688,
        31858688,
        31858688,
        31858688,
        31858688,
        31858688
      ],
      "exit_codes": [
        1,
        1,
        1,
        1,
        1,
        1,
        1,
        1,
        1,
        1
      ]
    },
    {
      "command": "rumdl",
      "mean": 0.19257865170000002,
      "stddev": 0.0034572229322528043,
      "median": 0.191899802,
      "user": 0.6238631,
      "system": 0.0382705,
      "min": 0.189239084,
      "max": 0.20032465400000002,
      "times": [
        0.18949290600000002,
        0.196245849,
        0.192375349,
        0.189239084,
        0.19066351,
        0.19142425500000002,
        0.19296685900000002,
        0.193265389,
        0.20032465400000002,
        0.18978866200000002
      ],
      "memory_usage_byte": [
        50286592,
        50286592,
        50810880,
        50810880,
        50810880,
        50810880,
        51630080,
        51630080,
        51630080,
        52809728
      ],
      "exit_codes": [
        1,
        1,
        1,
        1,
        1,
        1,
        1,
        1,
        1,
        1
      ]
    },
    {
      "command": "panache",
      "mean": 0.5270262581,
      "stddev": 0.00849153945518155,
      "median": 0.5271051605000001,
      "user": 1.5991279,
      "system": 0.06378589999999999,
      "min": 0.517050365,
      "max": 0.5382667830000001,
      "times": [
        0.5326166400000001,
        0.518614753,
        0.535684453,
        0.53401361,
        0.517050365,
        0.5336249390000001,
        0.517413773,
        0.521593681,
        0.5382667830000001,
        0.5213835840000001
      ],
      "memory_usage_byte": [
        52809728,
        52809728,
        52809728,
        52809728,
        52809728,
        52809728,
        52809728,
        52809728,
        52809728,
        52809728
      ],
      "exit_codes": [
        0,
        0,
        0,
        0,
        0,
        0,
        0,
        0,
        0,
        0
      ]
    },
    {
      "command": "mdsmith-parity",
      "mean": 0.13464658429999998,
      "stddev": 0.0012955946466852834,
      "median": 0.1341657195,
      "user": 0.2803385,
      "system": 0.042089299999999996,
      "min": 0.13362476,
      "max": 0.137759334,
      "times": [
        0.13362476,
        0.134142124,
        0.13381315200000002,
        0.137759334,
        0.13377750500000002,
        0.133902362,
        0.134362581,
        0.134189315,
        0.135968545,
        0.13492616500000001
      ],
      "memory_usage_byte": [
        59944960,
        59944960,
        59944960,
        59944960,
        59944960,
        59944960,
        59944960,
        62013440,
        62013440,
        62013440
      ],
      "exit_codes": [
        1,
        1,
        1,
        1,
        1,
        1,
        1,
        1,
        1,
        1
      ]
    },
    {
      "command": "mdsmith",
      "mean": 0.2528890615,
      "stddev": 0.00298175755384282,
      "median": 0.25253193800000007,
      "user": 0.5826531,
      "system": 0.0878735,
      "min": 0.248197675,
      "max": 0.259123174,
      "times": [
        0.25267885100000004,
        0.259123174,
        0.25238502500000004,
        0.253937274,
        0.248197675,
        0.254819324,
        0.252134593,
        0.249444769,
        0.253954621,
        0.252215309
      ],
      "memory_usage_byte": [
        82812928,
        82812928,
        82812928,
        82812928,
        82812928,
        82812928,
        82812928,
        82812928,
        82812928,
        82812928
      ],
      "exit_codes": [
        1,
        1,
        1,
        1,
        1,
        1,
        1,
        1,
        1,
        1
      ]
    }
  ]
}
