{
  "results": [
    {
      "command": "markdownlint-cli2",
      "mean": 4.765492818666667,
      "stddev": 0.11671382026118322,
      "median": 4.7259411865,
      "user": 7.126264833333333,
      "system": 0.2999408333333333,
      "min": 4.685327603,
      "max": 4.998218691,
      "times": [
        4.998218691,
        4.742812566,
        4.705027638,
        4.709069807,
        4.752500607,
        4.685327603
      ],
      "memory_usage_byte": [
        391593984,
        396029952,
        396029952,
        396029952,
        396029952,
        396414976
      ],
      "exit_codes": [
        1,
        1,
        1,
        1,
        1,
        1
      ]
    }
  ]
}
