{
  "results": [
    {
      "command": "markdownlint-cli2",
      "mean": 3.0775150518333336,
      "stddev": 0.04362495213036646,
      "median": 3.0832166279999997,
      "user": 4.541827499999999,
      "system": 0.26372983333333333,
      "min": 3.006742555,
      "max": 3.130076942,
      "times": [
        3.097175781,
        3.069257475,
        3.130076942,
        3.055756495,
        3.006742555,
        3.106081063
      ],
      "memory_usage_byte": [
        384647168,
        384647168,
        384647168,
        384647168,
        384647168,
        384647168
      ],
      "exit_codes": [
        1,
        1,
        1,
        1,
        1,
        1
      ]
    }
  ]
}
