{
  "results": [
    {
      "command": "markdownlint-cli2",
      "mean": 5.229204294166667,
      "stddev": 0.27455227666735055,
      "median": 5.101517039,
      "user": 7.815323333333332,
      "system": 0.32902000000000003,
      "min": 5.00195744,
      "max": 5.693132189,
      "times": [
        5.434525029,
        5.693132189,
        5.086851974,
        5.116182104,
        5.042577029,
        5.00195744
      ],
      "memory_usage_byte": [
        389181440,
        394330112,
        394330112,
        401719296,
        401719296,
        401719296
      ],
      "exit_codes": [
        1,
        1,
        1,
        1,
        1,
        1
      ]
    }
  ]
}
