{
  "results": [
    {
      "command": "markdownlint-cli2",
      "mean": 5.016725513333333,
      "stddev": 0.0925225680136016,
      "median": 5.011077938,
      "user": 7.525182,
      "system": 0.42232850000000005,
      "min": 4.918452737,
      "max": 5.13705782,
      "times": [
        5.13705782,
        4.972836279,
        5.049319597,
        4.922974352,
        4.918452737,
        5.099712295
      ],
      "memory_usage_byte": [
        401600512,
        401600512,
        401600512,
        401600512,
        401600512,
        401600512
      ],
      "exit_codes": [
        1,
        1,
        1,
        1,
        1,
        1
      ]
    }
  ]
}
