{
  "results": [
    {
      "command": "markdownlint-cli2",
      "mean": 2.9886179246666664,
      "stddev": 0.014280101370488024,
      "median": 2.9895359135,
      "user": 4.461749,
      "system": 0.25572083333333334,
      "min": 2.963411514,
      "max": 3.003764116,
      "times": [
        2.999939505,
        3.003764116,
        2.986762907,
        2.963411514,
        2.99230892,
        2.985520586
      ],
      "memory_usage_byte": [
        371159040,
        373145600,
        373145600,
        373276672,
        373276672,
        373276672
      ],
      "exit_codes": [
        1,
        1,
        1,
        1,
        1,
        1
      ]
    }
  ]
}
