{
  "results": [
    {
      "command": "markdownlint-cli2",
      "mean": 3.1423265846666664,
      "stddev": 0.04977381972535642,
      "median": 3.154881854,
      "user": 4.633402166666666,
      "system": 0.318896,
      "min": 3.065234387,
      "max": 3.186813899,
      "times": [
        3.131046958,
        3.065234387,
        3.107439052,
        3.186813899,
        3.184708462,
        3.17871675
      ],
      "memory_usage_byte": [
        388317184,
        388317184,
        388317184,
        388317184,
        388317184,
        388317184
      ],
      "exit_codes": [
        1,
        1,
        1,
        1,
        1,
        1
      ]
    }
  ]
}
