{
  "results": [
    {
      "command": "markdownlint-cli2",
      "mean": 3.082851927666667,
      "stddev": 0.0724154462343539,
      "median": 3.0987037675,
      "user": 4.5546105,
      "system": 0.2673165,
      "min": 2.992810443,
      "max": 3.186473213,
      "times": [
        3.186473213,
        2.992810443,
        3.091356685,
        3.113779427,
        3.006640948,
        3.10605085
      ],
      "memory_usage_byte": [
        367894528,
        367894528,
        367894528,
        367894528,
        368705536,
        368705536
      ],
      "exit_codes": [
        1,
        1,
        1,
        1,
        1,
        1
      ]
    }
  ]
}
