{
  "results": [
    {
      "command": "markdownlint-cli2",
      "mean": 3.043844982,
      "stddev": 0.019526582643982122,
      "median": 3.0415474355,
      "user": 4.546694166666668,
      "system": 0.2513213333333333,
      "min": 3.023992498,
      "max": 3.071323161,
      "times": [
        3.058293528,
        3.052327676,
        3.026365834,
        3.030767195,
        3.071323161,
        3.023992498
      ],
      "memory_usage_byte": [
        379314176,
        379314176,
        379314176,
        379314176,
        379314176,
        390967296
      ],
      "exit_codes": [
        1,
        1,
        1,
        1,
        1,
        1
      ]
    }
  ]
}
