{
  "results": [
    {
      "command": "mado",
      "mean": 0.06748174550000001,
      "stddev": 0.0015819473259549614,
      "median": 0.06709418850000001,
      "user": 0.10327299999999999,
      "system": 0.023211,
      "min": 0.066364358,
      "max": 0.071825157,
      "times": [
        0.06733051500000001,
        0.067280029,
        0.06654022300000001,
        0.067378518,
        0.06688176900000001,
        0.066632101,
        0.066364358,
        0.067676437,
        0.071825157,
        0.066908348
      ],
      "memory_usage_byte": [
        29675520,
        29683712,
        29683712,
        29765632,
        29765632,
        29765632,
        29765632,
        29765632,
        29765632,
        29765632
      ],
      "exit_codes": [
        1,
        1,
        1,
        1,
        1,
        1,
        1,
        1,
        1,
        1
      ]
    },
    {
      "command": "rumdl",
      "mean": 0.341549881,
      "stddev": 0.009760120585182299,
      "median": 0.34165621500000004,
      "user": 1.0141594,
      "system": 0.0778756,
      "min": 0.32504755700000004,
      "max": 0.355538385,
      "times": [
        0.32504755700000004,
        0.33886993600000004,
        0.332248831,
        0.334268098,
        0.345736932,
        0.35380634600000005,
        0.34444249400000004,
        0.348405768,
        0.355538385,
        0.337134463
      ],
      "memory_usage_byte": [
        54796288,
        54796288,
        54796288,
        54796288,
        54796288,
        54796288,
        54796288,
        54796288,
        54796288,
        54796288
      ],
      "exit_codes": [
        1,
        1,
        1,
        1,
        1,
        1,
        1,
        1,
        1,
        1
      ]
    },
    {
      "command": "panache",
      "mean": 0.7055539091,
      "stddev": 0.09617607489213034,
      "median": 0.694418572,
      "user": 2.1512757000000002,
      "system": 0.1514486,
      "min": 0.6117950590000001,
      "max": 0.84419281,
      "times": [
        0.6195983110000001,
        0.771887007,
        0.618076036,
        0.84419281,
        0.8174493110000001,
        0.769055359,
        0.614648054,
        0.621167751,
        0.6117950590000001,
        0.767669393
      ],
      "memory_usage_byte": [
        54796288,
        54796288,
        54796288,
        54796288,
        54796288,
        54796288,
        54796288,
        54796288,
        54796288,
        54796288
      ],
      "exit_codes": [
        0,
        0,
        0,
        0,
        0,
        0,
        0,
        0,
        0,
        0
      ]
    },
    {
      "command": "gomarklint",
      "mean": 0.05636904260000001,
      "stddev": 0.003540744595446436,
      "median": 0.05551882300000001,
      "user": 0.12666209999999997,
      "system": 0.0303342,
      "min": 0.052217888000000004,
      "max": 0.065159674,
      "times": [
        0.065159674,
        0.056356787000000005,
        0.054309508000000006,
        0.054488649,
        0.055680928000000005,
        0.059027572,
        0.05498638300000001,
        0.055356718000000006,
        0.052217888000000004,
        0.056106319
      ],
      "memory_usage_byte": [
        54796288,
        54796288,
        54796288,
        54796288,
        54796288,
        54796288,
        54796288,
        54796288,
        54796288,
        54796288
      ],
      "exit_codes": [
        1,
        1,
        1,
        1,
        1,
        1,
        1,
        1,
        1,
        1
      ]
    },
    {
      "command": "mdsmith-parity",
      "mean": 0.06133477810000001,
      "stddev": 0.002820185103920208,
      "median": 0.060150548500000005,
      "user": 0.17783480000000002,
      "system": 0.023306799999999996,
      "min": 0.059295486,
      "max": 0.067674023,
      "times": [
        0.067674023,
        0.06539143700000001,
        0.060219114000000004,
        0.060081983000000005,
        0.060300472,
        0.060017445,
        0.059770873,
        0.059766136000000004,
        0.060830812000000005,
        0.059295486
      ],
      "memory_usage_byte": [
        54796288,
        54796288,
        54796288,
        54796288,
        54796288,
        54796288,
        54796288,
        54796288,
        54796288,
        54796288
      ],
      "exit_codes": [
        1,
        1,
        1,
        1,
        1,
        1,
        1,
        1,
        1,
        1
      ]
    },
    {
      "command": "mdsmith",
      "mean": 0.1743000887,
      "stddev": 0.0013766347753926833,
      "median": 0.17420694650000002,
      "user": 0.5031861999999998,
      "system": 0.06250129999999998,
      "min": 0.171912319,
      "max": 0.17689263800000002,
      "times": [
        0.17507344800000002,
        0.175225713,
        0.175080805,
        0.173898346,
        0.173417876,
        0.171912319,
        0.173085849,
        0.173944701,
        0.17446919200000002,
        0.17689263800000002
      ],
      "memory_usage_byte": [
        58671104,
        58671104,
        58671104,
        58671104,
        58671104,
        58671104,
        58671104,
        58671104,
        58671104,
        58671104
      ],
      "exit_codes": [
        1,
        1,
        1,
        1,
        1,
        1,
        1,
        1,
        1,
        1
      ]
    }
  ]
}
