{
  "results": [
    {
      "command": "mado",
      "mean": 0.048223315700000005,
      "stddev": 0.003479438408329651,
      "median": 0.046591186500000006,
      "user": 0.07718449999999999,
      "system": 0.008398599999999999,
      "min": 0.04549886,
      "max": 0.055945508000000005,
      "times": [
        0.055945508000000005,
        0.045915870000000004,
        0.046500282000000004,
        0.050856289000000006,
        0.046713931,
        0.04549886,
        0.051862159000000005,
        0.046682091,
        0.046053587,
        0.04620458
      ],
      "memory_usage_byte": [
        29655040,
        29782016,
        29782016,
        29782016,
        29782016,
        29782016,
        29782016,
        29782016,
        29782016,
        29782016
      ],
      "exit_codes": [
        1,
        1,
        1,
        1,
        1,
        1,
        1,
        1,
        1,
        1
      ]
    },
    {
      "command": "rumdl",
      "mean": 0.1947735645,
      "stddev": 0.0008563110087815601,
      "median": 0.19462958950000003,
      "user": 0.6498432000000001,
      "system": 0.0347339,
      "min": 0.19368246900000002,
      "max": 0.196281913,
      "times": [
        0.19434062600000002,
        0.195319975,
        0.196281913,
        0.19368246900000002,
        0.19422313600000002,
        0.194273249,
        0.19587432300000002,
        0.19386366600000002,
        0.19495773500000002,
        0.19491855300000002
      ],
      "memory_usage_byte": [
        51261440,
        51261440,
        51261440,
        51261440,
        51261440,
        51261440,
        51261440,
        51261440,
        51261440,
        51261440
      ],
      "exit_codes": [
        1,
        1,
        1,
        1,
        1,
        1,
        1,
        1,
        1,
        1
      ]
    },
    {
      "command": "panache",
      "mean": 0.5472922278000001,
      "stddev": 0.016734223417187395,
      "median": 0.55567547,
      "user": 1.6177131,
      "system": 0.0539906,
      "min": 0.524774044,
      "max": 0.5659731100000001,
      "times": [
        0.555634556,
        0.561551902,
        0.5659731100000001,
        0.558121541,
        0.5622515840000001,
        0.53477794,
        0.528486158,
        0.555716384,
        0.5256350590000001,
        0.524774044
      ],
      "memory_usage_byte": [
        51261440,
        51261440,
        51261440,
        51261440,
        51261440,
        51261440,
        51261440,
        51261440,
        51261440,
        51261440
      ],
      "exit_codes": [
        0,
        0,
        0,
        0,
        0,
        0,
        0,
        0,
        0,
        0
      ]
    },
    {
      "command": "mdsmith-parity",
      "mean": 0.1241092176,
      "stddev": 0.0012108791928224156,
      "median": 0.124089007,
      "user": 0.2894647,
      "system": 0.028673399999999998,
      "min": 0.12214244,
      "max": 0.12613053300000002,
      "times": [
        0.125120923,
        0.12413220900000001,
        0.12214244,
        0.124055756,
        0.12284265500000001,
        0.12396595900000001,
        0.125413366,
        0.12316607700000001,
        0.12412225800000001,
        0.12613053300000002
      ],
      "memory_usage_byte": [
        51261440,
        51261440,
        51261440,
        51261440,
        51261440,
        51261440,
        51261440,
        51261440,
        51261440,
        51261440
      ],
      "exit_codes": [
        1,
        1,
        1,
        1,
        1,
        1,
        1,
        1,
        1,
        1
      ]
    },
    {
      "command": "mdsmith",
      "mean": 0.24325416300000002,
      "stddev": 0.002737742302396024,
      "median": 0.243523732,
      "user": 0.6031234,
      "system": 0.0747609,
      "min": 0.23969207,
      "max": 0.24807008400000002,
      "times": [
        0.24226918300000003,
        0.24528660700000002,
        0.244323582,
        0.24517670200000002,
        0.240451085,
        0.244680006,
        0.23986842900000002,
        0.24807008400000002,
        0.242723882,
        0.23969207
      ],
      "memory_usage_byte": [
        70684672,
        70684672,
        70684672,
        70684672,
        70684672,
        70684672,
        70684672,
        70684672,
        70684672,
        70684672
      ],
      "exit_codes": [
        1,
        1,
        1,
        1,
        1,
        1,
        1,
        1,
        1,
        1
      ]
    }
  ]
}
