{
  "results": [
    {
      "command": "mado",
      "mean": 0.048099645200000006,
      "stddev": 0.003812000430496793,
      "median": 0.046086758000000005,
      "user": 0.0751677,
      "system": 0.009864399999999999,
      "min": 0.045103005,
      "max": 0.055290967,
      "times": [
        0.046170851000000006,
        0.054300542,
        0.045802794,
        0.046050946,
        0.050328143000000006,
        0.045976606,
        0.055290967,
        0.045850028,
        0.045103005,
        0.04612257
      ],
      "memory_usage_byte": [
        33673216,
        33673216,
        33673216,
        33673216,
        33673216,
        33673216,
        33673216,
        33673216,
        33673216,
        33673216
      ],
      "exit_codes": [
        1,
        1,
        1,
        1,
        1,
        1,
        1,
        1,
        1,
        1
      ]
    },
    {
      "command": "rumdl",
      "mean": 0.1955182797,
      "stddev": 0.004250572754483146,
      "median": 0.19456005,
      "user": 0.6485798999999999,
      "system": 0.0356346,
      "min": 0.191881722,
      "max": 0.207039413,
      "times": [
        0.19276800700000002,
        0.207039413,
        0.195595193,
        0.19620008500000002,
        0.195057415,
        0.19414851800000002,
        0.194760535,
        0.193372344,
        0.191881722,
        0.194359565
      ],
      "memory_usage_byte": [
        49512448,
        50786304,
        50786304,
        51384320,
        51384320,
        52834304,
        52834304,
        52834304,
        52834304,
        52834304
      ],
      "exit_codes": [
        1,
        1,
        1,
        1,
        1,
        1,
        1,
        1,
        1,
        1
      ]
    },
    {
      "command": "panache",
      "mean": 0.5623843637000001,
      "stddev": 0.004260446796139781,
      "median": 0.5621252135000001,
      "user": 1.5895581999999997,
      "system": 0.0568753,
      "min": 0.555441618,
      "max": 0.568209653,
      "times": [
        0.562016575,
        0.555441618,
        0.559375104,
        0.5594880360000001,
        0.5622338520000001,
        0.568209653,
        0.565635059,
        0.567818669,
        0.565194251,
        0.55843082
      ],
      "memory_usage_byte": [
        52834304,
        52834304,
        52834304,
        52834304,
        52834304,
        52834304,
        52834304,
        52834304,
        52834304,
        52834304
      ],
      "exit_codes": [
        0,
        0,
        0,
        0,
        0,
        0,
        0,
        0,
        0,
        0
      ]
    },
    {
      "command": "gomarklint",
      "mean": 0.0321439,
      "stddev": 0.003081040807850058,
      "median": 0.0324272905,
      "user": 0.0737504,
      "system": 0.0122005,
      "min": 0.027963533000000002,
      "max": 0.036702092000000006,
      "times": [
        0.036702092000000006,
        0.032327678,
        0.029599161000000002,
        0.033974914,
        0.030558152,
        0.027963533000000002,
        0.032526903,
        0.028144098000000003,
        0.036291728,
        0.033350741
      ],
      "memory_usage_byte": [
        52834304,
        52834304,
        52834304,
        52834304,
        52834304,
        52834304,
        52834304,
        52834304,
        52834304,
        52834304
      ],
      "exit_codes": [
        1,
        1,
        1,
        1,
        1,
        1,
        1,
        1,
        1,
        1
      ]
    },
    {
      "command": "mdsmith-gomarklint-parity",
      "mean": 0.04286027760000001,
      "stddev": 0.0027470212642535068,
      "median": 0.04236076650000001,
      "user": 0.12056109999999998,
      "system": 0.013989300000000001,
      "min": 0.040376979,
      "max": 0.050063328000000004,
      "times": [
        0.040784875000000005,
        0.043087208,
        0.042358094000000006,
        0.043389957,
        0.042030554000000005,
        0.050063328000000004,
        0.042363439,
        0.040376979,
        0.040890603000000005,
        0.043257739
      ],
      "memory_usage_byte": [
        52834304,
        52834304,
        52834304,
        52834304,
        52834304,
        52834304,
        52834304,
        52834304,
        52834304,
        52834304
      ],
      "exit_codes": [
        1,
        1,
        1,
        1,
        1,
        1,
        1,
        1,
        1,
        1
      ]
    },
    {
      "command": "mdsmith-mado-parity",
      "mean": 0.052743571499999996,
      "stddev": 0.004573552479464496,
      "median": 0.0504413415,
      "user": 0.1353383,
      "system": 0.0176434,
      "min": 0.049380031000000005,
      "max": 0.06182838400000001,
      "times": [
        0.050327462,
        0.06182838400000001,
        0.049380031000000005,
        0.050340576000000005,
        0.049874166000000004,
        0.052064987,
        0.050542107,
        0.052989603,
        0.049630766,
        0.060457633000000004
      ],
      "memory_usage_byte": [
        52834304,
        52834304,
        52834304,
        52834304,
        52834304,
        52834304,
        52834304,
        52834304,
        52834304,
        52834304
      ],
      "exit_codes": [
        1,
        1,
        1,
        1,
        1,
        1,
        1,
        1,
        1,
        1
      ]
    },
    {
      "command": "mdsmith-rumdl-parity",
      "mean": 0.06943296280000003,
      "stddev": 0.003550174123259458,
      "median": 0.06976774200000001,
      "user": 0.18318600000000002,
      "system": 0.0175763,
      "min": 0.06429683500000001,
      "max": 0.074666748,
      "times": [
        0.07065790000000001,
        0.071821656,
        0.068877584,
        0.07171445700000001,
        0.06429683500000001,
        0.06623543600000001,
        0.073456301,
        0.074666748,
        0.065624611,
        0.0669781
      ],
      "memory_usage_byte": [
        52834304,
        52834304,
        52834304,
        52834304,
        52834304,
        52834304,
        52834304,
        52834304,
        52834304,
        52834304
      ],
      "exit_codes": [
        1,
        1,
        1,
        1,
        1,
        1,
        1,
        1,
        1,
        1
      ]
    },
    {
      "command": "mdsmith-markdownlint-parity",
      "mean": 0.06886150630000001,
      "stddev": 0.002727518277264848,
      "median": 0.06772362800000001,
      "user": 0.18199079999999998,
      "system": 0.0194398,
      "min": 0.066144034,
      "max": 0.07453290300000001,
      "times": [
        0.06719021900000001,
        0.066144034,
        0.07453290300000001,
        0.07205101600000001,
        0.06717333,
        0.068516107,
        0.066678838,
        0.067589445,
        0.07088136,
        0.067857811
      ],
      "memory_usage_byte": [
        52834304,
        52834304,
        52834304,
        52834304,
        52834304,
        52834304,
        52834304,
        52834304,
        52834304,
        52834304
      ],
      "exit_codes": [
        1,
        1,
        1,
        1,
        1,
        1,
        1,
        1,
        1,
        1
      ]
    },
    {
      "command": "mdsmith",
      "mean": 0.1495168276,
      "stddev": 0.0034987210757573594,
      "median": 0.15028009800000003,
      "user": 0.43299269999999995,
      "system": 0.032121500000000004,
      "min": 0.144963289,
      "max": 0.15421284700000001,
      "times": [
        0.150874286,
        0.144963289,
        0.154023753,
        0.149797687,
        0.15421284700000001,
        0.146670287,
        0.15227806400000002,
        0.15076250900000002,
        0.14553574500000002,
        0.146049809
      ],
      "memory_usage_byte": [
        52834304,
        52834304,
        52834304,
        52834304,
        52834304,
        52834304,
        52834304,
        52834304,
        52834304,
        52834304
      ],