{
  "results": [
    {
      "command": "mado",
      "mean": 0.06765073740000001,
      "stddev": 0.005302670009868576,
      "median": 0.06430179800000001,
      "user": 0.10813909999999997,
      "system": 0.0198742,
      "min": 0.063133677,
      "max": 0.07572316100000001,
      "times": [
        0.07288489100000001,
        0.06371529100000001,
        0.06409308500000001,
        0.06360436400000001,
        0.06349811600000001,
        0.069668095,
        0.07572316100000001,
        0.064510511,
        0.07567618300000001,
        0.063133677
      ],
      "memory_usage_byte": [
        33153024,
        33153024,
        33153024,
        33153024,
        33153024,
        33153024,
        33153024,
        33153024,
        33153024,
        33153024
      ],
      "exit_codes": [
        1,
        1,
        1,
        1,
        1,
        1,
        1,
        1,
        1,
        1
      ]
    },
    {
      "command": "rumdl",
      "mean": 0.33126675130000005,
      "stddev": 0.02054401716427355,
      "median": 0.32268163650000004,
      "user": 1.0035379999999998,
      "system": 0.06953279999999999,
      "min": 0.314732182,
      "max": 0.372949752,
      "times": [
        0.372949752,
        0.36550424800000003,
        0.32857814,
        0.318953268,
        0.316844518,
        0.32345867500000003,
        0.32190459800000004,
        0.327884552,
        0.32185758000000003,
        0.314732182
      ],
      "memory_usage_byte": [
        54542336,
        54542336,
        54542336,
        54542336,
        54542336,
        54542336,
        54542336,
        54542336,
        54542336,
        54542336
      ],
      "exit_codes": [
        1,
        1,
        1,
        1,
        1,
        1,
        1,
        1,
        1,
        1
      ]
    },
    {
      "command": "panache",
      "mean": 0.6781480678000001,
      "stddev": 0.06849860692814301,
      "median": 0.6887522225,
      "user": 2.1091876,
      "system": 0.1419111,
      "min": 0.5997291250000001,
      "max": 0.752590937,
      "times": [
        0.738561361,
        0.752590937,
        0.738228298,
        0.6039363080000001,
        0.738981423,
        0.603053351,
        0.6249917460000001,
        0.7421319820000001,
        0.639276147,
        0.5997291250000001
      ],
      "memory_usage_byte": [
        54542336,
        54542336,
        54542336,
        54542336,
        54542336,
        54542336,
        54542336,
        54542336,
        54542336,
        54542336
      ],
      "exit_codes": [
        0,
        0,
        0,
        0,
        0,
        0,
        0,
        0,
        0,
        0
      ]
    },
    {
      "command": "mdsmith-parity",
      "mean": 0.11036811540000002,
      "stddev": 0.0007855177901246206,
      "median": 0.11027593100000001,
      "user": 0.34363160000000004,
      "system": 0.0322409,
      "min": 0.109335551,
      "max": 0.11194965500000001,
      "times": [
        0.11194965500000001,
        0.11003633900000001,
        0.11051458,
        0.110102974,
        0.109335551,
        0.110856908,
        0.11110566200000001,
        0.10972334600000001,
        0.109607251,
        0.11044888800000001
      ],
      "memory_usage_byte": [
        54542336,
        54542336,
        54542336,
        54542336,
        54542336,
        54542336,
        54542336,
        54542336,
        54542336,
        54542336
      ],
      "exit_codes": [
        1,
        1,
        1,
        1,
        1,
        1,
        1,
        1,
        1,
        1
      ]
    },
    {
      "command": "mdsmith",
      "mean": 0.47796047999999997,
      "stddev": 0.012974631842062092,
      "median": 0.470968532,
      "user": 1.1000518,
      "system": 0.5352352,
      "min": 0.46688654300000004,
      "max": 0.506794846,
      "times": [
        0.506794846,
        0.470700131,
        0.475005404,
        0.470834081,
        0.4903175,
        0.488511815,
        0.46869795700000005,
        0.47110298300000003,
        0.46688654300000004,
        0.47075354
      ],
      "memory_usage_byte": [
        56111104,
        56111104,
        56111104,
        56111104,
        56111104,
        56111104,
        56111104,
        56111104,
        56111104,
        56229888
      ],
      "exit_codes": [
        1,
        1,
        1,
        1,
        1,
        1,
        1,
        1,
        1,
        1
      ]
    }
  ]
}
