{
  "results": [
    {
      "command": "markdownlint-cli2",
      "mean": 5.056828833666667,
      "stddev": 0.07438192656227852,
      "median": 5.0410712405,
      "user": 7.578218166666666,
      "system": 0.32412466666666667,
      "min": 4.974831601,
      "max": 5.178161515,
      "times": [
        5.046036243,
        5.036106238,
        4.974831601,
        5.106030401,
        5.178161515,
        4.999807004
      ],
      "memory_usage_byte": [
        381698048,
        381698048,
        381698048,
        381698048,
        383234048,
        383234048
      ],
      "exit_codes": [
        1,
        1,
        1,
        1,
        1,
        1
      ]
    }
  ]
}
