{
  "results": [
    {
      "command": "markdownlint-cli2",
      "mean": 3.0301822106666667,
      "stddev": 0.07211623041545291,
      "median": 3.0068916640000003,
      "user": 4.511055499999999,
      "system": 0.2703373333333333,
      "min": 2.975586868,
      "max": 3.170533758,
      "times": [
        3.170533758,
        2.994756831,
        2.975586868,
        2.986327465,
        3.034861845,
        3.019026497
      ],
      "memory_usage_byte": [
        376426496,
        376504320,
        376504320,
        376504320,
        387620864,
        387620864
      ],
      "exit_codes": [
        1,
        1,
        1,
        1,
        1,
        1
      ]
    }
  ]
}
