{
  "results": [
    {
      "command": "markdownlint-cli2",
      "mean": 4.758153504833333,
      "stddev": 0.19712187403313974,
      "median": 4.6522613695,
      "user": 7.161262166666666,
      "system": 0.31870666666666664,
      "min": 4.612775772,
      "max": 5.042249147,
      "times": [
        4.612775772,
        4.974394956,
        4.614978415,
        4.615150813,
        4.689371926,
        5.042249147
      ],
      "memory_usage_byte": [
        389394432,
        389394432,
        389394432,
        389394432,
        389394432,
        390467584
      ],
      "exit_codes": [
        1,
        1,
        1,
        1,
        1,
        1
      ]
    }
  ]
}
