{
  "results": [
    {
      "command": "mado",
      "mean": 0.0469336962,
      "stddev": 0.004593202743226796,
      "median": 0.0442305595,
      "user": 0.0745915,
      "system": 0.007603,
      "min": 0.043048285000000006,
      "max": 0.054652079000000006,
      "times": [
        0.043353257000000006,
        0.049124885,
        0.049376293,
        0.054267765,
        0.054652079000000006,
        0.044252784,
        0.044208335,
        0.043550066000000005,
        0.043048285000000006,
        0.043503213000000006
      ],
      "memory_usage_byte": [
        29913088,
        29913088,
        29913088,
        30085120,
        30085120,
        30085120,
        30085120,
        30085120,
        30085120,
        30085120
      ],
      "exit_codes": [
        1,
        1,
        1,
        1,
        1,
        1,
        1,
        1,
        1,
        1
      ]
    },
    {
      "command": "rumdl",
      "mean": 0.20566522290000006,
      "stddev": 0.003990869436755678,
      "median": 0.20481036550000004,
      "user": 0.7068800000000002,
      "system": 0.0274005,
      "min": 0.200352893,
      "max": 0.21317754200000003,
      "times": [
        0.209863777,
        0.203851589,
        0.201718123,
        0.21317754200000003,
        0.20466609500000002,
        0.208440911,
        0.20721455700000002,
        0.20495463600000002,
        0.200352893,
        0.202412106
      ],
      "memory_usage_byte": [
        50069504,
        50069504,
        50069504,
        51494912,
        51494912,
        51494912,
        51494912,
        51494912,
        51494912,
        51494912
      ],
      "exit_codes": [
        1,
        1,
        1,
        1,
        1,
        1,
        1,
        1,
        1,
        1
      ]
    },
    {
      "command": "panache",
      "mean": 0.5299170578,
      "stddev": 0.005117880368434036,
      "median": 0.5290984700000001,
      "user": 1.7153923,
      "system": 0.0367506,
      "min": 0.5259191040000001,
      "max": 0.5439863930000001,
      "times": [
        0.5294702680000001,
        0.5259191040000001,
        0.526664714,
        0.527973771,
        0.528895341,
        0.529346969,
        0.527574325,
        0.5439863930000001,
        0.530038094,
        0.5293015990000001
      ],
      "memory_usage_byte": [
        51494912,
        51494912,
        51494912,
        51494912,
        51494912,
        51494912,
        51494912,
        51494912,
        51494912,
        51494912
      ],
      "exit_codes": [
        0,
        0,
        0,
        0,
        0,
        0,
        0,
        0,
        0,
        0
      ]
    },
    {
      "command": "mdsmith-parity",
      "mean": 0.10981228390000002,
      "stddev": 0.0007643748114470837,
      "median": 0.10959270850000001,
      "user": 0.2806594,
      "system": 0.025484599999999996,
      "min": 0.108777706,
      "max": 0.111063219,
      "times": [
        0.10904495600000001,
        0.110716749,
        0.108777706,
        0.10954820700000001,
        0.111063219,
        0.109289726,
        0.110563639,
        0.10937455300000001,
        0.10963721000000001,
        0.11010687400000001
      ],
      "memory_usage_byte": [
        60051456,
        60051456,
        60051456,
        60063744,
        60063744,
        60063744,
        60063744,
        60063744,
        60063744,
        60063744
      ],
      "exit_codes": [
        1,
        1,
        1,
        1,
        1,
        1,
        1,
        1,
        1,
        1
      ]
    },
    {
      "command": "mdsmith",
      "mean": 0.22061124210000002,
      "stddev": 0.0009811528031981865,
      "median": 0.22062974800000001,
      "user": 0.5776768,
      "system": 0.05158510000000001,
      "min": 0.21898387500000002,
      "max": 0.22220746100000002,
      "times": [
        0.22129303700000003,
        0.22115356200000003,
        0.21898387500000002,
        0.21975376200000002,
        0.220444572,
        0.221581345,
        0.22220746100000002,
        0.22011576500000002,
        0.22081492400000002,
        0.219764118
      ],
      "memory_usage_byte": [
        76488704,
        76488704,
        76488704,
        76488704,
        76488704,
        76488704,
        76488704,
        76488704,
        76488704,
        76730368
      ],
      "exit_codes": [
        1,
        1,
        1,
        1,
        1,
        1,
        1,
        1,
        1,
        1
      ]
    }
  ]
}
