{
  "results": [
    {
      "command": "mado",
      "mean": 0.0465665033,
      "stddev": 0.0013963156056398373,
      "median": 0.046201456,
      "user": 0.0731911,
      "system": 0.0085662,
      "min": 0.045544180000000004,
      "max": 0.050433238000000005,
      "times": [
        0.045998753,
        0.045544180000000004,
        0.050433238000000005,
        0.046458682,
        0.045965172000000006,
        0.046073163,
        0.046553725000000004,
        0.046329749,
        0.046482298000000005,
        0.045826073
      ],
      "memory_usage_byte": [
        31760384,
        31760384,
        31760384,
        31760384,
        31879168,
        31879168,
        31879168,
        31879168,
        31879168,
        31879168
      ],
      "exit_codes": [
        1,
        1,
        1,
        1,
        1,
        1,
        1,
        1,
        1,
        1
      ]
    },
    {
      "command": "rumdl",
      "mean": 0.1921284044,
      "stddev": 0.002537114715884176,
      "median": 0.19199970700000002,
      "user": 0.6213773999999999,
      "system": 0.036253099999999996,
      "min": 0.18841665500000002,
      "max": 0.195988809,
      "times": [
        0.19586814800000002,
        0.18918985500000002,
        0.195988809,
        0.193513234,
        0.18841665500000002,
        0.192781947,
        0.192069347,
        0.191930067,
        0.190255254,
        0.191270728
      ],
      "memory_usage_byte": [
        50659328,
        50937856,
        51195904,
        51195904,
        51195904,
        51195904,
        51195904,
        51195904,
        51195904,
        51195904
      ],
      "exit_codes": [
        1,
        1,
        1,
        1,
        1,
        1,
        1,
        1,
        1,
        1
      ]
    },
    {
      "command": "panache",
      "mean": 0.526836685,
      "stddev": 0.007744737337078879,
      "median": 0.5302010835000001,
      "user": 1.5839204,
      "system": 0.06804,
      "min": 0.5115235300000001,
      "max": 0.5333935910000001,
      "times": [
        0.527841305,
        0.5312101610000001,
        0.531730692,
        0.5294538360000001,
        0.513941549,
        0.532111662,
        0.526212193,
        0.530948331,
        0.5115235300000001,
        0.5333935910000001
      ],
      "memory_usage_byte": [
        51195904,
        51195904,
        51195904,
        51195904,
        51195904,
        51195904,
        51195904,
        51195904,
        51195904,
        51195904
      ],
      "exit_codes": [
        0,
        0,
        0,
        0,
        0,
        0,
        0,
        0,
        0,
        0
      ]
    },
    {
      "command": "mdsmith-parity",
      "mean": 0.13291391069999997,
      "stddev": 0.0009188404465000755,
      "median": 0.132808808,
      "user": 0.27525589999999994,
      "system": 0.042859299999999996,
      "min": 0.131681131,
      "max": 0.134705339,
      "times": [
        0.133370821,
        0.132166389,
        0.131681131,
        0.133225448,
        0.132743465,
        0.133922911,
        0.132169173,
        0.132874151,
        0.132280279,
        0.134705339
      ],
      "memory_usage_byte": [
        59580416,
        59580416,
        59580416,
        59580416,
        59879424,
        59879424,
        59879424,
        59879424,
        59879424,
        63684608
      ],
      "exit_codes": [
        1,
        1,
        1,
        1,
        1,
        1,
        1,
        1,
        1,
        1
      ]
    },
    {
      "command": "mdsmith",
      "mean": 0.24843647140000008,
      "stddev": 0.0021970713488142562,
      "median": 0.24800860300000002,
      "user": 0.5748448,
      "system": 0.08614399999999998,
      "min": 0.244367094,
      "max": 0.251678977,
      "times": [
        0.244367094,
        0.24736142800000002,
        0.24734391200000003,
        0.24741027100000001,
        0.251449474,
        0.24992173,
        0.24726253,
        0.251678977,
        0.24896236300000002,
        0.24860693500000003
      ],
      "memory_usage_byte": [
        82505728,
        82505728,
        82505728,
        82505728,
        82505728,
        82505728,
        82505728,
        82665472,
        82665472,
        82665472
      ],
      "exit_codes": [
        1,
        1,
        1,
        1,
        1,
        1,
        1,
        1,
        1,
        1
      ]
    }
  ]
}
