{
  "results": [
    {
      "command": "markdownlint-cli2",
      "mean": 5.1866343095,
      "stddev": 0.20527858733260188,
      "median": 5.121907416499999,
      "user": 7.8894035,
      "system": 0.3183688333333333,
      "min": 5.016548648,
      "max": 5.590939854,
      "times": [
        5.016548648,
        5.105249342,
        5.178309715,
        5.090192807,
        5.138565491,
        5.590939854
      ],
      "memory_usage_byte": [
        372969472,
        372969472,
        372969472,
        372969472,
        385101824,
        396337152
      ],
      "exit_codes": [
        1,
        1,
        1,
        1,
        1,
        1
      ]
    }
  ]
}
