{
  "results": [
    {
      "command": "mado",
      "mean": 0.06940626670000001,
      "stddev": 0.003985276465079433,
      "median": 0.0674902845,
      "user": 0.1084494,
      "system": 0.021252100000000003,
      "min": 0.06705583400000001,
      "max": 0.07965596100000001,
      "times": [
        0.06730429,
        0.06714948200000001,
        0.0673519,
        0.07965596100000001,
        0.06771734900000001,
        0.071195334,
        0.067628669,
        0.06705583400000001,
        0.07166963300000001,
        0.067334215
      ],
      "memory_usage_byte": [
        29683712,
        29683712,
        29683712,
        29704192,
        29761536,
        29761536,
        29761536,
        29761536,
        29798400,
        29798400
      ],
      "exit_codes": [
        1,
        1,
        1,
        1,
        1,
        1,
        1,
        1,
        1,
        1
      ]
    },
    {
      "command": "rumdl",
      "mean": 0.33415904370000005,
      "stddev": 0.004498615986522278,
      "median": 0.334239973,
      "user": 1.0129100999999998,
      "system": 0.0792678,
      "min": 0.328355367,
      "max": 0.341292513,
      "times": [
        0.341292513,
        0.33318771,
        0.32993911600000003,
        0.34108076000000004,
        0.331401003,
        0.32991069300000003,
        0.335489087,
        0.335292236,
        0.328355367,
        0.335641952
      ],
      "memory_usage_byte": [
        52449280,
        52449280,
        52449280,
        52449280,
        52449280,
        52449280,
        53075968,
        53075968,
        53075968,
        53075968
      ],
      "exit_codes": [
        1,
        1,
        1,
        1,
        1,
        1,
        1,
        1,
        1,
        1
      ]
    },
    {
      "command": "panache",
      "mean": 0.7044320702,
      "stddev": 0.07556473446955915,
      "median": 0.7503265655,
      "user": 2.1319353,
      "system": 0.1522385,
      "min": 0.607864943,
      "max": 0.775524454,
      "times": [
        0.611974739,
        0.607864943,
        0.7664516400000001,
        0.7656803040000001,
        0.61408194,
        0.764155706,
        0.7646199290000001,
        0.775524454,
        0.637469622,
        0.736497425
      ],
      "memory_usage_byte": [
        53075968,
        53075968,
        53075968,
        53075968,
        53075968,
        53075968,
        53075968,
        53075968,
        53075968,
        53075968
      ],
      "exit_codes": [
        0,
        0,
        0,
        0,
        0,
        0,
        0,
        0,
        0,
        0
      ]
    },
    {
      "command": "gomarklint",
      "mean": 0.060819864099999996,
      "stddev": 0.005282188670130223,
      "median": 0.060392060500000004,
      "user": 0.12930939999999996,
      "system": 0.0332193,
      "min": 0.054952894,
      "max": 0.070659794,
      "times": [
        0.054952894,
        0.056953225,
        0.070659794,
        0.060931397000000005,
        0.059852724,
        0.066023802,
        0.055440013,
        0.06471091500000001,
        0.055568171000000006,
        0.063105706
      ],
      "memory_usage_byte": [
        53075968,
        53075968,
        53075968,
        53075968,
        53075968,
        53075968,
        53075968,
        53075968,
        53075968,
        53075968
      ],
      "exit_codes": [
        1,
        1,
        1,
        1,
        1,
        1,
        1,
        1,
        1,
        1
      ]
    },
    {
      "command": "mdsmith-parity",
      "mean": 0.06243087740000001,
      "stddev": 0.0006011850671824423,
      "median": 0.06239243650000001,
      "user": 0.1798065,
      "system": 0.025670900000000003,
      "min": 0.061775737000000004,
      "max": 0.06363365900000001,
      "times": [
        0.062233822,
        0.061775737000000004,
        0.061835514,
        0.062710286,
        0.062879616,
        0.062009421,
        0.062837604,
        0.06255105100000001,
        0.06363365900000001,
        0.061842064
      ],
      "memory_usage_byte": [
        53075968,
        53075968,
        53075968,
        53075968,
        53075968,
        53075968,
        53075968,
        53075968,
        53075968,
        53075968
      ],
      "exit_codes": [
        1,
        1,
        1,
        1,
        1,
        1,
        1,
        1,
        1,
        1
      ]
    },
    {
      "command": "mdsmith",
      "mean": 0.18153660310000003,
      "stddev": 0.0035506664078755806,
      "median": 0.18096804450000004,
      "user": 0.5203483,
      "system": 0.06924749999999999,
      "min": 0.177216166,
      "max": 0.190135197,
      "times": [
        0.18372565500000002,
        0.182066541,
        0.178935734,
        0.177216166,
        0.18084770700000002,
        0.190135197,
        0.17938046000000002,
        0.18108838200000002,
        0.17974150400000002,
        0.182228685
      ],
      "memory_usage_byte": [
        56287232,
        56287232,
        56287232,
        56287232,
        56287232,
        56287232,
        56557568,
        56557568,
        56557568,
        56557568
      ],
      "exit_codes": [
        1,
        1,
        1,
        1,
        1,
        1,
        1,
        1,
        1,
        1
      ]
    }
  ]
}
