{
  "results": [
    {
      "command": "markdownlint-cli2",
      "mean": 4.208025027000001,
      "stddev": 0.02430734699189675,
      "median": 4.2041755635,
      "user": 6.322682666666665,
      "system": 0.4218279999999999,
      "min": 4.183179158,
      "max": 4.242071707,
      "times": [
        4.228643551,
        4.193366557,
        4.185904619,
        4.242071707,
        4.183179158,
        4.21498457
      ],
      "memory_usage_byte": [
        387772416,
        387772416,
        387772416,
        387772416,
        387772416,
        387772416
      ],
      "exit_codes": [
        1,
        1,
        1,
        1,
        1,
        1
      ]
    }
  ]
}
