{
  "results": [
    {
      "command": "markdownlint-cli2",
      "mean": 4.962266610166666,
      "stddev": 0.12049753841849203,
      "median": 4.914761373499999,
      "user": 7.308986833333332,
      "system": 0.4339133333333334,
      "min": 4.8604799540000005,
      "max": 5.188594485,
      "times": [
        5.188594485,
        5.00247126,
        4.8604799540000005,
        4.917964442,
        4.892531215,
        4.911558305
      ],
      "memory_usage_byte": [
        395714560,
        395714560,
        395714560,
        400039936,
        400039936,
        400039936
      ],
      "exit_codes": [
        1,
        1,
        1,
        1,
        1,
        1
      ]
    }
  ]
}
