{
  "results": [
    {
      "command": "markdownlint-cli2",
      "mean": 5.479419577166667,
      "stddev": 0.23543376396308588,
      "median": 5.4156988905,
      "user": 8.186784166666666,
      "system": 0.3393578333333333,
      "min": 5.290880555,
      "max": 5.942035758,
      "times": [
        5.352893594,
        5.942035758,
        5.454754697,
        5.290880555,
        5.459309775,
        5.376643084
      ],
      "memory_usage_byte": [
        378617856,
        385978368,
        385978368,
        385978368,
        385978368,
        385978368
      ],
      "exit_codes": [
        1,
        1,
        1,
        1,
        1,
        1
      ]
    }
  ]
}
