{
  "results": [
    {
      "command": "markdownlint-cli2",
      "mean": 3.0889218045,
      "stddev": 0.09170057546928108,
      "median": 3.1118287660000004,
      "user": 4.796826833333333,
      "system": 0.22811199999999998,
      "min": 2.973846492,
      "max": 3.184173847,
      "times": [
        3.117790176,
        3.171507352,
        2.973846492,
        2.980345604,
        3.184173847,
        3.105867356
      ],
      "memory_usage_byte": [
        384815104,
        384815104,
        384815104,
        384815104,
        385044480,
        385044480
      ],
      "exit_codes": [
        1,
        1,
        1,
        1,
        1,
        1
      ]
    }
  ]
}
