{
  "results": [
    {
      "command": "mado",
      "mean": 0.0490314201,
      "stddev": 0.003195343105471129,
      "median": 0.0489840245,
      "user": 0.07755519999999999,
      "system": 0.0093992,
      "min": 0.04493072,
      "max": 0.053364292,
      "times": [
        0.052492629000000006,
        0.046493766000000006,
        0.046069682,
        0.051360379000000005,
        0.051070426,
        0.053364292,
        0.046089289000000006,
        0.051545395,
        0.04493072,
        0.046897623000000006
      ],
      "memory_usage_byte": [
        29593600,
        29593600,
        29593600,
        31375360,
        31375360,
        31375360,
        31375360,
        31375360,
        31375360,
        31375360
      ],
      "exit_codes": [
        1,
        1,
        1,
        1,
        1,
        1,
        1,
        1,
        1,
        1
      ]
    },
    {
      "command": "rumdl",
      "mean": 0.1952481709,
      "stddev": 0.0017240617932736237,
      "median": 0.19512284900000001,
      "user": 0.6528278,
      "system": 0.030740099999999992,
      "min": 0.19307394800000002,
      "max": 0.197891628,
      "times": [
        0.195448684,
        0.19326046700000002,
        0.19362078200000002,
        0.197891628,
        0.19307394800000002,
        0.19430377000000001,
        0.19665632800000002,
        0.19742798,
        0.19479701400000002,
        0.196001108
      ],
      "memory_usage_byte": [
        49500160,
        52375552,
        52375552,
        52375552,
        52375552,
        52375552,
        52375552,
        52375552,
        52375552,
        52375552
      ],
      "exit_codes": [
        1,
        1,
        1,
        1,
        1,
        1,
        1,
        1,
        1,
        1
      ]
    },
    {
      "command": "panache",
      "mean": 0.5490960466000001,
      "stddev": 0.024268860165020938,
      "median": 0.5526578235,
      "user": 1.6089862,
      "system": 0.0531291,
      "min": 0.5213806990000001,
      "max": 0.5964332410000001,
      "times": [
        0.5213806990000001,
        0.569034135,
        0.5964332410000001,
        0.525778925,
        0.55979593,
        0.552486103,
        0.5528295440000001,
        0.5239913460000001,
        0.561051702,
        0.528178841
      ],
      "memory_usage_byte": [
        52375552,
        52375552,
        52375552,
        52375552,
        52375552,
        52375552,
        52375552,
        52375552,
        52375552,
        52375552
      ],
      "exit_codes": [
        0,
        0,
        0,
        0,
        0,
        0,
        0,
        0,
        0,
        0
      ]
    },
    {
      "command": "gomarklint",
      "mean": 0.0314256471,
      "stddev": 0.0030338618031713113,
      "median": 0.031491004,
      "user": 0.07423049999999999,
      "system": 0.0103012,
      "min": 0.027949380000000003,
      "max": 0.035988990000000005,
      "times": [
        0.035988990000000005,
        0.034584672000000004,
        0.033194676,
        0.033102531000000004,
        0.033875962,
        0.027986479,
        0.029341949000000003,
        0.029879477,
        0.028352355000000003,
        0.027949380000000003
      ],
      "memory_usage_byte": [
        52375552,
        52375552,
        52375552,
        52375552,
        52375552,
        52375552,
        52375552,
        52375552,
        52375552,
        52375552
      ],
      "exit_codes": [
        1,
        1,
        1,
        1,
        1,
        1,
        1,
        1,
        1,
        1
      ]
    },
    {
      "command": "mdsmith-parity",
      "mean": 0.055143107200000006,
      "stddev": 0.0006918746692205652,
      "median": 0.055019832500000004,
      "user": 0.156505,
      "system": 0.0122402,
      "min": 0.054334147000000006,
      "max": 0.056736177000000006,
      "times": [
        0.055213405,
        0.054708651000000004,
        0.055858691,
        0.05509875,
        0.054772219000000004,
        0.05466548,
        0.054334147000000006,
        0.05494091500000001,
        0.055102637,
        0.056736177000000006
      ],
      "memory_usage_byte": [
        52375552,
        52375552,
        52375552,
        52375552,
        52375552,
        52375552,
        52375552,
        52375552,
        52375552,
        52375552
      ],
      "exit_codes": [
        1,
        1,
        1,
        1,
        1,
        1,
        1,
        1,
        1,
        1
      ]
    },
    {
      "command": "mdsmith",
      "mean": 0.1426779414,
      "stddev": 0.0013835512037043707,
      "median": 0.14228128,
      "user": 0.42190570000000005,
      "system": 0.029669099999999997,
      "min": 0.14041578000000002,
      "max": 0.145256405,
      "times": [
        0.144153882,
        0.142548906,
        0.142308355,
        0.143882973,
        0.141787189,
        0.142039945,
        0.14213177400000002,
        0.14041578000000002,
        0.145256405,
        0.14225420500000002
      ],
      "memory_usage_byte": [
        52375552,
        52375552,
        52375552,
        52375552,
        52375552,
        52375552,
        52375552,
        52375552,
        52375552,
        52375552
      ],
      "exit_codes": [
        1,
        1,
        1,
        1,
        1,
        1,
        1,
        1,
        1,
        1
      ]
    }
  ]
}
