{
  "results": [
    {
      "command": "mado",
      "mean": 0.048218387,
      "stddev": 0.002593749650927098,
      "median": 0.046833658,
      "user": 0.07546,
      "system": 0.010055499999999998,
      "min": 0.045990866000000005,
      "max": 0.052194721000000006,
      "times": [
        0.051633234,
        0.046493353,
        0.046396463000000006,
        0.047700276,
        0.045990866000000005,
        0.051905942000000004,
        0.046991683000000006,
        0.052194721000000006,
        0.046675633,
        0.046201699000000006
      ],
      "memory_usage_byte": [
        29630464,
        29630464,
        29630464,
        31653888,
        31653888,
        31653888,
        31653888,
        31653888,
        31653888,
        31653888
      ],
      "exit_codes": [
        1,
        1,
        1,
        1,
        1,
        1,
        1,
        1,
        1,
        1
      ]
    },
    {
      "command": "rumdl",
      "mean": 0.196991829,
      "stddev": 0.0016804339816218746,
      "median": 0.19725623850000001,
      "user": 0.6525117,
      "system": 0.036124,
      "min": 0.19491154000000002,
      "max": 0.199435418,
      "times": [
        0.198561277,
        0.194954219,
        0.196726115,
        0.19778636200000002,
        0.19792794600000002,
        0.19491154000000002,
        0.199435418,
        0.19560881000000002,
        0.19542061900000002,
        0.19858598400000002
      ],
      "memory_usage_byte": [
        51671040,
        51671040,
        51671040,
        51671040,
        51671040,
        51671040,
        51671040,
        51671040,
        51671040,
        51671040
      ],
      "exit_codes": [
        1,
        1,
        1,
        1,
        1,
        1,
        1,
        1,
        1,
        1
      ]
    },
    {
      "command": "panache",
      "mean": 0.5619018679000001,
      "stddev": 0.0357976060014329,
      "median": 0.564292521,
      "user": 1.6152488999999997,
      "system": 0.057927299999999994,
      "min": 0.526596599,
      "max": 0.6402837,
      "times": [
        0.564246789,
        0.5913415270000001,
        0.526596599,
        0.576812479,
        0.6402837,
        0.5339245890000001,
        0.527338583,
        0.5647479830000001,
        0.5643382530000001,
        0.5293881770000001
      ],
      "memory_usage_byte": [
        51671040,
        51671040,
        51671040,
        51671040,
        51671040,
        51671040,
        51671040,
        51671040,
        51671040,
        51671040
      ],
      "exit_codes": [
        0,
        0,
        0,
        0,
        0,
        0,
        0,
        0,
        0,
        0
      ]
    },
    {
      "command": "gomarklint",
      "mean": 0.032639651,
      "stddev": 0.001206014566348921,
      "median": 0.032357029,
      "user": 0.07552060000000001,
      "system": 0.0116831,
      "min": 0.03109473,
      "max": 0.034561015,
      "times": [
        0.03109473,
        0.031316933000000005,
        0.032296181,
        0.03184576,
        0.032009936,
        0.032903523000000004,
        0.032417877000000005,
        0.033511137,
        0.034561015,
        0.034439418
      ],
      "memory_usage_byte": [
        51671040,
        51671040,
        51671040,
        51671040,
        51671040,
        51671040,
        51671040,
        51671040,
        51671040,
        51671040
      ],
      "exit_codes": [
        1,
        1,
        1,
        1,
        1,
        1,
        1,
        1,
        1,
        1
      ]
    },
    {
      "command": "mdsmith-parity",
      "mean": 0.05586123450000001,
      "stddev": 0.000683189558175678,
      "median": 0.055820869,
      "user": 0.1568819,
      "system": 0.0130416,
      "min": 0.054934782,
      "max": 0.057068913000000006,
      "times": [
        0.056139046000000005,
        0.055920875,
        0.057068913000000006,
        0.056641242,
        0.055720863,
        0.055640012,
        0.05509812100000001,
        0.054934782,
        0.055221123000000004,
        0.05622736800000001
      ],
      "memory_usage_byte": [
        51671040,
        51671040,
        51671040,
        51671040,
        51671040,
        51671040,
        51671040,
        51671040,
        51671040,
        51671040
      ],
      "exit_codes": [
        1,
        1,
        1,
        1,
        1,
        1,
        1,
        1,
        1,
        1
      ]
    },
    {
      "command": "mdsmith",
      "mean": 0.1452902147,
      "stddev": 0.0018477282730553239,
      "median": 0.14437363050000002,
      "user": 0.4249687,
      "system": 0.0334096,
      "min": 0.143732194,
      "max": 0.148899262,
      "times": [
        0.143985115,
        0.147176836,
        0.144158729,
        0.14418687200000002,
        0.144815979,
        0.148899262,
        0.143732194,
        0.14748661700000001,
        0.143900154,
        0.144560389
      ],
      "memory_usage_byte": [
        51671040,
        51671040,
        51671040,
        51671040,
        51671040,
        51671040,
        51671040,
        51671040,
        51671040,
        51671040
      ],
      "exit_codes": [
        1,
        1,
        1,
        1,
        1,
        1,
        1,
        1,
        1,
        1
      ]
    }
  ]
}
