{
  "results": [
    {
      "command": "mado",
      "mean": 0.04739880340000001,
      "stddev": 0.0025273832459295916,
      "median": 0.0464945235,
      "user": 0.0727769,
      "system": 0.010337999999999998,
      "min": 0.046019639,
      "max": 0.054433976,
      "times": [
        0.046019639,
        0.054433976,
        0.046496922,
        0.046287644,
        0.046378627000000006,
        0.046104513,
        0.046492125,
        0.047794858,
        0.047078881,
        0.046900849
      ],
      "memory_usage_byte": [
        31707136,
        31707136,
        31707136,
        31707136,
        31707136,
        31707136,
        31707136,
        31707136,
        31707136,
        31707136
      ],
      "exit_codes": [
        1,
        1,
        1,
        1,
        1,
        1,
        1,
        1,
        1,
        1
      ]
    },
    {
      "command": "rumdl",
      "mean": 0.19280532089999997,
      "stddev": 0.0034623348405158757,
      "median": 0.19260991850000003,
      "user": 0.6199511,
      "system": 0.0402011,
      "min": 0.18846928300000002,
      "max": 0.19795468200000002,
      "times": [
        0.18846928300000002,
        0.195256179,
        0.19155064000000002,
        0.196336073,
        0.19366919700000002,
        0.19795468200000002,
        0.195755856,
        0.188545225,
        0.191244929,
        0.189271145
      ],
      "memory_usage_byte": [
        51335168,
        51335168,
        51335168,
        52789248,
        52789248,
        52789248,
        52789248,
        52789248,
        52789248,
        52789248
      ],
      "exit_codes": [
        1,
        1,
        1,
        1,
        1,
        1,
        1,
        1,
        1,
        1
      ]
    },
    {
      "command": "panache",
      "mean": 0.5480720477000001,
      "stddev": 0.017290983111147035,
      "median": 0.555634574,
      "user": 1.5655967,
      "system": 0.0618159,
      "min": 0.512496974,
      "max": 0.558517404,
      "times": [
        0.5566594220000001,
        0.5552835580000001,
        0.557008929,
        0.5183838430000001,
        0.556713572,
        0.554387627,
        0.512496974,
        0.555352422,
        0.558517404,
        0.5559167260000001
      ],
      "memory_usage_byte": [
        52789248,
        52789248,
        52789248,
        52789248,
        52789248,
        52789248,
        52789248,
        52789248,
        52789248,
        52789248
      ],
      "exit_codes": [
        0,
        0,
        0,
        0,
        0,
        0,
        0,
        0,
        0,
        0
      ]
    },
    {
      "command": "gomarklint",
      "mean": 0.031020635,
      "stddev": 0.0011684997004388926,
      "median": 0.0307496425,
      "user": 0.0699433,
      "system": 0.015563900000000002,
      "min": 0.029449493,
      "max": 0.033203353000000005,
      "times": [
        0.030384884,
        0.031226766000000003,
        0.030928186000000003,
        0.031779883,
        0.032444123000000005,
        0.030571099,
        0.033203353000000005,
        0.029449493,
        0.030368679000000003,
        0.029849884
      ],
      "memory_usage_byte": [
        52789248,
        52789248,
        52789248,
        52789248,
        52789248,
        52789248,
        52789248,
        52789248,
        52789248,
        52789248
      ],
      "exit_codes": [
        1,
        1,
        1,
        1,
        1,
        1,
        1,
        1,
        1,
        1
      ]
    },
    {
      "command": "mdsmith-parity",
      "mean": 0.0538549288,
      "stddev": 0.0008001255003978102,
      "median": 0.053773529,
      "user": 0.14860869999999998,
      "system": 0.0134816,
      "min": 0.052810421,
      "max": 0.055139609000000006,
      "times": [
        0.055139609000000006,
        0.054057541,
        0.053289498000000005,
        0.055056296000000005,
        0.05298635,
        0.053963142000000006,
        0.054264647000000006,
        0.053397868,
        0.052810421,
        0.053583916
      ],
      "memory_usage_byte": [
        52789248,
        52789248,
        52789248,
        52789248,
        52789248,
        52789248,
        52789248,
        52789248,
        52789248,
        52789248
      ],
      "exit_codes": [
        1,
        1,
        1,
        1,
        1,
        1,
        1,
        1,
        1,
        1
      ]
    },
    {
      "command": "mdsmith",
      "mean": 0.1429650167,
      "stddev": 0.0016195000989245657,
      "median": 0.1432959215,
      "user": 0.41935,
      "system": 0.034855,
      "min": 0.14038619400000002,
      "max": 0.14532171900000002,
      "times": [
        0.14532171900000002,
        0.140718444,
        0.144009723,
        0.14349109200000001,
        0.143100751,
        0.142853997,
        0.14038619400000002,
        0.141551419,
        0.143695089,
        0.144521739
      ],
      "memory_usage_byte": [
        52789248,
        52789248,
        52789248,
        52789248,
        52789248,
        52789248,
        52789248,
        52789248,
        52789248,
        52789248
      ],
      "exit_codes": [
        1,
        1,
        1,
        1,
        1,
        1,
        1,
        1,
        1,
        1
      ]
    }
  ]
}
