{
  "results": [
    {
      "command": "markdownlint-cli2",
      "mean": 4.4937661538333336,
      "stddev": 0.1609072076873429,
      "median": 4.4177188874999995,
      "user": 6.7258811666666665,
      "system": 0.32110466666666665,
      "min": 4.36919151,
      "max": 4.763981535,
      "times": [
        4.43878019,
        4.396657585,
        4.763981535,
        4.616253475,
        4.377732628,
        4.36919151
      ],
      "memory_usage_byte": [
        377520128,
        377520128,
        378621952,
        388046848,
        388046848,
        388046848
      ],
      "exit_codes": [
        1,
        1,
        1,
        1,
        1,
        1
      ]
    }
  ]
}
