{
  "results": [
    {
      "command": "markdownlint-cli2",
      "mean": 2.366052793666667,
      "stddev": 0.03274843292634831,
      "median": 2.3604024265,
      "user": 3.476841333333333,
      "system": 0.22846033333333335,
      "min": 2.32537495,
      "max": 2.413579847,
      "times": [
        2.413579847,
        2.32537495,
        2.342076463,
        2.361384985,
        2.359419868,
        2.394480649
      ],
      "memory_usage_byte": [
        350990336,
        350990336,
        350990336,
        366260224,
        366260224,
        389337088
      ],
      "exit_codes": [
        1,
        1,
        1,
        1,
        1,
        1
      ]
    }
  ]
}
