{
  "results": [
    {
      "command": "markdownlint-cli2",
      "mean": 3.7543234103333334,
      "stddev": 0.13713612912736153,
      "median": 3.7074664505,
      "user": 5.7213255,
      "system": 0.318223,
      "min": 3.6532877,
      "max": 4.027270363,
      "times": [
        3.702373664,
        3.685034495,
        3.745415003,
        3.6532877,
        4.027270363,
        3.712559237
      ],
      "memory_usage_byte": [
        396943360,
        396943360,
        396943360,
        396943360,
        398278656,
        398278656
      ],
      "exit_codes": [
        1,
        1,
        1,
        1,
        1,
        1
      ]
    }
  ]
}
