{
  "results": [
    {
      "command": "markdownlint-cli2",
      "mean": 5.189138043,
      "stddev": 0.17331117298537452,
      "median": 5.0982501115,
      "user": 7.782184999999999,
      "system": 0.3199976666666666,
      "min": 5.041599196,
      "max": 5.4350154790000005,
      "times": [
        5.385556712,
        5.091392008,
        5.4350154790000005,
        5.041599196,
        5.105108215,
        5.076156648
      ],
      "memory_usage_byte": [
        385257472,
        385257472,
        404537344,
        404537344,
        404537344,
        404537344
      ],
      "exit_codes": [
        1,
        1,
        1,
        1,
        1,
        1
      ]
    }
  ]
}
