{
  "results": [
    {
      "command": "markdownlint-cli2",
      "mean": 3.105012130666667,
      "stddev": 0.07239755749334267,
      "median": 3.117212671,
      "user": 4.7007216666666665,
      "system": 0.3159923333333333,
      "min": 3.00837234,
      "max": 3.185929574,
      "times": [
        3.167007405,
        3.092879421,
        3.141545921,
        3.00837234,
        3.185929574,
        3.034338123
      ],
      "memory_usage_byte": [
        383590400,
        383590400,
        385880064,
        385880064,
        385880064,
        385880064
      ],
      "exit_codes": [
        1,
        1,
        1,
        1,
        1,
        1
      ]
    }
  ]
}
