{
  "results": [
    {
      "command": "mado",
      "mean": 0.06046158770000001,
      "stddev": 0.004710247526100986,
      "median": 0.058181668500000006,
      "user": 0.09219379999999999,
      "system": 0.0206241,
      "min": 0.057710542000000004,
      "max": 0.072451843,
      "times": [
        0.058383718,
        0.058067299,
        0.06350694700000001,
        0.057710542000000004,
        0.057992263,
        0.072451843,
        0.058296038,
        0.057718463000000005,
        0.06254794200000001,
        0.057940822
      ],
      "memory_usage_byte": [
        29032448,
        29032448,
        29032448,
        29032448,
        29032448,
        29032448,
        29032448,
        31068160,
        31068160,
        31068160
      ],
      "exit_codes": [
        1,
        1,
        1,
        1,
        1,
        1,
        1,
        1,
        1,
        1
      ]
    },
    {
      "command": "rumdl",
      "mean": 0.29179128140000005,
      "stddev": 0.0066301510402667525,
      "median": 0.2913153405,
      "user": 0.875599,
      "system": 0.072408,
      "min": 0.28163029900000003,
      "max": 0.305465823,
      "times": [
        0.29125858200000004,
        0.28163029900000003,
        0.288189929,
        0.291372099,
        0.295221879,
        0.291771381,
        0.288692383,
        0.305465823,
        0.29808500800000004,
        0.28622543100000003
      ],
      "memory_usage_byte": [
        52121600,
        52121600,
        52121600,
        52121600,
        52121600,
        52121600,
        52121600,
        52121600,
        52617216,
        52617216
      ],
      "exit_codes": [
        1,
        1,
        1,
        1,
        1,
        1,
        1,
        1,
        1,
        1
      ]
    },
    {
      "command": "panache",
      "mean": 0.5981125612,
      "stddev": 0.06068720521714492,
      "median": 0.5775488930000001,
      "user": 1.9171842,
      "system": 0.1397892,
      "min": 0.541442105,
      "max": 0.697345592,
      "times": [
        0.64875031,
        0.5474717130000001,
        0.6520189000000001,
        0.541566069,
        0.6044919910000001,
        0.697345592,
        0.541442105,
        0.65597607,
        0.5414570670000001,
        0.5506057950000001
      ],
      "memory_usage_byte": [
        52617216,
        52617216,
        52617216,
        52617216,
        52617216,
        52617216,
        52617216,
        52617216,
        52617216,
        52617216
      ],
      "exit_codes": [
        0,
        0,
        0,
        0,
        0,
        0,
        0,
        0,
        0,
        0
      ]
    },
    {
      "command": "mdsmith-parity",
      "mean": 0.10428622430000001,
      "stddev": 0.0012654213618446134,
      "median": 0.10378441700000002,
      "user": 0.30567829999999996,
      "system": 0.03556619999999999,
      "min": 0.103152672,
      "max": 0.106633736,
      "times": [
        0.10349016200000001,
        0.10392588700000001,
        0.10364294700000001,
        0.103479345,
        0.103152672,
        0.106536773,
        0.104357295,
        0.10344363300000001,
        0.10419979300000001,
        0.106633736
      ],
      "memory_usage_byte": [
        52617216,
        52617216,
        52617216,
        52617216,
        52617216,
        63787008,
        63787008,
        63787008,
        63787008,
        63787008
      ],
      "exit_codes": [
        1,
        1,
        1,
        1,
        1,
        1,
        1,
        1,
        1,
        1
      ]
    },
    {
      "command": "mdsmith",
      "mean": 0.46559741280000005,
      "stddev": 0.010662446841193081,
      "median": 0.46609667200000005,
      "user": 1.0001418999999998,
      "system": 0.5561805999999999,
      "min": 0.44947843200000004,
      "max": 0.48026579500000005,
      "times": [
        0.47357168200000005,
        0.48026579500000005,
        0.478650673,
        0.46733239200000004,
        0.45717650200000004,
        0.44947843200000004,
        0.452553967,
        0.46486095200000005,
        0.460158008,
        0.471925725
      ],
      "memory_usage_byte": [
        70668288,
        74936320,
        74936320,
        74936320,
        74936320,
        74936320,
        74936320,
        74936320,
        74936320,
        74936320
      ],
      "exit_codes": [
        1,
        1,
        1,
        1,
        1,
        1,
        1,
        1,
        1,
        1
      ]
    }
  ]
}
