{
  "results": [
    {
      "command": "markdownlint-cli2",
      "mean": 4.515884782666666,
      "stddev": 0.06904307831361094,
      "median": 4.504440049,
      "user": 6.741243999999999,
      "system": 0.40144149999999995,
      "min": 4.446917473,
      "max": 4.644633722,
      "times": [
        4.472987468,
        4.644633722,
        4.521889935,
        4.490953967,
        4.517926131,
        4.446917473
      ],
      "memory_usage_byte": [
        373669888,
        373669888,
        374935552,
        374935552,
        401920000,
        401920000
      ],
      "exit_codes": [
        1,
        1,
        1,
        1,
        1,
        1
      ]
    }
  ]
}
