{
  "results": [
    {
      "command": "markdownlint-cli2",
      "mean": 3.7983737478333333,
      "stddev": 0.10077493250514616,
      "median": 3.8058713529999997,
      "user": 5.645579333333333,
      "system": 0.3290486666666667,
      "min": 3.65898236,
      "max": 3.929503549,
      "times": [
        3.870613707,
        3.65898236,
        3.841823298,
        3.929503549,
        3.719400165,
        3.769919408
      ],
      "memory_usage_byte": [
        441487360,
        441487360,
        441487360,
        441487360,
        441487360,
        441487360
      ],
      "exit_codes": [
        1,
        1,
        1,
        1,
        1,
        1
      ]
    }
  ]
}
