{
  "results": [
    {
      "command": "mado",
      "mean": 0.0458724903,
      "stddev": 0.001965590077517298,
      "median": 0.045444751500000005,
      "user": 0.07330749999999998,
      "system": 0.007412299999999999,
      "min": 0.044461930000000004,
      "max": 0.051293176,
      "times": [
        0.044461930000000004,
        0.045410524,
        0.045091347000000004,
        0.044823346,
        0.045478979,
        0.045687922000000006,
        0.044786709,
        0.046074382000000004,
        0.045616588,
        0.051293176
      ],
      "memory_usage_byte": [
        28999680,
        29446144,
        29446144,
        29446144,
        29511680,
        29646848,
        29646848,
        29646848,
        29646848,
        29646848
      ],
      "exit_codes": [
        1,
        1,
        1,
        1,
        1,
        1,
        1,
        1,
        1,
        1
      ]
    },
    {
      "command": "rumdl",
      "mean": 0.1973728855,
      "stddev": 0.004976678805457608,
      "median": 0.19531518250000002,
      "user": 0.6467126999999999,
      "system": 0.035623800000000004,
      "min": 0.192990307,
      "max": 0.20953944900000002,
      "times": [
        0.195385193,
        0.193692902,
        0.192990307,
        0.201727653,
        0.197720908,
        0.19515533100000002,
        0.20953944900000002,
        0.19795129,
        0.19432065,
        0.19524517200000002
      ],
      "memory_usage_byte": [
        49778688,
        49778688,
        49778688,
        49778688,
        49778688,
        49778688,
        49778688,
        49778688,
        49778688,
        49778688
      ],
      "exit_codes": [
        1,
        1,
        1,
        1,
        1,
        1,
        1,
        1,
        1,
        1
      ]
    },
    {
      "command": "panache",
      "mean": 0.5508559546,
      "stddev": 0.0159869475786167,
      "median": 0.5576987680000001,
      "user": 1.6033445999999998,
      "system": 0.05090680000000001,
      "min": 0.526565395,
      "max": 0.5658029440000001,
      "times": [
        0.52839464,
        0.526565395,
        0.5508049030000001,
        0.5658029440000001,
        0.555096075,
        0.562277785,
        0.531062569,
        0.5635712030000001,
        0.5646825710000001,
        0.560301461
      ],
      "memory_usage_byte": [
        49778688,
        49778688,
        49778688,
        49778688,
        49778688,
        49778688,
        49778688,
        49778688,
        49778688,
        49778688
      ],
      "exit_codes": [
        0,
        0,
        0,
        0,
        0,
        0,
        0,
        0,
        0,
        0
      ]
    },
    {
      "command": "gomarklint",
      "mean": 0.0314131857,
      "stddev": 0.00131092294961273,
      "median": 0.0316800815,
      "user": 0.0717708,
      "system": 0.0127409,
      "min": 0.028846206000000003,
      "max": 0.033198395,
      "times": [
        0.030719621000000003,
        0.033198395,
        0.032099231,
        0.029812920000000003,
        0.028846206000000003,
        0.031283275,
        0.0318151,
        0.032333504,
        0.031545063000000005,
        0.032478542
      ],
      "memory_usage_byte": [
        49778688,
        49778688,
        49778688,
        49778688,
        49778688,
        49778688,
        49778688,
        49778688,
        49778688,
        49778688
      ],
      "exit_codes": [
        1,
        1,
        1,
        1,
        1,
        1,
        1,
        1,
        1,
        1
      ]
    },
    {
      "command": "mdsmith-parity",
      "mean": 0.05538397230000001,
      "stddev": 0.0004976005235079086,
      "median": 0.055218741,
      "user": 0.1556371,
      "system": 0.0118691,
      "min": 0.054770490000000005,
      "max": 0.056225235000000005,
      "times": [
        0.055258398,
        0.055112937,
        0.055179084,
        0.055470167,
        0.056225235000000005,
        0.055871839000000006,
        0.054785859000000006,
        0.055989595,
        0.055176119,
        0.054770490000000005
      ],
      "memory_usage_byte": [
        49778688,
        49778688,
        49778688,
        49778688,
        49778688,
        49778688,
        49778688,
        49778688,
        49778688,
        49778688
      ],
      "exit_codes": [
        1,
        1,
        1,
        1,
        1,
        1,
        1,
        1,
        1,
        1
      ]
    },
    {
      "command": "mdsmith",
      "mean": 0.1436269585,
      "stddev": 0.002760033760305327,
      "median": 0.143010027,
      "user": 0.42181579999999996,
      "system": 0.0313871,
      "min": 0.140548476,
      "max": 0.150132979,
      "times": [
        0.141736102,
        0.144603525,
        0.144436581,
        0.142271974,
        0.150132979,
        0.14522263100000002,
        0.14230314400000002,
        0.141297263,
        0.140548476,
        0.14371691
      ],
      "memory_usage_byte": [
        51556352,
        51556352,
        51556352,
        51556352,
        51556352,
        51556352,
        51556352,
        51556352,
        51556352,
        51556352
      ],
      "exit_codes": [
        1,
        1,
        1,
        1,
        1,
        1,
        1,
        1,
        1,
        1
      ]
    }
  ]
}
