{
  "results": [
    {
      "command": "markdownlint-cli2",
      "mean": 4.3609522325,
      "stddev": 0.16462049873046353,
      "median": 4.3088397235,
      "user": 6.510729166666667,
      "system": 0.312498,
      "min": 4.24455085,
      "max": 4.69293558,
      "times": [
        4.69293558,
        4.312541631,
        4.24455085,
        4.30866336,
        4.298005887,
        4.309016087
      ],
      "memory_usage_byte": [
        367628288,
        380538880,
        380538880,
        380538880,
        380538880,
        380538880
      ],
      "exit_codes": [
        1,
        1,
        1,
        1,
        1,
        1
      ]
    }
  ]
}
