{
  "results": [
    {
      "command": "markdownlint-cli2",
      "mean": 4.921739477666667,
      "stddev": 0.1037692587724976,
      "median": 4.8883010155,
      "user": 7.391324999999999,
      "system": 0.31442633333333325,
      "min": 4.856731545,
      "max": 5.12873172,
      "times": [
        5.12873172,
        4.874531394,
        4.902070637,
        4.856731545,
        4.858374455,
        4.909997115
      ],
      "memory_usage_byte": [
        400420864,
        400420864,
        400420864,
        400420864,
        400420864,
        400420864
      ],
      "exit_codes": [
        1,
        1,
        1,
        1,
        1,
        1
      ]
    }
  ]
}
