{
  "results": [
    {
      "command": "markdownlint-cli2",
      "mean": 3.056515339666667,
      "stddev": 0.07480112203811427,
      "median": 3.0844940615,
      "user": 4.7461356666666665,
      "system": 0.21100066666666664,
      "min": 2.945634943,
      "max": 3.131380832,
      "times": [
        3.0873197,
        3.131380832,
        2.982137951,
        2.945634943,
        3.081668423,
        3.110950189
      ],
      "memory_usage_byte": [
        389345280,
        389345280,
        389345280,
        389345280,
        389345280,
        394702848
      ],
      "exit_codes": [
        1,
        1,
        1,
        1,
        1,
        1
      ]
    }
  ]
}
