{
  "results": [
    {
      "command": "markdownlint-cli2",
      "mean": 5.211888907666666,
      "stddev": 0.07600158607558681,
      "median": 5.2067981385,
      "user": 7.822866166666667,
      "system": 0.33311199999999996,
      "min": 5.113656404,
      "max": 5.296684602,
      "times": [
        5.293884921,
        5.153511242,
        5.176317481,
        5.113656404,
        5.296684602,
        5.237278796
      ],
      "memory_usage_byte": [
        380547072,
        380547072,
        388308992,
        388308992,
        388308992,
        388308992
      ],
      "exit_codes": [
        1,
        1,
        1,
        1,
        1,
        1
      ]
    }
  ]
}
