{
  "results": [
    {
      "command": "mado",
      "mean": 0.06094123110000001,
      "stddev": 0.002505561744602173,
      "median": 0.0599101375,
      "user": 0.0926835,
      "system": 0.020827699999999998,
      "min": 0.059169272,
      "max": 0.06682202100000001,
      "times": [
        0.059764448000000005,
        0.060048716,
        0.059771559,
        0.059481301,
        0.060130308,
        0.05969885900000001,
        0.064186624,
        0.060339203,
        0.059169272,
        0.06682202100000001
      ],
      "memory_usage_byte": [
        31014912,
        31014912,
        31014912,
        31014912,
        31014912,
        31014912,
        31014912,
        31014912,
        31014912,
        31014912
      ],
      "exit_codes": [
        1,
        1,
        1,
        1,
        1,
        1,
        1,
        1,
        1,
        1
      ]
    },
    {
      "command": "rumdl",
      "mean": 0.31255029880000007,
      "stddev": 0.018073606617801916,
      "median": 0.30890822900000003,
      "user": 0.8801100999999999,
      "system": 0.07648519999999999,
      "min": 0.290082072,
      "max": 0.360518806,
      "times": [
        0.360518806,
        0.30860237100000004,
        0.312692077,
        0.30873400900000003,
        0.31393675000000004,
        0.30908244900000004,
        0.30555790800000004,
        0.307068763,
        0.30922778300000003,
        0.290082072
      ],
      "memory_usage_byte": [
        51875840,
        51875840,
        51875840,
        51875840,
        53112832,
        53112832,
        53112832,
        53112832,
        53112832,
        53112832
      ],
      "exit_codes": [
        1,
        1,
        1,
        1,
        1,
        1,
        1,
        1,
        1,
        1
      ]
    },
    {
      "command": "panache",
      "mean": 0.615686407,
      "stddev": 0.06502694550692746,
      "median": 0.6186293605000001,
      "user": 1.9400825000000002,
      "system": 0.1424145,
      "min": 0.549901771,
      "max": 0.721393952,
      "times": [
        0.659324943,
        0.6660323930000001,
        0.5784361840000001,
        0.721393952,
        0.552191035,
        0.549901771,
        0.667261121,
        0.552032807,
        0.658822537,
        0.551467327
      ],
      "memory_usage_byte": [
        53112832,
        53112832,
        53112832,
        53112832,
        53112832,
        53112832,
        53112832,
        53112832,
        53112832,
        53112832
      ],
      "exit_codes": [
        0,
        0,
        0,
        0,
        0,
        0,
        0,
        0,
        0,
        0
      ]
    },
    {
      "command": "mdsmith-parity",
      "mean": 0.1079173253,
      "stddev": 0.0034408353644830385,
      "median": 0.1070066545,
      "user": 0.31660489999999997,
      "system": 0.0345085,
      "min": 0.105397478,
      "max": 0.117555583,
      "times": [
        0.10714445700000001,
        0.117555583,
        0.107446572,
        0.10736376800000001,
        0.10633363800000001,
        0.105397478,
        0.107352971,
        0.10686056000000001,
        0.10684937400000001,
        0.106868852
      ],
      "memory_usage_byte": [
        53112832,
        53112832,
        53112832,
        57438208,
        57438208,
        57438208,
        57438208,
        57438208,
        57438208,
        57438208
      ],
      "exit_codes": [
        1,
        1,
        1,
        1,
        1,
        1,
        1,
        1,
        1,
        1
      ]
    },
    {
      "command": "mdsmith",
      "mean": 0.4710031779,
      "stddev": 0.012296009729168385,
      "median": 0.4686866055,
      "user": 1.0290445000000001,
      "system": 0.5653833,
      "min": 0.45783569300000004,
      "max": 0.48685306500000003,
      "times": [
        0.478334552,
        0.45809985000000003,
        0.47430926100000004,
        0.45783569300000004,
        0.46007681600000006,
        0.46306395,
        0.48685306500000003,
        0.485002971,
        0.46064526100000003,
        0.48581036000000005
      ],
      "memory_usage_byte": [
        70389760,
        70389760,
        70389760,
        70389760,
        70389760,
        70389760,
        70389760,
        70389760,
        70389760,
        70389760
      ],
      "exit_codes": [
        1,
        1,
        1,
        1,
        1,
        1,
        1,
        1,
        1,
        1
      ]
    }
  ]
}
