{
  "results": [
    {
      "command": "markdownlint-cli2",
      "mean": 4.572684451833333,
      "stddev": 0.08403971805494287,
      "median": 4.562201795,
      "user": 6.8289565,
      "system": 0.4044293333333333,
      "min": 4.458782648,
      "max": 4.689990723,
      "times": [
        4.689990723,
        4.519159158,
        4.643770592,
        4.577051379,
        4.547352211,
        4.458782648
      ],
      "memory_usage_byte": [
        369225728,
        374132736,
        374132736,
        379514880,
        385286144,
        385286144
      ],
      "exit_codes": [
        1,
        1,
        1,
        1,
        1,
        1
      ]
    }
  ]
}
