{
  "results": [
    {
      "command": "mado",
      "mean": 0.0702816445,
      "stddev": 0.0064960637373794854,
      "median": 0.06708457849999999,
      "user": 0.11483009999999998,
      "system": 0.018767399999999997,
      "min": 0.06650083700000001,
      "max": 0.087602839,
      "times": [
        0.087602839,
        0.069856086,
        0.06661417,
        0.06650083700000001,
        0.07264667200000001,
        0.066775501,
        0.07173900600000001,
        0.066954636,
        0.066912177,
        0.067214521
      ],
      "memory_usage_byte": [
        28942336,
        28942336,
        28942336,
        28954624,
        32997376,
        32997376,
        32997376,
        32997376,
        32997376,
        32997376
      ],
      "exit_codes": [
        1,
        1,
        1,
        1,
        1,
        1,
        1,
        1,
        1,
        1
      ]
    },
    {
      "command": "rumdl",
      "mean": 0.3410856406000001,
      "stddev": 0.0046800220119839475,
      "median": 0.34194618250000003,
      "user": 1.0528079,
      "system": 0.07585039999999998,
      "min": 0.334054075,
      "max": 0.350500708,
      "times": [
        0.34394800400000003,
        0.343303418,
        0.33905749500000004,
        0.342590086,
        0.341446389,
        0.33693022,
        0.334054075,
        0.336580035,
        0.34244597600000004,
        0.350500708
      ],
      "memory_usage_byte": [
        52977664,
        52977664,
        52977664,
        52977664,
        52977664,
        53530624,
        53530624,
        53530624,
        53530624,
        53530624
      ],
      "exit_codes": [
        1,
        1,
        1,
        1,
        1,
        1,
        1,
        1,
        1,
        1
      ]
    },
    {
      "command": "panache",
      "mean": 0.6876135940000001,
      "stddev": 0.06858798852516161,
      "median": 0.6699790715,
      "user": 2.2319590000000002,
      "system": 0.1422136,
      "min": 0.622417266,
      "max": 0.774401874,
      "times": [
        0.626457259,
        0.772339977,
        0.6274526380000001,
        0.6293814590000001,
        0.623685185,
        0.622417266,
        0.7105766840000001,
        0.7173941460000001,
        0.7720294520000001,
        0.774401874
      ],
      "memory_usage_byte": [
        53530624,
        53530624,
        53530624,
        53530624,
        53530624,
        53530624,
        53530624,
        53530624,
        53530624,
        53530624
      ],
      "exit_codes": [
        0,
        0,
        0,
        0,
        0,
        0,
        0,
        0,
        0,
        0
      ]
    },
    {
      "command": "gomarklint",
      "mean": 0.0605355953,
      "stddev": 0.008061741357396443,
      "median": 0.057425525500000005,
      "user": 0.1377891,
      "system": 0.0251266,
      "min": 0.053448377000000005,
      "max": 0.073840838,
      "times": [
        0.053499323,
        0.073840838,
        0.053448377000000005,
        0.058649688000000005,
        0.059869968,
        0.072505993,
        0.053533737000000005,
        0.056201363000000004,
        0.055220719,
        0.06858594700000001
      ],
      "memory_usage_byte": [
        53530624,
        53530624,
        53530624,
        53530624,
        53530624,
        53530624,
        53530624,
        53530624,
        53530624,
        53530624
      ],
      "exit_codes": [
        1,
        1,
        1,
        1,
        1,
        1,
        1,
        1,
        1,
        1
      ]
    },
    {
      "command": "mdsmith-parity",
      "mean": 0.0658021604,
      "stddev": 0.0027267437947797826,
      "median": 0.06521372550000001,
      "user": 0.1965033,
      "system": 0.022029299999999998,
      "min": 0.063168862,
      "max": 0.073245605,
      "times": [
        0.065960611,
        0.06490161,
        0.064288476,
        0.065058775,
        0.065180314,
        0.06524713700000001,
        0.065459534,
        0.063168862,
        0.06551068,
        0.073245605
      ],
      "memory_usage_byte": [
        53530624,
        53530624,
        53530624,
        53530624,
        53530624,
        53530624,
        53530624,
        53530624,
        53530624,
        53530624
      ],
      "exit_codes": [
        1,
        1,
        1,
        1,
        1,
        1,
        1,
        1,
        1,
        1
      ]
    },
    {
      "command": "mdsmith",
      "mean": 0.1893969041,
      "stddev": 0.005236299247615703,
      "median": 0.187614144,
      "user": 0.550275,
      "system": 0.062452600000000004,
      "min": 0.184587925,
      "max": 0.202172959,
      "times": [
        0.184587925,
        0.185479517,
        0.18766897700000001,
        0.202172959,
        0.18687792,
        0.18832389000000002,
        0.187559311,
        0.19049010500000002,
        0.194144948,
        0.18666348900000002
      ],
      "memory_usage_byte": [
        54116352,
        56475648,
        56475648,
        56475648,
        56475648,
        56475648,
        56475648,
        56475648,
        56475648,
        56475648
      ],
      "exit_codes": [
        1,
        1,
        1,
        1,
        1,
        1,
        1,
        1,
        1,
        1
      ]
    }
  ]
}
