{
  "results": [
    {
      "command": "markdownlint-cli2",
      "mean": 3.0062446406666665,
      "stddev": 0.033231880765656426,
      "median": 3.007263674,
      "user": 4.502304,
      "system": 0.21430233333333334,
      "min": 2.953210036,
      "max": 3.056657239,
      "times": [
        3.056657239,
        3.011757097,
        3.002770251,
        3.014444236,
        2.953210036,
        2.998628985
      ],
      "memory_usage_byte": [
        389042176,
        389042176,
        389042176,
        389042176,
        389042176,
        389042176
      ],
      "exit_codes": [
        1,
        1,
        1,
        1,
        1,
        1
      ]
    }
  ]
}
