{
  "results": [
    {
      "command": "markdownlint-cli2",
      "mean": 3.05608226,
      "stddev": 0.10345895975265951,
      "median": 3.0008442674999998,
      "user": 4.583973333333334,
      "system": 0.3099123333333333,
      "min": 2.983045252,
      "max": 3.226660554,
      "times": [
        2.987729475,
        3.14178755,
        2.983311669,
        3.226660554,
        3.01395906,
        2.983045252
      ],
      "memory_usage_byte": [
        388972544,
        388972544,
        388972544,
        389066752,
        389066752,
        389066752
      ],
      "exit_codes": [
        1,
        1,
        1,
        1,
        1,
        1
      ]
    }
  ]
}
