{
  "results": [
    {
      "command": "mado",
      "mean": 0.04881611720000001,
      "stddev": 0.004923034615512013,
      "median": 0.045985605,
      "user": 0.07671389999999999,
      "system": 0.0099538,
      "min": 0.045005196000000004,
      "max": 0.060647259,
      "times": [
        0.045005196000000004,
        0.046120076,
        0.045616616000000006,
        0.051409037000000005,
        0.045851134,
        0.050980961000000005,
        0.060647259,
        0.051229102000000006,
        0.045475844,
        0.045825947000000006
      ],
      "memory_usage_byte": [
        29569024,
        29569024,
        29569024,
        29655040,
        31641600,
        31641600,
        31641600,
        31641600,
        31641600,
        31641600
      ],
      "exit_codes": [
        1,
        1,
        1,
        1,
        1,
        1,
        1,
        1,
        1,
        1
      ]
    },
    {
      "command": "rumdl",
      "mean": 0.1968232306,
      "stddev": 0.003489392122004989,
      "median": 0.19544482000000002,
      "user": 0.647578,
      "system": 0.0356632,
      "min": 0.193591868,
      "max": 0.205304336,
      "times": [
        0.19634668000000002,
        0.19473406000000001,
        0.19492107,
        0.193591868,
        0.19452713400000002,
        0.19542146300000002,
        0.19832324,
        0.205304336,
        0.199594278,
        0.19546817700000002
      ],
      "memory_usage_byte": [
        53964800,
        53964800,
        53964800,
        53964800,
        53964800,
        53964800,
        53964800,
        53964800,
        53964800,
        53964800
      ],
      "exit_codes": [
        1,
        1,
        1,
        1,
        1,
        1,
        1,
        1,
        1,
        1
      ]
    },
    {
      "command": "panache",
      "mean": 0.55471433,
      "stddev": 0.016751677113270774,
      "median": 0.560962719,
      "user": 1.6020188999999998,
      "system": 0.0522363,
      "min": 0.52131914,
      "max": 0.567361668,
      "times": [
        0.5614161400000001,
        0.5634987570000001,
        0.567361668,
        0.52131914,
        0.525454599,
        0.560509298,
        0.5596896680000001,
        0.563490857,
        0.558688686,
        0.565714487
      ],
      "memory_usage_byte": [
        53964800,
        53964800,
        53964800,
        53964800,
        53964800,
        53964800,
        53964800,
        53964800,
        53964800,
        53964800
      ],
      "exit_codes": [
        0,
        0,
        0,
        0,
        0,
        0,
        0,
        0,
        0,
        0
      ]
    },
    {
      "command": "gomarklint",
      "mean": 0.0309546871,
      "stddev": 0.0016095172131529558,
      "median": 0.031353655,
      "user": 0.0751927,
      "system": 0.01058,
      "min": 0.027847725,
      "max": 0.032984756000000004,
      "times": [
        0.030962451000000002,
        0.03001053,
        0.027847725,
        0.032433373,
        0.028886603,
        0.031327478,
        0.032984756000000004,
        0.032201489,
        0.031512634000000005,
        0.031379832
      ],
      "memory_usage_byte": [
        53964800,
        53964800,
        53964800,
        53964800,
        53964800,
        53964800,
        53964800,
        53964800,
        53964800,
        53964800
      ],
      "exit_codes": [
        1,
        1,
        1,
        1,
        1,
        1,
        1,
        1,
        1,
        1
      ]
    },
    {
      "command": "mdsmith-parity",
      "mean": 0.0558915309,
      "stddev": 0.0008044313408513347,
      "median": 0.055819877500000004,
      "user": 0.1572125,
      "system": 0.0125582,
      "min": 0.054959484,
      "max": 0.0574592,
      "times": [
        0.0574592,
        0.056463692,
        0.055971943,
        0.056017442,
        0.055393584,
        0.054959484,
        0.055262289000000006,
        0.055667812000000004,
        0.056712005,
        0.05500785800000001
      ],
      "memory_usage_byte": [
        53964800,
        53964800,
        53964800,
        53964800,
        53964800,
        53964800,
        53964800,
        53964800,
        53964800,
        53964800
      ],
      "exit_codes": [
        1,
        1,
        1,
        1,
        1,
        1,
        1,
        1,
        1,
        1
      ]
    },
    {
      "command": "mdsmith",
      "mean": 0.14407953089999997,
      "stddev": 0.0014105952022757742,
      "median": 0.143730347,
      "user": 0.42443580000000003,
      "system": 0.0315915,
      "min": 0.14223337900000002,
      "max": 0.146236598,
      "times": [
        0.143946675,
        0.14547690300000002,
        0.14307471900000002,
        0.14574050300000002,
        0.143236,
        0.14223337900000002,
        0.142498133,
        0.146236598,
        0.14483838000000002,
        0.14351401900000002
      ],
      "memory_usage_byte": [
        53964800,
        53964800,
        53964800,
        53964800,
        53964800,
        53964800,
        53964800,
        53964800,
        53964800,
        53964800
      ],
      "exit_codes": [
        1,
        1,
        1,
        1,
        1,
        1,
        1,
        1,
        1,
        1
      ]
    }
  ]
}
