{
  "results": [
    {
      "command": "markdownlint-cli2",
      "mean": 4.6889381805,
      "stddev": 0.026632363534430926,
      "median": 4.690785709,
      "user": 7.145301499999999,
      "system": 0.30202633333333334,
      "min": 4.6471923010000005,
      "max": 4.723714476,
      "times": [
        4.696356513,
        4.6471923010000005,
        4.6852149050000005,
        4.70670072,
        4.674450168,
        4.723714476
      ],
      "memory_usage_byte": [
        388075520,
        388075520,
        388075520,
        388075520,
        388075520,
        388075520
      ],
      "exit_codes": [
        1,
        1,
        1,
        1,
        1,
        1
      ]
    }
  ]
}
