{
  "results": [
    {
      "command": "markdownlint-cli2",
      "mean": 4.347641372666667,
      "stddev": 0.10704247271840676,
      "median": 4.3041209925,
      "user": 6.461793499999999,
      "system": 0.40726733333333337,
      "min": 4.278602181,
      "max": 4.559490866,
      "times": [
        4.559490866,
        4.293913267,
        4.287412562,
        4.278602181,
        4.352100642,
        4.314328718
      ],
      "memory_usage_byte": [
        387649536,
        387649536,
        387649536,
        387649536,
        387649536,
        393916416
      ],
      "exit_codes": [
        1,
        1,
        1,
        1,
        1,
        1
      ]
    }
  ]
}
