{
  "results": [
    {
      "command": "mado",
      "mean": 0.06386501800000001,
      "stddev": 0.002288180478388111,
      "median": 0.062957722,
      "user": 0.0987704,
      "system": 0.020369,
      "min": 0.062586103,
      "max": 0.069913392,
      "times": [
        0.062586103,
        0.063281158,
        0.062968258,
        0.062630609,
        0.065499664,
        0.063250692,
        0.062947186,
        0.062695417,
        0.069913392,
        0.06287770100000001
      ],
      "memory_usage_byte": [
        29036544,
        29036544,
        29036544,
        29036544,
        29036544,
        29036544,
        29036544,
        29036544,
        29065216,
        29065216
      ],
      "exit_codes": [
        1,
        1,
        1,
        1,
        1,
        1,
        1,
        1,
        1,
        1
      ]
    },
    {
      "command": "rumdl",
      "mean": 0.31283998,
      "stddev": 0.005119639174022911,
      "median": 0.31337822200000004,
      "user": 0.9480908000000001,
      "system": 0.0721602,
      "min": 0.303769183,
      "max": 0.321317589,
      "times": [
        0.31274913200000004,
        0.316121639,
        0.31400731200000004,
        0.321317589,
        0.303769183,
        0.318136568,
        0.30991940700000004,
        0.310112608,
        0.30799005700000004,
        0.31427630500000003
      ],
      "memory_usage_byte": [
        52420608,
        52420608,
        52420608,
        54738944,
        54738944,
        54738944,
        54738944,
        54738944,
        54738944,
        54738944
      ],
      "exit_codes": [
        1,
        1,
        1,
        1,
        1,
        1,
        1,
        1,
        1,
        1
      ]
    },
    {
      "command": "panache",
      "mean": 0.6613628845,
      "stddev": 0.07465477993745298,
      "median": 0.716777647,
      "user": 1.9820369999999996,
      "system": 0.1529666,
      "min": 0.5734334630000001,
      "max": 0.7221096370000001,
      "times": [
        0.5745641650000001,
        0.720167326,
        0.718607569,
        0.7206028010000001,
        0.5734334630000001,
        0.716590876,
        0.7221096370000001,
        0.57645769,
        0.716964418,
        0.5741309
      ],
      "memory_usage_byte": [
        54738944,
        54738944,
        54738944,
        54738944,
        54738944,
        54738944,
        54738944,
        54738944,
        54738944,
        54738944
      ],
      "exit_codes": [
        0,
        0,
        0,
        0,
        0,
        0,
        0,
        0,
        0,
        0
      ]
    },
    {
      "command": "mdsmith-parity",
      "mean": 0.10939444349999998,
      "stddev": 0.0016867705196034774,
      "median": 0.1087855285,
      "user": 0.32219279999999995,
      "system": 0.036075499999999996,
      "min": 0.10802668700000001,
      "max": 0.113973822,
      "times": [
        0.10875567400000001,
        0.108723316,
        0.10802668700000001,
        0.109545662,
        0.108815383,
        0.108426929,
        0.10950103500000001,
        0.10954258700000001,
        0.113973822,
        0.10863334000000001
      ],
      "memory_usage_byte": [
        54738944,
        54738944,
        54738944,
        54738944,
        54738944,
        54738944,
        54738944,
        54738944,
        58888192,
        58888192
      ],
      "exit_codes": [
        1,
        1,
        1,
        1,
        1,
        1,
        1,
        1,
        1,
        1
      ]
    },
    {
      "command": "mdsmith",
      "mean": 0.4843783920000001,
      "stddev": 0.012787956089491114,
      "median": 0.4880140425,
      "user": 1.0557423,
      "system": 0.5559155,
      "min": 0.46380068900000004,
      "max": 0.5002236090000001,
      "times": [
        0.489539251,
        0.47599838400000005,
        0.482632753,
        0.5002236090000001,
        0.464133128,
        0.48969812100000004,
        0.46380068900000004,
        0.49645306200000006,
        0.494816089,
        0.48648883400000004
      ],
      "memory_usage_byte": [
        70832128,
        70832128,
        77103104,
        77103104,
        77103104,
        77103104,
        77103104,
        77103104,
        77103104,
        77103104
      ],
      "exit_codes": [
        1,
        1,
        1,
        1,
        1,
        1,
        1,
        1,
        1,
        1
      ]
    }
  ]
}
