{
  "results": [
    {
      "command": "markdownlint-cli2",
      "mean": 4.6177719,
      "stddev": 0.24392099325618422,
      "median": 4.5343748145,
      "user": 6.924489333333334,
      "system": 0.40073016666666667,
      "min": 4.47961581,
      "max": 5.110022724,
      "times": [
        5.110022724,
        4.560685462,
        4.483786291,
        4.47961581,
        4.564456946,
        4.508064167
      ],
      "memory_usage_byte": [
        379752448,
        379752448,
        379752448,
        379752448,
        381808640,
        381808640
      ],
      "exit_codes": [
        1,
        1,
        1,
        1,
        1,
        1
      ]
    }
  ]
}
