{
  "results": [
    {
      "command": "mado",
      "mean": 0.0698725694,
      "stddev": 0.0034333263350492804,
      "median": 0.06844773450000001,
      "user": 0.1113043,
      "system": 0.019788499999999997,
      "min": 0.06761758100000001,
      "max": 0.077863235,
      "times": [
        0.068198565,
        0.06826720800000001,
        0.069304718,
        0.06862826100000001,
        0.067663025,
        0.074400722,
        0.068644565,
        0.06761758100000001,
        0.077863235,
        0.068137814
      ],
      "memory_usage_byte": [
        29671424,
        29671424,
        29687808,
        31514624,
        31514624,
        31514624,
        31514624,
        31514624,
        31514624,
        31514624
      ],
      "exit_codes": [
        1,
        1,
        1,
        1,
        1,
        1,
        1,
        1,
        1,
        1
      ]
    },
    {
      "command": "rumdl",
      "mean": 0.34358000229999996,
      "stddev": 0.010238271032299302,
      "median": 0.340147074,
      "user": 1.0346011999999998,
      "system": 0.0766854,
      "min": 0.331456793,
      "max": 0.364335336,
      "times": [
        0.33647311700000004,
        0.338278933,
        0.331456793,
        0.35191172600000004,
        0.33573696000000003,
        0.350366151,
        0.349883818,
        0.34201521500000004,
        0.364335336,
        0.33534197400000004
      ],
      "memory_usage_byte": [
        52080640,
        52506624,
        52506624,
        54546432,
        54546432,
        54546432,
        54546432,
        54546432,
        54546432,
        54546432
      ],
      "exit_codes": [
        1,
        1,
        1,
        1,
        1,
        1,
        1,
        1,
        1,
        1
      ]
    },
    {
      "command": "panache",
      "mean": 0.7251717901000001,
      "stddev": 0.08233720956698046,
      "median": 0.787469593,
      "user": 2.178292699999999,
      "system": 0.1585572,
      "min": 0.626621822,
      "max": 0.79094951,
      "times": [
        0.787463098,
        0.626621822,
        0.7902068160000001,
        0.6270611610000001,
        0.79094951,
        0.7894553780000001,
        0.629025644,
        0.7879551370000001,
        0.635503247,
        0.787476088
      ],
      "memory_usage_byte": [
        54546432,
        54546432,
        54546432,
        54546432,
        54546432,
        54546432,
        54546432,
        54546432,
        54546432,
        54546432
      ],
      "exit_codes": [
        0,
        0,
        0,
        0,
        0,
        0,
        0,
        0,
        0,
        0
      ]
    },
    {
      "command": "gomarklint",
      "mean": 0.0586861678,
      "stddev": 0.005190426663655669,
      "median": 0.0575395225,
      "user": 0.1300898,
      "system": 0.028884399999999998,
      "min": 0.053561952,
      "max": 0.070412797,
      "times": [
        0.054431847000000005,
        0.070412797,
        0.054711927,
        0.061140469,
        0.053561952,
        0.05532113600000001,
        0.063609263,
        0.058593242000000004,
        0.057002224000000004,
        0.058076821
      ],
      "memory_usage_byte": [
        54546432,
        54546432,
        54546432,
        54546432,
        54546432,
        54546432,
        54546432,
        54546432,
        54546432,
        54546432
      ],
      "exit_codes": [
        1,
        1,
        1,
        1,
        1,
        1,
        1,
        1,
        1,
        1
      ]
    },
    {
      "command": "mdsmith-gomarklint-parity",
      "mean": 0.07442661550000002,
      "stddev": 0.0032547646369254194,
      "median": 0.075308393,
      "user": 0.17771509999999996,
      "system": 0.035506899999999994,
      "min": 0.06901552600000001,
      "max": 0.078173432,
      "times": [
        0.07460728100000001,
        0.077920983,
        0.07012805000000001,
        0.07102646800000001,
        0.075431969,
        0.075184817,
        0.07686575500000001,
        0.075911874,
        0.078173432,
        0.06901552600000001
      ],
      "memory_usage_byte": [
        54546432,
        54546432,
        54546432,
        54546432,
        54546432,
        54546432,
        54546432,
        54546432,
        54546432,
        54546432
      ],
      "exit_codes": [
        1,
        1,
        1,
        1,
        1,
        1,
        1,
        1,
        1,
        1
      ]
    },
    {
      "command": "mdsmith-mado-parity",
      "mean": 0.07831004520000001,
      "stddev": 0.004406631063732093,
      "median": 0.0774512385,
      "user": 0.1814864,
      "system": 0.033408799999999995,
      "min": 0.071785787,
      "max": 0.08787112400000001,
      "times": [
        0.071785787,
        0.08787112400000001,
        0.07668868400000001,
        0.07802795400000001,
        0.079527784,
        0.076874523,
        0.074721984,
        0.07845909000000001,
        0.07653423300000001,
        0.082609289
      ],
      "memory_usage_byte": [
        54546432,
        54546432,
        54546432,
        54546432,
        54546432,
        54546432,
        54546432,
        54546432,
        54546432,
        54546432
      ],
      "exit_codes": [
        1,
        1,
        1,
        1,
        1,
        1,
        1,
        1,
        1,
        1
      ]
    },
    {
      "command": "mdsmith-rumdl-parity",
      "mean": 0.09603424730000001,
      "stddev": 0.0054674251127100676,
      "median": 0.095602555,
      "user": 0.23863430000000002,
      "system": 0.03506569999999999,
      "min": 0.090093429,
      "max": 0.107616183,
      "times": [
        0.090093429,
        0.10051151200000001,
        0.09772106400000001,
        0.107616183,
        0.091503675,
        0.092898058,
        0.098562748,
        0.097320082,
        0.09388502800000001,
        0.090230694
      ],
      "memory_usage_byte": [
        54546432,
        54546432,
        54546432,
        54546432,
        54546432,
        54546432,
        54546432,
        54546432,
        54546432,
        54546432
      ],
      "exit_codes": [
        1,
        1,
        1,
        1,
        1,
        1,
        1,
        1,
        1,
        1
      ]
    },
    {
      "command": "mdsmith-markdownlint-parity",
      "mean": 0.09854194950000003,
      "stddev": 0.006234747023291114,
      "median": 0.097554044,
      "user": 0.2374819,
      "system": 0.0365968,
      "min": 0.090216774,
      "max": 0.11220901400000001,
      "times": [
        0.09346878800000001,
        0.09351851800000001,
        0.09661496,
        0.090216774,
        0.098962321,
        0.09735036300000001,
        0.11220901400000001,
        0.103870792,
        0.10145024000000001,
        0.097757725
      ],
      "memory_usage_byte": [
        54546432,
        54546432,
        54546432,
        54546432,
        54546432,
        54546432,
        54546432,
        54546432,
        54546432,
        54546432
      ],
      "exit_codes": [
        1,
        1,
        1,
        1,
        1,
        1,
        1,
        1,
        1,
        1
      ]
    },
    {
      "command": "mdsmith",
      "mean": 0.19202453120000001,
      "stddev": 0.002893790419615876,
      "median": 0.192199677,
      "user": 0.5210568999999999,
      "system": 0.07620129999999999,
      "min": 0.18822142500000003,
      "max": 0.196538959,
      "times": [
        0.18871156600000003,
        0.19131900100000002,
        0.19379710800000002,
        0.192390748,
        0.19364645700000002,
        0.196538959,
        0.192008606,
        0.19520029200000003,
        0.18822142500000003,
        0.18841115
      ],
      "memory_usage_byte": [
        54546432,
        54546432,
        54546432,
        54546432,
        54546432,
        54546432,
        54546432,
        54546432,
        54546432,
        54546432
      ],