{
  "results": [
    {
      "command": "mado",
      "mean": 0.0705943693,
      "stddev": 0.0027009824817834974,
      "median": 0.0690154775,
      "user": 0.11355559999999998,
      "system": 0.020817099999999998,
      "min": 0.068455313,
      "max": 0.074734374,
      "times": [
        0.06881327500000001,
        0.068998452,
        0.06974223,
        0.068455313,
        0.074708022,
        0.06859664800000001,
        0.07395565500000001,
        0.068907221,
        0.06903250300000001,
        0.074734374
      ],
      "memory_usage_byte": [
        29741056,
        31088640,
        31088640,
        31088640,
        31088640,
        31088640,
        31088640,
        31088640,
        31088640,
        31088640
      ],
      "exit_codes": [
        1,
        1,
        1,
        1,
        1,
        1,
        1,
        1,
        1,
        1
      ]
    },
    {
      "command": "rumdl",
      "mean": 0.37470521300000004,
      "stddev": 0.0315463972992284,
      "median": 0.360313306,
      "user": 1.0935584999999999,
      "system": 0.07516849999999999,
      "min": 0.34978424700000005,
      "max": 0.45545869400000005,
      "times": [
        0.45545869400000005,
        0.361713173,
        0.35611589600000004,
        0.35776773700000003,
        0.37057919500000003,
        0.358913439,
        0.34978424700000005,
        0.358575438,
        0.395145525,
        0.38299878600000004
      ],
      "memory_usage_byte": [
        52326400,
        52527104,
        54120448,
        54120448,
        54120448,
        54120448,
        54120448,
        54120448,
        54120448,
        54120448
      ],
      "exit_codes": [
        1,
        1,
        1,
        1,
        1,
        1,
        1,
        1,
        1,
        1
      ]
    },
    {
      "command": "panache",
      "mean": 0.6990241045000001,
      "stddev": 0.06416068327355709,
      "median": 0.6670036775000001,
      "user": 2.3369155999999998,
      "system": 0.1480748,
      "min": 0.648654177,
      "max": 0.804729263,
      "times": [
        0.6506096250000001,
        0.6492174150000001,
        0.648654177,
        0.8000938280000001,
        0.678180003,
        0.804729263,
        0.693083769,
        0.7592070550000001,
        0.6558273520000001,
        0.650638558
      ],
      "memory_usage_byte": [
        54120448,
        54120448,
        54120448,
        54120448,
        54120448,
        54120448,
        54120448,
        54120448,
        54120448,
        54120448
      ],
      "exit_codes": [
        0,
        0,
        0,
        0,
        0,
        0,
        0,
        0,
        0,
        0
      ]
    },
    {
      "command": "gomarklint",
      "mean": 0.0668868375,
      "stddev": 0.008180408997097849,
      "median": 0.0712277535,
      "user": 0.14511970000000002,
      "system": 0.025302599999999998,
      "min": 0.056137096000000004,
      "max": 0.07650770600000001,
      "times": [
        0.069794413,
        0.07266109400000001,
        0.07267069500000001,
        0.073449157,
        0.07339197700000001,
        0.07650770600000001,
        0.057243350000000005,
        0.056137096000000004,
        0.058326176,
        0.058686711
      ],
      "memory_usage_byte": [
        54120448,
        54120448,
        54120448,
        54120448,
        54120448,
        54120448,
        54120448,
        54120448,
        54120448,
        54120448
      ],
      "exit_codes": [
        1,
        1,
        1,
        1,
        1,
        1,
        1,
        1,
        1,
        1
      ]
    },
    {
      "command": "mdsmith-gomarklint-parity",
      "mean": 0.0824506225,
      "stddev": 0.005403724600764351,
      "median": 0.08185796050000001,
      "user": 0.20473169999999996,
      "system": 0.031880900000000004,
      "min": 0.075661066,
      "max": 0.095372728,
      "times": [
        0.075661066,
        0.080898043,
        0.08188060800000001,
        0.08343998600000001,
        0.081835313,
        0.095372728,
        0.083546754,
        0.076561402,
        0.080457174,
        0.084853151
      ],
      "memory_usage_byte": [
        54120448,
        54120448,
        54120448,
        54120448,
        54120448,
        54120448,
        54120448,
        54120448,
        54120448,
        54120448
      ],
      "exit_codes": [
        1,
        1,
        1,
        1,
        1,
        1,
        1,
        1,
        1,
        1
      ]
    },
    {
      "command": "mdsmith-mado-parity",
      "mean": 0.08296682370000001,
      "stddev": 0.005383520290117404,
      "median": 0.0818738755,
      "user": 0.20164839999999998,
      "system": 0.0342138,
      "min": 0.076638463,
      "max": 0.09019821600000001,
      "times": [
        0.09019821600000001,
        0.080721781,
        0.08168201500000001,
        0.08941662,
        0.076958675,
        0.08478777700000001,
        0.089891632,
        0.07730732200000001,
        0.076638463,
        0.082065736
      ],
      "memory_usage_byte": [
        54120448,
        54120448,
        54120448,
        54120448,
        54120448,
        54120448,
        54120448,
        54120448,
        54120448,
        54120448
      ],
      "exit_codes": [
        1,
        1,
        1,
        1,
        1,
        1,
        1,
        1,
        1,
        1
      ]
    },
    {
      "command": "mdsmith-rumdl-parity",
      "mean": 0.1018315287,
      "stddev": 0.0027968725949211745,
      "median": 0.102264011,
      "user": 0.26741200000000004,
      "system": 0.0334221,
      "min": 0.09862754100000001,
      "max": 0.105820831,
      "times": [
        0.103458775,
        0.09867742500000001,
        0.101069247,
        0.104347375,
        0.098763316,
        0.09951367500000001,
        0.09862754100000001,
        0.103592504,
        0.104444598,
        0.105820831
      ],
      "memory_usage_byte": [
        54120448,
        54120448,
        54120448,
        54120448,
        54120448,
        54120448,
        54120448,
        54120448,
        54120448,
        54120448
      ],
      "exit_codes": [
        1,
        1,
        1,
        1,
        1,
        1,
        1,
        1,
        1,
        1
      ]
    },
    {
      "command": "mdsmith-markdownlint-parity",
      "mean": 0.10152612509999999,
      "stddev": 0.0029619418798182405,
      "median": 0.101663794,
      "user": 0.2674358,
      "system": 0.03458539999999999,
      "min": 0.09698256300000001,
      "max": 0.10492902600000001,
      "times": [
        0.09698256300000001,
        0.10492902600000001,
        0.099093312,
        0.10187169400000001,
        0.104740732,
        0.098669107,
        0.104586733,
        0.098934248,
        0.101455894,
        0.10399794200000001
      ],
      "memory_usage_byte": [
        54120448,
        54120448,
        54120448,
        54120448,
        54120448,
        54120448,
        54120448,
        54120448,
        54120448,
        54120448
      ],
      "exit_codes": [
        1,
        1,
        1,
        1,
        1,
        1,
        1,
        1,
        1,
        1
      ]
    },
    {
      "command": "mdsmith",
      "mean": 0.2083826406,
      "stddev": 0.005886100042658485,
      "median": 0.20873394450000002,
      "user": 0.5669762999999999,
      "system": 0.0727353,
      "min": 0.20152222900000002,
      "max": 0.220138037,
      "times": [
        0.20433571,
        0.220138037,
        0.20851604,
        0.20937723600000002,
        0.20373981400000002,
        0.20152222900000002,
        0.20256595700000002,
        0.20895184900000002,
        0.20901223300000002,
        0.215667301
      ],
      "memory_usage_byte": [
        54120448,
        54292480,
        54292480,
        54292480,
        54292480,
        54292480,
        54292480,
        54292480,
        54292480,
        54292480
      ],