{
  "results": [
    {
      "command": "markdownlint-cli2",
      "mean": 3.1182955306666664,
      "stddev": 0.04827831945415808,
      "median": 3.1357734475,
      "user": 4.559178166666666,
      "system": 0.30706,
      "min": 3.02561841,
      "max": 3.160924549,
      "times": [
        3.141940135,
        3.137279076,
        3.109743195,
        3.134267819,
        3.02561841,
        3.160924549
      ],
      "memory_usage_byte": [
        379854848,
        379854848,
        379854848,
        379854848,
        379854848,
        379854848
      ],
      "exit_codes": [
        1,
        1,
        1,
        1,
        1,
        1
      ]
    }
  ]
}
