{
  "results": [
    {
      "command": "markdownlint-cli2",
      "mean": 3.0677726405,
      "stddev": 0.06560753072683316,
      "median": 3.070586399,
      "user": 4.558475166666667,
      "system": 0.25800816666666665,
      "min": 2.9782863280000003,
      "max": 3.17800472,
      "times": [
        3.17800472,
        3.076927484,
        3.071270317,
        3.032244513,
        2.9782863280000003,
        3.069902481
      ],
      "memory_usage_byte": [
        360980480,
        360980480,
        360980480,
        360980480,
        360980480,
        360980480
      ],
      "exit_codes": [
        1,
        1,
        1,
        1,
        1,
        1
      ]
    }
  ]
}
