{
  "results": [
    {
      "command": "mado",
      "mean": 0.04578504640000001,
      "stddev": 0.0006401178776366467,
      "median": 0.045582802500000005,
      "user": 0.0738089,
      "system": 0.007011399999999999,
      "min": 0.045140439000000004,
      "max": 0.046939561000000005,
      "times": [
        0.045429978,
        0.045685614,
        0.046939561000000005,
        0.046335916000000005,
        0.045486012000000006,
        0.045679593000000004,
        0.045288313000000004,
        0.045140439000000004,
        0.046677212,
        0.045187826
      ],
      "memory_usage_byte": [
        33914880,
        33914880,
        33914880,
        33914880,
        33914880,
        33914880,
        33914880,
        33914880,
        33914880,
        33914880
      ],
      "exit_codes": [
        1,
        1,
        1,
        1,
        1,
        1,
        1,
        1,
        1,
        1
      ]
    },
    {
      "command": "rumdl",
      "mean": 0.19668216160000002,
      "stddev": 0.0036975766643825942,
      "median": 0.19612793700000003,
      "user": 0.646471,
      "system": 0.0352453,
      "min": 0.191885518,
      "max": 0.204594823,
      "times": [
        0.204594823,
        0.196847554,
        0.200412648,
        0.197508854,
        0.195534697,
        0.195479074,
        0.196477324,
        0.191885518,
        0.192302574,
        0.19577855000000002
      ],
      "memory_usage_byte": [
        54091776,
        54091776,
        54091776,
        54091776,
        54091776,
        54091776,
        54091776,
        54091776,
        54091776,
        54091776
      ],
      "exit_codes": [
        1,
        1,
        1,
        1,
        1,
        1,
        1,
        1,
        1,
        1
      ]
    },
    {
      "command": "panache",
      "mean": 0.5481237230000001,
      "stddev": 0.017446491540217865,
      "median": 0.5556727435000001,
      "user": 1.5998442999999998,
      "system": 0.0521188,
      "min": 0.5210107860000001,
      "max": 0.56361313,
      "times": [
        0.5210107860000001,
        0.560002518,
        0.562934979,
        0.5221116370000001,
        0.527182367,
        0.552760388,
        0.5602759380000001,
        0.554001064,
        0.56361313,
        0.5573444230000001
      ],
      "memory_usage_byte": [
        54091776,
        54091776,
        54091776,
        54091776,
        54091776,
        54091776,
        54091776,
        54091776,
        54091776,
        54091776
      ],
      "exit_codes": [
        0,
        0,
        0,
        0,
        0,
        0,
        0,
        0,
        0,
        0
      ]
    },
    {
      "command": "gomarklint",
      "mean": 0.0315705005,
      "stddev": 0.002419295398067482,
      "median": 0.0322785105,
      "user": 0.0710864,
      "system": 0.0127662,
      "min": 0.027941601000000003,
      "max": 0.034885053,
      "times": [
        0.033593917,
        0.031647878000000004,
        0.027941601000000003,
        0.032909143,
        0.033752581000000004,
        0.029380673000000003,
        0.034885053,
        0.028871345000000003,
        0.033049583,
        0.029673231
      ],
      "memory_usage_byte": [
        54091776,
        54091776,
        54091776,
        54091776,
        54091776,
        54091776,
        54091776,
        54091776,
        54091776,
        54091776
      ],
      "exit_codes": [
        1,
        1,
        1,
        1,
        1,
        1,
        1,
        1,
        1,
        1
      ]
    },
    {
      "command": "mdsmith-gomarklint-parity",
      "mean": 0.040140685800000006,
      "stddev": 0.0007044561777516048,
      "median": 0.0400011195,
      "user": 0.11447459999999998,
      "system": 0.014508799999999999,
      "min": 0.039092947,
      "max": 0.041632311000000005,
      "times": [
        0.040068425000000005,
        0.039092947,
        0.039656477,
        0.040280371,
        0.040674063,
        0.039933814000000005,
        0.041632311000000005,
        0.039928815,
        0.039568713000000005,
        0.040570922
      ],
      "memory_usage_byte": [
        54091776,
        54091776,
        54091776,
        54091776,
        54091776,
        54091776,
        54091776,
        54091776,
        54091776,
        54091776
      ],
      "exit_codes": [
        1,
        1,
        1,
        1,
        1,
        1,
        1,
        1,
        1,
        1
      ]
    },
    {
      "command": "mdsmith-mado-parity",
      "mean": 0.049550717499999994,
      "stddev": 0.0004190069148120097,
      "median": 0.049564641000000006,
      "user": 0.13808930000000003,
      "system": 0.0133482,
      "min": 0.049012326,
      "max": 0.050480314000000005,
      "times": [
        0.049547725,
        0.049714854,
        0.049382415000000006,
        0.049320119,
        0.050480314000000005,
        0.049012326,
        0.049581557000000005,
        0.049803871000000006,
        0.049612104000000004,
        0.04905189
      ],
      "memory_usage_byte": [
        54091776,
        54091776,
        54091776,
        54091776,
        54091776,
        54091776,
        54091776,
        54091776,
        54091776,
        54091776
      ],
      "exit_codes": [
        1,
        1,
        1,
        1,
        1,
        1,
        1,
        1,
        1,
        1
      ]
    },
    {
      "command": "mdsmith-rumdl-parity",
      "mean": 0.0647099032,
      "stddev": 0.0018649322891550425,
      "median": 0.06413041850000001,
      "user": 0.17469859999999998,
      "system": 0.0192262,
      "min": 0.062824111,
      "max": 0.06816531,
      "times": [
        0.064513279,
        0.066901951,
        0.06374755800000001,
        0.062824111,
        0.06816531,
        0.063514788,
        0.064630979,
        0.06657053,
        0.062951488,
        0.06327903800000001
      ],
      "memory_usage_byte": [
        54091776,
        54091776,
        54091776,
        54091776,
        54091776,
        54091776,
        54091776,
        54091776,
        54091776,
        54091776
      ],
      "exit_codes": [
        1,
        1,
        1,
        1,
        1,
        1,
        1,
        1,
        1,
        1
      ]
    },
    {
      "command": "mdsmith-markdownlint-parity",
      "mean": 0.0680894338,
      "stddev": 0.0034198111938291355,
      "median": 0.06907329000000001,
      "user": 0.17823930000000002,
      "system": 0.016750599999999997,
      "min": 0.063176877,
      "max": 0.071940696,
      "times": [
        0.068240489,
        0.063293896,
        0.063176877,
        0.07055966600000001,
        0.07179398000000001,
        0.07081756,
        0.06532476400000001,
        0.06584031900000001,
        0.069906091,
        0.071940696
      ],
      "memory_usage_byte": [
        54091776,
        54091776,
        54091776,
        54091776,
        54091776,
        54091776,
        54091776,
        54091776,
        54091776,
        54091776
      ],
      "exit_codes": [
        1,
        1,
        1,
        1,
        1,
        1,
        1,
        1,
        1,
        1
      ]
    },
    {
      "command": "mdsmith",
      "mean": 0.1427108253,
      "stddev": 0.0017791063242621472,
      "median": 0.143094139,
      "user": 0.4181487,
      "system": 0.03485339999999999,
      "min": 0.139202941,
      "max": 0.145386562,
      "times": [
        0.141269197,
        0.145386562,
        0.139202941,
        0.14394523,
        0.14384744300000002,
        0.141082379,
        0.14247421300000002,
        0.143343293,
        0.142844985,
        0.14371201
      ],
      "memory_usage_byte": [
        54091776,
        54091776,
        54091776,
        54091776,
        54091776,
        54091776,
        54091776,
        54091776,
        54091776,
        54091776
      ],