{
  "results": [
    {
      "command": "markdownlint-cli2",
      "mean": 3.1485935704999997,
      "stddev": 0.07884641145675364,
      "median": 3.1601220805,
      "user": 4.757873,
      "system": 0.26950899999999994,
      "min": 3.050023738,
      "max": 3.26071861,
      "times": [
        3.1887562210000002,
        3.182733065,
        3.071818693,
        3.137511096,
        3.26071861,
        3.050023738
      ],
      "memory_usage_byte": [
        356732928,
        380407808,
        380407808,
        380407808,
        388620288,
        388620288
      ],
      "exit_codes": [
        1,
        1,
        1,
        1,
        1,
        1
      ]
    }
  ]
}
