{
  "results": [
    {
      "command": "mado",
      "mean": 0.058586413999999996,
      "stddev": 0.0019680689028962724,
      "median": 0.057518254500000005,
      "user": 0.090774,
      "system": 0.018805099999999998,
      "min": 0.056720295000000004,
      "max": 0.062170210000000004,
      "times": [
        0.056931693000000005,
        0.062170210000000004,
        0.059773106000000006,
        0.05765502,
        0.059188156000000006,
        0.057196801000000005,
        0.057377613,
        0.057381489,
        0.06146975700000001,
        0.056720295000000004
      ],
      "memory_usage_byte": [
        28950528,
        28950528,
        30904320,
        30904320,
        30904320,
        30904320,
        30904320,
        30904320,
        30904320,
        30953472
      ],
      "exit_codes": [
        1,
        1,
        1,
        1,
        1,
        1,
        1,
        1,
        1,
        1
      ]
    },
    {
      "command": "rumdl",
      "mean": 0.28817420270000005,
      "stddev": 0.008940245428647225,
      "median": 0.2854973825,
      "user": 0.8538967,
      "system": 0.07117549999999999,
      "min": 0.27859342200000003,
      "max": 0.306254713,
      "times": [
        0.297887716,
        0.286450305,
        0.282157441,
        0.281543898,
        0.29575888100000003,
        0.28454446,
        0.280953811,
        0.306254713,
        0.28759738,
        0.27859342200000003
      ],
      "memory_usage_byte": [
        52314112,
        52350976,
        52420608,
        52420608,
        52420608,
        52420608,
        52420608,
        52658176,
        52658176,
        52658176
      ],
      "exit_codes": [
        1,
        1,
        1,
        1,
        1,
        1,
        1,
        1,
        1,
        1
      ]
    },
    {
      "command": "panache",
      "mean": 0.5294085213,
      "stddev": 0.007409779539978644,
      "median": 0.526692494,
      "user": 1.8884639,
      "system": 0.14858159999999998,
      "min": 0.5219632230000001,
      "max": 0.545798451,
      "times": [
        0.526497752,
        0.527323333,
        0.5264265840000001,
        0.526163358,
        0.540022387,
        0.545798451,
        0.525520528,
        0.527482361,
        0.5219632230000001,
        0.526887236
      ],
      "memory_usage_byte": [
        52658176,
        52658176,
        52658176,
        52658176,
        52658176,
        52658176,
        52658176,
        52658176,
        52658176,
        52658176
      ],
      "exit_codes": [
        0,
        0,
        0,
        0,
        0,
        0,
        0,
        0,
        0,
        0
      ]
    },
    {
      "command": "mdsmith-parity",
      "mean": 0.1020421936,
      "stddev": 0.0009517133900573701,
      "median": 0.1021217995,
      "user": 0.2986947999999999,
      "system": 0.0343894,
      "min": 0.10041335500000001,
      "max": 0.10358961100000001,
      "times": [
        0.10169006600000001,
        0.10223670700000001,
        0.10228999700000001,
        0.10358961100000001,
        0.102141464,
        0.10210213500000001,
        0.10317815300000001,
        0.101993131,
        0.10041335500000001,
        0.100787317
      ],
      "memory_usage_byte": [
        52658176,
        52658176,
        52658176,
        52658176,
        52658176,
        52658176,
        52658176,
        52658176,
        52658176,
        52658176
      ],
      "exit_codes": [
        1,
        1,
        1,
        1,
        1,
        1,
        1,
        1,
        1,
        1
      ]
    },
    {
      "command": "mdsmith",
      "mean": 0.4521531194,
      "stddev": 0.013014664891291643,
      "median": 0.45344645000000006,
      "user": 0.9757325,
      "system": 0.5359397999999999,
      "min": 0.436087249,
      "max": 0.476766248,
      "times": [
        0.476766248,
        0.45970042800000005,
        0.43971444800000004,
        0.46048901400000003,
        0.45833641700000005,
        0.45967983700000004,
        0.448556483,
        0.44478875900000003,
        0.436087249,
        0.43741231100000005
      ],
      "memory_usage_byte": [
        67948544,
        67948544,
        68087808,
        68087808,
        68087808,
        68407296,
        68407296,
        68407296,
        68407296,
        68407296
      ],
      "exit_codes": [
        1,
        1,
        1,
        1,
        1,
        1,
        1,
        1,
        1,
        1
      ]
    }
  ]
}
