{
  "results": [
    {
      "command": "mado",
      "mean": 0.0631667265,
      "stddev": 0.0009425736757133822,
      "median": 0.062955075,
      "user": 0.10101200000000002,
      "system": 0.0170901,
      "min": 0.06217784900000001,
      "max": 0.06556917000000001,
      "times": [
        0.063144059,
        0.062684976,
        0.062883695,
        0.06556917000000001,
        0.062988006,
        0.063061951,
        0.063760414,
        0.062922144,
        0.062475001,
        0.06217784900000001
      ],
      "memory_usage_byte": [
        30871552,
        30871552,
        30871552,
        30871552,
        30871552,
        30871552,
        30871552,
        31125504,
        31125504,
        31125504
      ],
      "exit_codes": [
        1,
        1,
        1,
        1,
        1,
        1,
        1,
        1,
        1,
        1
      ]
    },
    {
      "command": "rumdl",
      "mean": 0.3122094313,
      "stddev": 0.005177621247255043,
      "median": 0.3125433475,
      "user": 0.9506684999999999,
      "system": 0.0722812,
      "min": 0.304731165,
      "max": 0.31986383300000004,
      "times": [
        0.312773448,
        0.313365017,
        0.312313247,
        0.30684220700000003,
        0.316134038,
        0.30632610200000004,
        0.304731165,
        0.310867455,
        0.318877801,
        0.31986383300000004
      ],
      "memory_usage_byte": [
        56500224,
        56500224,
        56500224,
        56500224,
        56500224,
        56500224,
        56500224,
        56500224,
        56500224,
        56500224
      ],
      "exit_codes": [
        1,
        1,
        1,
        1,
        1,
        1,
        1,
        1,
        1,
        1
      ]
    },
    {
      "command": "panache",
      "mean": 0.6959163715000001,
      "stddev": 0.059761424945602576,
      "median": 0.7264291150000001,
      "user": 1.9955454,
      "system": 0.1512475,
      "min": 0.5828785900000001,
      "max": 0.7349713910000001,
      "times": [
        0.7239729810000001,
        0.5828785900000001,
        0.7349713910000001,
        0.690976129,
        0.728040428,
        0.5868318450000001,
        0.7282994490000001,
        0.7273538310000001,
        0.7255043990000001,
        0.730334672
      ],
      "memory_usage_byte": [
        56500224,
        56500224,
        56500224,
        56500224,
        56500224,
        56500224,
        56500224,
        56500224,
        56500224,
        56500224
      ],
      "exit_codes": [
        0,
        0,
        0,
        0,
        0,
        0,
        0,
        0,
        0,
        0
      ]
    },
    {
      "command": "mdsmith-parity",
      "mean": 0.1057936487,
      "stddev": 0.002782629728972781,
      "median": 0.10473855700000001,
      "user": 0.3181364,
      "system": 0.03183,
      "min": 0.103650289,
      "max": 0.11108007600000001,
      "times": [
        0.11108007600000001,
        0.104843981,
        0.104719613,
        0.105443696,
        0.104757501,
        0.104392409,
        0.11087778000000001,
        0.103733054,
        0.103650289,
        0.10443808800000001
      ],
      "memory_usage_byte": [
        56500224,
        56500224,
        56500224,
        56500224,
        56500224,
        56500224,
        56500224,
        56500224,
        56500224,
        56500224
      ],
      "exit_codes": [
        1,
        1,
        1,
        1,
        1,
        1,
        1,
        1,
        1,
        1
      ]
    },
    {
      "command": "mdsmith",
      "mean": 0.4658359407,
      "stddev": 0.008295096229419607,
      "median": 0.4608397685000001,
      "user": 1.0272383999999999,
      "system": 0.562094,
      "min": 0.45872494300000005,
      "max": 0.47897944900000006,
      "times": [
        0.47364472100000005,
        0.45892831,
        0.46062327700000005,
        0.45962200700000005,
        0.46105626000000005,
        0.45872494300000005,
        0.47074770000000005,
        0.45893333700000005,
        0.47709940300000003,
        0.47897944900000006
      ],
      "memory_usage_byte": [
        56500224,
        56500224,
        56500224,
        56500224,
        56500224,
        56500224,
        56500224,
        56500224,
        58179584,
        58179584
      ],
      "exit_codes": [
        1,
        1,
        1,
        1,
        1,
        1,
        1,
        1,
        1,
        1
      ]
    }
  ]
}
