{
  "results": [
    {
      "command": "markdownlint-cli2",
      "mean": 5.032319380833334,
      "stddev": 0.17782283706275614,
      "median": 4.9601763535,
      "user": 7.5949108333333335,
      "system": 0.30699633333333326,
      "min": 4.930508159,
      "max": 5.390653075,
      "times": [
        4.96453533,
        4.940211557,
        4.955817377,
        4.930508159,
        5.012190787,
        5.390653075
      ],
      "memory_usage_byte": [
        391643136,
        391643136,
        396095488,
        396095488,
        396095488,
        396095488
      ],
      "exit_codes": [
        1,
        1,
        1,
        1,
        1,
        1
      ]
    }
  ]
}
