{
  "results": [
    {
      "command": "mado",
      "mean": 0.07096992910000001,
      "stddev": 0.003482541310651924,
      "median": 0.069357371,
      "user": 0.11140789999999998,
      "system": 0.022971399999999996,
      "min": 0.06815288900000001,
      "max": 0.07853384000000001,
      "times": [
        0.06885814600000001,
        0.069341099,
        0.06815288900000001,
        0.068722989,
        0.06991066700000001,
        0.07402987300000001,
        0.069373643,
        0.07853384000000001,
        0.06834999600000001,
        0.07442614900000001
      ],
      "memory_usage_byte": [
        31494144,
        31625216,
        31625216,
        31625216,
        31625216,
        31625216,
        31625216,
        31625216,
        31625216,
        31625216
      ],
      "exit_codes": [
        1,
        1,
        1,
        1,
        1,
        1,
        1,
        1,
        1,
        1
      ]
    },
    {
      "command": "rumdl",
      "mean": 0.3626846921,
      "stddev": 0.00398591034749182,
      "median": 0.362153186,
      "user": 1.0996414999999997,
      "system": 0.07535990000000001,
      "min": 0.356720274,
      "max": 0.370013821,
      "times": [
        0.356720274,
        0.364240467,
        0.36601755500000005,
        0.370013821,
        0.360007493,
        0.35837129100000004,
        0.361120635,
        0.362334509,
        0.361971863,
        0.36604901300000003
      ],
      "memory_usage_byte": [
        52142080,
        52441088,
        52441088,
        52441088,
        52441088,
        52781056,
        52781056,
        52781056,
        52781056,
        52781056
      ],
      "exit_codes": [
        1,
        1,
        1,
        1,
        1,
        1,
        1,
        1,
        1,
        1
      ]
    },
    {
      "command": "panache",
      "mean": 0.6848148967000001,
      "stddev": 0.0679597346970798,
      "median": 0.6541084275,
      "user": 2.3392883,
      "system": 0.1518995,
      "min": 0.644972654,
      "max": 0.8217496190000001,
      "times": [
        0.652467071,
        0.6523678230000001,
        0.804790277,
        0.654802085,
        0.8217496190000001,
        0.6613569890000001,
        0.647425594,
        0.6543770640000001,
        0.653839791,
        0.644972654
      ],
      "memory_usage_byte": [
        52781056,
        52781056,
        52781056,
        52781056,
        52781056,
        52781056,
        52781056,
        52781056,
        52781056,
        52781056
      ],
      "exit_codes": [
        0,
        0,
        0,
        0,
        0,
        0,
        0,
        0,
        0,
        0
      ]
    },
    {
      "command": "gomarklint",
      "mean": 0.0646213589,
      "stddev": 0.00993662940000807,
      "median": 0.0605532245,
      "user": 0.13812519999999998,
      "system": 0.027399999999999997,
      "min": 0.054894170000000006,
      "max": 0.07996441,
      "times": [
        0.07278672,
        0.062451770000000004,
        0.056135657000000005,
        0.056075944,
        0.06996964900000001,
        0.056243868,
        0.079036722,
        0.054894170000000006,
        0.058654679,
        0.07996441
      ],
      "memory_usage_byte": [
        52781056,
        52781056,
        52781056,
        52781056,
        52781056,
        52781056,
        52781056,
        52781056,
        52781056,
        52781056
      ],
      "exit_codes": [
        1,
        1,
        1,
        1,
        1,
        1,
        1,
        1,
        1,
        1
      ]
    },
    {
      "command": "mdsmith-gomarklint-parity",
      "mean": 0.0811245027,
      "stddev": 0.004030767113356767,
      "median": 0.079996568,
      "user": 0.20371409999999995,
      "system": 0.032421,
      "min": 0.07536989100000001,
      "max": 0.090541152,
      "times": [
        0.08034482700000001,
        0.079262908,
        0.084137299,
        0.079200463,
        0.080672621,
        0.079648309,
        0.082643562,
        0.07536989100000001,
        0.07942399500000001,
        0.090541152
      ],
      "memory_usage_byte": [
        52781056,
        52781056,
        52781056,
        52781056,
        52781056,
        52781056,
        52781056,
        52781056,
        52781056,
        52781056
      ],
      "exit_codes": [
        1,
        1,
        1,
        1,
        1,
        1,
        1,
        1,
        1,
        1
      ]
    },
    {
      "command": "mdsmith-mado-parity",
      "mean": 0.08296238410000001,
      "stddev": 0.005917277161109011,
      "median": 0.08448264350000001,
      "user": 0.2031203,
      "system": 0.03519699999999999,
      "min": 0.07438410000000001,
      "max": 0.09522496100000001,
      "times": [
        0.080606306,
        0.084630072,
        0.084547353,
        0.084589867,
        0.084417934,
        0.07813932200000001,
        0.086454239,
        0.09522496100000001,
        0.07438410000000001,
        0.076629687
      ],
      "memory_usage_byte": [
        52781056,
        52781056,
        52781056,
        52781056,
        52781056,
        52781056,
        52781056,
        52781056,
        52781056,
        52781056
      ],
      "exit_codes": [
        1,
        1,
        1,
        1,
        1,
        1,
        1,
        1,
        1,
        1
      ]
    },
    {
      "command": "mdsmith-rumdl-parity",
      "mean": 0.10341691280000001,
      "stddev": 0.005942144361412391,
      "median": 0.10384900350000001,
      "user": 0.26477870000000003,
      "system": 0.034960200000000004,
      "min": 0.093270236,
      "max": 0.11041679200000001,
      "times": [
        0.11041679200000001,
        0.10898616600000001,
        0.101078634,
        0.10178390300000001,
        0.093270236,
        0.106776596,
        0.10954380300000001,
        0.103804166,
        0.103893841,
        0.09461499100000001
      ],
      "memory_usage_byte": [
        52781056,
        52781056,
        52781056,
        52781056,
        52781056,
        52781056,
        52781056,
        52781056,
        52781056,
        52781056
      ],
      "exit_codes": [
        1,
        1,
        1,
        1,
        1,
        1,
        1,
        1,
        1,
        1
      ]
    },
    {
      "command": "mdsmith-markdownlint-parity",
      "mean": 0.1008615804,
      "stddev": 0.003783551777115113,
      "median": 0.1008245085,
      "user": 0.2656244,
      "system": 0.033871700000000005,
      "min": 0.095334023,
      "max": 0.107234145,
      "times": [
        0.105016287,
        0.10108293600000001,
        0.107234145,
        0.09920764100000001,
        0.097120861,
        0.100566081,
        0.095334023,
        0.10438970500000001,
        0.101123848,
        0.09754027700000001
      ],
      "memory_usage_byte": [
        52781056,
        52781056,
        52781056,
        52781056,
        52781056,
        52781056,
        52781056,
        52781056,
        52781056,
        52781056
      ],
      "exit_codes": [
        1,
        1,
        1,
        1,
        1,
        1,
        1,
        1,
        1,
        1
      ]
    },
    {
      "command": "mdsmith",
      "mean": 0.2042168148,
      "stddev": 0.003959778849490682,
      "median": 0.20379763150000002,
      "user": 0.5630368000000001,
      "system": 0.0712588,
      "min": 0.19642162900000001,
      "max": 0.21077472700000002,
      "times": [
        0.20521368,
        0.20380798600000002,
        0.21077472700000002,
        0.20226233300000002,
        0.202029706,
        0.20378727700000002,
        0.20328696100000002,
        0.20924403200000002,
        0.205339817,
        0.19642162900000001
      ],
      "memory_usage_byte": [
        52781056,
        52781056,
        52781056,
        52781056,
        52781056,
        54652928,
        54652928,
        54652928,
        54652928,
        54652928
      ],