{
  "results": [
    {
      "command": "markdownlint-cli2",
      "mean": 4.823595288333333,
      "stddev": 0.056923797559091376,
      "median": 4.818557639,
      "user": 7.322113166666667,
      "system": 0.28930116666666666,
      "min": 4.726823907,
      "max": 4.891344646,
      "times": [
        4.81791466,
        4.819200618,
        4.891344646,
        4.8163947910000005,
        4.726823907,
        4.869893108
      ],
      "memory_usage_byte": [
        386523136,
        393211904,
        393211904,
        393211904,
        393211904,
        393211904
      ],
      "exit_codes": [
        1,
        1,
        1,
        1,
        1,
        1
      ]
    }
  ]
}
