{
  "results": [
    {
      "command": "markdownlint-cli2",
      "mean": 3.1568191076666667,
      "stddev": 0.09509324533242698,
      "median": 3.1136108015,
      "user": 4.701322833333333,
      "system": 0.31873049999999997,
      "min": 3.082725718,
      "max": 3.320376224,
      "times": [
        3.082725718,
        3.223236109,
        3.112499728,
        3.114721875,
        3.087354992,
        3.320376224
      ],
      "memory_usage_byte": [
        382586880,
        382889984,
        382889984,
        382889984,
        382889984,
        382889984
      ],
      "exit_codes": [
        1,
        1,
        1,
        1,
        1,
        1
      ]
    }
  ]
}
