{
  "results": [
    {
      "command": "markdownlint-cli2",
      "mean": 4.8768601485,
      "stddev": 0.1155471924115793,
      "median": 4.869265962,
      "user": 7.2799803333333335,
      "system": 0.4188803333333333,
      "min": 4.732096724,
      "max": 5.064278221,
      "times": [
        5.064278221,
        4.828304195,
        4.910227729,
        4.804708216,
        4.732096724,
        4.921545806
      ],
      "memory_usage_byte": [
        373334016,
        373334016,
        373334016,
        373334016,
        382410752,
        385978368
      ],
      "exit_codes": [
        1,
        1,
        1,
        1,
        1,
        1
      ]
    }
  ]
}
