{
  "results": [
    {
      "command": "markdownlint-cli2",
      "mean": 5.003745012166667,
      "stddev": 0.215973899758464,
      "median": 4.9426797935,
      "user": 7.545518333333334,
      "system": 0.3203191666666666,
      "min": 4.816158651,
      "max": 5.430427699,
      "times": [
        5.430427699,
        4.917708269,
        4.9728158670000004,
        4.9516244480000005,
        4.816158651,
        4.933735139
      ],
      "memory_usage_byte": [
        391958528,
        391958528,
        391958528,
        391958528,
        391958528,
        391958528
      ],
      "exit_codes": [
        1,
        1,
        1,
        1,
        1,
        1
      ]
    }
  ]
}
