{
  "results": [
    {
      "command": "mado",
      "mean": 0.046373552900000004,
      "stddev": 0.002022585544863001,
      "median": 0.0456997925,
      "user": 0.073051,
      "system": 0.0086263,
      "min": 0.045399776,
      "max": 0.052061176,
      "times": [
        0.045593988,
        0.052061176,
        0.045669752,
        0.045729833000000004,
        0.045399776,
        0.046272759000000004,
        0.045467538,
        0.045467098000000004,
        0.045788351000000005,
        0.046285258
      ],
      "memory_usage_byte": [
        29585408,
        29614080,
        29614080,
        33488896,
        33488896,
        33488896,
        33488896,
        33488896,
        33488896,
        33488896
      ],
      "exit_codes": [
        1,
        1,
        1,
        1,
        1,
        1,
        1,
        1,
        1,
        1
      ]
    },
    {
      "command": "rumdl",
      "mean": 0.19330675479999998,
      "stddev": 0.0031252170383957796,
      "median": 0.19381208450000004,
      "user": 0.6193572999999999,
      "system": 0.0358275,
      "min": 0.189045169,
      "max": 0.19699522200000003,
      "times": [
        0.19097617900000002,
        0.19025392200000002,
        0.19530296700000002,
        0.18979009500000002,
        0.196396006,
        0.196197062,
        0.19578972400000003,
        0.189045169,
        0.19232120200000002,
        0.19699522200000003
      ],
      "memory_usage_byte": [
        52707328,
        52707328,
        52707328,
        52707328,
        52707328,
        52707328,
        52707328,
        52707328,
        52707328,
        52707328
      ],
      "exit_codes": [
        1,
        1,
        1,
        1,
        1,
        1,
        1,
        1,
        1,
        1
      ]
    },
    {
      "command": "panache",
      "mean": 0.5391919402,
      "stddev": 0.019000791553045047,
      "median": 0.5478872355000001,
      "user": 1.5732995,
      "system": 0.058936699999999995,
      "min": 0.5135985430000001,
      "max": 0.559664209,
      "times": [
        0.55352765,
        0.5200617590000001,
        0.546249983,
        0.558567703,
        0.5173484230000001,
        0.5196298140000001,
        0.5135985430000001,
        0.5495244880000001,
        0.559664209,
        0.55374683
      ],
      "memory_usage_byte": [
        52707328,
        52707328,
        52707328,
        52707328,
        52707328,
        52707328,
        52707328,
        52707328,
        52707328,
        52707328
      ],
      "exit_codes": [
        0,
        0,
        0,
        0,
        0,
        0,
        0,
        0,
        0,
        0
      ]
    },
    {
      "command": "gomarklint",
      "mean": 0.0303928791,
      "stddev": 0.0015230307496797628,
      "median": 0.0299409635,
      "user": 0.0681858,
      "system": 0.015448199999999999,
      "min": 0.028633938,
      "max": 0.032863088,
      "times": [
        0.028633938,
        0.032841666000000005,
        0.029610867000000003,
        0.02898467,
        0.029801984000000004,
        0.031219466,
        0.030079943,
        0.032863088,
        0.029063138000000002,
        0.030830031
      ],
      "memory_usage_byte": [
        52707328,
        52707328,
        52707328,
        52707328,
        52707328,
        52707328,
        52707328,
        52707328,
        52707328,
        52707328
      ],
      "exit_codes": [
        1,
        1,
        1,
        1,
        1,
        1,
        1,
        1,
        1,
        1
      ]
    },
    {
      "command": "mdsmith-parity",
      "mean": 0.052220955,
      "stddev": 0.0008502493470887745,
      "median": 0.0519590105,
      "user": 0.1438738,
      "system": 0.0123605,
      "min": 0.051206138000000005,
      "max": 0.053725748000000004,
      "times": [
        0.053699969,
        0.051596075000000005,
        0.052020142000000005,
        0.052176237,
        0.053725748000000004,
        0.052378466000000005,
        0.051897879,
        0.051206138000000005,
        0.051637547000000006,
        0.051871349000000004
      ],
      "memory_usage_byte": [
        52707328,
        52707328,
        52707328,
        52707328,
        52707328,
        52707328,
        52707328,
        52707328,
        52707328,
        52707328
      ],
      "exit_codes": [
        1,
        1,
        1,
        1,
        1,
        1,
        1,
        1,
        1,
        1
      ]
    },
    {
      "command": "mdsmith",
      "mean": 0.13827695420000002,
      "stddev": 0.0012504734342028464,
      "median": 0.13822757000000002,
      "user": 0.4023524,
      "system": 0.0338084,
      "min": 0.136707038,
      "max": 0.140439442,
      "times": [
        0.140439442,
        0.13681347800000002,
        0.13950752,
        0.136990103,
        0.137751979,
        0.138402338,
        0.13885766300000002,
        0.136707038,
        0.138052802,
        0.139247179
      ],
      "memory_usage_byte": [
        53817344,
        53817344,
        53817344,
        53817344,
        53817344,
        53817344,
        53817344,
        53817344,
        53817344,
        53817344
      ],
      "exit_codes": [
        1,
        1,
        1,
        1,
        1,
        1,
        1,
        1,
        1,
        1
      ]
    }
  ]
}
