{
  "results": [
    {
      "command": "mado",
      "mean": 0.0477801357,
      "stddev": 0.003988949555313866,
      "median": 0.0460696165,
      "user": 0.0746917,
      "system": 0.0099115,
      "min": 0.045249024000000006,
      "max": 0.056731339000000006,
      "times": [
        0.046804365,
        0.046244931,
        0.045440886,
        0.045630864,
        0.046125156,
        0.056731339000000006,
        0.045945337,
        0.053615378000000005,
        0.045249024000000006,
        0.046014077
      ],
      "memory_usage_byte": [
        31551488,
        31551488,
        31551488,
        31551488,
        31551488,
        31551488,
        31551488,
        31551488,
        31551488,
        31551488
      ],
      "exit_codes": [
        1,
        1,
        1,
        1,
        1,
        1,
        1,
        1,
        1,
        1
      ]
    },
    {
      "command": "rumdl",
      "mean": 0.1988269204,
      "stddev": 0.0036264017908745057,
      "median": 0.198142169,
      "user": 0.6562237,
      "system": 0.034694499999999996,
      "min": 0.193259054,
      "max": 0.20539326600000002,
      "times": [
        0.197583381,
        0.20387080800000001,
        0.193259054,
        0.19889726700000002,
        0.20044845,
        0.19615896700000002,
        0.197548887,
        0.198700957,
        0.19640816700000002,
        0.20539326600000002
      ],
      "memory_usage_byte": [
        52510720,
        52510720,
        52510720,
        52510720,
        52510720,
        52510720,
        52510720,
        52510720,
        52510720,
        52510720
      ],
      "exit_codes": [
        1,
        1,
        1,
        1,
        1,
        1,
        1,
        1,
        1,
        1
      ]
    },
    {
      "command": "panache",
      "mean": 0.5506741505,
      "stddev": 0.01692163908809176,
      "median": 0.5593581565000001,
      "user": 1.6149026,
      "system": 0.06096929999999999,
      "min": 0.527309025,
      "max": 0.569894232,
      "times": [
        0.527309025,
        0.5664400030000001,
        0.560025369,
        0.5319937250000001,
        0.569894232,
        0.533993091,
        0.559678782,
        0.532706898,
        0.5656628490000001,
        0.5590375310000001
      ],
      "memory_usage_byte": [
        52510720,
        52510720,
        52510720,
        52510720,
        52510720,
        52510720,
        52510720,
        52510720,
        52510720,
        52510720
      ],
      "exit_codes": [
        0,
        0,
        0,
        0,
        0,
        0,
        0,
        0,
        0,
        0
      ]
    },
    {
      "command": "gomarklint",
      "mean": 0.032267657600000006,
      "stddev": 0.002140482235185136,
      "median": 0.032298030000000005,
      "user": 0.0752688,
      "system": 0.0111245,
      "min": 0.029103293000000002,
      "max": 0.036578748,
      "times": [
        0.032996991,
        0.030305859,
        0.032532033,
        0.03149577,
        0.034460135,
        0.032411352000000004,
        0.030607687,
        0.036578748,
        0.029103293000000002,
        0.032184708
      ],
      "memory_usage_byte": [
        52510720,
        52510720,
        52510720,
        52510720,
        52510720,
        52510720,
        52510720,
        52510720,
        52510720,
        52510720
      ],
      "exit_codes": [
        1,
        1,
        1,
        1,
        1,
        1,
        1,
        1,
        1,
        1
      ]
    },
    {
      "command": "mdsmith-parity",
      "mean": 0.060201626200000004,
      "stddev": 0.004303677483314108,
      "median": 0.057683459000000006,
      "user": 0.15982039999999997,
      "system": 0.017035500000000002,
      "min": 0.056273013000000004,
      "max": 0.06562704600000001,
      "times": [
        0.057865542000000006,
        0.06551205,
        0.06562704600000001,
        0.056273013000000004,
        0.056582456,
        0.06553513300000001,
        0.06388848,
        0.05750137600000001,
        0.056713933,
        0.056517233
      ],
      "memory_usage_byte": [
        52510720,
        52510720,
        52510720,
        52510720,
        52510720,
        52510720,
        52510720,
        52510720,
        52510720,
        52510720
      ],
      "exit_codes": [
        1,
        1,
        1,
        1,
        1,
        1,
        1,
        1,
        1,
        1
      ]
    },
    {
      "command": "mdsmith",
      "mean": 0.14481042959999998,
      "stddev": 0.0014919581743228275,
      "median": 0.144861805,
      "user": 0.42235819999999996,
      "system": 0.033922,
      "min": 0.14286900600000002,
      "max": 0.147278554,
      "times": [
        0.145670033,
        0.1429294,
        0.14528965600000002,
        0.147278554,
        0.14352046300000001,
        0.14397790500000002,
        0.14612117300000002,
        0.14286900600000002,
        0.144433954,
        0.146014152
      ],
      "memory_usage_byte": [
        52510720,
        52510720,
        52510720,
        52510720,
        52510720,
        52510720,
        52510720,
        52510720,
        52510720,
        52510720
      ],
      "exit_codes": [
        1,
        1,
        1,
        1,
        1,
        1,
        1,
        1,
        1,
        1
      ]
    }
  ]
}
