{
  "results": [
    {
      "command": "markdownlint-cli2",
      "mean": 4.353559518833333,
      "stddev": 0.038924646672259824,
      "median": 4.3549282665,
      "user": 6.596199333333332,
      "system": 0.31182249999999995,
      "min": 4.288655133,
      "max": 4.409609775,
      "times": [
        4.356834449,
        4.3468272930000005,
        4.288655133,
        4.366408379,
        4.353022084,
        4.409609775
      ],
      "memory_usage_byte": [
        391925760,
        391925760,
        391925760,
        391925760,
        391925760,
        391925760
      ],
      "exit_codes": [
        1,
        1,
        1,
        1,
        1,
        1
      ]
    }
  ]
}
