{
  "results": [
    {
      "command": "markdownlint-cli2",
      "mean": 3.1518170535000003,
      "stddev": 0.0636930556850899,
      "median": 3.1489776635,
      "user": 4.722471666666666,
      "system": 0.3269743333333333,
      "min": 3.065694222,
      "max": 3.244385044,
      "times": [
        3.166942646,
        3.131012681,
        3.19407277,
        3.244385044,
        3.108794958,
        3.065694222
      ],
      "memory_usage_byte": [
        413143040,
        413143040,
        413143040,
        413143040,
        413143040,
        413143040
      ],
      "exit_codes": [
        1,
        1,
        1,
        1,
        1,
        1
      ]
    }
  ]
}
