{
  "results": [
    {
      "command": "markdownlint-cli2",
      "mean": 3.2123892008333335,
      "stddev": 0.09096742442220103,
      "median": 3.1865332235,
      "user": 4.865108,
      "system": 0.28039316666666664,
      "min": 3.121735265,
      "max": 3.342041891,
      "times": [
        3.2211674390000002,
        3.342041891,
        3.151899008,
        3.139592558,
        3.121735265,
        3.2978990440000002
      ],
      "memory_usage_byte": [
        414068736,
        414068736,
        414068736,
        414068736,
        414068736,
        414068736
      ],
      "exit_codes": [
        1,
        1,
        1,
        1,
        1,
        1
      ]
    }
  ]
}
