{
  "results": [
    {
      "command": "markdownlint-cli2",
      "mean": 3.115540809166667,
      "stddev": 0.10874680407803086,
      "median": 3.1114832075,
      "user": 4.7850373333333325,
      "system": 0.22986583333333332,
      "min": 2.971883556,
      "max": 3.244266498,
      "times": [
        3.097362527,
        2.971883556,
        3.230079569,
        3.125603888,
        3.024048817,
        3.244266498
      ],
      "memory_usage_byte": [
        385429504,
        385429504,
        390656000,
        390656000,
        390656000,
        390656000
      ],
      "exit_codes": [
        1,
        1,
        1,
        1,
        1,
        1
      ]
    }
  ]
}
