{
  "results": [
    {
      "command": "markdownlint-cli2",
      "mean": 3.2291542971666662,
      "stddev": 0.09114616020659057,
      "median": 3.2347953815,
      "user": 4.925985833333333,
      "system": 0.25912983333333334,
      "min": 3.116194094,
      "max": 3.341067655,
      "times": [
        3.265801113,
        3.116194094,
        3.341067655,
        3.139731327,
        3.20378965,
        3.308341944
      ],
      "memory_usage_byte": [
        377839616,
        377839616,
        377839616,
        377839616,
        377839616,
        377839616
      ],
      "exit_codes": [
        1,
        1,
        1,
        1,
        1,
        1
      ]
    }
  ]
}
