{
  "results": [
    {
      "command": "mado",
      "mean": 0.04848173570000001,
      "stddev": 0.0039025332218216085,
      "median": 0.04635491950000001,
      "user": 0.0768057,
      "system": 0.008839099999999999,
      "min": 0.045644914,
      "max": 0.057431479,
      "times": [
        0.045884,
        0.045978688000000004,
        0.051606950000000006,
        0.051790455000000006,
        0.046255525000000006,
        0.045644914,
        0.057431479,
        0.046454314000000003,
        0.047603873000000005,
        0.046167159000000006
      ],
      "memory_usage_byte": [
        29831168,
        29831168,
        29872128,
        29872128,
        29872128,
        29872128,
        29872128,
        29872128,
        29872128,
        29872128
      ],
      "exit_codes": [
        1,
        1,
        1,
        1,
        1,
        1,
        1,
        1,
        1,
        1
      ]
    },
    {
      "command": "rumdl",
      "mean": 0.1959057105,
      "stddev": 0.0019808531042374033,
      "median": 0.196219753,
      "user": 0.6512011999999999,
      "system": 0.03337559999999999,
      "min": 0.192344705,
      "max": 0.19868505800000003,
      "times": [
        0.194656152,
        0.19868505800000003,
        0.194119651,
        0.19628003500000002,
        0.196159471,
        0.19680936400000001,
        0.192344705,
        0.194798298,
        0.196564507,
        0.198639864
      ],
      "memory_usage_byte": [
        50290688,
        50290688,
        50290688,
        51089408,
        51089408,
        51089408,
        51089408,
        51089408,
        51089408,
        51089408
      ],
      "exit_codes": [
        1,
        1,
        1,
        1,
        1,
        1,
        1,
        1,
        1,
        1
      ]
    },
    {
      "command": "panache",
      "mean": 0.5436883741000001,
      "stddev": 0.023017708326336997,
      "median": 0.539939197,
      "user": 1.6386203,
      "system": 0.0543832,
      "min": 0.523481681,
      "max": 0.597896096,
      "times": [
        0.5254520020000001,
        0.530648368,
        0.5675266880000001,
        0.543276294,
        0.540364375,
        0.5395140190000001,
        0.523481681,
        0.5257576970000001,
        0.542966521,
        0.597896096
      ],
      "memory_usage_byte": [
        51089408,
        51089408,
        51089408,
        51089408,
        51089408,
        51089408,
        51089408,
        51089408,
        51089408,
        51089408
      ],
      "exit_codes": [
        0,
        0,
        0,
        0,
        0,
        0,
        0,
        0,
        0,
        0
      ]
    },
    {
      "command": "mdsmith-parity",
      "mean": 0.1229040442,
      "stddev": 0.00252687583029144,
      "median": 0.121882207,
      "user": 0.28673000000000004,
      "system": 0.0284155,
      "min": 0.120820068,
      "max": 0.128024852,
      "times": [
        0.121455511,
        0.120820068,
        0.12139566900000001,
        0.120864416,
        0.128024852,
        0.12248441500000001,
        0.122020264,
        0.12334315700000001,
        0.12174415000000001,
        0.12688794
      ],
      "memory_usage_byte": [
        51089408,
        51089408,
        51089408,
        51089408,
        51089408,
        51089408,
        51089408,
        51089408,
        51089408,
        51089408
      ],
      "exit_codes": [
        1,
        1,
        1,
        1,
        1,
        1,
        1,
        1,
        1,
        1
      ]
    },
    {
      "command": "mdsmith",
      "mean": 0.238232221,
      "stddev": 0.003950339164410771,
      "median": 0.23824575000000003,
      "user": 0.5948527,
      "system": 0.0716829,
      "min": 0.232927453,
      "max": 0.24444791200000002,
      "times": [
        0.234580385,
        0.23841767600000002,
        0.23698086200000001,
        0.23843033000000002,
        0.24081190900000002,
        0.23376080700000001,
        0.24444791200000002,
        0.232927453,
        0.23807382400000002,
        0.24389105200000002
      ],
      "memory_usage_byte": [
        66260992,
        66260992,
        66260992,
        66260992,
        66260992,
        66260992,
        66306048,
        66306048,
        70541312,
        70541312
      ],
      "exit_codes": [
        1,
        1,
        1,
        1,
        1,
        1,
        1,
        1,
        1,
        1
      ]
    }
  ]
}
