{
  "results": [
    {
      "command": "mado",
      "mean": 0.0654118109,
      "stddev": 0.002841126710678567,
      "median": 0.0636442455,
      "user": 0.10798859999999999,
      "system": 0.016562399999999998,
      "min": 0.06288966600000001,
      "max": 0.06907825100000001,
      "times": [
        0.063478666,
        0.063809825,
        0.06288966600000001,
        0.06298068500000001,
        0.06818987,
        0.063158939,
        0.06895342800000001,
        0.068528824,
        0.063049955,
        0.06907825100000001
      ],
      "memory_usage_byte": [
        28987392,
        28987392,
        29048832,
        29048832,
        29048832,
        29048832,
        29048832,
        29048832,
        29048832,
        29048832
      ],
      "exit_codes": [
        1,
        1,
        1,
        1,
        1,
        1,
        1,
        1,
        1,
        1
      ]
    },
    {
      "command": "rumdl",
      "mean": 0.3265082693,
      "stddev": 0.005627995244987291,
      "median": 0.32674329550000003,
      "user": 1.0124691000000001,
      "system": 0.06802699999999999,
      "min": 0.32001613500000003,
      "max": 0.339457035,
      "times": [
        0.321517628,
        0.326922511,
        0.32868862000000004,
        0.32433464,
        0.32001613500000003,
        0.326965761,
        0.339457035,
        0.32964409100000003,
        0.32656408000000003,
        0.32097219200000005
      ],
      "memory_usage_byte": [
        51953664,
        51953664,
        51953664,
        51953664,
        51953664,
        51953664,
        52375552,
        52375552,
        52375552,
        52375552
      ],
      "exit_codes": [
        1,
        1,
        1,
        1,
        1,
        1,
        1,
        1,
        1,
        1
      ]
    },
    {
      "command": "panache",
      "mean": 0.7101454093000001,
      "stddev": 0.05830323732671829,
      "median": 0.7377717775000001,
      "user": 2.0511606999999996,
      "system": 0.14093020000000003,
      "min": 0.5987994790000001,
      "max": 0.740117549,
      "times": [
        0.5987994790000001,
        0.7379508140000001,
        0.740117549,
        0.737592741,
        0.739236848,
        0.7386038920000001,
        0.736103081,
        0.6003517770000001,
        0.7338216780000001,
        0.738876234
      ],
      "memory_usage_byte": [
        52375552,
        52375552,
        52375552,
        52375552,
        52375552,
        52375552,
        52375552,
        52375552,
        52375552,
        52375552
      ],
      "exit_codes": [
        0,
        0,
        0,
        0,
        0,
        0,
        0,
        0,
        0,
        0
      ]
    },
    {
      "command": "mdsmith-parity",
      "mean": 0.10987600230000001,
      "stddev": 0.0016631745315867808,
      "median": 0.1097205195,
      "user": 0.3421411,
      "system": 0.029879399999999993,
      "min": 0.108368474,
      "max": 0.11410291500000001,
      "times": [
        0.10975103500000001,
        0.10969000400000001,
        0.11075322200000001,
        0.10892741800000001,
        0.10844512,
        0.108891582,
        0.10982346000000001,
        0.11410291500000001,
        0.110006793,
        0.108368474
      ],
      "memory_usage_byte": [
        52375552,
        52375552,
        52375552,
        52375552,
        52375552,
        52375552,
        52375552,
        52375552,
        52375552,
        52375552
      ],
      "exit_codes": [
        1,
        1,
        1,
        1,
        1,
        1,
        1,
        1,
        1,
        1
      ]
    },
    {
      "command": "mdsmith",
      "mean": 0.48863994890000007,
      "stddev": 0.004546062137632163,
      "median": 0.487342225,
      "user": 1.1071029,
      "system": 0.5442374,
      "min": 0.48352316500000003,
      "max": 0.498507564,
      "times": [
        0.494215987,
        0.486688357,
        0.498507564,
        0.48352316500000003,
        0.485348606,
        0.489653019,
        0.487996093,
        0.48614579500000005,
        0.48563148400000006,
        0.488689419
      ],
      "memory_usage_byte": [
        62418944,
        62418944,
        62418944,
        62418944,
        62418944,
        62418944,
        62418944,
        62418944,
        62418944,
        62418944
      ],
      "exit_codes": [
        1,
        1,
        1,
        1,
        1,
        1,
        1,
        1,
        1,
        1
      ]
    }
  ]
}
