{
  "results": [
    {
      "command": "mado",
      "mean": 0.06588344870000001,
      "stddev": 0.0021933026031842723,
      "median": 0.065006742,
      "user": 0.10361829999999998,
      "system": 0.0197518,
      "min": 0.064360122,
      "max": 0.07051316,
      "times": [
        0.064862746,
        0.06461848,
        0.064599712,
        0.065431469,
        0.07051316,
        0.065222205,
        0.069426069,
        0.065150738,
        0.064360122,
        0.064649786
      ],
      "memory_usage_byte": [
        33275904,
        33275904,
        33275904,
        33275904,
        33275904,
        33275904,
        33275904,
        33275904,
        33275904,
        33275904
      ],
      "exit_codes": [
        1,
        1,
        1,
        1,
        1,
        1,
        1,
        1,
        1,
        1
      ]
    },
    {
      "command": "rumdl",
      "mean": 0.32218538380000006,
      "stddev": 0.005153874852526977,
      "median": 0.3228707725,
      "user": 0.9826286,
      "system": 0.07443219999999999,
      "min": 0.31458503000000004,
      "max": 0.33044565600000003,
      "times": [
        0.317534082,
        0.316897508,
        0.33044565600000003,
        0.328443484,
        0.32517774600000005,
        0.324112534,
        0.31458503000000004,
        0.32280210200000004,
        0.31891625300000004,
        0.322939443
      ],
      "memory_usage_byte": [
        53018624,
        53018624,
        53018624,
        53018624,
        53018624,
        53018624,
        53018624,
        53018624,
        53018624,
        53018624
      ],
      "exit_codes": [
        1,
        1,
        1,
        1,
        1,
        1,
        1,
        1,
        1,
        1
      ]
    },
    {
      "command": "panache",
      "mean": 0.6425044898000001,
      "stddev": 0.07286110056885454,
      "median": 0.59667057,
      "user": 2.1186944,
      "system": 0.1481385,
      "min": 0.5936735160000001,
      "max": 0.7503681560000001,
      "times": [
        0.6106246980000001,
        0.595204986,
        0.747749395,
        0.595835212,
        0.594697926,
        0.597505928,
        0.593986427,
        0.7503681560000001,
        0.5936735160000001,
        0.745398654
      ],
      "memory_usage_byte": [
        53018624,
        53018624,
        53018624,
        53018624,
        53018624,
        53018624,
        53018624,
        53018624,
        53018624,
        53018624
      ],
      "exit_codes": [
        0,
        0,
        0,
        0,
        0,
        0,
        0,
        0,
        0,
        0
      ]
    },
    {
      "command": "gomarklint",
      "mean": 0.0587213958,
      "stddev": 0.006016638967763922,
      "median": 0.058178714000000006,
      "user": 0.12820959999999998,
      "system": 0.029202699999999998,
      "min": 0.051057439,
      "max": 0.06991259600000001,
      "times": [
        0.054300593,
        0.06991259600000001,
        0.062319459,
        0.059389004,
        0.052019373,
        0.054528219,
        0.06373998900000001,
        0.056968424000000004,
        0.06297886200000001,
        0.051057439
      ],
      "memory_usage_byte": [
        53018624,
        53018624,
        53018624,
        53018624,
        53018624,
        53018624,
        53018624,
        53018624,
        53018624,
        53018624
      ],
      "exit_codes": [
        1,
        1,
        1,
        1,
        1,
        1,
        1,
        1,
        1,
        1
      ]
    },
    {
      "command": "mdsmith-parity",
      "mean": 0.060139793100000005,
      "stddev": 0.0003660909981200626,
      "median": 0.0603125165,
      "user": 0.1783874,
      "system": 0.021266199999999996,
      "min": 0.059577446000000006,
      "max": 0.060538779,
      "times": [
        0.060538779,
        0.060373821,
        0.06007455800000001,
        0.059577446000000006,
        0.059670301,
        0.060371282000000005,
        0.059679064000000004,
        0.060253751,
        0.060381152,
        0.060477777
      ],
      "memory_usage_byte": [
        53018624,
        53018624,
        53018624,
        53018624,
        53018624,
        53018624,
        53018624,
        53018624,
        53018624,
        53018624
      ],
      "exit_codes": [
        1,
        1,
        1,
        1,
        1,
        1,
        1,
        1,
        1,
        1
      ]
    },
    {
      "command": "mdsmith",
      "mean": 0.1743027788,
      "stddev": 0.0024685768132490095,
      "median": 0.174252649,
      "user": 0.5068912999999999,
      "system": 0.059919,
      "min": 0.17134996900000002,
      "max": 0.17956817400000002,
      "times": [
        0.174569823,
        0.172776398,
        0.174325015,
        0.17134996900000002,
        0.176888075,
        0.17418028300000002,
        0.17306259300000001,
        0.171553374,
        0.174754084,
        0.17956817400000002
      ],
      "memory_usage_byte": [
        58277888,
        58499072,
        58499072,
        58499072,
        58499072,
        58499072,
        58499072,
        58499072,
        58658816,
        58658816
      ],
      "exit_codes": [
        1,
        1,
        1,
        1,
        1,
        1,
        1,
        1,
        1,
        1
      ]
    }
  ]
}
