{
  "results": [
    {
      "command": "markdownlint-cli2",
      "mean": 3.079039197,
      "stddev": 0.07625174260606675,
      "median": 3.0610092085,
      "user": 4.628889,
      "system": 0.264904,
      "min": 2.99274552,
      "max": 3.179707403,
      "times": [
        3.179707403,
        3.028773928,
        2.99274552,
        3.093244489,
        3.024584762,
        3.15517908
      ],
      "memory_usage_byte": [
        385290240,
        385290240,
        388534272,
        388534272,
        388534272,
        388534272
      ],
      "exit_codes": [
        1,
        1,
        1,
        1,
        1,
        1
      ]
    }
  ]
}
