{
  "results": [
    {
      "command": "mado",
      "mean": 0.068830677,
      "stddev": 0.0013305643312350995,
      "median": 0.068513027,
      "user": 0.10949889999999998,
      "system": 0.0199413,
      "min": 0.06791222300000001,
      "max": 0.072467217,
      "times": [
        0.068741067,
        0.06871510900000001,
        0.069098064,
        0.067972814,
        0.068208238,
        0.072467217,
        0.068165984,
        0.06791222300000001,
        0.068566745,
        0.06845930900000001
      ],
      "memory_usage_byte": [
        31772672,
        31772672,
        31772672,
        31772672,
        31772672,
        31772672,
        31772672,
        31772672,
        31772672,
        31772672
      ],
      "exit_codes": [
        1,
        1,
        1,
        1,
        1,
        1,
        1,
        1,
        1,
        1
      ]
    },
    {
      "command": "rumdl",
      "mean": 0.346803361,
      "stddev": 0.0064030112561925335,
      "median": 0.3468094715,
      "user": 1.0383893,
      "system": 0.07766929999999998,
      "min": 0.337079454,
      "max": 0.35642792500000003,
      "times": [
        0.350208452,
        0.33895555600000005,
        0.34377624500000004,
        0.345699533,
        0.351706487,
        0.342238406,
        0.337079454,
        0.35402214200000004,
        0.34791941000000004,
        0.35642792500000003
      ],
      "memory_usage_byte": [
        54407168,
        54407168,
        54820864,
        54820864,
        54820864,
        54820864,
        54820864,
        54820864,
        54820864,
        54820864
      ],
      "exit_codes": [
        1,
        1,
        1,
        1,
        1,
        1,
        1,
        1,
        1,
        1
      ]
    },
    {
      "command": "panache",
      "mean": 0.6859049722000001,
      "stddev": 0.07620582746665502,
      "median": 0.6356669825000001,
      "user": 2.2366327,
      "system": 0.15984500000000001,
      "min": 0.6282148510000001,
      "max": 0.794623284,
      "times": [
        0.630041303,
        0.7917027170000001,
        0.629647269,
        0.6282148510000001,
        0.632411099,
        0.794623284,
        0.688711825,
        0.631270435,
        0.793504073,
        0.638922866
      ],
      "memory_usage_byte": [
        54820864,
        54820864,
        54820864,
        54820864,
        54820864,
        54820864,
        54820864,
        54820864,
        54820864,
        54820864
      ],
      "exit_codes": [
        0,
        0,
        0,
        0,
        0,
        0,
        0,
        0,
        0,
        0
      ]
    },
    {
      "command": "gomarklint",
      "mean": 0.06246168860000001,
      "stddev": 0.0060604079319467735,
      "median": 0.0640436985,
      "user": 0.1352857,
      "system": 0.031206999999999995,
      "min": 0.053648688,
      "max": 0.069139449,
      "times": [
        0.062595018,
        0.05541588,
        0.053648688,
        0.065492379,
        0.055121917000000006,
        0.068314937,
        0.059897123000000004,
        0.068919808,
        0.069139449,
        0.066071687
      ],
      "memory_usage_byte": [
        54820864,
        54820864,
        54820864,
        54820864,
        54820864,
        54820864,
        54820864,
        54820864,
        54820864,
        54820864
      ],
      "exit_codes": [
        1,
        1,
        1,
        1,
        1,
        1,
        1,
        1,
        1,
        1
      ]
    },
    {
      "command": "mdsmith-gomarklint-parity",
      "mean": 0.0760757026,
      "stddev": 0.006600509869582671,
      "median": 0.075407331,
      "user": 0.17806389999999997,
      "system": 0.035028199999999995,
      "min": 0.06777704600000001,
      "max": 0.089570675,
      "times": [
        0.06777704600000001,
        0.07879609,
        0.08239980000000001,
        0.077410747,
        0.07746969100000001,
        0.073358646,
        0.07233677200000001,
        0.073403915,
        0.06823364400000001,
        0.089570675
      ],
      "memory_usage_byte": [
        54820864,
        54820864,
        54820864,
        54820864,
        54820864,
        54820864,
        54820864,
        54820864,
        54820864,
        54820864
      ],
      "exit_codes": [
        1,
        1,
        1,
        1,
        1,
        1,
        1,
        1,
        1,
        1
      ]
    },
    {
      "command": "mdsmith-mado-parity",
      "mean": 0.0815965812,
      "stddev": 0.0060026474709391495,
      "median": 0.08077313850000001,
      "user": 0.18308169999999999,
      "system": 0.034547800000000004,
      "min": 0.075057356,
      "max": 0.093403119,
      "times": [
        0.086707882,
        0.093403119,
        0.087051759,
        0.08232373500000001,
        0.07694389800000001,
        0.07622640700000001,
        0.075057356,
        0.08274914600000001,
        0.079222542,
        0.076279968
      ],
      "memory_usage_byte": [
        54820864,
        54820864,
        54820864,
        54820864,
        54820864,
        54820864,
        54820864,
        54820864,
        54820864,
        54820864
      ],
      "exit_codes": [
        1,
        1,
        1,
        1,
        1,
        1,
        1,
        1,
        1,
        1
      ]
    },
    {
      "command": "mdsmith-rumdl-parity",
      "mean": 0.09529184930000001,
      "stddev": 0.003312106954000364,
      "median": 0.09393779,
      "user": 0.23957059999999997,
      "system": 0.03616,
      "min": 0.09108964400000001,
      "max": 0.10027765200000001,
      "times": [
        0.099935412,
        0.092883667,
        0.09325262200000001,
        0.09108964400000001,
        0.093310851,
        0.10027765200000001,
        0.09877092600000001,
        0.094564729,
        0.096233598,
        0.092599392
      ],
      "memory_usage_byte": [
        54820864,
        54820864,
        54820864,
        54820864,
        54820864,
        54820864,
        54820864,
        54820864,
        54820864,
        54820864
      ],
      "exit_codes": [
        1,
        1,
        1,
        1,
        1,
        1,
        1,
        1,
        1,
        1
      ]
    },
    {
      "command": "mdsmith-markdownlint-parity",
      "mean": 0.09640118480000001,
      "stddev": 0.007235813161279997,
      "median": 0.09428246650000001,
      "user": 0.23987129999999998,
      "system": 0.034337,
      "min": 0.08820156100000001,
      "max": 0.11103449800000001,
      "times": [
        0.09107118800000001,
        0.09297009,
        0.11103449800000001,
        0.08820156100000001,
        0.09420721600000001,
        0.107653016,
        0.09435771700000001,
        0.096289392,
        0.092773384,
        0.09545378600000001
      ],
      "memory_usage_byte": [
        54820864,
        54820864,
        54820864,
        54820864,
        54820864,
        54820864,
        54820864,
        54820864,
        54820864,
        54820864
      ],
      "exit_codes": [
        1,
        1,
        1,
        1,
        1,
        1,
        1,
        1,
        1,
        1
      ]
    },
    {
      "command": "mdsmith",
      "mean": 0.1962725025,
      "stddev": 0.004481473133382322,
      "median": 0.19609678200000003,
      "user": 0.5228707,
      "system": 0.08331010000000001,
      "min": 0.19004473000000002,
      "max": 0.201819303,
      "times": [
        0.190565368,
        0.201419582,
        0.201415015,
        0.19296827400000002,
        0.195605002,
        0.19658856200000002,
        0.19004473000000002,
        0.201819303,
        0.19348525300000002,
        0.19881393600000002
      ],
      "memory_usage_byte": [
        54820864,
        54820864,
        54820864,
        54820864,
        54820864,
        54820864,
        54820864,
        54820864,
        54820864,
        54820864
      ],