{
  "results": [
    {
      "command": "markdownlint-cli2",
      "mean": 3.0572599391666664,
      "stddev": 0.064791101604358,
      "median": 3.0431485289999998,
      "user": 4.5802146666666665,
      "system": 0.2694645,
      "min": 3.000721905,
      "max": 3.180446848,
      "times": [
        3.000721905,
        3.062349121,
        3.013744703,
        3.030898405,
        3.055398653,
        3.180446848
      ],
      "memory_usage_byte": [
        377769984,
        388128768,
        388128768,
        388128768,
        388128768,
        391450624
      ],
      "exit_codes": [
        1,
        1,
        1,
        1,
        1,
        1
      ]
    }
  ]
}
