{
  "results": [
    {
      "command": "markdownlint-cli2",
      "mean": 3.0669771679999998,
      "stddev": 0.06893345570117204,
      "median": 3.0515047305,
      "user": 4.552030833333333,
      "system": 0.318846,
      "min": 3.012060774,
      "max": 3.199458264,
      "times": [
        3.199458264,
        3.036500133,
        3.012060774,
        3.066509328,
        3.067918881,
        3.019415628
      ],
      "memory_usage_byte": [
        374341632,
        374341632,
        388517888,
        388517888,
        388517888,
        388517888
      ],
      "exit_codes": [
        1,
        1,
        1,
        1,
        1,
        1
      ]
    }
  ]
}
