{
  "results": [
    {
      "command": "mado",
      "mean": 0.0375335004,
      "stddev": 0.0021641416281468384,
      "median": 0.036662412000000005,
      "user": 0.056379599999999995,
      "system": 0.008765099999999998,
      "min": 0.036064616,
      "max": 0.042345865,
      "times": [
        0.036542246,
        0.036947878,
        0.036367563000000006,
        0.036462486,
        0.036064616,
        0.040746063000000006,
        0.036798643,
        0.036277066000000004,
        0.042345865,
        0.036782578
      ],
      "memory_usage_byte": [
        31952896,
        31952896,
        31952896,
        31952896,
        31952896,
        31952896,
        31952896,
        31952896,
        31952896,
        31952896
      ],
      "exit_codes": [
        1,
        1,
        1,
        1,
        1,
        1,
        1,
        1,
        1,
        1
      ]
    },
    {
      "command": "rumdl",
      "mean": 0.15010357400000002,
      "stddev": 0.002885921461099884,
      "median": 0.1505736585,
      "user": 0.4790973,
      "system": 0.030907499999999997,
      "min": 0.14660019400000002,
      "max": 0.154128292,
      "times": [
        0.15098345100000002,
        0.146824852,
        0.14756159300000002,
        0.147268552,
        0.14660019400000002,
        0.150163866,
        0.151177493,
        0.154128292,
        0.15262722,
        0.15370022700000002
      ],
      "memory_usage_byte": [
        49876992,
        49876992,
        53698560,
        53698560,
        53698560,
        53698560,
        53698560,
        53698560,
        53698560,
        53698560
      ],
      "exit_codes": [
        1,
        1,
        1,
        1,
        1,
        1,
        1,
        1,
        1,
        1
      ]
    },
    {
      "command": "panache",
      "mean": 0.4080852557,
      "stddev": 0.0059081668829765194,
      "median": 0.4109205705,
      "user": 1.2343731999999998,
      "system": 0.0451325,
      "min": 0.398085513,
      "max": 0.412883013,
      "times": [
        0.411783636,
        0.398085513,
        0.400496216,
        0.41282566200000004,
        0.40976740700000003,
        0.40051293600000004,
        0.412883013,
        0.412657033,
        0.411276081,
        0.41056506000000004
      ],
      "memory_usage_byte": [
        53698560,
        53698560,
        53698560,
        53698560,
        53698560,
        53698560,
        53698560,
        53698560,
        53698560,
        53698560
      ],
      "exit_codes": [
        0,
        0,
        0,
        0,
        0,
        0,
        0,
        0,
        0,
        0
      ]
    },
    {
      "command": "mdsmith-parity",
      "mean": 0.1039301378,
      "stddev": 0.0008214162236542438,
      "median": 0.103782342,
      "user": 0.20975700000000003,
      "system": 0.037609800000000006,
      "min": 0.103102758,
      "max": 0.105722646,
      "times": [
        0.10323615900000001,
        0.104873637,
        0.103243811,
        0.103102758,
        0.10345519900000001,
        0.104134192,
        0.103968292,
        0.105722646,
        0.10388156100000001,
        0.103683123
      ],
      "memory_usage_byte": [
        58130432,
        60108800,
        60108800,
        60358656,
        60358656,
        60358656,
        60358656,
        60358656,
        60358656,
        60358656
      ],
      "exit_codes": [
        1,
        1,
        1,
        1,
        1,
        1,
        1,
        1,
        1,
        1
      ]
    },
    {
      "command": "mdsmith",
      "mean": 0.193440516,
      "stddev": 0.0020718366483529634,
      "median": 0.19239306550000002,
      "user": 0.44519850000000005,
      "system": 0.06491789999999999,
      "min": 0.19164471300000002,
      "max": 0.19700752400000002,
      "times": [
        0.19164471300000002,
        0.19197723400000002,
        0.19517336100000002,
        0.192167881,
        0.19681663700000002,
        0.19700752400000002,
        0.19273115000000002,
        0.19251410300000002,
        0.19210052900000002,
        0.192272028
      ],
      "memory_usage_byte": [
        82964480,
        82964480,
        82964480,
        82964480,
        82964480,
        82964480,
        82964480,
        83062784,
        83062784,
        84803584
      ],
      "exit_codes": [
        1,
        1,
        1,
        1,
        1,
        1,
        1,
        1,
        1,
        1
      ]
    }
  ]
}
