{
  "results": [
    {
      "command": "mado",
      "mean": 0.06559665530000001,
      "stddev": 0.00093050369993975,
      "median": 0.0653352985,
      "user": 0.10483989999999999,
      "system": 0.0198559,
      "min": 0.06447124800000001,
      "max": 0.06728763,
      "times": [
        0.06477846400000001,
        0.06447124800000001,
        0.06478145,
        0.06543953400000001,
        0.065153768,
        0.065710211,
        0.065231063,
        0.06680383000000001,
        0.06728763,
        0.066309355
      ],
      "memory_usage_byte": [
        28975104,
        28975104,
        28975104,
        28975104,
        28975104,
        29061120,
        29061120,
        29061120,
        29061120,
        30978048
      ],
      "exit_codes": [
        1,
        1,
        1,
        1,
        1,
        1,
        1,
        1,
        1,
        1
      ]
    },
    {
      "command": "rumdl",
      "mean": 0.3481109273,
      "stddev": 0.02612499046927809,
      "median": 0.3362428175,
      "user": 1.0366288999999997,
      "system": 0.0709507,
      "min": 0.325364863,
      "max": 0.412088381,
      "times": [
        0.352876786,
        0.36141921800000004,
        0.412088381,
        0.36190368700000003,
        0.33357330900000004,
        0.32608095600000003,
        0.336309493,
        0.325364863,
        0.336176142,
        0.335316438
      ],
      "memory_usage_byte": [
        54734848,
        54734848,
        54734848,
        54734848,
        54734848,
        54734848,
        54734848,
        54734848,
        54734848,
        54734848
      ],
      "exit_codes": [
        1,
        1,
        1,
        1,
        1,
        1,
        1,
        1,
        1,
        1
      ]
    },
    {
      "command": "panache",
      "mean": 0.6685747458,
      "stddev": 0.07575954428671969,
      "median": 0.6276453580000001,
      "user": 2.1899676,
      "system": 0.14039229999999997,
      "min": 0.609712502,
      "max": 0.808397325,
      "times": [
        0.610353064,
        0.614137583,
        0.755802109,
        0.617633902,
        0.6099515400000001,
        0.609712502,
        0.756232016,
        0.6376568140000001,
        0.665870603,
        0.808397325
      ],
      "memory_usage_byte": [
        54734848,
        54734848,
        54734848,
        54734848,
        54734848,
        54734848,
        54734848,
        54734848,
        54734848,
        54734848
      ],
      "exit_codes": [
        0,
        0,
        0,
        0,
        0,
        0,
        0,
        0,
        0,
        0
      ]
    },
    {
      "command": "gomarklint",
      "mean": 0.06527947790000002,
      "stddev": 0.011564215206883784,
      "median": 0.066120257,
      "user": 0.13942409999999997,
      "system": 0.022108,
      "min": 0.052404259,
      "max": 0.08275581600000001,
      "times": [
        0.074848361,
        0.066881985,
        0.053021817000000006,
        0.075637191,
        0.065358529,
        0.052404259,
        0.08275581600000001,
        0.054119986,
        0.052652133000000004,
        0.075114702
      ],
      "memory_usage_byte": [
        54734848,
        54734848,
        54734848,
        54734848,
        54734848,
        54734848,
        54734848,
        54734848,
        54734848,
        54734848
      ],
      "exit_codes": [
        1,
        1,
        1,
        1,
        1,
        1,
        1,
        1,
        1,
        1
      ]
    },
    {
      "command": "mdsmith-parity",
      "mean": 0.06271707779999999,
      "stddev": 0.0003012702226779144,
      "median": 0.06276223750000001,
      "user": 0.19072459999999997,
      "system": 0.0212621,
      "min": 0.062275623,
      "max": 0.063238229,
      "times": [
        0.062810877,
        0.06252927600000001,
        0.062826486,
        0.063049625,
        0.062275623,
        0.063238229,
        0.06271359800000001,
        0.06285171,
        0.062368758,
        0.062506596
      ],
      "memory_usage_byte": [
        54734848,
        54734848,
        54734848,
        54734848,
        54734848,
        54734848,
        54734848,
        54734848,
        54734848,
        54734848
      ],
      "exit_codes": [
        1,
        1,
        1,
        1,
        1,
        1,
        1,
        1,
        1,
        1
      ]
    },
    {
      "command": "mdsmith",
      "mean": 0.1790193921,
      "stddev": 0.0015199265284685788,
      "median": 0.17899864850000002,
      "user": 0.5258434999999999,
      "system": 0.06034339999999999,
      "min": 0.176188156,
      "max": 0.181034556,
      "times": [
        0.179879799,
        0.178547474,
        0.17810457000000002,
        0.18028750400000002,
        0.179449823,
        0.176188156,
        0.178544536,
        0.180642239,
        0.177515264,
        0.181034556
      ],
      "memory_usage_byte": [
        54734848,
        54734848,
        54734848,
        58449920,
        58449920,
        58449920,
        58449920,
        58449920,
        58449920,
        58449920
      ],
      "exit_codes": [
        1,
        1,
        1,
        1,
        1,
        1,
        1,
        1,
        1,
        1
      ]
    }
  ]
}
