{
  "results": [
    {
      "command": "markdownlint-cli2",
      "mean": 3.0993509451666665,
      "stddev": 0.03831094087602565,
      "median": 3.098505942,
      "user": 4.6694751666666665,
      "system": 0.2614356666666666,
      "min": 3.056547278,
      "max": 3.160313194,
      "times": [
        3.056547278,
        3.160313194,
        3.106517096,
        3.090494788,
        3.118727335,
        3.06350598
      ],
      "memory_usage_byte": [
        364843008,
        370049024,
        379908096,
        379908096,
        379908096,
        379908096
      ],
      "exit_codes": [
        1,
        1,
        1,
        1,
        1,
        1
      ]
    }
  ]
}
