{
  "results": [
    {
      "command": "markdownlint-cli2",
      "mean": 5.419801761333333,
      "stddev": 0.17206612014053302,
      "median": 5.357704137000001,
      "user": 8.096790333333333,
      "system": 0.4277513333333333,
      "min": 5.283425606,
      "max": 5.756563558,
      "times": [
        5.350542872,
        5.3301823,
        5.43323083,
        5.364865402,
        5.756563558,
        5.283425606
      ],
      "memory_usage_byte": [
        387874816,
        387874816,
        387874816,
        387874816,
        410009600,
        410009600
      ],
      "exit_codes": [
        1,
        1,
        1,
        1,
        1,
        1
      ]
    }
  ]
}
