{
  "results": [
    {
      "command": "mado",
      "mean": 0.0587874048,
      "stddev": 0.0020627164265900454,
      "median": 0.058048232500000005,
      "user": 0.09081589999999999,
      "system": 0.020694300000000002,
      "min": 0.05695280900000001,
      "max": 0.06309062600000001,
      "times": [
        0.06309062600000001,
        0.05732115,
        0.058119046,
        0.058686339000000004,
        0.057977419,
        0.057553105,
        0.057542705000000006,
        0.061959258,
        0.05695280900000001,
        0.058671591
      ],
      "memory_usage_byte": [
        30912512,
        30912512,
        30912512,
        32997376,
        32997376,
        32997376,
        32997376,
        32997376,
        32997376,
        32997376
      ],
      "exit_codes": [
        1,
        1,
        1,
        1,
        1,
        1,
        1,
        1,
        1,
        1
      ]
    },
    {
      "command": "rumdl",
      "mean": 0.29991694690000004,
      "stddev": 0.011778409228863944,
      "median": 0.2955106285,
      "user": 0.9032398999999998,
      "system": 0.06912739999999999,
      "min": 0.288415896,
      "max": 0.32899700000000004,
      "times": [
        0.32899700000000004,
        0.293534899,
        0.305219093,
        0.288415896,
        0.305332796,
        0.29050606100000004,
        0.302408805,
        0.294944272,
        0.293733662,
        0.296076985
      ],
      "memory_usage_byte": [
        51916800,
        51937280,
        52264960,
        52264960,
        52264960,
        52264960,
        52568064,
        52568064,
        52568064,
        52568064
      ],
      "exit_codes": [
        1,
        1,
        1,
        1,
        1,
        1,
        1,
        1,
        1,
        1
      ]
    },
    {
      "command": "panache",
      "mean": 0.5519789965,
      "stddev": 0.03705157262798734,
      "median": 0.5408452525,
      "user": 1.9576248999999997,
      "system": 0.1298551,
      "min": 0.5377799870000001,
      "max": 0.657305078,
      "times": [
        0.541142007,
        0.657305078,
        0.543745319,
        0.538043952,
        0.5377799870000001,
        0.539307661,
        0.540548498,
        0.541188799,
        0.5390781600000001,
        0.541650504
      ],
      "memory_usage_byte": [
        52568064,
        52568064,
        52568064,
        52568064,
        52568064,
        52568064,
        52568064,
        52568064,
        52568064,
        52568064
      ],
      "exit_codes": [
        0,
        0,
        0,
        0,
        0,
        0,
        0,
        0,
        0,
        0
      ]
    },
    {
      "command": "mdsmith-parity",
      "mean": 0.10755915460000001,
      "stddev": 0.004619335061688284,
      "median": 0.1057033705,
      "user": 0.32474259999999994,
      "system": 0.030182900000000002,
      "min": 0.10526890800000001,
      "max": 0.120485874,
      "times": [
        0.105701612,
        0.107729004,
        0.10645238300000001,
        0.10554880500000001,
        0.10526890800000001,
        0.10559017400000001,
        0.107455274,
        0.10570512900000001,
        0.120485874,
        0.105654383
      ],
      "memory_usage_byte": [
        65687552,
        65687552,
        65687552,
        65687552,
        65687552,
        65687552,
        65687552,
        65687552,
        65687552,
        65687552
      ],
      "exit_codes": [
        1,
        1,
        1,
        1,
        1,
        1,
        1,
        1,
        1,
        1
      ]
    },
    {
      "command": "mdsmith",
      "mean": 0.47111656560000004,
      "stddev": 0.009036645456359354,
      "median": 0.471515507,
      "user": 1.0376322,
      "system": 0.5248583,
      "min": 0.45779872000000005,
      "max": 0.485859886,
      "times": [
        0.45779872000000005,
        0.462300427,
        0.479688704,
        0.485859886,
        0.47567457900000004,
        0.473256194,
        0.47875343800000003,
        0.46527083500000005,
        0.46278805300000003,
        0.46977482000000004
      ],
      "memory_usage_byte": [
        68497408,
        68497408,
        72552448,
        72552448,
        72552448,
        72552448,
        72552448,
        72552448,
        72552448,
        72552448
      ],
      "exit_codes": [
        1,
        1,
        1,
        1,
        1,
        1,
        1,
        1,
        1,
        1
      ]
    }
  ]
}
