{
  "results": [
    {
      "command": "mado",
      "mean": 0.045745035100000005,
      "stddev": 0.0002765201008435814,
      "median": 0.045757364,
      "user": 0.0717034,
      "system": 0.0082524,
      "min": 0.045156014,
      "max": 0.046091355,
      "times": [
        0.045743834000000004,
        0.046025397,
        0.045770894,
        0.046022852,
        0.045606469000000004,
        0.045558026,
        0.045810394000000004,
        0.045156014,
        0.045665116000000006,
        0.046091355
      ],
      "memory_usage_byte": [
        29790208,
        29790208,
        29790208,
        31916032,
        31916032,
        31916032,
        31916032,
        31916032,
        31916032,
        31916032
      ],
      "exit_codes": [
        1,
        1,
        1,
        1,
        1,
        1,
        1,
        1,
        1,
        1
      ]
    },
    {
      "command": "rumdl",
      "mean": 0.1889888019,
      "stddev": 0.0017858522403982392,
      "median": 0.1886719675,
      "user": 0.6180291999999998,
      "system": 0.0384379,
      "min": 0.18640587700000003,
      "max": 0.192202073,
      "times": [
        0.187456261,
        0.188851221,
        0.192202073,
        0.188492714,
        0.18727278600000002,
        0.189973464,
        0.18640587700000003,
        0.191068023,
        0.188435503,
        0.18973009700000001
      ],
      "memory_usage_byte": [
        52273152,
        52273152,
        52273152,
        52273152,
        52273152,
        52498432,
        52498432,
        52498432,
        52498432,
        52498432
      ],
      "exit_codes": [
        1,
        1,
        1,
        1,
        1,
        1,
        1,
        1,
        1,
        1
      ]
    },
    {
      "command": "panache",
      "mean": 0.5233698564999999,
      "stddev": 0.007902981915910358,
      "median": 0.5283027395000001,
      "user": 1.5957873999999999,
      "system": 0.05579979999999999,
      "min": 0.513717076,
      "max": 0.531998484,
      "times": [
        0.529109799,
        0.5281081470000001,
        0.5143340900000001,
        0.5296786920000001,
        0.529218582,
        0.531998484,
        0.513717076,
        0.528497332,
        0.5140507360000001,
        0.5149856270000001
      ],
      "memory_usage_byte": [
        52498432,
        52498432,
        52498432,
        52498432,
        52498432,
        52498432,
        52498432,
        52498432,
        52498432,
        52498432
      ],
      "exit_codes": [
        0,
        0,
        0,
        0,
        0,
        0,
        0,
        0,
        0,
        0
      ]
    },
    {
      "command": "mdsmith-parity",
      "mean": 0.1325814428,
      "stddev": 0.000592368235120094,
      "median": 0.1324389755,
      "user": 0.27612559999999997,
      "system": 0.04313669999999999,
      "min": 0.131943588,
      "max": 0.13374016600000002,
      "times": [
        0.13204854700000002,
        0.13286839,
        0.132494149,
        0.131943588,
        0.1329654,
        0.13214153,
        0.133185603,
        0.132043253,
        0.132383802,
        0.13374016600000002
      ],
      "memory_usage_byte": [
        59858944,
        59858944,
        59858944,
        59858944,
        59858944,
        59858944,
        60112896,
        60112896,
        60112896,
        60112896
      ],
      "exit_codes": [
        1,
        1,
        1,
        1,
        1,
        1,
        1,
        1,
        1,
        1
      ]
    },
    {
      "command": "mdsmith",
      "mean": 0.2545981896,
      "stddev": 0.0023458486724102024,
      "median": 0.25404607349999997,
      "user": 0.5796981999999999,
      "system": 0.0875484,
      "min": 0.251458962,
      "max": 0.25895225,
      "times": [
        0.254414341,
        0.253832663,
        0.25721150600000003,
        0.256516959,
        0.253789208,
        0.251458962,
        0.254040628,
        0.254051519,
        0.25895225,
        0.25171386
      ],
      "memory_usage_byte": [
        76423168,
        76423168,
        76423168,
        76423168,
        76423168,
        76423168,
        76423168,
        76423168,
        76423168,
        77860864
      ],
      "exit_codes": [
        1,
        1,
        1,
        1,
        1,
        1,
        1,
        1,
        1,
        1
      ]
    }
  ]
}
