{
  "results": [
    {
      "command": "mado",
      "mean": 0.0449200539,
      "stddev": 0.0038128326424774032,
      "median": 0.0437741975,
      "user": 0.071209,
      "system": 0.0071159,
      "min": 0.043211303,
      "max": 0.055745854000000004,
      "times": [
        0.043397107000000004,
        0.055745854000000004,
        0.043662742000000004,
        0.044162857,
        0.043211303,
        0.043737409000000005,
        0.043810986,
        0.043900827,
        0.043726521000000004,
        0.043844933
      ],
      "memory_usage_byte": [
        29593600,
        29642752,
        29642752,
        29642752,
        29782016,
        29782016,
        29782016,
        29782016,
        29782016,
        29782016
      ],
      "exit_codes": [
        1,
        1,
        1,
        1,
        1,
        1,
        1,
        1,
        1,
        1
      ]
    },
    {
      "command": "rumdl",
      "mean": 0.20464107059999997,
      "stddev": 0.0037919325155333582,
      "median": 0.203942736,
      "user": 0.7061741,
      "system": 0.0253711,
      "min": 0.200490511,
      "max": 0.212543851,
      "times": [
        0.203949617,
        0.200490511,
        0.201978983,
        0.20198357900000002,
        0.209791006,
        0.205581183,
        0.212543851,
        0.204153149,
        0.203935855,
        0.202002972
      ],
      "memory_usage_byte": [
        51253248,
        51253248,
        51253248,
        51253248,
        51253248,
        51253248,
        52793344,
        52793344,
        52793344,
        52793344
      ],
      "exit_codes": [
        1,
        1,
        1,
        1,
        1,
        1,
        1,
        1,
        1,
        1
      ]
    },
    {
      "command": "panache",
      "mean": 0.5452389016000001,
      "stddev": 0.013670056134624308,
      "median": 0.545122352,
      "user": 1.6709288,
      "system": 0.0384463,
      "min": 0.5280099260000001,
      "max": 0.560501476,
      "times": [
        0.5335360920000001,
        0.560501476,
        0.556920206,
        0.538856666,
        0.5280099260000001,
        0.5323946660000001,
        0.551388038,
        0.559761013,
        0.53094882,
        0.560072113
      ],
      "memory_usage_byte": [
        52793344,
        52793344,
        52793344,
        52793344,
        52793344,
        52793344,
        52793344,
        52793344,
        52793344,
        52793344
      ],
      "exit_codes": [
        0,
        0,
        0,
        0,
        0,
        0,
        0,
        0,
        0,
        0
      ]
    },
    {
      "command": "gomarklint",
      "mean": 0.028471014600000004,
      "stddev": 0.000885499929444278,
      "median": 0.0283420685,
      "user": 0.0739514,
      "system": 0.0096215,
      "min": 0.027140663000000002,
      "max": 0.030076745000000002,
      "times": [
        0.027558138000000003,
        0.027906457000000003,
        0.027140663000000002,
        0.028865495,
        0.028810403000000002,
        0.029528425,
        0.028453347,
        0.028230790000000002,
        0.030076745000000002,
        0.028139683000000002
      ],
      "memory_usage_byte": [
        52793344,
        52793344,
        52793344,
        52793344,
        52793344,
        52793344,
        52793344,
        52793344,
        52793344,
        52793344
      ],
      "exit_codes": [
        1,
        1,
        1,
        1,
        1,
        1,
        1,
        1,
        1,
        1
      ]
    },
    {
      "command": "mdsmith-parity",
      "mean": 0.052618015700000006,
      "stddev": 0.0003417916036528211,
      "median": 0.052589605000000005,
      "user": 0.1466655,
      "system": 0.0152359,
      "min": 0.052129306,
      "max": 0.053192459000000004,
      "times": [
        0.052680678,
        0.052129306,
        0.053192459000000004,
        0.052323428000000005,
        0.052316497000000003,
        0.052578795000000005,
        0.052487703000000004,
        0.052600415000000005,
        0.053136194000000005,
        0.052734682000000005
      ],
      "memory_usage_byte": [
        52793344,
        52793344,
        52793344,
        52793344,
        52793344,
        52793344,
        52793344,
        52793344,
        52793344,
        52793344
      ],
      "exit_codes": [
        1,
        1,
        1,
        1,
        1,
        1,
        1,
        1,
        1,
        1
      ]
    },
    {
      "command": "mdsmith",
      "mean": 0.1361829308,
      "stddev": 0.0022583225983439223,
      "median": 0.1360962945,
      "user": 0.400078,
      "system": 0.0255845,
      "min": 0.133137617,
      "max": 0.140134168,
      "times": [
        0.139023896,
        0.133137617,
        0.13569061400000001,
        0.133768999,
        0.136501975,
        0.13652859,
        0.134925126,
        0.134471794,
        0.140134168,
        0.13764652900000002
      ],
      "memory_usage_byte": [
        52793344,
        52793344,
        52793344,
        52793344,
        52793344,
        52793344,
        52793344,
        52793344,
        52793344,
        52793344
      ],
      "exit_codes": [
        1,
        1,
        1,
        1,
        1,
        1,
        1,
        1,
        1,
        1
      ]
    }
  ]
}
