{
  "results": [
    {
      "command": "mado",
      "mean": 0.0629046677,
      "stddev": 0.002251167517490479,
      "median": 0.062096042000000004,
      "user": 0.0983587,
      "system": 0.019187,
      "min": 0.061237639,
      "max": 0.06788366700000001,
      "times": [
        0.0623039,
        0.06788366700000001,
        0.062252693000000005,
        0.062132722,
        0.06624260300000001,
        0.061502357,
        0.061648185,
        0.06205936200000001,
        0.06178354900000001,
        0.061237639
      ],
      "memory_usage_byte": [
        29028352,
        29028352,
        29028352,
        29028352,
        29028352,
        29028352,
        29028352,
        29028352,
        29028352,
        29028352
      ],
      "exit_codes": [
        1,
        1,
        1,
        1,
        1,
        1,
        1,
        1,
        1,
        1
      ]
    },
    {
      "command": "rumdl",
      "mean": 0.309860559,
      "stddev": 0.005926088965139433,
      "median": 0.30865937050000003,
      "user": 0.9308197,
      "system": 0.0772388,
      "min": 0.30396652900000004,
      "max": 0.324107497,
      "times": [
        0.30912120800000004,
        0.308300495,
        0.31480636300000003,
        0.307741906,
        0.30396652900000004,
        0.309018246,
        0.310951034,
        0.324107497,
        0.30649107400000003,
        0.304101238
      ],
      "memory_usage_byte": [
        54849536,
        54849536,
        54849536,
        54849536,
        54849536,
        54849536,
        54849536,
        54849536,
        54849536,
        54849536
      ],
      "exit_codes": [
        1,
        1,
        1,
        1,
        1,
        1,
        1,
        1,
        1,
        1
      ]
    },
    {
      "command": "panache",
      "mean": 0.6453473684,
      "stddev": 0.07919072240085091,
      "median": 0.64163239,
      "user": 1.9871366,
      "system": 0.1499549,
      "min": 0.568410158,
      "max": 0.7399128960000001,
      "times": [
        0.568751511,
        0.568410158,
        0.70967945,
        0.57358533,
        0.727201308,
        0.56963635,
        0.711793674,
        0.5731258100000001,
        0.711377197,
        0.7399128960000001
      ],
      "memory_usage_byte": [
        54849536,
        54849536,
        54849536,
        54849536,
        54849536,
        54849536,
        54849536,
        54849536,
        54849536,
        54849536
      ],
      "exit_codes": [
        0,
        0,
        0,
        0,
        0,
        0,
        0,
        0,
        0,
        0
      ]
    },
    {
      "command": "mdsmith-parity",
      "mean": 0.11647625330000003,
      "stddev": 0.005674355412561346,
      "median": 0.1145325595,
      "user": 0.33192750000000004,
      "system": 0.035422600000000005,
      "min": 0.11071008600000001,
      "max": 0.12519471000000001,
      "times": [
        0.11071008600000001,
        0.112596661,
        0.112590246,
        0.11179743900000001,
        0.11646845800000001,
        0.12519471000000001,
        0.111156637,
        0.124960182,
        0.117627174,
        0.12166094000000001
      ],
      "memory_usage_byte": [
        67997696,
        67997696,
        67997696,
        67997696,
        67997696,
        67997696,
        67997696,
        67997696,
        67997696,
        67997696
      ],
      "exit_codes": [
        1,
        1,
        1,
        1,
        1,
        1,
        1,
        1,
        1,
        1
      ]
    },
    {
      "command": "mdsmith",
      "mean": 0.4844742928,
      "stddev": 0.011815179839721426,
      "median": 0.481267541,
      "user": 1.0685107,
      "system": 0.5557038000000001,
      "min": 0.46979564,
      "max": 0.500971543,
      "times": [
        0.493378299,
        0.485217681,
        0.495071323,
        0.476980561,
        0.47208648200000003,
        0.47464492100000005,
        0.47731740100000003,
        0.500971543,
        0.499279077,
        0.46979564
      ],
      "memory_usage_byte": [
        80932864,
        80932864,
        80932864,
        80932864,
        80932864,
        80932864,
        80932864,
        80932864,
        80932864,
        80932864
      ],
      "exit_codes": [
        1,
        1,
        1,
        1,
        1,
        1,
        1,
        1,
        1,
        1
      ]
    }
  ]
}
