{
  "results": [
    {
      "command": "mado",
      "mean": 0.06743968750000001,
      "stddev": 0.002241103735031928,
      "median": 0.0668439955,
      "user": 0.1050811,
      "system": 0.0210248,
      "min": 0.065549957,
      "max": 0.071960881,
      "times": [
        0.066305659,
        0.06686552800000001,
        0.065549957,
        0.06605380100000001,
        0.071960881,
        0.065590097,
        0.066822463,
        0.067243961,
        0.06688912300000001,
        0.071115405
      ],
      "memory_usage_byte": [
        31596544,
        31596544,
        31596544,
        31789056,
        31789056,
        31789056,
        31789056,
        31789056,
        31789056,
        31789056
      ],
      "exit_codes": [
        1,
        1,
        1,
        1,
        1,
        1,
        1,
        1,
        1,
        1
      ]
    },
    {
      "command": "rumdl",
      "mean": 0.3264183336,
      "stddev": 0.004873867158116949,
      "median": 0.32697104350000006,
      "user": 1.0080183999999999,
      "system": 0.0755329,
      "min": 0.319989889,
      "max": 0.33496990200000004,
      "times": [
        0.32831428100000004,
        0.324896281,
        0.32861315900000004,
        0.32017570900000003,
        0.33496990200000004,
        0.331467475,
        0.32805236800000004,
        0.325889719,
        0.319989889,
        0.321814553
      ],
      "memory_usage_byte": [
        52985856,
        52985856,
        52985856,
        52985856,
        52985856,
        52985856,
        52985856,
        52985856,
        52985856,
        52985856
      ],
      "exit_codes": [
        1,
        1,
        1,
        1,
        1,
        1,
        1,
        1,
        1,
        1
      ]
    },
    {
      "command": "panache",
      "mean": 0.6696159636000001,
      "stddev": 0.0804544433671021,
      "median": 0.60926598,
      "user": 2.1350361999999996,
      "system": 0.152427,
      "min": 0.604346338,
      "max": 0.764627669,
      "times": [
        0.607294921,
        0.7603532000000001,
        0.764627669,
        0.6051181370000001,
        0.609698095,
        0.763409898,
        0.608833865,
        0.763882912,
        0.6085946010000001,
        0.604346338
      ],
      "memory_usage_byte": [
        52985856,
        52985856,
        52985856,
        52985856,
        52985856,
        52985856,
        52985856,
        52985856,
        52985856,
        52985856
      ],
      "exit_codes": [
        0,
        0,
        0,
        0,
        0,
        0,
        0,
        0,
        0,
        0
      ]
    },
    {
      "command": "gomarklint",
      "mean": 0.0586037508,
      "stddev": 0.005737896666600419,
      "median": 0.056683431500000006,
      "user": 0.13050979999999998,
      "system": 0.029078399999999997,
      "min": 0.053035282,
      "max": 0.07022843200000001,
      "times": [
        0.056959537000000005,
        0.053035282,
        0.05416431100000001,
        0.059443254,
        0.055323956,
        0.057447420000000006,
        0.06756361300000001,
        0.055464377,
        0.07022843200000001,
        0.056407326
      ],
      "memory_usage_byte": [
        52985856,
        52985856,
        52985856,
        52985856,
        52985856,
        52985856,
        52985856,
        52985856,
        52985856,
        52985856
      ],
      "exit_codes": [
        1,
        1,
        1,
        1,
        1,
        1,
        1,
        1,
        1,
        1
      ]
    },
    {
      "command": "mdsmith-parity",
      "mean": 0.060168408400000005,
      "stddev": 0.0007176921435218111,
      "median": 0.060034624,
      "user": 0.17736770000000002,
      "system": 0.0221936,
      "min": 0.05934222200000001,
      "max": 0.061720441,
      "times": [
        0.061720441,
        0.060375346,
        0.05993272,
        0.059418387,
        0.060343238,
        0.059785710000000006,
        0.05973917,
        0.060890322000000004,
        0.05934222200000001,
        0.060136528
      ],
      "memory_usage_byte": [
        52985856,
        52985856,
        52985856,
        52985856,
        52985856,
        52985856,
        52985856,
        52985856,
        52985856,
        52985856
      ],
      "exit_codes": [
        1,
        1,
        1,
        1,
        1,
        1,
        1,
        1,
        1,
        1
      ]
    },
    {
      "command": "mdsmith",
      "mean": 0.1787392518,
      "stddev": 0.0062047216840207114,
      "median": 0.17760029500000002,
      "user": 0.5118725000000002,
      "system": 0.0645736,
      "min": 0.17364432300000002,
      "max": 0.195640696,
      "times": [
        0.17905219900000002,
        0.17782530400000002,
        0.175861338,
        0.17364432300000002,
        0.17934138500000002,
        0.17527161100000002,
        0.17737528600000002,
        0.17791688600000002,
        0.195640696,
        0.17546349
      ],
      "memory_usage_byte": [
        54083584,
        56406016,
        56406016,
        56406016,
        56406016,
        56406016,
        56406016,
        56406016,
        60465152,
        60465152
      ],
      "exit_codes": [
        1,
        1,
        1,
        1,
        1,
        1,
        1,
        1,
        1,
        1
      ]
    }
  ]
}
