{
  "results": [
    {
      "command": "mado",
      "mean": 0.04702674960000001,
      "stddev": 0.0023417740194530672,
      "median": 0.0461508065,
      "user": 0.0758875,
      "system": 0.007518899999999999,
      "min": 0.045331294,
      "max": 0.051602028,
      "times": [
        0.046159333000000004,
        0.045907196000000004,
        0.051602028,
        0.046586758000000006,
        0.04614228,
        0.045647905,
        0.045331294,
        0.046328426000000006,
        0.045363102,
        0.051199174
      ],
      "memory_usage_byte": [
        29589504,
        29589504,
        29589504,
        29589504,
        29655040,
        29655040,
        29655040,
        29827072,
        29827072,
        29827072
      ],
      "exit_codes": [
        1,
        1,
        1,
        1,
        1,
        1,
        1,
        1,
        1,
        1
      ]
    },
    {
      "command": "rumdl",
      "mean": 0.19598203060000002,
      "stddev": 0.0024308802132463657,
      "median": 0.1948164865,
      "user": 0.6453120999999999,
      "system": 0.035970699999999994,
      "min": 0.193641051,
      "max": 0.200668869,
      "times": [
        0.194680132,
        0.193641051,
        0.19495284100000002,
        0.19384532100000001,
        0.19906932000000002,
        0.19421600400000003,
        0.19439831500000002,
        0.19671857,
        0.197629883,
        0.200668869
      ],
      "memory_usage_byte": [
        52195328,
        52195328,
        52195328,
        52195328,
        52195328,
        52195328,
        52195328,
        52195328,
        52195328,
        52195328
      ],
      "exit_codes": [
        1,
        1,
        1,
        1,
        1,
        1,
        1,
        1,
        1,
        1
      ]
    },
    {
      "command": "panache",
      "mean": 0.5564653082000001,
      "stddev": 0.017345661449862246,
      "median": 0.560722505,
      "user": 1.602757,
      "system": 0.05807759999999999,
      "min": 0.523524525,
      "max": 0.576899986,
      "times": [
        0.557876849,
        0.5606445290000001,
        0.5722882610000001,
        0.527614256,
        0.562305913,
        0.560800481,
        0.576899986,
        0.560263077,
        0.523524525,
        0.562435205
      ],
      "memory_usage_byte": [
        52195328,
        52195328,
        52195328,
        52195328,
        52195328,
        52195328,
        52195328,
        52195328,
        52195328,
        52195328
      ],
      "exit_codes": [
        0,
        0,
        0,
        0,
        0,
        0,
        0,
        0,
        0,
        0
      ]
    },
    {
      "command": "gomarklint",
      "mean": 0.0321046601,
      "stddev": 0.002043551528198965,
      "median": 0.032277228500000005,
      "user": 0.07281589999999999,
      "system": 0.0107977,
      "min": 0.028780262,
      "max": 0.036162481,
      "times": [
        0.033328437,
        0.032697679,
        0.032368954000000005,
        0.028780262,
        0.029311184,
        0.036162481,
        0.032185503000000004,
        0.032081959,
        0.032474061000000005,
        0.031656081
      ],
      "memory_usage_byte": [
        52195328,
        52195328,
        52195328,
        52195328,
        52195328,
        52195328,
        52195328,
        52195328,
        52195328,
        52195328
      ],
      "exit_codes": [
        1,
        1,
        1,
        1,
        1,
        1,
        1,
        1,
        1,
        1
      ]
    },
    {
      "command": "mdsmith-parity",
      "mean": 0.05613747179999999,
      "stddev": 0.002112564864311405,
      "median": 0.0555860765,
      "user": 0.15852739999999998,
      "system": 0.012577399999999999,
      "min": 0.054657372,
      "max": 0.061892596,
      "times": [
        0.055880918,
        0.055901797,
        0.055296606000000005,
        0.054762549,
        0.061892596,
        0.054657372,
        0.055535542,
        0.056746334,
        0.055064393,
        0.055636611
      ],
      "memory_usage_byte": [
        52195328,
        52195328,
        52195328,
        52195328,
        52195328,
        52195328,
        52195328,
        52195328,
        52195328,
        52195328
      ],
      "exit_codes": [
        1,
        1,
        1,
        1,
        1,
        1,
        1,
        1,
        1,
        1
      ]
    },
    {
      "command": "mdsmith",
      "mean": 0.1439779354,
      "stddev": 0.0015147216568795175,
      "median": 0.1440756125,
      "user": 0.42657229999999996,
      "system": 0.030492000000000002,
      "min": 0.141809224,
      "max": 0.14602958800000002,
      "times": [
        0.145188686,
        0.143021429,
        0.144506522,
        0.14560256000000002,
        0.141809224,
        0.142421258,
        0.143644703,
        0.14602958800000002,
        0.145160214,
        0.14239517000000002
      ],
      "memory_usage_byte": [
        52195328,
        52195328,
        52195328,
        52195328,
        52195328,
        52195328,
        52195328,
        52195328,
        52195328,
        52195328
      ],
      "exit_codes": [
        1,
        1,
        1,
        1,
        1,
        1,
        1,
        1,
        1,
        1
      ]
    }
  ]
}
