{
  "results": [
    {
      "command": "markdownlint-cli2",
      "mean": 3.0667313398333333,
      "stddev": 0.03285789227258199,
      "median": 3.054586666,
      "user": 4.502227,
      "system": 0.32296733333333333,
      "min": 3.03724456,
      "max": 3.112766031,
      "times": [
        3.042972949,
        3.100725425,
        3.040478691,
        3.03724456,
        3.112766031,
        3.066200383
      ],
      "memory_usage_byte": [
        354033664,
        382504960,
        382504960,
        382504960,
        386719744,
        386719744
      ],
      "exit_codes": [
        1,
        1,
        1,
        1,
        1,
        1
      ]
    }
  ]
}
