{
  "results": [
    {
      "command": "markdownlint-cli2",
      "mean": 4.274953437833334,
      "stddev": 0.11026268060082382,
      "median": 4.2291936475,
      "user": 6.536209333333333,
      "system": 0.252731,
      "min": 4.200144595,
      "max": 4.488695671,
      "times": [
        4.488695671,
        4.229101802,
        4.20544686,
        4.229285493,
        4.200144595,
        4.297046206
      ],
      "memory_usage_byte": [
        383496192,
        383496192,
        383496192,
        394551296,
        394551296,
        394551296
      ],
      "exit_codes": [
        1,
        1,
        1,
        1,
        1,
        1
      ]
    }
  ]
}
