{
  "results": [
    {
      "command": "mado",
      "mean": 0.046593238599999996,
      "stddev": 0.0002981328673532426,
      "median": 0.0465714325,
      "user": 0.0749026,
      "system": 0.0066351,
      "min": 0.046048593000000006,
      "max": 0.047111818,
      "times": [
        0.046048593000000006,
        0.046420917000000006,
        0.046470099,
        0.046563776,
        0.046579089000000004,
        0.046892288000000004,
        0.046693487000000006,
        0.047111818,
        0.046365927,
        0.046786392
      ],
      "memory_usage_byte": [
        29544448,
        29544448,
        29544448,
        29544448,
        29945856,
        29945856,
        29945856,
        29945856,
        29945856,
        29945856
      ],
      "exit_codes": [
        1,
        1,
        1,
        1,
        1,
        1,
        1,
        1,
        1,
        1
      ]
    },
    {
      "command": "rumdl",
      "mean": 0.1916738503,
      "stddev": 0.0019728535666397335,
      "median": 0.1911156045,
      "user": 0.6208946999999999,
      "system": 0.0397389,
      "min": 0.18916846,
      "max": 0.195301098,
      "times": [
        0.195301098,
        0.194270719,
        0.19112890000000002,
        0.19111941500000001,
        0.190806087,
        0.190308378,
        0.18916846,
        0.190134183,
        0.191111794,
        0.193389469
      ],
      "memory_usage_byte": [
        50216960,
        50216960,
        50216960,
        50216960,
        50216960,
        50216960,
        50216960,
        50675712,
        50675712,
        50675712
      ],
      "exit_codes": [
        1,
        1,
        1,
        1,
        1,
        1,
        1,
        1,
        1,
        1
      ]
    },
    {
      "command": "panache",
      "mean": 0.5462603873999999,
      "stddev": 0.01936990296557457,
      "median": 0.557736112,
      "user": 1.5671389,
      "system": 0.065191,
      "min": 0.516174447,
      "max": 0.561634563,
      "times": [
        0.5588238280000001,
        0.5554089790000001,
        0.557639364,
        0.561634563,
        0.516174447,
        0.558256277,
        0.5580790880000001,
        0.518577778,
        0.52017669,
        0.55783286
      ],
      "memory_usage_byte": [
        50675712,
        50675712,
        50675712,
        50675712,
        50675712,
        50675712,
        50675712,
        50675712,
        50675712,
        50675712
      ],
      "exit_codes": [
        0,
        0,
        0,
        0,
        0,
        0,
        0,
        0,
        0,
        0
      ]
    },
    {
      "command": "gomarklint",
      "mean": 0.030345977099999998,
      "stddev": 0.0013703753256520195,
      "median": 0.030063941000000004,
      "user": 0.0720712,
      "system": 0.013113900000000001,
      "min": 0.028961753000000003,
      "max": 0.03299685,
      "times": [
        0.030032510000000002,
        0.029864854000000003,
        0.030533664000000002,
        0.02906904,
        0.030095372000000002,
        0.028961753000000003,
        0.032514784000000005,
        0.03299685,
        0.030113669000000003,
        0.029277275000000002
      ],
      "memory_usage_byte": [
        50675712,
        50675712,
        50675712,
        50675712,
        50675712,
        50675712,
        50675712,
        50675712,
        50675712,
        50675712
      ],
      "exit_codes": [
        1,
        1,
        1,
        1,
        1,
        1,
        1,
        1,
        1,
        1
      ]
    },
    {
      "command": "mdsmith-gomarklint-parity",
      "mean": 0.039268856000000005,
      "stddev": 0.00037293317850133805,
      "median": 0.039352317000000005,
      "user": 0.1114501,
      "system": 0.015005899999999997,
      "min": 0.038491072,
      "max": 0.039719219,
      "times": [
        0.039719219,
        0.038491072,
        0.03950112,
        0.038999215000000004,
        0.039318873000000004,
        0.039592634,
        0.039016050000000004,
        0.039581628,
        0.039082988,
        0.039385761000000005
      ],
      "memory_usage_byte": [
        50675712,
        50675712,
        50675712,
        50675712,
        50675712,
        50675712,
        50675712,
        50675712,
        50675712,
        50675712
      ],
      "exit_codes": [
        1,
        1,
        1,
        1,
        1,
        1,
        1,
        1,
        1,
        1
      ]
    },
    {
      "command": "mdsmith-mado-parity",
      "mean": 0.0500465607,
      "stddev": 0.004388954153850223,
      "median": 0.0483302435,
      "user": 0.1268473,
      "system": 0.016120199999999998,
      "min": 0.047523333,
      "max": 0.061453242000000005,
      "times": [
        0.053753422,
        0.04826631,
        0.048590724,
        0.061453242000000005,
        0.047924930000000004,
        0.047523333,
        0.048547201000000005,
        0.047846155,
        0.048166113,
        0.048394177000000003
      ],
      "memory_usage_byte": [
        50675712,
        50675712,
        50675712,
        50675712,
        50675712,
        50675712,
        50675712,
        50675712,
        50675712,
        50675712
      ],
      "exit_codes": [
        1,
        1,
        1,
        1,
        1,
        1,
        1,
        1,
        1,
        1
      ]
    },
    {
      "command": "mdsmith-rumdl-parity",
      "mean": 0.0651942192,
      "stddev": 0.004626385465174534,
      "median": 0.064242112,
      "user": 0.16996090000000003,
      "system": 0.018778899999999998,
      "min": 0.060764354000000007,
      "max": 0.07406902800000001,
      "times": [
        0.060764354000000007,
        0.07406902800000001,
        0.072234299,
        0.061963699000000004,
        0.065171345,
        0.060988742000000006,
        0.06655200600000001,
        0.064872357,
        0.063611867,
        0.061714495
      ],
      "memory_usage_byte": [
        50675712,
        50675712,
        50675712,
        50675712,
        50675712,
        50675712,
        50675712,
        50675712,
        50675712,
        50675712
      ],
      "exit_codes": [
        1,
        1,
        1,
        1,
        1,
        1,
        1,
        1,
        1,
        1
      ]
    },
    {
      "command": "mdsmith-markdownlint-parity",
      "mean": 0.06533979440000001,
      "stddev": 0.004081190502395518,
      "median": 0.06288466300000001,
      "user": 0.17202889999999998,
      "system": 0.017115,
      "min": 0.06132166000000001,
      "max": 0.071670808,
      "times": [
        0.06132166000000001,
        0.06932835500000001,
        0.062645168,
        0.071670808,
        0.067041322,
        0.062409277000000006,
        0.062474678000000006,
        0.062094831,
        0.063124158,
        0.071287687
      ],
      "memory_usage_byte": [
        50675712,
        50675712,
        50675712,
        50675712,
        50675712,
        50675712,
        50675712,
        50675712,
        50675712,
        50675712
      ],
      "exit_codes": [
        1,
        1,
        1,
        1,
        1,
        1,
        1,
        1,
        1,
        1
      ]
    },
    {
      "command": "mdsmith",
      "mean": 0.1440208769,
      "stddev": 0.002071560381751903,
      "median": 0.143796327,
      "user": 0.4165883,
      "system": 0.03528490000000001,
      "min": 0.141170819,
      "max": 0.14751408400000002,
      "times": [
        0.14367791400000002,
        0.142847934,
        0.141170819,
        0.14119266600000002,
        0.145146148,
        0.144357454,
        0.14751408400000002,
        0.146720568,
        0.143666442,
        0.14391474
      ],
      "memory_usage_byte": [
        50675712,
        50675712,
        50675712,
        50675712,
        50675712,
        50675712,
        50675712,
        50675712,
        50675712,
        50675712
      ],