{
  "results": [
    {
      "command": "mado",
      "mean": 0.045455643100000005,
      "stddev": 0.000304882342564199,
      "median": 0.045325129500000005,
      "user": 0.07224159999999999,
      "system": 0.007769400000000001,
      "min": 0.045213547,
      "max": 0.046150697000000004,
      "times": [
        0.045341729000000004,
        0.045283933000000005,
        0.045213547,
        0.045265795000000004,
        0.045840691,
        0.04530853,
        0.045523193,
        0.045344674,
        0.046150697000000004,
        0.045283642000000006
      ],
      "memory_usage_byte": [
        29605888,
        29605888,
        29605888,
        29605888,
        29605888,
        29605888,
        29605888,
        29605888,
        29605888,
        29605888
      ],
      "exit_codes": [
        1,
        1,
        1,
        1,
        1,
        1,
        1,
        1,
        1,
        1
      ]
    },
    {
      "command": "rumdl",
      "mean": 0.1881296953,
      "stddev": 0.0010670040829614752,
      "median": 0.18786263150000002,
      "user": 0.6165419999999999,
      "system": 0.03926229999999999,
      "min": 0.186208062,
      "max": 0.189771233,
      "times": [
        0.18781909600000002,
        0.189418623,
        0.18756671600000002,
        0.18889219000000002,
        0.187250891,
        0.187906167,
        0.18865614500000003,
        0.18780783,
        0.189771233,
        0.186208062
      ],
      "memory_usage_byte": [
        50094080,
        50094080,
        50638848,
        50638848,
        50638848,
        50638848,
        50638848,
        50638848,
        50638848,
        50638848
      ],
      "exit_codes": [
        1,
        1,
        1,
        1,
        1,
        1,
        1,
        1,
        1,
        1
      ]
    },
    {
      "command": "panache",
      "mean": 0.5509627006000001,
      "stddev": 0.01234667032813733,
      "median": 0.5540822030000001,
      "user": 1.5577408,
      "system": 0.05968049999999999,
      "min": 0.516506656,
      "max": 0.5595593640000001,
      "times": [
        0.552654627,
        0.516506656,
        0.5507885680000001,
        0.555791495,
        0.55636016,
        0.5537171240000001,
        0.5564420640000001,
        0.5595593640000001,
        0.5533596660000001,
        0.554447282
      ],
      "memory_usage_byte": [
        50638848,
        50638848,
        50638848,
        50638848,
        50638848,
        50638848,
        50638848,
        50638848,
        50638848,
        50638848
      ],
      "exit_codes": [
        0,
        0,
        0,
        0,
        0,
        0,
        0,
        0,
        0,
        0
      ]
    },
    {
      "command": "gomarklint",
      "mean": 0.030090007699999997,
      "stddev": 0.0009662468421346186,
      "median": 0.030038090500000003,
      "user": 0.07027760000000001,
      "system": 0.0139563,
      "min": 0.028928506000000003,
      "max": 0.031533375,
      "times": [
        0.031385263000000004,
        0.029301648000000003,
        0.029824113000000003,
        0.031533375,
        0.028928506000000003,
        0.030854033000000003,
        0.029195658000000003,
        0.030252068000000003,
        0.029092723,
        0.03053269
      ],
      "memory_usage_byte": [
        50638848,
        50638848,
        50638848,
        50638848,
        50638848,
        50638848,
        50638848,
        50638848,
        50638848,
        50638848
      ],
      "exit_codes": [
        1,
        1,
        1,
        1,
        1,
        1,
        1,
        1,
        1,
        1
      ]
    },
    {
      "command": "mdsmith-gomarklint-parity",
      "mean": 0.038878902199999996,
      "stddev": 0.0017619394316217938,
      "median": 0.038207211500000005,
      "user": 0.11172379999999997,
      "system": 0.012238299999999999,
      "min": 0.037679413,
      "max": 0.043281131,
      "times": [
        0.038113455000000004,
        0.037894406000000005,
        0.038025994,
        0.037679413,
        0.038170060000000006,
        0.038347557000000004,
        0.038324924,
        0.038244363,
        0.040707719,
        0.043281131
      ],
      "memory_usage_byte": [
        50638848,
        50638848,
        50638848,
        50638848,
        50638848,
        50638848,
        50638848,
        50638848,
        50638848,
        50638848
      ],
      "exit_codes": [
        1,
        1,
        1,
        1,
        1,
        1,
        1,
        1,
        1,
        1
      ]
    },
    {
      "command": "mdsmith-mado-parity",
      "mean": 0.047817244800000006,
      "stddev": 0.0019586212476301796,
      "median": 0.047448896000000004,
      "user": 0.1265659,
      "system": 0.011923899999999998,
      "min": 0.046049836000000004,
      "max": 0.052576937000000004,
      "times": [
        0.048400613,
        0.046395126,
        0.052576937000000004,
        0.049228771000000004,
        0.046049836000000004,
        0.046337340000000005,
        0.047427339000000006,
        0.047470453,
        0.047857386,
        0.046428647
      ],
      "memory_usage_byte": [
        50638848,
        50638848,
        50638848,
        50638848,
        50638848,
        50638848,
        50638848,
        50638848,
        50638848,
        50638848
      ],
      "exit_codes": [
        1,
        1,
        1,
        1,
        1,
        1,
        1,
        1,
        1,
        1
      ]
    },
    {
      "command": "mdsmith-rumdl-parity",
      "mean": 0.0621115563,
      "stddev": 0.0011134496858856732,
      "median": 0.062030867,
      "user": 0.16967799999999997,
      "system": 0.0171753,
      "min": 0.060914462,
      "max": 0.06485167600000001,
      "times": [
        0.061277248000000006,
        0.06202177800000001,
        0.062233607,
        0.062343522000000005,
        0.060968313,
        0.060914462,
        0.06485167600000001,
        0.062458796000000004,
        0.06203995600000001,
        0.062006205
      ],
      "memory_usage_byte": [
        50638848,
        50638848,
        50638848,
        50638848,
        50638848,
        50638848,
        50638848,
        50638848,
        50638848,
        50638848
      ],
      "exit_codes": [
        1,
        1,
        1,
        1,
        1,
        1,
        1,
        1,
        1,
        1
      ]
    },
    {
      "command": "mdsmith-markdownlint-parity",
      "mean": 0.0643405496,
      "stddev": 0.004158701981072761,
      "median": 0.061924334000000004,
      "user": 0.17019559999999997,
      "system": 0.016596500000000004,
      "min": 0.060222875,
      "max": 0.07356979300000001,
      "times": [
        0.061558051,
        0.061711071000000006,
        0.062017652000000006,
        0.061831016,
        0.067692281,
        0.06607671100000001,
        0.061821409,
        0.07356979300000001,
        0.066904637,
        0.060222875
      ],
      "memory_usage_byte": [
        50638848,
        50638848,
        50638848,
        50638848,
        50638848,
        50638848,
        50638848,
        50638848,
        50638848,
        50638848
      ],
      "exit_codes": [
        1,
        1,
        1,
        1,
        1,
        1,
        1,
        1,
        1,
        1
      ]
    },
    {
      "command": "mdsmith",
      "mean": 0.1399528576,
      "stddev": 0.0011750078405331967,
      "median": 0.1399265775,
      "user": 0.4109857,
      "system": 0.0339855,
      "min": 0.137691042,
      "max": 0.141468499,
      "times": [
        0.139399768,
        0.137691042,
        0.141212775,
        0.14001634500000001,
        0.1411929,
        0.139687646,
        0.13983681,
        0.138768363,
        0.14025442800000001,
        0.141468499
      ],