{
  "results": [
    {
      "command": "mado",
      "mean": 0.06295244000000001,
      "stddev": 0.0039660805446462295,
      "median": 0.061081737000000004,
      "user": 0.0974113,
      "system": 0.0218519,
      "min": 0.060237676000000004,
      "max": 0.071163294,
      "times": [
        0.062318080000000005,
        0.060983193000000005,
        0.06093115600000001,
        0.061180281,
        0.061535386000000004,
        0.071163294,
        0.060934021000000005,
        0.060237676000000004,
        0.06958099400000001,
        0.060660319000000004
      ],
      "memory_usage_byte": [
        29077504,
        29077504,
        29077504,
        29077504,
        29077504,
        29077504,
        29077504,
        29077504,
        33030144,
        33030144
      ],
      "exit_codes": [
        1,
        1,
        1,
        1,
        1,
        1,
        1,
        1,
        1,
        1
      ]
    },
    {
      "command": "rumdl",
      "mean": 0.31499239030000004,
      "stddev": 0.004401924806146987,
      "median": 0.31604389050000004,
      "user": 0.9547319,
      "system": 0.0705496,
      "min": 0.30561834600000004,
      "max": 0.31907224500000003,
      "times": [
        0.31907224500000003,
        0.31474159500000004,
        0.318444968,
        0.316828363,
        0.312245702,
        0.31817691600000003,
        0.30561834600000004,
        0.31904971800000004,
        0.31048663200000004,
        0.315259418
      ],
      "memory_usage_byte": [
        52211712,
        52772864,
        52772864,
        52772864,
        52772864,
        52989952,
        52989952,
        53145600,
        53145600,
        53145600
      ],
      "exit_codes": [
        1,
        1,
        1,
        1,
        1,
        1,
        1,
        1,
        1,
        1
      ]
    },
    {
      "command": "panache",
      "mean": 0.6407994961,
      "stddev": 0.07295332011266965,
      "median": 0.6401305585000001,
      "user": 2.0417479,
      "system": 0.1384832,
      "min": 0.567216602,
      "max": 0.7396095970000001,
      "times": [
        0.572797784,
        0.5827477950000001,
        0.569415949,
        0.7007374860000001,
        0.570704349,
        0.70638838,
        0.7396095970000001,
        0.697513322,
        0.567216602,
        0.7008636970000001
      ],
      "memory_usage_byte": [
        53145600,
        53145600,
        53145600,
        53145600,
        53145600,
        53145600,
        53145600,
        53145600,
        53145600,
        53145600
      ],
      "exit_codes": [
        0,
        0,
        0,
        0,
        0,
        0,
        0,
        0,
        0,
        0
      ]
    },
    {
      "command": "mdsmith-parity",
      "mean": 0.11212844139999997,
      "stddev": 0.0009915121916739319,
      "median": 0.1123164535,
      "user": 0.3464256,
      "system": 0.029269299999999998,
      "min": 0.11065562200000001,
      "max": 0.11349196700000001,
      "times": [
        0.112499,
        0.112133907,
        0.11173423900000001,
        0.11282162400000001,
        0.11349196700000001,
        0.11118332,
        0.113345213,
        0.11252273500000001,
        0.11089678700000001,
        0.11065562200000001
      ],
      "memory_usage_byte": [
        53145600,
        53145600,
        53145600,
        53145600,
        53145600,
        53145600,
        53145600,
        53145600,
        53145600,
        53145600
      ],
      "exit_codes": [
        1,
        1,
        1,
        1,
        1,
        1,
        1,
        1,
        1,
        1
      ]
    },
    {
      "command": "mdsmith",
      "mean": 0.48120236,
      "stddev": 0.012002744181139034,
      "median": 0.4776374485,
      "user": 1.0797864,
      "system": 0.5310883,
      "min": 0.46702693700000003,
      "max": 0.503368901,
      "times": [
        0.46702693700000003,
        0.503368901,
        0.48953431500000005,
        0.47977071400000004,
        0.47473070700000003,
        0.487601088,
        0.471692037,
        0.49418418900000005,
        0.46861052900000005,
        0.475504183
      ],
      "memory_usage_byte": [
        72744960,
        72744960,
        72744960,
        72744960,
        72744960,
        72744960,
        72744960,
        72744960,
        72744960,
        72744960
      ],
      "exit_codes": [
        1,
        1,
        1,
        1,
        1,
        1,
        1,
        1,
        1,
        1
      ]
    }
  ]
}
