{
  "results": [
    {
      "command": "mado",
      "mean": 0.067320503,
      "stddev": 0.0032958503226308378,
      "median": 0.0658354065,
      "user": 0.10904069999999999,
      "system": 0.018871,
      "min": 0.065307631,
      "max": 0.07493213500000001,
      "times": [
        0.065784496,
        0.065647289,
        0.065319613,
        0.065886317,
        0.07178633400000001,
        0.065307631,
        0.06550175500000001,
        0.07493213500000001,
        0.06662387,
        0.06641559000000001
      ],
      "memory_usage_byte": [
        28909568,
        29167616,
        29167616,
        29167616,
        29167616,
        31068160,
        31068160,
        31068160,
        31068160,
        31068160
      ],
      "exit_codes": [
        1,
        1,
        1,
        1,
        1,
        1,
        1,
        1,
        1,
        1
      ]
    },
    {
      "command": "rumdl",
      "mean": 0.3452891359,
      "stddev": 0.015740075975056413,
      "median": 0.34176750450000004,
      "user": 1.0429067,
      "system": 0.07132839999999999,
      "min": 0.329209034,
      "max": 0.382454534,
      "times": [
        0.335040551,
        0.34074152500000005,
        0.345333899,
        0.34279348400000004,
        0.329209034,
        0.34383611000000003,
        0.340459006,
        0.382454534,
        0.361166617,
        0.33185659900000003
      ],
      "memory_usage_byte": [
        55377920,
        55377920,
        55377920,
        55377920,
        55377920,
        55377920,
        55377920,
        55377920,
        55377920,
        55377920
      ],
      "exit_codes": [
        1,
        1,
        1,
        1,
        1,
        1,
        1,
        1,
        1,
        1
      ]
    },
    {
      "command": "panache",
      "mean": 0.6484849570000001,
      "stddev": 0.06397977269639209,
      "median": 0.619123198,
      "user": 2.2174638,
      "system": 0.1491292,
      "min": 0.6123795820000001,
      "max": 0.7778270620000001,
      "times": [
        0.6123795820000001,
        0.6159959650000001,
        0.613798049,
        0.6179232100000001,
        0.7778270620000001,
        0.614736999,
        0.760854323,
        0.625523332,
        0.6254878620000001,
        0.620323186
      ],
      "memory_usage_byte": [
        55377920,
        55377920,
        55377920,
        55377920,
        55377920,
        55377920,
        55377920,
        55377920,
        55377920,
        55377920
      ],
      "exit_codes": [
        0,
        0,
        0,
        0,
        0,
        0,
        0,
        0,
        0,
        0
      ]
    },
    {
      "command": "gomarklint",
      "mean": 0.0657962613,
      "stddev": 0.009206114210674774,
      "median": 0.0709883505,
      "user": 0.1408151,
      "system": 0.0208509,
      "min": 0.052686418000000006,
      "max": 0.075474709,
      "times": [
        0.075474709,
        0.06964584600000001,
        0.072330855,
        0.072936946,
        0.055015907,
        0.054844766,
        0.07245821200000001,
        0.073623187,
        0.052686418000000006,
        0.058945767
      ],
      "memory_usage_byte": [
        55377920,
        55377920,
        55377920,
        55377920,
        55377920,
        55377920,
        55377920,
        55377920,
        55377920,
        55377920
      ],
      "exit_codes": [
        1,
        1,
        1,
        1,
        1,
        1,
        1,
        1,
        1,
        1
      ]
    },
    {
      "command": "mdsmith-parity",
      "mean": 0.0651476496,
      "stddev": 0.0026118466189146805,
      "median": 0.0643554635,
      "user": 0.1924046,
      "system": 0.0244692,
      "min": 0.06362322000000001,
      "max": 0.072376508,
      "times": [
        0.065565553,
        0.06362322000000001,
        0.072376508,
        0.06381139300000001,
        0.06488179100000001,
        0.063764904,
        0.064754773,
        0.06411367,
        0.063987427,
        0.064597257
      ],
      "memory_usage_byte": [
        55377920,
        55377920,
        55377920,
        55377920,
        55377920,
        55377920,
        55377920,
        55377920,
        55377920,
        55377920
      ],
      "exit_codes": [
        1,
        1,
        1,
        1,
        1,
        1,
        1,
        1,
        1,
        1
      ]
    },
    {
      "command": "mdsmith",
      "mean": 0.1821219671,
      "stddev": 0.002500208051428717,
      "median": 0.181243502,
      "user": 0.5380566000000001,
      "system": 0.058092099999999994,
      "min": 0.178977156,
      "max": 0.186308627,
      "times": [
        0.18326513900000002,
        0.17993044500000002,
        0.181284354,
        0.18120265000000002,
        0.178977156,
        0.185882137,
        0.18340720000000002,
        0.186308627,
        0.18054688000000002,
        0.180415083
      ],
      "memory_usage_byte": [
        55377920,
        55377920,
        55377920,
        55377920,
        55377920,
        55377920,
        55377920,
        56418304,
        56418304,
        56418304
      ],
      "exit_codes": [
        1,
        1,
        1,
        1,
        1,
        1,
        1,
        1,
        1,
        1
      ]
    }
  ]
}
