{
  "results": [
    {
      "command": "markdownlint-cli2",
      "mean": 3.1024589585,
      "stddev": 0.11067419517600284,
      "median": 3.087026154,
      "user": 4.625286833333333,
      "system": 0.25042616666666667,
      "min": 2.980390021,
      "max": 3.262662566,
      "times": [
        3.197215255,
        3.000433601,
        3.262662566,
        3.0668569469999998,
        3.107195361,
        2.980390021
      ],
      "memory_usage_byte": [
        382623744,
        382623744,
        382623744,
        382623744,
        382623744,
        382623744
      ],
      "exit_codes": [
        1,
        1,
        1,
        1,
        1,
        1
      ]
    }
  ]
}
