{
  "results": [
    {
      "command": "mado",
      "mean": 0.0475691545,
      "stddev": 0.001882521150098762,
      "median": 0.0468161515,
      "user": 0.07557159999999999,
      "system": 0.0077434,
      "min": 0.045759989,
      "max": 0.052082809,
      "times": [
        0.052082809,
        0.04750494,
        0.046558123,
        0.049622612,
        0.046550281000000006,
        0.047271678000000004,
        0.045759989,
        0.046766126000000005,
        0.046866177,
        0.04670881
      ],
      "memory_usage_byte": [
        29773824,
        29773824,
        29786112,
        29786112,
        31932416,
        31932416,
        31932416,
        31932416,
        31932416,
        31932416
      ],
      "exit_codes": [
        1,
        1,
        1,
        1,
        1,
        1,
        1,
        1,
        1,
        1
      ]
    },
    {
      "command": "rumdl",
      "mean": 0.19253329410000003,
      "stddev": 0.0030336957771832777,
      "median": 0.19173120300000002,
      "user": 0.6172637999999999,
      "system": 0.0404837,
      "min": 0.18915969200000002,
      "max": 0.19750677300000002,
      "times": [
        0.195303222,
        0.189604773,
        0.196348248,
        0.19205623800000002,
        0.193893547,
        0.19140616800000002,
        0.19750677300000002,
        0.190009863,
        0.18915969200000002,
        0.19004441700000002
      ],
      "memory_usage_byte": [
        52338688,
        52338688,
        52338688,
        52338688,
        52338688,
        52338688,
        53493760,
        53493760,
        53493760,
        53493760
      ],
      "exit_codes": [
        1,
        1,
        1,
        1,
        1,
        1,
        1,
        1,
        1,
        1
      ]
    },
    {
      "command": "panache",
      "mean": 0.5286182847,
      "stddev": 0.008011760734169976,
      "median": 0.532498718,
      "user": 1.5936852,
      "system": 0.0624956,
      "min": 0.5156089150000001,
      "max": 0.535560408,
      "times": [
        0.534516683,
        0.535560408,
        0.535029647,
        0.51825942,
        0.533110415,
        0.53268919,
        0.5156089150000001,
        0.532308246,
        0.517709441,
        0.531390482
      ],
      "memory_usage_byte": [
        53493760,
        53493760,
        53493760,
        53493760,
        53493760,
        53493760,
        53493760,
        53493760,
        53493760,
        53493760
      ],
      "exit_codes": [
        0,
        0,
        0,
        0,
        0,
        0,
        0,
        0,
        0,
        0
      ]
    },
    {
      "command": "mdsmith-parity",
      "mean": 0.1351599781,
      "stddev": 0.0012800735960237601,
      "median": 0.13521083250000002,
      "user": 0.28418,
      "system": 0.0422513,
      "min": 0.133694147,
      "max": 0.137803811,
      "times": [
        0.134046137,
        0.135400228,
        0.135835745,
        0.13376812800000001,
        0.133694147,
        0.13427086600000002,
        0.137803811,
        0.13606801500000001,
        0.13502143700000002,
        0.135691267
      ],
      "memory_usage_byte": [
        61689856,
        61689856,
        61689856,
        61689856,
        61689856,
        61689856,
        61689856,
        61689856,
        61689856,
        61689856
      ],
      "exit_codes": [
        1,
        1,
        1,
        1,
        1,
        1,
        1,
        1,
        1,
        1
      ]
    },
    {
      "command": "mdsmith",
      "mean": 0.25108604760000003,
      "stddev": 0.004359186626574055,
      "median": 0.2525504475,
      "user": 0.5789742999999999,
      "system": 0.0914441,
      "min": 0.24140709700000001,
      "max": 0.255249341,
      "times": [
        0.246462802,
        0.25478112,
        0.24140709700000001,
        0.252058386,
        0.254464022,
        0.249603276,
        0.250270371,
        0.255249341,
        0.253042509,
        0.25352155200000004
      ],
      "memory_usage_byte": [
        82460672,
        82460672,
        82460672,
        82460672,
        82460672,
        82460672,
        82468864,
        82477056,
        82583552,
        82583552
      ],
      "exit_codes": [
        1,
        1,
        1,
        1,
        1,
        1,
        1,
        1,
        1,
        1
      ]
    }
  ]
}
