{
  "results": [
    {
      "command": "mado",
      "mean": 0.06490249740000001,
      "stddev": 0.003869471119523075,
      "median": 0.06319653750000001,
      "user": 0.10343719999999998,
      "system": 0.019723599999999997,
      "min": 0.06221647,
      "max": 0.07252226,
      "times": [
        0.063052352,
        0.071782257,
        0.06221647,
        0.07252226,
        0.064251744,
        0.063136676,
        0.062252077,
        0.06298793,
        0.063566809,
        0.063256399
      ],
      "memory_usage_byte": [
        33112064,
        33112064,
        33112064,
        33112064,
        33112064,
        33112064,
        33112064,
        33112064,
        33112064,
        33112064
      ],
      "exit_codes": [
        1,
        1,
        1,
        1,
        1,
        1,
        1,
        1,
        1,
        1
      ]
    },
    {
      "command": "rumdl",
      "mean": 0.33219078240000005,
      "stddev": 0.02685281157281366,
      "median": 0.32219734850000004,
      "user": 0.9915580999999998,
      "system": 0.0740878,
      "min": 0.31299144900000003,
      "max": 0.40187473700000004,
      "times": [
        0.319271526,
        0.319509651,
        0.322040097,
        0.31299144900000003,
        0.353370613,
        0.40187473700000004,
        0.32933383800000005,
        0.322962976,
        0.32235460000000005,
        0.318198337
      ],
      "memory_usage_byte": [
        51806208,
        52609024,
        52609024,
        52609024,
        52609024,
        52609024,
        52609024,
        52609024,
        52609024,
        52609024
      ],
      "exit_codes": [
        1,
        1,
        1,
        1,
        1,
        1,
        1,
        1,
        1,
        1
      ]
    },
    {
      "command": "panache",
      "mean": 0.664585897,
      "stddev": 0.05810900753825619,
      "median": 0.7037132665000001,
      "user": 2.0978269999999997,
      "system": 0.132354,
      "min": 0.593732531,
      "max": 0.7160361970000001,
      "times": [
        0.7089445120000001,
        0.7160361970000001,
        0.601869408,
        0.597547817,
        0.593732531,
        0.70495383,
        0.7129884240000001,
        0.711452764,
        0.5958607840000001,
        0.7024727030000001
      ],
      "memory_usage_byte": [
        52609024,
        52609024,
        52609024,
        52609024,
        52609024,
        52609024,
        52609024,
        52609024,
        52609024,
        52609024
      ],
      "exit_codes": [
        0,
        0,
        0,
        0,
        0,
        0,
        0,
        0,
        0,
        0
      ]
    },
    {
      "command": "mdsmith-parity",
      "mean": 0.10825439830000001,
      "stddev": 0.0014484867236123859,
      "median": 0.1078037325,
      "user": 0.3366481,
      "system": 0.030548299999999994,
      "min": 0.107354325,
      "max": 0.112235681,
      "times": [
        0.10849918700000001,
        0.10745547600000001,
        0.10790730300000001,
        0.107516781,
        0.107354325,
        0.10830516400000001,
        0.107551486,
        0.112235681,
        0.107700162,
        0.108018418
      ],
      "memory_usage_byte": [
        52609024,
        52609024,
        52609024,
        52609024,
        52609024,
        52609024,
        52609024,
        52609024,
        52609024,
        52609024
      ],
      "exit_codes": [
        1,
        1,
        1,
        1,
        1,
        1,
        1,
        1,
        1,
        1
      ]
    },
    {
      "command": "mdsmith",
      "mean": 0.4841329936,
      "stddev": 0.004119415232417991,
      "median": 0.4853329475,
      "user": 1.106613,
      "system": 0.5477495,
      "min": 0.47729711700000005,
      "max": 0.48962753400000003,
      "times": [
        0.48706427100000005,
        0.47729711700000005,
        0.487973019,
        0.47926894400000003,
        0.48660880900000003,
        0.480098375,
        0.48962753400000003,
        0.484454712,
        0.482725972,
        0.48621118300000005
      ],
      "memory_usage_byte": [
        53768192,
        53768192,
        59797504,
        59797504,
        59797504,
        59797504,
        59797504,
        59797504,
        59797504,
        59797504
      ],
      "exit_codes": [
        1,
        1,
        1,
        1,
        1,
        1,
        1,
        1,
        1,
        1
      ]
    }
  ]
}
