{
  "results": [
    {
      "command": "mado",
      "mean": 0.046993922,
      "stddev": 0.0038944375922836125,
      "median": 0.0451049855,
      "user": 0.0749075,
      "system": 0.008376,
      "min": 0.043847701,
      "max": 0.05581673400000001,
      "times": [
        0.044279462000000006,
        0.045029432,
        0.050171423,
        0.045180539000000006,
        0.050526301,
        0.045268812000000005,
        0.043847701,
        0.044873411,
        0.044945405,
        0.05581673400000001
      ],
      "memory_usage_byte": [
        29650944,
        29650944,
        29650944,
        29650944,
        29650944,
        29650944,
        29650944,
        29650944,
        29650944,
        29650944
      ],
      "exit_codes": [
        1,
        1,
        1,
        1,
        1,
        1,
        1,
        1,
        1,
        1
      ]
    },
    {
      "command": "rumdl",
      "mean": 0.1988851956,
      "stddev": 0.007847998789081233,
      "median": 0.195692162,
      "user": 0.6464592999999998,
      "system": 0.0344373,
      "min": 0.193664038,
      "max": 0.219660649,
      "times": [
        0.193664038,
        0.200738371,
        0.19406146400000002,
        0.194956327,
        0.195143445,
        0.195281312,
        0.19666471500000002,
        0.19610301200000002,
        0.219660649,
        0.202578623
      ],
      "memory_usage_byte": [
        48357376,
        48357376,
        48357376,
        49311744,
        49311744,
        49311744,
        49311744,
        50483200,
        50483200,
        50483200
      ],
      "exit_codes": [
        1,
        1,
        1,
        1,
        1,
        1,
        1,
        1,
        1,
        1
      ]
    },
    {
      "command": "panache",
      "mean": 0.5446166863,
      "stddev": 0.016987199409247065,
      "median": 0.5518697345000001,
      "user": 1.6070687999999997,
      "system": 0.051733600000000005,
      "min": 0.522034082,
      "max": 0.565210363,
      "times": [
        0.527907102,
        0.554044673,
        0.558534828,
        0.522124278,
        0.530709905,
        0.549694796,
        0.561144666,
        0.565210363,
        0.55476217,
        0.522034082
      ],
      "memory_usage_byte": [
        50483200,
        50483200,
        50483200,
        50483200,
        50483200,
        50483200,
        50483200,
        50483200,
        50483200,
        50483200
      ],
      "exit_codes": [
        0,
        0,
        0,
        0,
        0,
        0,
        0,
        0,
        0,
        0
      ]
    },
    {
      "command": "gomarklint",
      "mean": 0.030420859900000007,
      "stddev": 0.0019197543757768403,
      "median": 0.030963079500000004,
      "user": 0.07361979999999999,
      "system": 0.0101672,
      "min": 0.027822992,
      "max": 0.032865820000000004,
      "times": [
        0.032282975000000005,
        0.031480757000000005,
        0.030445402000000003,
        0.028692619000000003,
        0.032865820000000004,
        0.032265856,
        0.028691451000000003,
        0.027822992,
        0.028131562000000002,
        0.031529165000000005
      ],
      "memory_usage_byte": [
        50483200,
        50483200,
        50483200,
        50483200,
        50483200,
        50483200,
        50483200,
        50483200,
        50483200,
        50483200
      ],
      "exit_codes": [
        1,
        1,
        1,
        1,
        1,
        1,
        1,
        1,
        1,
        1
      ]
    },
    {
      "command": "mdsmith-gomarklint-parity",
      "mean": 0.0422701404,
      "stddev": 0.0029666839602006537,
      "median": 0.040807516,
      "user": 0.12133429999999998,
      "system": 0.013671599999999997,
      "min": 0.039897925,
      "max": 0.047663314000000005,
      "times": [
        0.040799565,
        0.047177893000000005,
        0.047663314000000005,
        0.04057119,
        0.040939244,
        0.04053656,
        0.040095778000000006,
        0.039897925,
        0.044204468000000004,
        0.040815467
      ],
      "memory_usage_byte": [
        50483200,
        50483200,
        50483200,
        50483200,
        50483200,
        50483200,
        50483200,
        50483200,
        50483200,
        50483200
      ],
      "exit_codes": [
        1,
        1,
        1,
        1,
        1,
        1,
        1,
        1,
        1,
        1
      ]
    },
    {
      "command": "mdsmith-mado-parity",
      "mean": 0.051416312500000005,
      "stddev": 0.003955656795801041,
      "median": 0.049606,
      "user": 0.1377915,
      "system": 0.0134536,
      "min": 0.049089196,
      "max": 0.059791055,
      "times": [
        0.049469654,
        0.057822158000000005,
        0.059791055,
        0.049089196,
        0.049742346,
        0.049874852000000004,
        0.049156549,
        0.049236755,
        0.049169773,
        0.050810787
      ],
      "memory_usage_byte": [
        50483200,
        50483200,
        50483200,
        50483200,
        50483200,
        50483200,
        50483200,
        50483200,
        50483200,
        50483200
      ],
      "exit_codes": [
        1,
        1,
        1,
        1,
        1,
        1,
        1,
        1,
        1,
        1
      ]
    },
    {
      "command": "mdsmith-rumdl-parity",
      "mean": 0.0680471184,
      "stddev": 0.0036136374312170476,
      "median": 0.06741872,
      "user": 0.17810049999999997,
      "system": 0.0187733,
      "min": 0.063255006,
      "max": 0.07412328700000001,
      "times": [
        0.069724082,
        0.063255006,
        0.064292256,
        0.06928984,
        0.07412328700000001,
        0.068023398,
        0.06496397400000001,
        0.073201127,
        0.066784172,
        0.066814042
      ],
      "memory_usage_byte": [
        50483200,
        50483200,
        50483200,
        50483200,
        50483200,
        50483200,
        50483200,
        50483200,
        50483200,
        50483200
      ],
      "exit_codes": [
        1,
        1,
        1,
        1,
        1,
        1,
        1,
        1,
        1,
        1
      ]
    },
    {
      "command": "mdsmith-markdownlint-parity",
      "mean": 0.0651530572,
      "stddev": 0.0016613928430689847,
      "median": 0.06503942,
      "user": 0.18181899999999998,
      "system": 0.0166438,
      "min": 0.06299534700000001,
      "max": 0.069029844,
      "times": [
        0.066177155,
        0.064975009,
        0.065103831,
        0.06299534700000001,
        0.063957493,
        0.069029844,
        0.06542038800000001,
        0.064649577,
        0.06368040400000001,
        0.065541524
      ],
      "memory_usage_byte": [
        50483200,
        50483200,
        50483200,
        50483200,
        50483200,
        50483200,
        50483200,
        50483200,
        50483200,
        50483200
      ],
      "exit_codes": [
        1,
        1,
        1,
        1,
        1,
        1,
        1,
        1,
        1,
        1
      ]
    },
    {
      "command": "mdsmith",
      "mean": 0.1441986644,
      "stddev": 0.0020581546269680673,
      "median": 0.14377309,
      "user": 0.4200973,
      "system": 0.03404359999999999,
      "min": 0.142205785,
      "max": 0.14918320300000001,
      "times": [
        0.145141539,
        0.143354735,
        0.142205785,
        0.144662116,
        0.142450235,
        0.144191445,
        0.142858928,
        0.142843795,
        0.14918320300000001,
        0.14509486300000002
      ],
      "memory_usage_byte": [
        50483200,
        50483200,
        50483200,
        50483200,
        50483200,
        50483200,
        50483200,
        50483200,
        50483200,
        50483200
      ],
      "exit_codes": [
        1,
        1,
        1,
        1,
        1,
        1,
        1,
        1,
        1,
        1
      ]
    }
  ]
}
