{
  "results": [
    {
      "command": "markdownlint-cli2",
      "mean": 5.041274985833334,
      "stddev": 0.09159399561672377,
      "median": 5.039535925499999,
      "user": 7.582721833333333,
      "system": 0.3250496666666667,
      "min": 4.888053311,
      "max": 5.169728212,
      "times": [
        5.033723626,
        5.028033708,
        5.045348225,
        5.169728212,
        5.082762833,
        4.888053311
      ],
      "memory_usage_byte": [
        401534976,
        401534976,
        401534976,
        401534976,
        401534976,
        401534976
      ],
      "exit_codes": [
        1,
        1,
        1,
        1,
        1,
        1
      ]
    }
  ]
}
