{
  "results": [
    {
      "command": "markdownlint-cli2",
      "mean": 3.0921216699999996,
      "stddev": 0.10574305840959337,
      "median": 3.0395529585,
      "user": 4.653490000000001,
      "system": 0.2696203333333333,
      "min": 3.011958904,
      "max": 3.256325402,
      "times": [
        3.256325402,
        3.193333237,
        3.01200656,
        3.026709938,
        3.011958904,
        3.052395979
      ],
      "memory_usage_byte": [
        377393152,
        396054528,
        396054528,
        396054528,
        396054528,
        396054528
      ],
      "exit_codes": [
        1,
        1,
        1,
        1,
        1,
        1
      ]
    }
  ]
}
