{
  "results": [
    {
      "command": "mado",
      "mean": 0.06829789,
      "stddev": 0.0015990144224880824,
      "median": 0.067827833,
      "user": 0.10539779999999999,
      "system": 0.0226843,
      "min": 0.06713686,
      "max": 0.07253780500000001,
      "times": [
        0.06867984,
        0.068418435,
        0.06740394300000001,
        0.06805238200000001,
        0.067285364,
        0.067603284,
        0.067263682,
        0.07253780500000001,
        0.06859730500000001,
        0.06713686
      ],
      "memory_usage_byte": [
        29847552,
        29847552,
        29847552,
        29847552,
        29847552,
        29847552,
        29847552,
        29847552,
        29847552,
        29847552
      ],
      "exit_codes": [
        1,
        1,
        1,
        1,
        1,
        1,
        1,
        1,
        1,
        1
      ]
    },
    {
      "command": "rumdl",
      "mean": 0.34146449390000005,
      "stddev": 0.005539326456325009,
      "median": 0.3402872455,
      "user": 1.0297269,
      "system": 0.07950159999999999,
      "min": 0.334340982,
      "max": 0.35323370800000004,
      "times": [
        0.341718672,
        0.35323370800000004,
        0.339808457,
        0.337691571,
        0.34236325500000003,
        0.340766034,
        0.33758615200000003,
        0.33884209800000004,
        0.334340982,
        0.34829401000000004
      ],
      "memory_usage_byte": [
        55013376,
        55013376,
        55013376,
        55013376,
        55013376,
        55013376,
        55013376,
        55013376,
        55013376,
        55013376
      ],
      "exit_codes": [
        1,
        1,
        1,
        1,
        1,
        1,
        1,
        1,
        1,
        1
      ]
    },
    {
      "command": "panache",
      "mean": 0.6830769089000001,
      "stddev": 0.07964843999517246,
      "median": 0.6227362935,
      "user": 2.1818465,
      "system": 0.162939,
      "min": 0.6197190690000001,
      "max": 0.7798174160000001,
      "times": [
        0.6197190690000001,
        0.773774964,
        0.622084323,
        0.7798174160000001,
        0.6213580790000001,
        0.620975621,
        0.6209141380000001,
        0.777071829,
        0.623388264,
        0.771665386
      ],
      "memory_usage_byte": [
        55013376,
        55013376,
        55013376,
        55013376,
        55013376,
        55013376,
        55013376,
        55013376,
        55013376,
        55013376
      ],
      "exit_codes": [
        0,
        0,
        0,
        0,
        0,
        0,
        0,
        0,
        0,
        0
      ]
    },
    {
      "command": "gomarklint",
      "mean": 0.0615250042,
      "stddev": 0.006544737784574375,
      "median": 0.058459460000000005,
      "user": 0.1370318,
      "system": 0.028490599999999998,
      "min": 0.053764002000000005,
      "max": 0.070750411,
      "times": [
        0.069093816,
        0.070750411,
        0.06793444900000001,
        0.056084840000000004,
        0.067842315,
        0.053764002000000005,
        0.057868938,
        0.059049982,
        0.0570984,
        0.055762889
      ],
      "memory_usage_byte": [
        55013376,
        55013376,
        55013376,
        55013376,
        55013376,
        55013376,
        55013376,
        55013376,
        55013376,
        55013376
      ],
      "exit_codes": [
        1,
        1,
        1,
        1,
        1,
        1,
        1,
        1,
        1,
        1
      ]
    },
    {
      "command": "mdsmith-parity",
      "mean": 0.060769351799999996,
      "stddev": 0.0007032050530297854,
      "median": 0.060685631000000004,
      "user": 0.175452,
      "system": 0.0240791,
      "min": 0.059745432,
      "max": 0.062211169000000004,
      "times": [
        0.060631089000000006,
        0.060480391,
        0.060983991,
        0.060740173,
        0.06157303100000001,
        0.060358978,
        0.06017058300000001,
        0.059745432,
        0.062211169000000004,
        0.06079868100000001
      ],
      "memory_usage_byte": [
        55013376,
        55013376,
        55013376,
        55013376,
        55013376,
        55013376,
        55013376,
        55013376,
        55013376,
        55013376
      ],
      "exit_codes": [
        1,
        1,
        1,
        1,
        1,
        1,
        1,
        1,
        1,
        1
      ]
    },
    {
      "command": "mdsmith",
      "mean": 0.1755682452,
      "stddev": 0.001955721187616121,
      "median": 0.175372105,
      "user": 0.5014004,
      "system": 0.06769149999999999,
      "min": 0.17200822300000002,
      "max": 0.179473993,
      "times": [
        0.174793046,
        0.17200822300000002,
        0.175391179,
        0.17676206400000002,
        0.17535303100000002,
        0.179473993,
        0.17583341700000002,
        0.177017325,
        0.17467453800000002,
        0.174375636
      ],
      "memory_usage_byte": [
        55013376,
        55013376,
        55013376,
        55013376,
        55013376,
        58834944,
        58834944,
        58834944,
        58834944,
        58834944
      ],
      "exit_codes": [
        1,
        1,
        1,
        1,
        1,
        1,
        1,
        1,
        1,
        1
      ]
    }
  ]
}
