{
  "results": [
    {
      "command": "markdownlint-cli2",
      "mean": 3.277075664333333,
      "stddev": 0.09544961220996856,
      "median": 3.272339925,
      "user": 4.932415333333333,
      "system": 0.2750155,
      "min": 3.160945967,
      "max": 3.416561256,
      "times": [
        3.263109189,
        3.416561256,
        3.348552681,
        3.160945967,
        3.281570661,
        3.191714232
      ],
      "memory_usage_byte": [
        386134016,
        394948608,
        394948608,
        394948608,
        394948608,
        394948608
      ],
      "exit_codes": [
        1,
        1,
        1,
        1,
        1,
        1
      ]
    }
  ]
}
