{
  "results": [
    {
      "command": "markdownlint-cli2",
      "mean": 4.615952574833333,
      "stddev": 0.24791399470687345,
      "median": 4.4669868985,
      "user": 6.943577,
      "system": 0.41565916666666664,
      "min": 4.464720838,
      "max": 5.052628513,
      "times": [
        4.7791789,
        5.052628513,
        4.465731221,
        4.464720838,
        4.465213401,
        4.468242576
      ],
      "memory_usage_byte": [
        389619712,
        392134656,
        392134656,
        392134656,
        392134656,
        392134656
      ],
      "exit_codes": [
        1,
        1,
        1,
        1,
        1,
        1
      ]
    }
  ]
}
