{
  "results": [
    {
      "command": "mado",
      "mean": 0.0473536503,
      "stddev": 0.003964400036632195,
      "median": 0.046259956500000005,
      "user": 0.0729197,
      "system": 0.010261800000000001,
      "min": 0.045534807000000004,
      "max": 0.058598115000000006,
      "times": [
        0.045926468000000005,
        0.046434304,
        0.045534807000000004,
        0.045955442000000006,
        0.046215845000000005,
        0.046304068000000004,
        0.046416317000000006,
        0.058598115000000006,
        0.04647756,
        0.045673577
      ],
      "memory_usage_byte": [
        31780864,
        31780864,
        31780864,
        31780864,
        31780864,
        31780864,
        31780864,
        31780864,
        31780864,
        31780864
      ],
      "exit_codes": [
        1,
        1,
        1,
        1,
        1,
        1,
        1,
        1,
        1,
        1
      ]
    },
    {
      "command": "rumdl",
      "mean": 0.1903552221,
      "stddev": 0.0014460190147347783,
      "median": 0.190399516,
      "user": 0.6156877,
      "system": 0.0399509,
      "min": 0.18847056,
      "max": 0.1927453,
      "times": [
        0.18861285500000002,
        0.190077625,
        0.190721407,
        0.189680817,
        0.18914087200000002,
        0.190794617,
        0.1927453,
        0.18847056,
        0.19101741300000002,
        0.192290755
      ],
      "memory_usage_byte": [
        50950144,
        50950144,
        50950144,
        50950144,
        50950144,
        50950144,
        52355072,
        52355072,
        52355072,
        52355072
      ],
      "exit_codes": [
        1,
        1,
        1,
        1,
        1,
        1,
        1,
        1,
        1,
        1
      ]
    },
    {
      "command": "panache",
      "mean": 0.5463015333000001,
      "stddev": 0.016747022778217095,
      "median": 0.5553286235000001,
      "user": 1.5646406,
      "system": 0.0661542,
      "min": 0.5148055500000001,
      "max": 0.558341561,
      "times": [
        0.524961797,
        0.556645605,
        0.5566138230000001,
        0.5575573970000001,
        0.558341561,
        0.5540434240000001,
        0.5148055500000001,
        0.528012731,
        0.553943464,
        0.5580899810000001
      ],
      "memory_usage_byte": [
        52355072,
        52355072,
        52355072,
        52355072,
        52355072,
        52355072,
        52355072,
        52355072,
        52355072,
        52355072
      ],
      "exit_codes": [
        0,
        0,
        0,
        0,
        0,
        0,
        0,
        0,
        0,
        0
      ]
    },
    {
      "command": "gomarklint",
      "mean": 0.0296346088,
      "stddev": 0.0009499288438319767,
      "median": 0.029137668000000002,
      "user": 0.0689198,
      "system": 0.015035799999999998,
      "min": 0.028514021,
      "max": 0.031129233000000003,
      "times": [
        0.030884659000000002,
        0.029072705,
        0.029202631000000003,
        0.030175898000000003,
        0.029034807000000003,
        0.029013716000000002,
        0.028514021,
        0.030533058000000002,
        0.031129233000000003,
        0.028785360000000003
      ],
      "memory_usage_byte": [
        52355072,
        52355072,
        52355072,
        52355072,
        52355072,
        52355072,
        52355072,
        52355072,
        52355072,
        52355072
      ],
      "exit_codes": [
        1,
        1,
        1,
        1,
        1,
        1,
        1,
        1,
        1,
        1
      ]
    },
    {
      "command": "mdsmith-parity",
      "mean": 0.052344038999999995,
      "stddev": 0.0006314638247572948,
      "median": 0.052476180000000004,
      "user": 0.14168589999999998,
      "system": 0.014643100000000003,
      "min": 0.051357204000000004,
      "max": 0.053156414000000006,
      "times": [
        0.05262042,
        0.052910998,
        0.053156414000000006,
        0.053083239000000004,
        0.052508547,
        0.052443813000000006,
        0.051357204000000004,
        0.051948586000000005,
        0.051737427,
        0.051673742
      ],
      "memory_usage_byte": [
        52355072,
        52355072,
        52355072,
        52355072,
        52355072,
        52355072,
        52355072,
        52355072,
        52355072,
        52355072
      ],
      "exit_codes": [
        1,
        1,
        1,
        1,
        1,
        1,
        1,
        1,
        1,
        1
      ]
    },
    {
      "command": "mdsmith",
      "mean": 0.1401058557,
      "stddev": 0.0018266134390095916,
      "median": 0.139829759,
      "user": 0.40788349999999995,
      "system": 0.0350833,
      "min": 0.13760603300000002,
      "max": 0.144557614,
      "times": [
        0.14086394000000002,
        0.144557614,
        0.139384097,
        0.138934909,
        0.14022610700000002,
        0.13959674700000002,
        0.13760603300000002,
        0.140669766,
        0.139156573,
        0.140062771
      ],
      "memory_usage_byte": [
        52355072,
        52355072,
        52355072,
        52355072,
        52355072,
        52355072,
        52355072,
        52355072,
        52355072,
        52355072
      ],
      "exit_codes": [
        1,
        1,
        1,
        1,
        1,
        1,
        1,
        1,
        1,
        1
      ]
    }
  ]
}
