{
  "results": [
    {
      "command": "mado",
      "mean": 0.044022512400000005,
      "stddev": 0.001982449653493386,
      "median": 0.043564404,
      "user": 0.06917579999999998,
      "system": 0.0073098,
      "min": 0.042393928000000004,
      "max": 0.049527231000000005,
      "times": [
        0.043723179,
        0.043898329,
        0.043303486,
        0.049527231000000005,
        0.04329564,
        0.043448731000000004,
        0.04314163,
        0.042393928000000004,
        0.043812893000000006,
        0.043680077000000005
      ],
      "memory_usage_byte": [
        29716480,
        29716480,
        29761536,
        29761536,
        29761536,
        29761536,
        29761536,
        29761536,
        29761536,
        29761536
      ],
      "exit_codes": [
        1,
        1,
        1,
        1,
        1,
        1,
        1,
        1,
        1,
        1
      ]
    },
    {
      "command": "rumdl",
      "mean": 0.20395255300000006,
      "stddev": 0.0033270095007202653,
      "median": 0.2031943485,
      "user": 0.7076057,
      "system": 0.0235758,
      "min": 0.20014579300000002,
      "max": 0.21143978400000002,
      "times": [
        0.20014579300000002,
        0.202592184,
        0.21143978400000002,
        0.20221994100000001,
        0.204197348,
        0.20272389300000002,
        0.20624529000000003,
        0.200318446,
        0.20597804700000003,
        0.203664804
      ],
      "memory_usage_byte": [
        49192960,
        49942528,
        49942528,
        50323456,
        51724288,
        51724288,
        51724288,
        51724288,
        51724288,
        51724288
      ],
      "exit_codes": [
        1,
        1,
        1,
        1,
        1,
        1,
        1,
        1,
        1,
        1
      ]
    },
    {
      "command": "panache",
      "mean": 0.5530512017,
      "stddev": 0.02406812834210525,
      "median": 0.557973177,
      "user": 1.6689322999999998,
      "system": 0.037328799999999995,
      "min": 0.525146455,
      "max": 0.6039980140000001,
      "times": [
        0.540946126,
        0.527479648,
        0.560299689,
        0.527986241,
        0.6039980140000001,
        0.5695505790000001,
        0.559158911,
        0.525146455,
        0.558024945,
        0.557921409
      ],
      "memory_usage_byte": [
        51724288,
        51724288,
        51724288,
        51724288,
        51724288,
        51724288,
        51724288,
        51724288,
        51724288,
        51724288
      ],
      "exit_codes": [
        0,
        0,
        0,
        0,
        0,
        0,
        0,
        0,
        0,
        0
      ]
    },
    {
      "command": "gomarklint",
      "mean": 0.028597093400000002,
      "stddev": 0.0012364660750869526,
      "median": 0.028665226000000002,
      "user": 0.07500380000000001,
      "system": 0.009089499999999999,
      "min": 0.026930371,
      "max": 0.030935968,
      "times": [
        0.027437823,
        0.030935968,
        0.028797922,
        0.02853253,
        0.028428156000000003,
        0.029405100000000003,
        0.028975451000000003,
        0.027023605000000003,
        0.029504008,
        0.026930371
      ],
      "memory_usage_byte": [
        51724288,
        51724288,
        51724288,
        51724288,
        51724288,
        51724288,
        51724288,
        51724288,
        51724288,
        51724288
      ],
      "exit_codes": [
        1,
        1,
        1,
        1,
        1,
        1,
        1,
        1,
        1,
        1
      ]
    },
    {
      "command": "mdsmith-parity",
      "mean": 0.05231232610000001,
      "stddev": 0.0006578605583165355,
      "median": 0.0519852755,
      "user": 0.1467405,
      "system": 0.013663999999999999,
      "min": 0.051711441000000004,
      "max": 0.053389484,
      "times": [
        0.053389484,
        0.051993602,
        0.051711441000000004,
        0.051817675,
        0.051841291000000005,
        0.051976949,
        0.051727521000000005,
        0.052442050000000004,
        0.053279696,
        0.052943552000000005
      ],
      "memory_usage_byte": [
        51724288,
        51724288,
        51724288,
        51724288,
        51724288,
        51724288,
        51724288,
        51724288,
        51724288,
        51724288
      ],
      "exit_codes": [
        1,
        1,
        1,
        1,
        1,
        1,
        1,
        1,
        1,
        1
      ]
    },
    {
      "command": "mdsmith",
      "mean": 0.1361269144,
      "stddev": 0.0016043586700289789,
      "median": 0.13609772850000001,
      "user": 0.40276939999999994,
      "system": 0.026259999999999995,
      "min": 0.1340441,
      "max": 0.138671934,
      "times": [
        0.138671934,
        0.13770438000000002,
        0.1340441,
        0.136193129,
        0.136885742,
        0.13454212000000002,
        0.13442889500000002,
        0.136002328,
        0.135033663,
        0.13776285300000002
      ],
      "memory_usage_byte": [
        51838976,
        51838976,
        51838976,
        51838976,
        51838976,
        51838976,
        51838976,
        51838976,
        51838976,
        51838976
      ],
      "exit_codes": [
        1,
        1,
        1,
        1,
        1,
        1,
        1,
        1,
        1,
        1
      ]
    }
  ]
}
