{
  "results": [
    {
      "command": "mado",
      "mean": 0.04954633970000001,
      "stddev": 0.005169906442862322,
      "median": 0.046191841,
      "user": 0.0799638,
      "system": 0.008169699999999998,
      "min": 0.045593969000000005,
      "max": 0.058886646,
      "times": [
        0.046098158,
        0.045606312,
        0.058886646,
        0.045755338,
        0.052966509,
        0.045767281,
        0.045593969000000005,
        0.051512457000000005,
        0.056991203000000004,
        0.046285524
      ],
      "memory_usage_byte": [
        29601792,
        29601792,
        29720576,
        29720576,
        29720576,
        29720576,
        31281152,
        31281152,
        31281152,
        31776768
      ],
      "exit_codes": [
        1,
        1,
        1,
        1,
        1,
        1,
        1,
        1,
        1,
        1
      ]
    },
    {
      "command": "rumdl",
      "mean": 0.19666069790000001,
      "stddev": 0.002928447992216677,
      "median": 0.1958025875,
      "user": 0.6519363,
      "system": 0.0326845,
      "min": 0.192768181,
      "max": 0.20209094900000002,
      "times": [
        0.194436133,
        0.20209094900000002,
        0.196984613,
        0.194604736,
        0.198538462,
        0.192768181,
        0.195050096,
        0.19520731800000002,
        0.200528634,
        0.196397857
      ],
      "memory_usage_byte": [
        50290688,
        51200000,
        51200000,
        51200000,
        52568064,
        52568064,
        54435840,
        54435840,
        54435840,
        54435840
      ],
      "exit_codes": [
        1,
        1,
        1,
        1,
        1,
        1,
        1,
        1,
        1,
        1
      ]
    },
    {
      "command": "panache",
      "mean": 0.5574042719,
      "stddev": 0.011850540112095917,
      "median": 0.5602555325,
      "user": 1.5969279999999997,
      "system": 0.056153299999999996,
      "min": 0.524057152,
      "max": 0.5635784580000001,
      "times": [
        0.562556087,
        0.559173507,
        0.562766859,
        0.5635784580000001,
        0.560586924,
        0.55935296,
        0.524057152,
        0.55891777,
        0.559924141,
        0.563128861
      ],
      "memory_usage_byte": [
        54435840,
        54435840,
        54435840,
        54435840,
        54435840,
        54435840,
        54435840,
        54435840,
        54435840,
        54435840
      ],
      "exit_codes": [
        0,
        0,
        0,
        0,
        0,
        0,
        0,
        0,
        0,
        0
      ]
    },
    {
      "command": "mdsmith-parity",
      "mean": 0.1272743461,
      "stddev": 0.000632265758038411,
      "median": 0.1273138765,
      "user": 0.2941413,
      "system": 0.029551300000000003,
      "min": 0.126487937,
      "max": 0.12839371800000002,
      "times": [
        0.126910449,
        0.12745168,
        0.126566169,
        0.12775682300000002,
        0.12839371800000002,
        0.126487937,
        0.126619818,
        0.127838685,
        0.127176073,
        0.12754210900000001
      ],
      "memory_usage_byte": [
        60420096,
        60420096,
        60420096,
        60420096,
        60420096,
        60420096,
        60420096,
        60420096,
        60420096,
        60420096
      ],
      "exit_codes": [
        1,
        1,
        1,
        1,
        1,
        1,
        1,
        1,
        1,
        1
      ]
    },
    {
      "command": "mdsmith",
      "mean": 0.26680754779999993,
      "stddev": 0.028089041694005074,
      "median": 0.25220264400000003,
      "user": 0.599719,
      "system": 0.0697856,
      "min": 0.23999118900000002,
      "max": 0.306098449,
      "times": [
        0.24510556000000003,
        0.23999118900000002,
        0.24212791300000003,
        0.248012696,
        0.241746643,
        0.25639259200000003,
        0.28907935500000004,
        0.299315487,
        0.306098449,
        0.300205594
      ],
      "memory_usage_byte": [
        82706432,
        82706432,
        82706432,
        82706432,
        82706432,
        82706432,
        82706432,
        91504640,
        91504640,
        91504640
      ],
      "exit_codes": [
        1,
        1,
        1,
        1,
        1,
        1,
        1,
        1,
        1,
        1
      ]
    }
  ]
}
