{
  "results": [
    {
      "command": "markdownlint-cli2",
      "mean": 5.504621577333334,
      "stddev": 0.05691963967381008,
      "median": 5.5024360335,
      "user": 8.304437333333333,
      "system": 0.34105483333333325,
      "min": 5.438888266,
      "max": 5.582131668,
      "times": [
        5.438888266,
        5.552922382,
        5.517010152,
        5.582131668,
        5.448915081,
        5.487861915
      ],
      "memory_usage_byte": [
        372621312,
        372621312,
        372621312,
        372621312,
        381579264,
        381579264
      ],
      "exit_codes": [
        1,
        1,
        1,
        1,
        1,
        1
      ]
    }
  ]
}
