{
  "results": [
    {
      "command": "markdownlint-cli2",
      "mean": 3.1821743221666665,
      "stddev": 0.09032767288355531,
      "median": 3.1935876865,
      "user": 4.822431333333333,
      "system": 0.2688508333333333,
      "min": 3.06644327,
      "max": 3.320463133,
      "times": [
        3.194214188,
        3.06644327,
        3.192961185,
        3.320463133,
        3.218586986,
        3.100377171
      ],
      "memory_usage_byte": [
        380907520,
        380907520,
        383516672,
        383516672,
        383516672,
        383516672
      ],
      "exit_codes": [
        1,
        1,
        1,
        1,
        1,
        1
      ]
    }
  ]
}
