{
  "results": [
    {
      "command": "mado",
      "mean": 0.05834901400000001,
      "stddev": 0.002781074267276345,
      "median": 0.057078733500000006,
      "user": 0.08947909999999998,
      "system": 0.0189224,
      "min": 0.056677056,
      "max": 0.065318109,
      "times": [
        0.061219310000000006,
        0.057098448,
        0.0569858,
        0.056677056,
        0.05768844100000001,
        0.056970216000000004,
        0.065318109,
        0.057470876000000004,
        0.057059019,
        0.05700286500000001
      ],
      "memory_usage_byte": [
        28848128,
        28848128,
        28950528,
        28950528,
        28950528,
        28950528,
        29016064,
        29016064,
        29016064,
        29016064
      ],
      "exit_codes": [
        1,
        1,
        1,
        1,
        1,
        1,
        1,
        1,
        1,
        1
      ]
    },
    {
      "command": "rumdl",
      "mean": 0.28345020220000006,
      "stddev": 0.003304238610775985,
      "median": 0.283085806,
      "user": 0.8511616999999999,
      "system": 0.0758773,
      "min": 0.27999734800000003,
      "max": 0.291560639,
      "times": [
        0.285664678,
        0.283273337,
        0.283056582,
        0.280232062,
        0.28257159600000004,
        0.28311503000000005,
        0.291560639,
        0.281401394,
        0.27999734800000003,
        0.283629356
      ],
      "memory_usage_byte": [
        51134464,
        51621888,
        56602624,
        56602624,
        56602624,
        56602624,
        56602624,
        56602624,
        56602624,
        56602624
      ],
      "exit_codes": [
        1,
        1,
        1,
        1,
        1,
        1,
        1,
        1,
        1,
        1
      ]
    },
    {
      "command": "panache",
      "mean": 0.5275112919,
      "stddev": 0.003308305235092387,
      "median": 0.5264337055000001,
      "user": 1.8907387,
      "system": 0.14644219999999997,
      "min": 0.524234851,
      "max": 0.533961254,
      "times": [
        0.5253252230000001,
        0.524534022,
        0.533961254,
        0.524234851,
        0.531177578,
        0.5266975260000001,
        0.5261698850000001,
        0.52839263,
        0.5301173570000001,
        0.524502593
      ],
      "memory_usage_byte": [
        56602624,
        56602624,
        56602624,
        56602624,
        56602624,
        56602624,
        56602624,
        56602624,
        56602624,
        56602624
      ],
      "exit_codes": [
        0,
        0,
        0,
        0,
        0,
        0,
        0,
        0,
        0,
        0
      ]
    },
    {
      "command": "mdsmith-parity",
      "mean": 0.10602134290000001,
      "stddev": 0.005528344831234905,
      "median": 0.1038226475,
      "user": 0.3041854,
      "system": 0.033818900000000006,
      "min": 0.102940692,
      "max": 0.12137955600000001,
      "times": [
        0.105465733,
        0.10511585000000001,
        0.106940296,
        0.103317724,
        0.103725912,
        0.102940692,
        0.12137955600000001,
        0.103762297,
        0.10368237100000001,
        0.103882998
      ],
      "memory_usage_byte": [
        56602624,
        56602624,
        56602624,
        56602624,
        56602624,
        56602624,
        61542400,
        61542400,
        61542400,
        61542400
      ],
      "exit_codes": [
        1,
        1,
        1,
        1,
        1,
        1,
        1,
        1,
        1,
        1
      ]
    },
    {
      "command": "mdsmith",
      "mean": 0.45589734010000005,
      "stddev": 0.00877664534867886,
      "median": 0.45316760100000003,
      "user": 0.9901770000000001,
      "system": 0.5408207,
      "min": 0.445173109,
      "max": 0.467640822,
      "times": [
        0.467640822,
        0.445173109,
        0.445942671,
        0.450591671,
        0.45566819300000005,
        0.46441372300000006,
        0.44897831200000005,
        0.46579385700000003,
        0.450667009,
        0.46410403400000005
      ],
      "memory_usage_byte": [
        67735552,
        70377472,
        70377472,
        70377472,
        70377472,
        70377472,
        70377472,
        70377472,
        70377472,
        70377472
      ],
      "exit_codes": [
        1,
        1,
        1,
        1,
        1,
        1,
        1,
        1,
        1,
        1
      ]
    }
  ]
}
