{
  "results": [
    {
      "command": "markdownlint-cli2",
      "mean": 3.1608690910000004,
      "stddev": 0.023888273675211968,
      "median": 3.167694203,
      "user": 4.6984675,
      "system": 0.257585,
      "min": 3.119491168,
      "max": 3.188968612,
      "times": [
        3.119491168,
        3.164624234,
        3.188968612,
        3.149741296,
        3.171625064,
        3.170764172
      ],
      "memory_usage_byte": [
        390148096,
        390148096,
        390148096,
        390148096,
        390148096,
        390148096
      ],
      "exit_codes": [
        1,
        1,
        1,
        1,
        1,
        1
      ]
    }
  ]
}
