{
  "results": [
    {
      "command": "markdownlint-cli2",
      "mean": 4.7566926490000006,
      "stddev": 0.12368535995050178,
      "median": 4.703267970500001,
      "user": 7.049326499999999,
      "system": 0.40928600000000004,
      "min": 4.674083589,
      "max": 4.996797593,
      "times": [
        4.996797593,
        4.681479521,
        4.708104051,
        4.674083589,
        4.78125925,
        4.69843189
      ],
      "memory_usage_byte": [
        394055680,
        394055680,
        394055680,
        396767232,
        396767232,
        396767232
      ],
      "exit_codes": [
        1,
        1,
        1,
        1,
        1,
        1
      ]
    }
  ]
}
