{
  "results": [
    {
      "command": "markdownlint-cli2",
      "mean": 4.650632992499999,
      "stddev": 0.24395036259296027,
      "median": 4.5559782435,
      "user": 6.934899000000001,
      "system": 0.4005365,
      "min": 4.525398876,
      "max": 5.147244261,
      "times": [
        5.147244261,
        4.525398876,
        4.576062491,
        4.566397471,
        4.545559016,
        4.54313584
      ],
      "memory_usage_byte": [
        381681664,
        381681664,
        381681664,
        381681664,
        381681664,
        386527232
      ],
      "exit_codes": [
        1,
        1,
        1,
        1,
        1,
        1
      ]
    }
  ]
}
