{
  "results": [
    {
      "command": "mado",
      "mean": 0.06421344300000001,
      "stddev": 0.005232744516719988,
      "median": 0.061788356,
      "user": 0.0991718,
      "system": 0.0227045,
      "min": 0.060751910000000006,
      "max": 0.076902551,
      "times": [
        0.061112602,
        0.060751910000000006,
        0.066658615,
        0.062432140000000004,
        0.060823393,
        0.062301297000000005,
        0.061075593000000004,
        0.076902551,
        0.068800914,
        0.06127541500000001
      ],
      "memory_usage_byte": [
        30900224,
        30900224,
        30900224,
        30900224,
        30900224,
        30900224,
        30900224,
        30900224,
        30900224,
        30900224
      ],
      "exit_codes": [
        1,
        1,
        1,
        1,
        1,
        1,
        1,
        1,
        1,
        1
      ]
    },
    {
      "command": "rumdl",
      "mean": 0.31764659019999997,
      "stddev": 0.005346167347559079,
      "median": 0.3162775685,
      "user": 0.9569483,
      "system": 0.07454229999999998,
      "min": 0.311750766,
      "max": 0.326387759,
      "times": [
        0.313351641,
        0.315358089,
        0.32618576200000005,
        0.312381253,
        0.326387759,
        0.316750433,
        0.316719556,
        0.321745062,
        0.311750766,
        0.31583558100000003
      ],
      "memory_usage_byte": [
        52178944,
        52178944,
        52543488,
        52543488,
        54255616,
        54255616,
        54255616,
        54439936,
        54439936,
        54439936
      ],
      "exit_codes": [
        1,
        1,
        1,
        1,
        1,
        1,
        1,
        1,
        1,
        1
      ]
    },
    {
      "command": "panache",
      "mean": 0.6400028337000001,
      "stddev": 0.05711670453548332,
      "median": 0.639272702,
      "user": 2.0415185,
      "system": 0.1364577,
      "min": 0.583544935,
      "max": 0.6974901480000001,
      "times": [
        0.694831874,
        0.6970873780000001,
        0.588332378,
        0.5837956830000001,
        0.5854737200000001,
        0.583544935,
        0.691009851,
        0.6974901480000001,
        0.690213026,
        0.5882493440000001
      ],
      "memory_usage_byte": [
        54439936,
        54439936,
        54439936,
        54439936,
        54439936,
        54439936,
        54439936,
        54439936,
        54439936,
        54439936
      ],
      "exit_codes": [
        0,
        0,
        0,
        0,
        0,
        0,
        0,
        0,
        0,
        0
      ]
    },
    {
      "command": "mdsmith-parity",
      "mean": 0.11402392719999999,
      "stddev": 0.0010598277024541746,
      "median": 0.11394163000000002,
      "user": 0.34871379999999996,
      "system": 0.030994099999999997,
      "min": 0.111988185,
      "max": 0.11591648400000001,
      "times": [
        0.11386961100000001,
        0.11329807600000001,
        0.113367095,
        0.113747333,
        0.114724584,
        0.11453147300000001,
        0.11401364900000001,
        0.11591648400000001,
        0.11478278200000001,
        0.111988185
      ],
      "memory_usage_byte": [
        54439936,
        54439936,
        54439936,
        54439936,
        54439936,
        54439936,
        54439936,
        54439936,
        54439936,
        54439936
      ],
      "exit_codes": [
        1,
        1,
        1,
        1,
        1,
        1,
        1,
        1,
        1,
        1
      ]
    },
    {
      "command": "mdsmith",
      "mean": 0.48798807150000006,
      "stddev": 0.01823033762437398,
      "median": 0.48393459400000005,
      "user": 1.0953834,
      "system": 0.5303628999999999,
      "min": 0.470096987,
      "max": 0.531741963,
      "times": [
        0.486211172,
        0.48553241700000005,
        0.477416102,
        0.500544781,
        0.470096987,
        0.531741963,
        0.48233677100000005,
        0.47753669400000004,
        0.47181012000000006,
        0.496653708
      ],
      "memory_usage_byte": [
        68468736,
        68739072,
        72294400,
        72294400,
        72294400,
        72908800,
        72908800,
        72908800,
        72908800,
        72908800
      ],
      "exit_codes": [
        1,
        1,
        1,
        1,
        1,
        1,
        1,
        1,
        1,
        1
      ]
    }
  ]
}
