{
  "results": [
    {
      "command": "mado",
      "mean": 0.046026365900000005,
      "stddev": 0.00030030704065023154,
      "median": 0.04608010600000001,
      "user": 0.072244,
      "system": 0.008319299999999998,
      "min": 0.045365101000000005,
      "max": 0.046554388,
      "times": [
        0.046113798000000004,
        0.046158315000000005,
        0.046106232000000004,
        0.04596357,
        0.045794116,
        0.046554388,
        0.046083461000000006,
        0.045365101000000005,
        0.046047927,
        0.046076751000000006
      ],
      "memory_usage_byte": [
        29765632,
        29765632,
        29765632,
        29818880,
        29818880,
        29818880,
        29818880,
        29818880,
        29818880,
        29818880
      ],
      "exit_codes": [
        1,
        1,
        1,
        1,
        1,
        1,
        1,
        1,
        1,
        1
      ]
    },
    {
      "command": "rumdl",
      "mean": 0.19155825840000001,
      "stddev": 0.003267322251733375,
      "median": 0.19010883900000003,
      "user": 0.6196895999999998,
      "system": 0.0381137,
      "min": 0.187341965,
      "max": 0.199073609,
      "times": [
        0.18990705100000002,
        0.19340462900000002,
        0.19342235500000002,
        0.192721256,
        0.18955432100000003,
        0.187341965,
        0.19021099800000002,
        0.199073609,
        0.19000668,
        0.18993972
      ],
      "memory_usage_byte": [
        47775744,
        55447552,
        55447552,
        55447552,
        55447552,
        55447552,
        55447552,
        55447552,
        55447552,
        55447552
      ],
      "exit_codes": [
        1,
        1,
        1,
        1,
        1,
        1,
        1,
        1,
        1,
        1
      ]
    },
    {
      "command": "panache",
      "mean": 0.5251984253,
      "stddev": 0.009134469473532816,
      "median": 0.530511833,
      "user": 1.5936208,
      "system": 0.0607961,
      "min": 0.5137208160000001,
      "max": 0.5348098170000001,
      "times": [
        0.5158133500000001,
        0.530312725,
        0.5145468470000001,
        0.534073648,
        0.5148042930000001,
        0.5313841960000001,
        0.5348098170000001,
        0.530710941,
        0.53180762,
        0.5137208160000001
      ],
      "memory_usage_byte": [
        55447552,
        55447552,
        55447552,
        55447552,
        55447552,
        55447552,
        55447552,
        55447552,
        55447552,
        55447552
      ],
      "exit_codes": [
        0,
        0,
        0,
        0,
        0,
        0,
        0,
        0,
        0,
        0
      ]
    },
    {
      "command": "mdsmith-parity",
      "mean": 0.13101254710000004,
      "stddev": 0.00282643158642937,
      "median": 0.1305174945,
      "user": 0.27256549999999996,
      "system": 0.043718099999999996,
      "min": 0.12870773900000002,
      "max": 0.138648345,
      "times": [
        0.131287919,
        0.131007877,
        0.13109335600000002,
        0.13060485100000002,
        0.129720691,
        0.12870773900000002,
        0.130430138,
        0.138648345,
        0.12896416400000002,
        0.129660391
      ],
      "memory_usage_byte": [
        59781120,
        59781120,
        59781120,
        59781120,
        59781120,
        59781120,
        59781120,
        59949056,
        59949056,
        59949056
      ],
      "exit_codes": [
        1,
        1,
        1,
        1,
        1,
        1,
        1,
        1,
        1,
        1
      ]
    },
    {
      "command": "mdsmith",
      "mean": 0.25085496640000005,
      "stddev": 0.0017905276218333707,
      "median": 0.2508289545,
      "user": 0.5742316,
      "system": 0.083672,
      "min": 0.247564045,
      "max": 0.253289253,
      "times": [
        0.249705996,
        0.25312744000000004,
        0.24923688000000002,
        0.25016705,
        0.250496164,
        0.247564045,
        0.252138203,
        0.253289253,
        0.25166288800000003,
        0.251161745
      ],
      "memory_usage_byte": [
        76312576,
        76312576,
        76312576,
        76312576,
        76312576,
        76312576,
        76312576,
        76312576,
        76312576,
        76312576
      ],
      "exit_codes": [
        1,
        1,
        1,
        1,
        1,
        1,
        1,
        1,
        1,
        1
      ]
    }
  ]
}
