{
  "results": [
    {
      "command": "markdownlint-cli2",
      "mean": 5.0478046695000005,
      "stddev": 0.16239374568615722,
      "median": 4.9909193775,
      "user": 7.574282833333334,
      "system": 0.42413733333333337,
      "min": 4.945161701,
      "max": 5.370243163,
      "times": [
        5.037120055,
        4.952464343,
        4.961930842,
        5.019907913,
        5.370243163,
        4.945161701
      ],
      "memory_usage_byte": [
        389931008,
        396193792,
        396193792,
        396193792,
        396193792,
        396193792
      ],
      "exit_codes": [
        1,
        1,
        1,
        1,
        1,
        1
      ]
    }
  ]
}
