{
  "results": [
    {
      "command": "mado",
      "mean": 0.048937099500000004,
      "stddev": 0.0029204563166706312,
      "median": 0.048333928,
      "user": 0.07727099999999999,
      "system": 0.0091114,
      "min": 0.046000650000000004,
      "max": 0.054935255,
      "times": [
        0.046070811,
        0.054935255,
        0.046000650000000004,
        0.04845527,
        0.047187024,
        0.048827168000000004,
        0.05199235000000001,
        0.051164628000000004,
        0.046525253,
        0.048212586
      ],
      "memory_usage_byte": [
        29802496,
        31985664,
        31985664,
        31985664,
        31985664,
        31985664,
        31985664,
        31985664,
        31985664,
        31985664
      ],
      "exit_codes": [
        1,
        1,
        1,
        1,
        1,
        1,
        1,
        1,
        1,
        1
      ]
    },
    {
      "command": "rumdl",
      "mean": 0.20119634530000002,
      "stddev": 0.003408468991782612,
      "median": 0.20051629350000003,
      "user": 0.6531083,
      "system": 0.03719770000000001,
      "min": 0.196857517,
      "max": 0.20807001700000002,
      "times": [
        0.202218754,
        0.205473222,
        0.196857517,
        0.20117314400000003,
        0.198913851,
        0.201829364,
        0.19985944300000003,
        0.20807001700000002,
        0.19854670800000002,
        0.19902143300000003
      ],
      "memory_usage_byte": [
        51453952,
        51453952,
        51453952,
        51453952,
        51453952,
        51453952,
        51453952,
        51453952,
        51453952,
        51453952
      ],
      "exit_codes": [
        1,
        1,
        1,
        1,
        1,
        1,
        1,
        1,
        1,
        1
      ]
    },
    {
      "command": "panache",
      "mean": 0.5485969474999999,
      "stddev": 0.008229287024120409,
      "median": 0.5483166125000001,
      "user": 1.6331745999999998,
      "system": 0.0573083,
      "min": 0.532170201,
      "max": 0.559870963,
      "times": [
        0.547523643,
        0.539696664,
        0.559870963,
        0.549109582,
        0.546943313,
        0.532170201,
        0.5531948400000001,
        0.5570564600000001,
        0.554159744,
        0.546244065
      ],
      "memory_usage_byte": [
        51453952,
        51453952,
        51453952,
        51453952,
        51453952,
        51453952,
        51453952,
        51453952,
        51453952,
        51453952
      ],
      "exit_codes": [
        0,
        0,
        0,
        0,
        0,
        0,
        0,
        0,
        0,
        0
      ]
    },
    {
      "command": "mdsmith-parity",
      "mean": 0.1302896717,
      "stddev": 0.0018878513859198688,
      "median": 0.12999876200000002,
      "user": 0.29624369999999994,
      "system": 0.0326792,
      "min": 0.127773981,
      "max": 0.134612311,
      "times": [
        0.129666248,
        0.128610739,
        0.127773981,
        0.131747466,
        0.13013443600000002,
        0.12918139,
        0.12986308800000002,
        0.134612311,
        0.130776319,
        0.130530739
      ],
      "memory_usage_byte": [
        60108800,
        60108800,
        60108800,
        60108800,
        60108800,
        60108800,
        60108800,
        63991808,
        63991808,
        63991808
      ],
      "exit_codes": [
        1,
        1,
        1,
        1,
        1,
        1,
        1,
        1,
        1,
        1
      ]
    },
    {
      "command": "mdsmith",
      "mean": 0.2441852688,
      "stddev": 0.0031348185021699494,
      "median": 0.24336101250000003,
      "user": 0.5954662,
      "system": 0.0731679,
      "min": 0.24054797300000003,
      "max": 0.249840781,
      "times": [
        0.24054797300000003,
        0.24187149400000002,
        0.24176555100000002,
        0.24198085900000002,
        0.24571378600000002,
        0.24884173,
        0.24426555200000002,
        0.24456848900000003,
        0.242456473,
        0.249840781
      ],
      "memory_usage_byte": [
        82567168,
        82567168,
        82567168,
        82567168,
        82657280,
        82657280,
        82657280,
        82657280,
        82657280,
        82657280
      ],
      "exit_codes": [
        1,
        1,
        1,
        1,
        1,
        1,
        1,
        1,
        1,
        1
      ]
    }
  ]
}
