{
  "results": [
    {
      "command": "mado",
      "mean": 0.047514548600000005,
      "stddev": 0.0031829452698407144,
      "median": 0.046478935000000006,
      "user": 0.07451939999999999,
      "system": 0.008707299999999998,
      "min": 0.04609636,
      "max": 0.056533203000000004,
      "times": [
        0.046378647,
        0.047083909,
        0.046298619000000006,
        0.046784457,
        0.056533203000000004,
        0.046534777000000006,
        0.046423093000000006,
        0.046789864,
        0.04609636,
        0.046222557000000004
      ],
      "memory_usage_byte": [
        29773824,
        29773824,
        29773824,
        29974528,
        29974528,
        29974528,
        29974528,
        29974528,
        29974528,
        29974528
      ],
      "exit_codes": [
        1,
        1,
        1,
        1,
        1,
        1,
        1,
        1,
        1,
        1
      ]
    },
    {
      "command": "rumdl",
      "mean": 0.19171358300000002,
      "stddev": 0.0024848819378507467,
      "median": 0.191552049,
      "user": 0.6182003,
      "system": 0.04050179999999999,
      "min": 0.187378551,
      "max": 0.196766414,
      "times": [
        0.187378551,
        0.191627135,
        0.19097070500000002,
        0.191476963,
        0.196766414,
        0.189523629,
        0.191882202,
        0.193367489,
        0.193258184,
        0.190884558
      ],
      "memory_usage_byte": [
        48136192,
        48136192,
        49799168,
        51470336,
        52588544,
        52588544,
        52588544,
        52588544,
        52588544,
        52588544
      ],
      "exit_codes": [
        1,
        1,
        1,
        1,
        1,
        1,
        1,
        1,
        1,
        1
      ]
    },
    {
      "command": "panache",
      "mean": 0.5443687014,
      "stddev": 0.018304141461171708,
      "median": 0.5549764675,
      "user": 1.5696064,
      "system": 0.06447479999999998,
      "min": 0.5148698660000001,
      "max": 0.558099421,
      "times": [
        0.555360378,
        0.5563171800000001,
        0.5148698660000001,
        0.520067921,
        0.518930823,
        0.554660504,
        0.556111997,
        0.555292431,
        0.558099421,
        0.5539764930000001
      ],
      "memory_usage_byte": [
        52588544,
        52588544,
        52588544,
        52588544,
        52588544,
        52588544,
        52588544,
        52588544,
        52588544,
        52588544
      ],
      "exit_codes": [
        0,
        0,
        0,
        0,
        0,
        0,
        0,
        0,
        0,
        0
      ]
    },
    {
      "command": "mdsmith-parity",
      "mean": 0.12931327210000002,
      "stddev": 0.0034946683240681675,
      "median": 0.12752032100000002,
      "user": 0.2769907,
      "system": 0.0387961,
      "min": 0.126426025,
      "max": 0.135511089,
      "times": [
        0.127143434,
        0.12714888200000002,
        0.126554454,
        0.12823426500000001,
        0.133428304,
        0.126955387,
        0.12789176000000002,
        0.126426025,
        0.133839121,
        0.135511089
      ],
      "memory_usage_byte": [
        60256256,
        60256256,
        60256256,
        60256256,
        61779968,
        61779968,
        61779968,
        61779968,
        61779968,
        62140416
      ],
      "exit_codes": [
        1,
        1,
        1,
        1,
        1,
        1,
        1,
        1,
        1,
        1
      ]
    },
    {
      "command": "mdsmith",
      "mean": 0.24620215790000005,
      "stddev": 0.0041822402430250075,
      "median": 0.2463128805,
      "user": 0.5672504999999999,
      "system": 0.0902248,
      "min": 0.23986737800000002,
      "max": 0.253723277,
      "times": [
        0.23994546400000002,
        0.24932398100000003,
        0.24748683900000001,
        0.23986737800000002,
        0.24623097500000002,
        0.24416504400000003,
        0.253723277,
        0.246311243,
        0.24865286,
        0.246314518
      ],
      "memory_usage_byte": [
        84643840,
        84643840,
        84643840,
        84643840,
        84643840,
        84643840,
        84643840,
        84643840,
        84643840,
        84643840
      ],
      "exit_codes": [
        1,
        1,
        1,
        1,
        1,
        1,
        1,
        1,
        1,
        1
      ]
    }
  ]
}
