{
  "results": [
    {
      "command": "markdownlint-cli2",
      "mean": 4.7076834430000005,
      "stddev": 0.15929480514803054,
      "median": 4.658489226,
      "user": 7.069616833333334,
      "system": 0.3122795,
      "min": 4.579065894,
      "max": 5.021378536,
      "times": [
        5.021378536,
        4.626129029,
        4.579065894,
        4.702548747,
        4.6441808380000005,
        4.672797614
      ],
      "memory_usage_byte": [
        373768192,
        373768192,
        373768192,
        373768192,
        373768192,
        373768192
      ],
      "exit_codes": [
        1,
        1,
        1,
        1,
        1,
        1
      ]
    }
  ]
}
