{
  "results": [
    {
      "command": "mado",
      "mean": 0.0627483757,
      "stddev": 0.004003754129555467,
      "median": 0.0610359545,
      "user": 0.10207799999999997,
      "system": 0.017184799999999997,
      "min": 0.060224504000000005,
      "max": 0.071491525,
      "times": [
        0.06897560600000001,
        0.060891749,
        0.061308757000000005,
        0.060530626000000004,
        0.060692547000000006,
        0.071491525,
        0.060890737,
        0.060224504000000005,
        0.061297546,
        0.061180160000000004
      ],
      "memory_usage_byte": [
        30916608,
        30916608,
        30916608,
        30916608,
        30916608,
        30916608,
        30916608,
        30916608,
        30916608,
        30916608
      ],
      "exit_codes": [
        1,
        1,
        1,
        1,
        1,
        1,
        1,
        1,
        1,
        1
      ]
    },
    {
      "command": "rumdl",
      "mean": 0.32140394470000005,
      "stddev": 0.004740396573137714,
      "median": 0.32208765100000003,
      "user": 0.9602418,
      "system": 0.0697524,
      "min": 0.31596545400000003,
      "max": 0.328321827,
      "times": [
        0.32531722900000004,
        0.316301671,
        0.324404165,
        0.31596545400000003,
        0.316857498,
        0.316599958,
        0.328321827,
        0.324057127,
        0.320118175,
        0.326096343
      ],
      "memory_usage_byte": [
        52076544,
        52076544,
        52486144,
        52486144,
        52486144,
        52486144,
        52486144,
        52486144,
        52486144,
        52486144
      ],
      "exit_codes": [
        1,
        1,
        1,
        1,
        1,
        1,
        1,
        1,
        1,
        1
      ]
    },
    {
      "command": "panache",
      "mean": 0.6202417049,
      "stddev": 0.06351120596508747,
      "median": 0.583481083,
      "user": 2.0546594,
      "system": 0.14491959999999998,
      "min": 0.576610029,
      "max": 0.715421724,
      "times": [
        0.5883589020000001,
        0.71049043,
        0.710328876,
        0.5772631530000001,
        0.5799327360000001,
        0.580105137,
        0.715421724,
        0.577049033,
        0.576610029,
        0.586857029
      ],
      "memory_usage_byte": [
        52486144,
        52486144,
        52486144,
        52486144,
        52486144,
        52486144,
        52486144,
        52486144,
        52486144,
        52486144
      ],
      "exit_codes": [
        0,
        0,
        0,
        0,
        0,
        0,
        0,
        0,
        0,
        0
      ]
    },
    {
      "command": "mdsmith-parity",
      "mean": 0.1155465166,
      "stddev": 0.0011103349375847717,
      "median": 0.115176042,
      "user": 0.3567413,
      "system": 0.029751499999999997,
      "min": 0.11444104000000001,
      "max": 0.11782091600000001,
      "times": [
        0.115232052,
        0.11529314400000001,
        0.11512003200000001,
        0.114646591,
        0.11488010700000001,
        0.11782091600000001,
        0.11693719200000001,
        0.11478294500000001,
        0.116311147,
        0.11444104000000001
      ],
      "memory_usage_byte": [
        52486144,
        52486144,
        52486144,
        52486144,
        52486144,
        52486144,
        52486144,
        52486144,
        52486144,
        52486144
      ],
      "exit_codes": [
        1,
        1,
        1,
        1,
        1,
        1,
        1,
        1,
        1,
        1
      ]
    },
    {
      "command": "mdsmith",
      "mean": 0.488299996,
      "stddev": 0.013783010944966896,
      "median": 0.482927802,
      "user": 1.1014208999999997,
      "system": 0.5403555999999999,
      "min": 0.47193854700000004,
      "max": 0.512425256,
      "times": [
        0.504229359,
        0.483504099,
        0.512425256,
        0.501767952,
        0.47193854700000004,
        0.482351505,
        0.47625345100000005,
        0.481489726,
        0.47596356,
        0.49307650500000005
      ],
      "memory_usage_byte": [
        72810496,
        72810496,
        72810496,
        79372288,
        79372288,
        79372288,
        79372288,
        79372288,
        79372288,
        79372288
      ],
      "exit_codes": [
        1,
        1,
        1,
        1,
        1,
        1,
        1,
        1,
        1,
        1
      ]
    }
  ]
}
