{
  "results": [
    {
      "command": "markdownlint-cli2",
      "mean": 4.897605262,
      "stddev": 0.2874320844540337,
      "median": 4.7795727894999995,
      "user": 7.3351074999999994,
      "system": 0.30146283333333335,
      "min": 4.769487513,
      "max": 5.483866509,
      "times": [
        5.483866509,
        4.7795564,
        4.801513176,
        4.769487513,
        4.771618795,
        4.779589179
      ],
      "memory_usage_byte": [
        384221184,
        384221184,
        384221184,
        384221184,
        384221184,
        384413696
      ],
      "exit_codes": [
        1,
        1,
        1,
        1,
        1,
        1
      ]
    }
  ]
}
