{
  "results": [
    {
      "command": "mado",
      "mean": 0.070330424,
      "stddev": 0.0038305841984792167,
      "median": 0.0688569265,
      "user": 0.1140281,
      "system": 0.0197883,
      "min": 0.06736591800000001,
      "max": 0.079631958,
      "times": [
        0.069120323,
        0.067638576,
        0.068017826,
        0.079631958,
        0.072711758,
        0.06867495700000001,
        0.07305376100000001,
        0.069038896,
        0.06736591800000001,
        0.068050267
      ],
      "memory_usage_byte": [
        31563776,
        31563776,
        31563776,
        31563776,
        31563776,
        31563776,
        31563776,
        31563776,
        31563776,
        31854592
      ],
      "exit_codes": [
        1,
        1,
        1,
        1,
        1,
        1,
        1,
        1,
        1,
        1
      ]
    },
    {
      "command": "rumdl",
      "mean": 0.3624811061,
      "stddev": 0.008187331562227253,
      "median": 0.36437851450000003,
      "user": 1.1165004,
      "system": 0.07189279999999999,
      "min": 0.35089209800000004,
      "max": 0.37382126400000004,
      "times": [
        0.37382126400000004,
        0.366835891,
        0.35089209800000004,
        0.355966239,
        0.373125835,
        0.364862045,
        0.354164391,
        0.367024829,
        0.36389498400000003,
        0.354223485
      ],
      "memory_usage_byte": [
        53854208,
        53854208,
        53854208,
        53854208,
        53854208,
        53854208,
        53854208,
        53854208,
        53854208,
        53854208
      ],
      "exit_codes": [
        1,
        1,
        1,
        1,
        1,
        1,
        1,
        1,
        1,
        1
      ]
    },
    {
      "command": "panache",
      "mean": 0.7094931793000001,
      "stddev": 0.08052106190818203,
      "median": 0.6617020650000001,
      "user": 2.3555307999999995,
      "system": 0.14809309999999998,
      "min": 0.655095606,
      "max": 0.849083118,
      "times": [
        0.67362445,
        0.655095606,
        0.656364087,
        0.6553213870000001,
        0.812451299,
        0.849083118,
        0.664477344,
        0.658926786,
        0.6560522940000001,
        0.8135354220000001
      ],
      "memory_usage_byte": [
        53854208,
        53854208,
        53854208,
        53854208,
        53854208,
        53854208,
        53854208,
        53854208,
        53854208,
        53854208
      ],
      "exit_codes": [
        0,
        0,
        0,
        0,
        0,
        0,
        0,
        0,
        0,
        0
      ]
    },
    {
      "command": "gomarklint",
      "mean": 0.06811923280000001,
      "stddev": 0.010079178670206052,
      "median": 0.06906066,
      "user": 0.1458586,
      "system": 0.0237258,
      "min": 0.054999694,
      "max": 0.083298883,
      "times": [
        0.06798409700000001,
        0.070137223,
        0.064295815,
        0.07368534900000001,
        0.083298883,
        0.057572671000000006,
        0.073753013,
        0.080358275,
        0.054999694,
        0.055107308
      ],
      "memory_usage_byte": [
        53854208,
        53854208,
        53854208,
        53854208,
        53854208,
        53854208,
        53854208,
        53854208,
        53854208,
        53854208
      ],
      "exit_codes": [
        1,
        1,
        1,
        1,
        1,
        1,
        1,
        1,
        1,
        1
      ]
    },
    {
      "command": "mdsmith-gomarklint-parity",
      "mean": 0.08238991700000001,
      "stddev": 0.0044678535791043495,
      "median": 0.08115523000000001,
      "user": 0.2058055,
      "system": 0.0334012,
      "min": 0.07752091600000001,
      "max": 0.0929649,
      "times": [
        0.083662045,
        0.084872474,
        0.07888842700000001,
        0.080321115,
        0.08075602500000001,
        0.08445601300000001,
        0.07752091600000001,
        0.08155443500000001,
        0.0929649,
        0.07890282
      ],
      "memory_usage_byte": [
        53854208,
        53854208,
        53854208,
        53854208,
        53854208,
        53854208,
        53854208,
        53854208,
        53854208,
        53854208
      ],
      "exit_codes": [
        1,
        1,
        1,
        1,
        1,
        1,
        1,
        1,
        1,
        1
      ]
    },
    {
      "command": "mdsmith-mado-parity",
      "mean": 0.0860953815,
      "stddev": 0.005159273687598205,
      "median": 0.085170517,
      "user": 0.2103062,
      "system": 0.0315408,
      "min": 0.079370745,
      "max": 0.09547531000000001,
      "times": [
        0.08718595300000001,
        0.085324199,
        0.08181577500000001,
        0.082153509,
        0.088337335,
        0.09343778600000001,
        0.08283636800000001,
        0.085016835,
        0.079370745,
        0.09547531000000001
      ],
      "memory_usage_byte": [
        53854208,
        53854208,
        53854208,
        53854208,
        53854208,
        53854208,
        53854208,
        53854208,
        53854208,
        53854208
      ],
      "exit_codes": [
        1,
        1,
        1,
        1,
        1,
        1,
        1,
        1,
        1,
        1
      ]
    },
    {
      "command": "mdsmith-rumdl-parity",
      "mean": 0.10456587720000002,
      "stddev": 0.005048621614719733,
      "median": 0.10476642600000001,
      "user": 0.2687665,
      "system": 0.0325361,
      "min": 0.09661236200000001,
      "max": 0.114237877,
      "times": [
        0.114237877,
        0.106111015,
        0.10496590700000001,
        0.101569778,
        0.10456694500000001,
        0.09661236200000001,
        0.107646821,
        0.10249098300000001,
        0.098939623,
        0.10851746100000001
      ],
      "memory_usage_byte": [
        53854208,
        53854208,
        53854208,
        53854208,
        53854208,
        53854208,
        53854208,
        53854208,
        53854208,
        53854208
      ],
      "exit_codes": [
        1,
        1,
        1,
        1,
        1,
        1,
        1,
        1,
        1,
        1
      ]
    },
    {
      "command": "mdsmith-markdownlint-parity",
      "mean": 0.09924242480000002,
      "stddev": 0.0028177825398744867,
      "median": 0.099359736,
      "user": 0.2639968999999999,
      "system": 0.037212499999999996,
      "min": 0.094574578,
      "max": 0.102903253,
      "times": [
        0.10175653500000001,
        0.095718563,
        0.094574578,
        0.097636029,
        0.098241665,
        0.09857565700000001,
        0.100200514,
        0.10267363900000001,
        0.102903253,
        0.10014381500000001
      ],
      "memory_usage_byte": [
        53854208,
        53854208,
        53854208,
        53854208,
        53854208,
        53854208,
        53854208,
        53854208,
        53854208,
        53854208
      ],
      "exit_codes": [
        1,
        1,
        1,
        1,
        1,
        1,
        1,
        1,
        1,
        1
      ]
    },
    {
      "command": "mdsmith",
      "mean": 0.20677075939999998,
      "stddev": 0.006524292297975471,
      "median": 0.206643542,
      "user": 0.5667306999999999,
      "system": 0.07517349999999999,
      "min": 0.19893902800000002,
      "max": 0.216397643,
      "times": [
        0.19893902800000002,
        0.208002383,
        0.199184557,
        0.211901842,
        0.216397643,
        0.20827583200000002,
        0.205284701,
        0.200793144,
        0.21613409500000003,
        0.202794369
      ],
      "memory_usage_byte": [
        54702080,
        54702080,
        54702080,
        54702080,
        54702080,
        54702080,
        54702080,
        54702080,
        54702080,
        54702080
      ],