{
  "results": [
    {
      "command": "mado",
      "mean": 0.0487954617,
      "stddev": 0.004311985813648485,
      "median": 0.047410127,
      "user": 0.0772066,
      "system": 0.0091186,
      "min": 0.04607046,
      "max": 0.060228028,
      "times": [
        0.047488204000000006,
        0.046851201,
        0.046249234,
        0.046619858,
        0.047418593,
        0.047401661000000005,
        0.047998177,
        0.060228028,
        0.04607046,
        0.051629201000000007
      ],
      "memory_usage_byte": [
        29634560,
        29675520,
        29675520,
        29675520,
        29675520,
        29675520,
        29675520,
        29675520,
        29675520,
        29675520
      ],
      "exit_codes": [
        1,
        1,
        1,
        1,
        1,
        1,
        1,
        1,
        1,
        1
      ]
    },
    {
      "command": "rumdl",
      "mean": 0.20370949440000002,
      "stddev": 0.002541222527580389,
      "median": 0.2030728255,
      "user": 0.6637175,
      "system": 0.0391006,
      "min": 0.19961520600000002,
      "max": 0.20886526600000002,
      "times": [
        0.203008495,
        0.20690386500000002,
        0.19961520600000002,
        0.203137156,
        0.2039623,
        0.20886526600000002,
        0.202743901,
        0.202974342,
        0.202221803,
        0.20366261000000002
      ],
      "memory_usage_byte": [
        53825536,
        53825536,
        53825536,
        53825536,
        53825536,
        53825536,
        53825536,
        53825536,
        53825536,
        53825536
      ],
      "exit_codes": [
        1,
        1,
        1,
        1,
        1,
        1,
        1,
        1,
        1,
        1
      ]
    },
    {
      "command": "panache",
      "mean": 0.5698257255000001,
      "stddev": 0.011197875000022523,
      "median": 0.571492927,
      "user": 1.618589,
      "system": 0.0608914,
      "min": 0.5399529080000001,
      "max": 0.579644291,
      "times": [
        0.5399529080000001,
        0.579644291,
        0.5728978570000001,
        0.571526718,
        0.5706857590000001,
        0.5787269780000001,
        0.568325015,
        0.568777101,
        0.5714591360000001,
        0.576261492
      ],
      "memory_usage_byte": [
        53825536,
        53825536,
        53825536,
        53825536,
        53825536,
        53825536,
        53825536,
        53825536,
        53825536,
        53825536
      ],
      "exit_codes": [
        0,
        0,
        0,
        0,
        0,
        0,
        0,
        0,
        0,
        0
      ]
    },
    {
      "command": "gomarklint",
      "mean": 0.0346829083,
      "stddev": 0.005087565158753406,
      "median": 0.033440627,
      "user": 0.0750068,
      "system": 0.012662799999999998,
      "min": 0.027828474000000002,
      "max": 0.043215788000000005,
      "times": [
        0.043215788000000005,
        0.042366464,
        0.036475795000000005,
        0.030885287,
        0.027828474000000002,
        0.036817866000000005,
        0.034863026000000005,
        0.031524404,
        0.032018228,
        0.030833751000000003
      ],
      "memory_usage_byte": [
        53825536,
        53825536,
        53825536,
        53825536,
        53825536,
        53825536,
        53825536,
        53825536,
        53825536,
        53825536
      ],
      "exit_codes": [
        1,
        1,
        1,
        1,
        1,
        1,
        1,
        1,
        1,
        1
      ]
    },
    {
      "command": "mdsmith-gomarklint-parity",
      "mean": 0.044025366600000004,
      "stddev": 0.002374620191346265,
      "median": 0.043289122,
      "user": 0.12551959999999998,
      "system": 0.0155853,
      "min": 0.042204000000000005,
      "max": 0.050427527,
      "times": [
        0.042849088,
        0.044631087,
        0.043765554000000005,
        0.043524182,
        0.050427527,
        0.044285266000000004,
        0.042204000000000005,
        0.042488253000000004,
        0.043024647000000006,
        0.043054062000000004
      ],
      "memory_usage_byte": [
        53825536,
        53825536,
        53825536,
        53825536,
        53825536,
        53825536,
        53825536,
        53825536,
        53825536,
        53825536
      ],
      "exit_codes": [
        1,
        1,
        1,
        1,
        1,
        1,
        1,
        1,
        1,
        1
      ]
    },
    {
      "command": "mdsmith-mado-parity",
      "mean": 0.05408196660000001,
      "stddev": 0.004204550426681952,
      "median": 0.0523378435,
      "user": 0.1402835,
      "system": 0.0180792,
      "min": 0.051546843,
      "max": 0.062885483,
      "times": [
        0.052647985,
        0.052703849000000004,
        0.061069703,
        0.051628326,
        0.051739654,
        0.062885483,
        0.051546843,
        0.051922136,
        0.052598511,
        0.052077176
      ],
      "memory_usage_byte": [
        53825536,
        53825536,
        53825536,
        53825536,
        53825536,
        53825536,
        53825536,
        53825536,
        53825536,
        53825536
      ],
      "exit_codes": [
        1,
        1,
        1,
        1,
        1,
        1,
        1,
        1,
        1,
        1
      ]
    },
    {
      "command": "mdsmith-rumdl-parity",
      "mean": 0.0704597391,
      "stddev": 0.005593738041598388,
      "median": 0.0683549645,
      "user": 0.1895247,
      "system": 0.019097700000000002,
      "min": 0.06739484600000001,
      "max": 0.085659263,
      "times": [
        0.06870659200000001,
        0.073083667,
        0.067447544,
        0.085659263,
        0.06739484600000001,
        0.069695343,
        0.068347429,
        0.068192075,
        0.067708132,
        0.0683625
      ],
      "memory_usage_byte": [
        53825536,
        53825536,
        53825536,
        53825536,
        53825536,
        53825536,
        53825536,
        53825536,
        53825536,
        53825536
      ],
      "exit_codes": [
        1,
        1,
        1,
        1,
        1,
        1,
        1,
        1,
        1,
        1
      ]
    },
    {
      "command": "mdsmith-markdownlint-parity",
      "mean": 0.0703738436,
      "stddev": 0.003322403257676759,
      "median": 0.069514606,
      "user": 0.190265,
      "system": 0.016877999999999997,
      "min": 0.06552136700000001,
      "max": 0.07526473,
      "times": [
        0.07323088300000001,
        0.073477875,
        0.07374148900000001,
        0.06748651800000001,
        0.06723920400000001,
        0.07526473,
        0.069038186,
        0.069991026,
        0.068747158,
        0.06552136700000001
      ],
      "memory_usage_byte": [
        53825536,
        53825536,
        53825536,
        53825536,
        53825536,
        53825536,
        53825536,
        53825536,
        53825536,
        53825536
      ],
      "exit_codes": [
        1,
        1,
        1,
        1,
        1,
        1,
        1,
        1,
        1,
        1
      ]
    },
    {
      "command": "mdsmith",
      "mean": 0.14942500990000002,
      "stddev": 0.0022472585599183545,
      "median": 0.14998129200000002,
      "user": 0.43215370000000003,
      "system": 0.037097500000000005,
      "min": 0.14593763,
      "max": 0.151906644,
      "times": [
        0.145988519,
        0.15062366900000002,
        0.14879372500000002,
        0.14775923000000002,
        0.15113257200000002,
        0.151906644,
        0.15115171500000002,
        0.14933891500000002,
        0.14593763,
        0.15161748
      ],
      "memory_usage_byte": [
        53825536,
        53825536,
        53825536,
        53825536,
        53825536,
        53825536,
        53825536,
        53825536,
        53825536,
        53825536
      ],