{
  "results": [
    {
      "command": "markdownlint-cli2",
      "mean": 3.0467210325000003,
      "stddev": 0.08421259663417506,
      "median": 3.011070531,
      "user": 4.590851333333333,
      "system": 0.2593543333333333,
      "min": 2.9699998780000003,
      "max": 3.176368739,
      "times": [
        3.126225441,
        2.9855910750000003,
        2.9699998780000003,
        3.002003982,
        3.02013708,
        3.176368739
      ],
      "memory_usage_byte": [
        388026368,
        388026368,
        388026368,
        388026368,
        391393280,
        391393280
      ],
      "exit_codes": [
        1,
        1,
        1,
        1,
        1,
        1
      ]
    }
  ]
}
