{
  "results": [
    {
      "command": "mado",
      "mean": 0.04752327900000001,
      "stddev": 0.0029138508980241246,
      "median": 0.04603853100000001,
      "user": 0.07542789999999999,
      "system": 0.008254399999999999,
      "min": 0.045304792,
      "max": 0.052511096,
      "times": [
        0.046083298,
        0.045384433,
        0.045304792,
        0.046069718,
        0.045672287000000006,
        0.052511096,
        0.051353878000000006,
        0.051236962000000004,
        0.045608982000000006,
        0.046007344000000006
      ],
      "memory_usage_byte": [
        29523968,
        29523968,
        29523968,
        29523968,
        29523968,
        29593600,
        29593600,
        29593600,
        29593600,
        29593600
      ],
      "exit_codes": [
        1,
        1,
        1,
        1,
        1,
        1,
        1,
        1,
        1,
        1
      ]
    },
    {
      "command": "rumdl",
      "mean": 0.1903478281,
      "stddev": 0.0041965840739177284,
      "median": 0.1886984315,
      "user": 0.6166405999999999,
      "system": 0.0388614,
      "min": 0.186599546,
      "max": 0.19937906700000002,
      "times": [
        0.188245082,
        0.187123477,
        0.18915178100000002,
        0.19937906700000002,
        0.186599546,
        0.19547518100000003,
        0.18776515700000002,
        0.192386566,
        0.187273453,
        0.190078971
      ],
      "memory_usage_byte": [
        51740672,
        52375552,
        52375552,
        52375552,
        52375552,
        52375552,
        52375552,
        52375552,
        52375552,
        52375552
      ],
      "exit_codes": [
        1,
        1,
        1,
        1,
        1,
        1,
        1,
        1,
        1,
        1
      ]
    },
    {
      "command": "panache",
      "mean": 0.5505377727,
      "stddev": 0.010726660585615846,
      "median": 0.554349134,
      "user": 1.555502,
      "system": 0.062206700000000004,
      "min": 0.520777994,
      "max": 0.557527101,
      "times": [
        0.55303658,
        0.520777994,
        0.55624143,
        0.554296266,
        0.557527101,
        0.55456874,
        0.5545523640000001,
        0.54963348,
        0.5503417700000001,
        0.554402002
      ],
      "memory_usage_byte": [
        52375552,
        52375552,
        52375552,
        52375552,
        52375552,
        52375552,
        52375552,
        52375552,
        52375552,
        52375552
      ],
      "exit_codes": [
        0,
        0,
        0,
        0,
        0,
        0,
        0,
        0,
        0,
        0
      ]
    },
    {
      "command": "mdsmith-parity",
      "mean": 0.049910783800000004,
      "stddev": 0.0004096357924533017,
      "median": 0.049877725000000005,
      "user": 0.1440961,
      "system": 0.013174699999999998,
      "min": 0.049282926000000005,
      "max": 0.050820339000000006,
      "times": [
        0.050049374,
        0.049954982,
        0.049868010000000004,
        0.049782530000000005,
        0.049531292000000005,
        0.049282926000000005,
        0.050187663,
        0.049743282,
        0.050820339000000006,
        0.049887440000000005
      ],
      "memory_usage_byte": [
        52375552,
        52375552,
        52375552,
        52375552,
        52375552,
        52375552,
        52375552,
        52375552,
        52375552,
        52375552
      ],
      "exit_codes": [
        1,
        1,
        1,
        1,
        1,
        1,
        1,
        1,
        1,
        1
      ]
    },
    {
      "command": "mdsmith",
      "mean": 0.14779449760000002,
      "stddev": 0.0022326052752560076,
      "median": 0.1480414425,
      "user": 0.4449339,
      "system": 0.033233799999999994,
      "min": 0.144727473,
      "max": 0.151603227,
      "times": [
        0.148398687,
        0.145865842,
        0.144727473,
        0.14617676100000002,
        0.149130121,
        0.151603227,
        0.14924272200000002,
        0.14768419800000002,
        0.14529517,
        0.14982077500000002
      ],
      "memory_usage_byte": [
        56000512,
        56000512,
        56000512,
        56000512,
        56127488,
        56127488,
        56242176,
        56242176,
        56242176,
        58376192
      ],
      "exit_codes": [
        1,
        1,
        1,
        1,
        1,
        1,
        1,
        1,
        1,
        1
      ]
    }
  ]
}
