{
  "results": [
    {
      "command": "mado",
      "mean": 0.05050539890000001,
      "stddev": 0.005459352529625152,
      "median": 0.049327327000000004,
      "user": 0.0798792,
      "system": 0.010112399999999999,
      "min": 0.045029897000000006,
      "max": 0.059442084000000006,
      "times": [
        0.045790513000000005,
        0.045775725,
        0.057291734000000004,
        0.053136738,
        0.045900909000000004,
        0.052753745000000005,
        0.059442084000000006,
        0.045844462,
        0.045029897000000006,
        0.054088182000000005
      ],
      "memory_usage_byte": [
        29450240,
        29540352,
        29540352,
        29593600,
        29741056,
        29741056,
        33673216,
        33673216,
        33673216,
        33673216
      ],
      "exit_codes": [
        1,
        1,
        1,
        1,
        1,
        1,
        1,
        1,
        1,
        1
      ]
    },
    {
      "command": "rumdl",
      "mean": 0.1976214711,
      "stddev": 0.003498835335274243,
      "median": 0.1971398815,
      "user": 0.6503836,
      "system": 0.0351162,
      "min": 0.19384821200000002,
      "max": 0.204057028,
      "times": [
        0.19408302400000002,
        0.19792473900000002,
        0.19384821200000002,
        0.19848258700000002,
        0.198066769,
        0.19594361400000002,
        0.204057028,
        0.19635502400000002,
        0.194597237,
        0.202856477
      ],
      "memory_usage_byte": [
        50106368,
        50106368,
        50446336,
        50446336,
        55197696,
        55197696,
        55197696,
        55197696,
        55197696,
        55197696
      ],
      "exit_codes": [
        1,
        1,
        1,
        1,
        1,
        1,
        1,
        1,
        1,
        1
      ]
    },
    {
      "command": "panache",
      "mean": 0.5421695487,
      "stddev": 0.01716514888602077,
      "median": 0.5412872335000001,
      "user": 1.6192280999999997,
      "system": 0.05319999999999999,
      "min": 0.5240734100000001,
      "max": 0.561440552,
      "times": [
        0.554633628,
        0.5261594500000001,
        0.553228731,
        0.5245090720000001,
        0.52656941,
        0.561440552,
        0.529345736,
        0.5240734100000001,
        0.560916995,
        0.560818503
      ],
      "memory_usage_byte": [
        55197696,
        55197696,
        55197696,
        55197696,
        55197696,
        55197696,
        55197696,
        55197696,
        55197696,
        55197696
      ],
      "exit_codes": [
        0,
        0,
        0,
        0,
        0,
        0,
        0,
        0,
        0,
        0
      ]
    },
    {
      "command": "gomarklint",
      "mean": 0.0307378325,
      "stddev": 0.001998927583527409,
      "median": 0.030717297000000005,
      "user": 0.07368519999999999,
      "system": 0.0118757,
      "min": 0.027935295000000002,
      "max": 0.034648264000000005,
      "times": [
        0.034648264000000005,
        0.030751471000000002,
        0.029276795,
        0.030955704,
        0.028631263,
        0.030527301000000003,
        0.033217638,
        0.027935295000000002,
        0.030741695000000003,
        0.030692899000000003
      ],
      "memory_usage_byte": [
        55197696,
        55197696,
        55197696,
        55197696,
        55197696,
        55197696,
        55197696,
        55197696,
        55197696,
        55197696
      ],
      "exit_codes": [
        1,
        1,
        1,
        1,
        1,
        1,
        1,
        1,
        1,
        1
      ]
    },
    {
      "command": "mdsmith-parity",
      "mean": 0.05610730300000001,
      "stddev": 0.0011382091595458195,
      "median": 0.05572466200000001,
      "user": 0.1575045,
      "system": 0.012578099999999998,
      "min": 0.054893721000000006,
      "max": 0.058619832000000004,
      "times": [
        0.055447312000000006,
        0.058619832000000004,
        0.054954437,
        0.056574910000000006,
        0.05718725400000001,
        0.055642528000000004,
        0.056410229000000006,
        0.055536011,
        0.054893721000000006,
        0.055806796000000006
      ],
      "memory_usage_byte": [
        55197696,
        55197696,
        55197696,
        55197696,
        55197696,
        55197696,
        55197696,
        55197696,
        55197696,
        55197696
      ],
      "exit_codes": [
        1,
        1,
        1,
        1,
        1,
        1,
        1,
        1,
        1,
        1
      ]
    },
    {
      "command": "mdsmith",
      "mean": 0.14369336000000002,
      "stddev": 0.0014837975753889065,
      "median": 0.143664136,
      "user": 0.42761629999999995,
      "system": 0.029503599999999998,
      "min": 0.141963571,
      "max": 0.147047168,
      "times": [
        0.141963571,
        0.142414428,
        0.142345576,
        0.143419855,
        0.143908417,
        0.14396119000000002,
        0.14305336300000002,
        0.143913561,
        0.144906471,
        0.147047168
      ],
      "memory_usage_byte": [
        55197696,
        55197696,
        55197696,
        55197696,
        55197696,
        55197696,
        55197696,
        55197696,
        55197696,
        55197696
      ],
      "exit_codes": [
        1,
        1,
        1,
        1,
        1,
        1,
        1,
        1,
        1,
        1
      ]
    }
  ]
}
