{
  "results": [
    {
      "command": "mado",
      "mean": 0.0465139846,
      "stddev": 0.00025631980544372953,
      "median": 0.046573498500000005,
      "user": 0.0734539,
      "system": 0.007618,
      "min": 0.045993786,
      "max": 0.046975232000000006,
      "times": [
        0.046386336,
        0.046591876000000004,
        0.046683624,
        0.046573889,
        0.046975232000000006,
        0.046330963,
        0.046605567,
        0.046425465000000006,
        0.045993786,
        0.046573108
      ],
      "memory_usage_byte": [
        31645696,
        31752192,
        31752192,
        31752192,
        31752192,
        31752192,
        31752192,
        31752192,
        31752192,
        31752192
      ],
      "exit_codes": [
        1,
        1,
        1,
        1,
        1,
        1,
        1,
        1,
        1,
        1
      ]
    },
    {
      "command": "rumdl",
      "mean": 0.19254219740000003,
      "stddev": 0.0029996398925716317,
      "median": 0.192226802,
      "user": 0.6190582,
      "system": 0.038506599999999995,
      "min": 0.187466015,
      "max": 0.19685652,
      "times": [
        0.19619386300000002,
        0.187466015,
        0.192372506,
        0.195191321,
        0.19685652,
        0.19381836100000002,
        0.191261534,
        0.192081098,
        0.18949284400000002,
        0.19068791200000001
      ],
      "memory_usage_byte": [
        53354496,
        53354496,
        53354496,
        53354496,
        53354496,
        53354496,
        53354496,
        53354496,
        53354496,
        53354496
      ],
      "exit_codes": [
        1,
        1,
        1,
        1,
        1,
        1,
        1,
        1,
        1,
        1
      ]
    },
    {
      "command": "panache",
      "mean": 0.5425918593000001,
      "stddev": 0.019500049435110252,
      "median": 0.5519707805,
      "user": 1.5659202999999997,
      "system": 0.06151010000000001,
      "min": 0.5138587250000001,
      "max": 0.559783431,
      "times": [
        0.549187753,
        0.5158729900000001,
        0.559783431,
        0.556047226,
        0.5138587250000001,
        0.5495055710000001,
        0.55443599,
        0.5144883720000001,
        0.554764473,
        0.557974062
      ],
      "memory_usage_byte": [
        53354496,
        53354496,
        53354496,
        53354496,
        53354496,
        53354496,
        53354496,
        53354496,
        53354496,
        53354496
      ],
      "exit_codes": [
        0,
        0,
        0,
        0,
        0,
        0,
        0,
        0,
        0,
        0
      ]
    },
    {
      "command": "mdsmith-parity",
      "mean": 0.13087067470000002,
      "stddev": 0.0018754625500978623,
      "median": 0.13111689650000002,
      "user": 0.271685,
      "system": 0.041666999999999996,
      "min": 0.126362308,
      "max": 0.133716191,
      "times": [
        0.13137705300000002,
        0.133716191,
        0.13085674,
        0.130518391,
        0.13149443900000002,
        0.13204369500000002,
        0.130612302,
        0.130148234,
        0.126362308,
        0.13157739400000001
      ],
      "memory_usage_byte": [
        57569280,
        57569280,
        57569280,
        57798656,
        57798656,
        57798656,
        57831424,
        57831424,
        57909248,
        57909248
      ],
      "exit_codes": [
        1,
        1,
        1,
        1,
        1,
        1,
        1,
        1,
        1,
        1
      ]
    },
    {
      "command": "mdsmith",
      "mean": 0.2567368616,
      "stddev": 0.026507272444171413,
      "median": 0.2452825345,
      "user": 0.5756405,
      "system": 0.076414,
      "min": 0.24141303000000003,
      "max": 0.311307118,
      "times": [
        0.311307118,
        0.30206371200000004,
        0.24243354500000003,
        0.24141303000000003,
        0.24273297600000002,
        0.241906538,
        0.245427158,
        0.24513791100000001,
        0.246535361,
        0.24841126700000002
      ],
      "memory_usage_byte": [
        89296896,
        89296896,
        89296896,
        89296896,
        89296896,
        89296896,
        89296896,
        89296896,
        89296896,
        89296896
      ],
      "exit_codes": [
        1,
        1,
        1,
        1,
        1,
        1,
        1,
        1,
        1,
        1
      ]
    }
  ]
}
