{
  "results": [
    {
      "command": "mado",
      "mean": 0.0665058297,
      "stddev": 0.004788433336478414,
      "median": 0.06687141099999999,
      "user": 0.10773049999999999,
      "system": 0.018478099999999997,
      "min": 0.060541946000000006,
      "max": 0.075977205,
      "times": [
        0.060541946000000006,
        0.065887122,
        0.066982611,
        0.060795192000000005,
        0.07162030100000001,
        0.067207733,
        0.061977474000000005,
        0.067308502,
        0.066760211,
        0.075977205
      ],
      "memory_usage_byte": [
        29016064,
        29016064,
        31121408,
        31121408,
        31121408,
        31121408,
        31121408,
        31121408,
        31121408,
        31121408
      ],
      "exit_codes": [
        1,
        1,
        1,
        1,
        1,
        1,
        1,
        1,
        1,
        1
      ]
    },
    {
      "command": "rumdl",
      "mean": 0.3195544336,
      "stddev": 0.0047487376738791325,
      "median": 0.3204526955,
      "user": 0.9816945,
      "system": 0.0665732,
      "min": 0.312230691,
      "max": 0.32845061000000003,
      "times": [
        0.312640013,
        0.32124079,
        0.31698399400000005,
        0.319255226,
        0.32203575700000003,
        0.320407573,
        0.32845061000000003,
        0.32049781800000005,
        0.321801864,
        0.312230691
      ],
      "memory_usage_byte": [
        49221632,
        51425280,
        52948992,
        52948992,
        52948992,
        54542336,
        54886400,
        54886400,
        54886400,
        54886400
      ],
      "exit_codes": [
        1,
        1,
        1,
        1,
        1,
        1,
        1,
        1,
        1,
        1
      ]
    },
    {
      "command": "panache",
      "mean": 0.6555849329000001,
      "stddev": 0.05629814665681803,
      "median": 0.673152499,
      "user": 2.0772451999999997,
      "system": 0.13951739999999999,
      "min": 0.5859011740000001,
      "max": 0.7197138230000001,
      "times": [
        0.705461792,
        0.691260756,
        0.5878016770000001,
        0.613072108,
        0.7119584320000001,
        0.655044242,
        0.5859011740000001,
        0.7197138230000001,
        0.6970871080000001,
        0.588548217
      ],
      "memory_usage_byte": [
        54886400,
        54886400,
        54886400,
        54886400,
        54886400,
        54886400,
        54886400,
        54886400,
        54886400,
        54886400
      ],
      "exit_codes": [
        0,
        0,
        0,
        0,
        0,
        0,
        0,
        0,
        0,
        0
      ]
    },
    {
      "command": "mdsmith-parity",
      "mean": 0.1151476454,
      "stddev": 0.0038370022121162685,
      "median": 0.11363928150000001,
      "user": 0.3539227,
      "system": 0.031689800000000004,
      "min": 0.11217990100000001,
      "max": 0.124807232,
      "times": [
        0.113328089,
        0.113555264,
        0.11264183900000001,
        0.11217990100000001,
        0.112746726,
        0.11372329900000001,
        0.11395708900000001,
        0.117435706,
        0.117101309,
        0.124807232
      ],
      "memory_usage_byte": [
        54886400,
        54886400,
        54886400,
        54886400,
        54886400,
        54886400,
        54886400,
        54886400,
        59375616,
        61825024
      ],
      "exit_codes": [
        1,
        1,
        1,
        1,
        1,
        1,
        1,
        1,
        1,
        1
      ]
    },
    {
      "command": "mdsmith",
      "mean": 0.48341871140000003,
      "stddev": 0.011443838711989262,
      "median": 0.4823532985,
      "user": 1.0989662,
      "system": 0.5211328,
      "min": 0.465598818,
      "max": 0.502577692,
      "times": [
        0.490511727,
        0.49332460400000006,
        0.47692728100000004,
        0.47957491900000004,
        0.502577692,
        0.470951744,
        0.465598818,
        0.49274865500000004,
        0.47683999600000004,
        0.485131678
      ],
      "memory_usage_byte": [
        70725632,
        74653696,
        74653696,
        74653696,
        74653696,
        74653696,
        74653696,
        74653696,
        74653696,
        74653696
      ],
      "exit_codes": [
        1,
        1,
        1,
        1,
        1,
        1,
        1,
        1,
        1,
        1
      ]
    }
  ]
}
