{
  "results": [
    {
      "command": "mado",
      "mean": 0.0458355994,
      "stddev": 0.00027776301485627023,
      "median": 0.0457819015,
      "user": 0.0718293,
      "system": 0.0084131,
      "min": 0.045378975,
      "max": 0.04626485,
      "times": [
        0.045632697,
        0.045887090000000005,
        0.045673193,
        0.045652857000000005,
        0.046169136,
        0.045676713,
        0.045994022,
        0.04626485,
        0.046026461000000005,
        0.045378975
      ],
      "memory_usage_byte": [
        29528064,
        29528064,
        29528064,
        29528064,
        29528064,
        29528064,
        31502336,
        31502336,
        31502336,
        31502336
      ],
      "exit_codes": [
        1,
        1,
        1,
        1,
        1,
        1,
        1,
        1,
        1,
        1
      ]
    },
    {
      "command": "rumdl",
      "mean": 0.1891819896,
      "stddev": 0.0016376273989888335,
      "median": 0.188675637,
      "user": 0.6179129999999999,
      "system": 0.037469199999999994,
      "min": 0.187174519,
      "max": 0.192614641,
      "times": [
        0.192614641,
        0.187174519,
        0.189924165,
        0.188862684,
        0.188020545,
        0.19056277800000002,
        0.18848859,
        0.18765997,
        0.188359686,
        0.19015231800000001
      ],
      "memory_usage_byte": [
        52379648,
        52379648,
        52379648,
        52379648,
        52379648,
        52379648,
        52379648,
        52379648,
        52379648,
        52379648
      ],
      "exit_codes": [
        1,
        1,
        1,
        1,
        1,
        1,
        1,
        1,
        1,
        1
      ]
    },
    {
      "command": "panache",
      "mean": 0.5455708583,
      "stddev": 0.01713461896010834,
      "median": 0.553215275,
      "user": 1.559666,
      "system": 0.06183229999999999,
      "min": 0.512551148,
      "max": 0.5557171940000001,
      "times": [
        0.5548409900000001,
        0.552815021,
        0.514054529,
        0.555506806,
        0.5557171940000001,
        0.553615529,
        0.5488516950000001,
        0.55226547,
        0.555490201,
        0.512551148
      ],
      "memory_usage_byte": [
        52379648,
        52379648,
        52379648,
        52379648,
        52379648,
        52379648,
        52379648,
        52379648,
        52379648,
        52379648
      ],
      "exit_codes": [
        0,
        0,
        0,
        0,
        0,
        0,
        0,
        0,
        0,
        0
      ]
    },
    {
      "command": "mdsmith-parity",
      "mean": 0.1272409003,
      "stddev": 0.0009629781492640445,
      "median": 0.12733219350000002,
      "user": 0.2641519,
      "system": 0.041562699999999994,
      "min": 0.12502126300000002,
      "max": 0.129009852,
      "times": [
        0.127385158,
        0.129009852,
        0.12502126300000002,
        0.127172762,
        0.12741269900000002,
        0.127583963,
        0.126929756,
        0.127289269,
        0.127375118,
        0.127229163
      ],
      "memory_usage_byte": [
        52379648,
        52379648,
        52379648,
        52379648,
        52379648,
        52379648,
        52379648,
        52379648,
        52379648,
        52379648
      ],
      "exit_codes": [
        1,
        1,
        1,
        1,
        1,
        1,
        1,
        1,
        1,
        1
      ]
    },
    {
      "command": "mdsmith",
      "mean": 0.2501421307000001,
      "stddev": 0.003525797315341313,
      "median": 0.24960259500000004,
      "user": 0.5783902,
      "system": 0.0891575,
      "min": 0.24610678700000002,
      "max": 0.257125113,
      "times": [
        0.25070216500000003,
        0.24763772900000003,
        0.257125113,
        0.24610678700000002,
        0.24672681300000002,
        0.25137374900000004,
        0.253752421,
        0.247397846,
        0.24850302500000002,
        0.252095659
      ],
      "memory_usage_byte": [
        70742016,
        72577024,
        72577024,
        72577024,
        72577024,
        72577024,
        72577024,
        72577024,
        72577024,
        72577024
      ],
      "exit_codes": [
        1,
        1,
        1,
        1,
        1,
        1,
        1,
        1,
        1,
        1
      ]
    }
  ]
}
