{
  "results": [
    {
      "command": "mado",
      "mean": 0.05391665960000001,
      "stddev": 0.0020720161724436005,
      "median": 0.05334127550000001,
      "user": 0.0851753,
      "system": 0.013745000000000002,
      "min": 0.052304426,
      "max": 0.05935825300000001,
      "times": [
        0.052857461,
        0.052304426,
        0.055255740000000005,
        0.053590968,
        0.053549842,
        0.053488468000000004,
        0.053194083,
        0.05935825300000001,
        0.052766455000000004,
        0.052800900000000005
      ],
      "memory_usage_byte": [
        33185792,
        33185792,
        33185792,
        33185792,
        33185792,
        33185792,
        33185792,
        33185792,
        33185792,
        33185792
      ],
      "exit_codes": [
        1,
        1,
        1,
        1,
        1,
        1,
        1,
        1,
        1,
        1
      ]
    },
    {
      "command": "rumdl",
      "mean": 0.3109428227,
      "stddev": 0.010723167551356218,
      "median": 0.311385905,
      "user": 0.9997377000000001,
      "system": 0.04330289999999999,
      "min": 0.29704567000000004,
      "max": 0.32460856200000004,
      "times": [
        0.29704567000000004,
        0.32460856200000004,
        0.297814374,
        0.31359207100000003,
        0.309179739,
        0.324521334,
        0.31504005,
        0.32240826,
        0.303312134,
        0.301906033
      ],
      "memory_usage_byte": [
        54349824,
        54349824,
        54349824,
        54349824,
        54349824,
        54349824,
        54349824,
        55717888,
        55717888,
        55717888
      ],
      "exit_codes": [
        1,
        1,
        1,
        1,
        1,
        1,
        1,
        1,
        1,
        1
      ]
    },
    {
      "command": "panache",
      "mean": 0.5624541304000001,
      "stddev": 0.029993453317761102,
      "median": 0.5522495700000001,
      "user": 2.0717016,
      "system": 0.0796822,
      "min": 0.5493512150000001,
      "max": 0.6471257220000001,
      "times": [
        0.552079538,
        0.5557224590000001,
        0.5522899800000001,
        0.562657421,
        0.5500349090000001,
        0.6471257220000001,
        0.552421416,
        0.5493512150000001,
        0.550649484,
        0.5522091600000001
      ],
      "memory_usage_byte": [
        55717888,
        55717888,
        55717888,
        55717888,
        55717888,
        55717888,
        55717888,
        55717888,
        55717888,
        55717888
      ],
      "exit_codes": [
        0,
        0,
        0,
        0,
        0,
        0,
        0,
        0,
        0,
        0
      ]
    },
    {
      "command": "mdsmith-parity",
      "mean": 0.10060192130000001,
      "stddev": 0.0007256877916320422,
      "median": 0.100564814,
      "user": 0.32643849999999996,
      "system": 0.0241599,
      "min": 0.099660734,
      "max": 0.102110553,
      "times": [
        0.099660734,
        0.100103726,
        0.102110553,
        0.101081109,
        0.100073614,
        0.101100879,
        0.10069386400000001,
        0.10084687,
        0.10043576400000001,
        0.0999121
      ],
      "memory_usage_byte": [
        55717888,
        55717888,
        55717888,
        55717888,
        55717888,
        55717888,
        55717888,
        55717888,
        55717888,
        55717888
      ],
      "exit_codes": [
        1,
        1,
        1,
        1,
        1,
        1,
        1,
        1,
        1,
        1
      ]
    },
    {
      "command": "mdsmith",
      "mean": 0.3957203766,
      "stddev": 0.0058691470163266465,
      "median": 0.395166147,
      "user": 1.0038304999999998,
      "system": 0.34466849999999993,
      "min": 0.38819515800000004,
      "max": 0.40869969,
      "times": [
        0.392293565,
        0.38937489200000003,
        0.400576715,
        0.39391967800000005,
        0.394739756,
        0.38819515800000004,
        0.39583189700000004,
        0.39797987700000004,
        0.39559253800000005,
        0.40869969
      ],
      "memory_usage_byte": [
        70811648,
        70811648,
        70811648,
        70811648,
        70811648,
        70811648,
        70811648,
        70811648,
        70811648,
        70811648
      ],
      "exit_codes": [
        1,
        1,
        1,
        1,
        1,
        1,
        1,
        1,
        1,
        1
      ]
    }
  ]
}
