{
  "results": [
    {
      "command": "mado",
      "mean": 0.0366630114,
      "stddev": 0.00028129481789997135,
      "median": 0.0367239175,
      "user": 0.056283799999999995,
      "system": 0.007069299999999999,
      "min": 0.036145825,
      "max": 0.03701758,
      "times": [
        0.036471166,
        0.036356002000000005,
        0.036871029,
        0.036733833,
        0.036934625000000006,
        0.03701758,
        0.036714002,
        0.036145825,
        0.036868266000000004,
        0.036517786
      ],
      "memory_usage_byte": [
        29966336,
        29966336,
        29966336,
        29966336,
        29966336,
        29966336,
        29966336,
        29966336,
        29970432,
        29970432
      ],
      "exit_codes": [
        1,
        1,
        1,
        1,
        1,
        1,
        1,
        1,
        1,
        1
      ]
    },
    {
      "command": "rumdl",
      "mean": 0.14766415530000002,
      "stddev": 0.0026656406978828526,
      "median": 0.14624403200000002,
      "user": 0.47748750000000006,
      "system": 0.030039,
      "min": 0.1444869,
      "max": 0.151944336,
      "times": [
        0.15114965500000002,
        0.14896947600000002,
        0.151944336,
        0.146221037,
        0.1444869,
        0.14626702700000002,
        0.145879442,
        0.146062187,
        0.15026402900000002,
        0.145397464
      ],
      "memory_usage_byte": [
        51187712,
        51187712,
        51187712,
        51187712,
        51605504,
        51605504,
        52846592,
        52846592,
        52846592,
        52846592
      ],
      "exit_codes": [
        1,
        1,
        1,
        1,
        1,
        1,
        1,
        1,
        1,
        1
      ]
    },
    {
      "command": "panache",
      "mean": 0.40786881460000013,
      "stddev": 0.006097158626297339,
      "median": 0.410715441,
      "user": 1.2312169,
      "system": 0.0478679,
      "min": 0.39804972400000005,
      "max": 0.41370663500000004,
      "times": [
        0.41060874,
        0.41370663500000004,
        0.400162454,
        0.411897014,
        0.410822142,
        0.399393233,
        0.39804972400000005,
        0.412456669,
        0.40974180200000004,
        0.41184973300000005
      ],
      "memory_usage_byte": [
        52846592,
        52846592,
        52846592,
        52846592,
        52846592,
        52846592,
        52846592,
        52846592,
        52846592,
        52846592
      ],
      "exit_codes": [
        0,
        0,
        0,
        0,
        0,
        0,
        0,
        0,
        0,
        0
      ]
    },
    {
      "command": "mdsmith-parity",
      "mean": 0.09900437920000002,
      "stddev": 0.0010428846210751531,
      "median": 0.09864113000000001,
      "user": 0.20686429999999997,
      "system": 0.0321683,
      "min": 0.098023702,
      "max": 0.10102790900000001,
      "times": [
        0.098412441,
        0.098282319,
        0.10102790900000001,
        0.099874588,
        0.09802970400000001,
        0.100008893,
        0.09886981900000001,
        0.09804878900000001,
        0.098023702,
        0.099465628
      ],
      "memory_usage_byte": [
        52846592,
        52846592,
        52846592,
        52846592,
        52846592,
        52846592,
        52846592,
        52846592,
        52846592,
        52846592
      ],
      "exit_codes": [
        1,
        1,
        1,
        1,
        1,
        1,
        1,
        1,
        1,
        1
      ]
    },
    {
      "command": "mdsmith",
      "mean": 0.1897497629,
      "stddev": 0.0019375950147185299,
      "median": 0.1899392345,
      "user": 0.44398039999999994,
      "system": 0.069892,
      "min": 0.186315166,
      "max": 0.191947476,
      "times": [
        0.187353192,
        0.191866173,
        0.191947476,
        0.18968599800000002,
        0.188137295,
        0.18975712,
        0.19012134900000002,
        0.190812808,
        0.186315166,
        0.191501052
      ],
      "memory_usage_byte": [
        66404352,
        66404352,
        66404352,
        66404352,
        66404352,
        66404352,
        66404352,
        66416640,
        68505600,
        68505600
      ],
      "exit_codes": [
        1,
        1,
        1,
        1,
        1,
        1,
        1,
        1,
        1,
        1
      ]
    }
  ]
}
