{
  "results": [
    {
      "command": "mado",
      "mean": 0.0462703912,
      "stddev": 0.001339571041753773,
      "median": 0.04580052750000001,
      "user": 0.07253369999999999,
      "system": 0.0088285,
      "min": 0.045428264,
      "max": 0.049781253000000004,
      "times": [
        0.049781253000000004,
        0.045446491000000006,
        0.045952440000000004,
        0.046043447,
        0.045824619000000004,
        0.045428264,
        0.047244959,
        0.045776436000000004,
        0.045605570000000005,
        0.045600433
      ],
      "memory_usage_byte": [
        31641600,
        31641600,
        31641600,
        31641600,
        31641600,
        31641600,
        31641600,
        31641600,
        31641600,
        31641600
      ],
      "exit_codes": [
        1,
        1,
        1,
        1,
        1,
        1,
        1,
        1,
        1,
        1
      ]
    },
    {
      "command": "rumdl",
      "mean": 0.19006981650000002,
      "stddev": 0.002617383768211484,
      "median": 0.190067323,
      "user": 0.6185283,
      "system": 0.038631700000000005,
      "min": 0.186738184,
      "max": 0.19312926000000002,
      "times": [
        0.186738184,
        0.189378825,
        0.19312926000000002,
        0.192758865,
        0.18756839900000002,
        0.19075582100000002,
        0.19293315700000002,
        0.18792824900000002,
        0.192378134,
        0.187129271
      ],
      "memory_usage_byte": [
        53526528,
        53526528,
        53526528,
        53526528,
        53526528,
        53526528,
        53526528,
        53526528,
        53526528,
        53526528
      ],
      "exit_codes": [
        1,
        1,
        1,
        1,
        1,
        1,
        1,
        1,
        1,
        1
      ]
    },
    {
      "command": "panache",
      "mean": 0.5436449273,
      "stddev": 0.017510926289299403,
      "median": 0.552393196,
      "user": 1.5652883999999998,
      "system": 0.060585599999999996,
      "min": 0.5164639010000001,
      "max": 0.5597891890000001,
      "times": [
        0.520359235,
        0.5597891890000001,
        0.519219705,
        0.549111534,
        0.55003574,
        0.555208609,
        0.5547506520000001,
        0.5164639010000001,
        0.5553519140000001,
        0.556158794
      ],
      "memory_usage_byte": [
        53526528,
        53526528,
        53526528,
        53526528,
        53526528,
        53526528,
        53526528,
        53526528,
        53526528,
        53526528
      ],
      "exit_codes": [
        0,
        0,
        0,
        0,
        0,
        0,
        0,
        0,
        0,
        0
      ]
    },
    {
      "command": "mdsmith-parity",
      "mean": 0.1312509008,
      "stddev": 0.0004082713115460299,
      "median": 0.131315805,
      "user": 0.2740797,
      "system": 0.0425902,
      "min": 0.130704878,
      "max": 0.13182733300000002,
      "times": [
        0.131390487,
        0.13182733300000002,
        0.13169587600000002,
        0.130823677,
        0.131461454,
        0.130704878,
        0.13078926500000002,
        0.13161113800000002,
        0.13124112300000002,
        0.130963777
      ],
      "memory_usage_byte": [
        60096512,
        60096512,
        60096512,
        60096512,
        60096512,
        60096512,
        60096512,
        60096512,
        60096512,
        60096512
      ],
      "exit_codes": [
        1,
        1,
        1,
        1,
        1,
        1,
        1,
        1,
        1,
        1
      ]
    },
    {
      "command": "mdsmith",
      "mean": 0.2444203802,
      "stddev": 0.0023368297613387307,
      "median": 0.2438339965,
      "user": 0.5686503,
      "system": 0.0865087,
      "min": 0.241188223,
      "max": 0.24877557400000003,
      "times": [
        0.24283962,
        0.243436706,
        0.24309313000000002,
        0.24877557400000003,
        0.24509340100000002,
        0.241188223,
        0.244544217,
        0.24423128700000002,
        0.24791594500000003,
        0.24308569900000002
      ],
      "memory_usage_byte": [
        82497536,
        82497536,
        82497536,
        82497536,
        82497536,
        82497536,
        82796544,
        82796544,
        82796544,
        82796544
      ],
      "exit_codes": [
        1,
        1,
        1,
        1,
        1,
        1,
        1,
        1,
        1,
        1
      ]
    }
  ]
}
