{
  "results": [
    {
      "command": "mado",
      "mean": 0.047069982999999996,
      "stddev": 0.003237318984893965,
      "median": 0.045941314500000004,
      "user": 0.07440140000000002,
      "system": 0.0084234,
      "min": 0.045149796000000006,
      "max": 0.055553397000000004,
      "times": [
        0.049476539,
        0.046396698,
        0.045538220000000004,
        0.045177308,
        0.045149796000000006,
        0.046276017,
        0.045249226000000004,
        0.045943808,
        0.055553397000000004,
        0.045938821000000005
      ],
      "memory_usage_byte": [
        29552640,
        29552640,
        29552640,
        29552640,
        29552640,
        29552640,
        29552640,
        29552640,
        29552640,
        29552640
      ],
      "exit_codes": [
        1,
        1,
        1,
        1,
        1,
        1,
        1,
        1,
        1,
        1
      ]
    },
    {
      "command": "rumdl",
      "mean": 0.189411423,
      "stddev": 0.0032786802626189565,
      "median": 0.188537495,
      "user": 0.6177486999999999,
      "system": 0.038611799999999995,
      "min": 0.18605548900000002,
      "max": 0.19646490300000002,
      "times": [
        0.19646490300000002,
        0.189422686,
        0.189182185,
        0.193920705,
        0.18605548900000002,
        0.18807400200000002,
        0.186910186,
        0.18700908400000002,
        0.18858170900000001,
        0.188493281
      ],
      "memory_usage_byte": [
        50552832,
        50552832,
        52150272,
        52150272,
        52150272,
        53530624,
        53530624,
        53530624,
        53530624,
        53530624
      ],
      "exit_codes": [
        1,
        1,
        1,
        1,
        1,
        1,
        1,
        1,
        1,
        1
      ]
    },
    {
      "command": "panache",
      "mean": 0.5433961779,
      "stddev": 0.020171224088641453,
      "median": 0.554583652,
      "user": 1.5694028000000002,
      "system": 0.06021129999999999,
      "min": 0.5132024000000001,
      "max": 0.560156981,
      "times": [
        0.5540324680000001,
        0.5545980060000001,
        0.55647963,
        0.554569298,
        0.555777621,
        0.515402361,
        0.514226957,
        0.5132024000000001,
        0.5555160570000001,
        0.560156981
      ],
      "memory_usage_byte": [
        53530624,
        53530624,
        53530624,
        53530624,
        53530624,
        53530624,
        53530624,
        53530624,
        53530624,
        53530624
      ],
      "exit_codes": [
        0,
        0,
        0,
        0,
        0,
        0,
        0,
        0,
        0,
        0
      ]
    },
    {
      "command": "gomarklint",
      "mean": 0.029439943200000002,
      "stddev": 0.0012587227909509255,
      "median": 0.0294853245,
      "user": 0.0678038,
      "system": 0.0168368,
      "min": 0.027001203,
      "max": 0.031730308,
      "times": [
        0.028555464000000003,
        0.028644738000000003,
        0.031730308,
        0.029490027000000002,
        0.029480622,
        0.029440293000000003,
        0.027001203,
        0.029551389,
        0.029856552,
        0.030648836000000002
      ],
      "memory_usage_byte": [
        53530624,
        53530624,
        53530624,
        53530624,
        53530624,
        53530624,
        53530624,
        53530624,
        53530624,
        53530624
      ],
      "exit_codes": [
        1,
        1,
        1,
        1,
        1,
        1,
        1,
        1,
        1,
        1
      ]
    },
    {
      "command": "mdsmith-parity",
      "mean": 0.05255403620000001,
      "stddev": 0.0005254491419842229,
      "median": 0.052520972500000006,
      "user": 0.14155659999999998,
      "system": 0.014995899999999998,
      "min": 0.051844036,
      "max": 0.053554133000000004,
      "times": [
        0.052934162,
        0.053554133000000004,
        0.052711559000000005,
        0.052443667000000006,
        0.052598278000000005,
        0.053060723000000004,
        0.052164568,
        0.052150226,
        0.051844036,
        0.05207901
      ],
      "memory_usage_byte": [
        53530624,
        53530624,
        53530624,
        53530624,
        53530624,
        53530624,
        53530624,
        53530624,
        53530624,
        53530624
      ],
      "exit_codes": [
        1,
        1,
        1,
        1,
        1,
        1,
        1,
        1,
        1,
        1
      ]
    },
    {
      "command": "mdsmith",
      "mean": 0.14055687290000002,
      "stddev": 0.0014951994266301073,
      "median": 0.14071685700000003,
      "user": 0.4071813000000001,
      "system": 0.0346622,
      "min": 0.138783341,
      "max": 0.14312872100000001,
      "times": [
        0.139160647,
        0.13892521300000002,
        0.139154147,
        0.14168977200000002,
        0.138783341,
        0.14075747300000002,
        0.140676241,
        0.14312872100000001,
        0.14146156000000001,
        0.14183161400000002
      ],
      "memory_usage_byte": [
        53530624,
        53530624,
        53530624,
        53530624,
        53530624,
        53530624,
        53530624,
        53530624,
        53530624,
        53530624
      ],
      "exit_codes": [
        1,
        1,
        1,
        1,
        1,
        1,
        1,
        1,
        1,
        1
      ]
    }
  ]
}
