{
  "results": [
    {
      "command": "mado",
      "mean": 0.06264852020000002,
      "stddev": 0.0013266250319153483,
      "median": 0.0621573525,
      "user": 0.09648190000000001,
      "system": 0.020150499999999995,
      "min": 0.061467256000000005,
      "max": 0.065542191,
      "times": [
        0.06241742200000001,
        0.062246341000000004,
        0.06244613400000001,
        0.061467256000000005,
        0.061845027000000004,
        0.061983766,
        0.064595251,
        0.06187345,
        0.065542191,
        0.062068364
      ],
      "memory_usage_byte": [
        31014912,
        31014912,
        31014912,
        31014912,
        31014912,
        31014912,
        31014912,
        31014912,
        31014912,
        31014912
      ],
      "exit_codes": [
        1,
        1,
        1,
        1,
        1,
        1,
        1,
        1,
        1,
        1
      ]
    },
    {
      "command": "rumdl",
      "mean": 0.3089016283,
      "stddev": 0.002821789451451962,
      "median": 0.30920677650000006,
      "user": 0.9398111,
      "system": 0.07434779999999999,
      "min": 0.30517652,
      "max": 0.313818512,
      "times": [
        0.30517652,
        0.30929177500000005,
        0.309121778,
        0.305541406,
        0.313818512,
        0.30947061000000003,
        0.308363578,
        0.305803021,
        0.310438407,
        0.311990676
      ],
      "memory_usage_byte": [
        51429376,
        51429376,
        53002240,
        53063680,
        53063680,
        53063680,
        53063680,
        53063680,
        53063680,
        53063680
      ],
      "exit_codes": [
        1,
        1,
        1,
        1,
        1,
        1,
        1,
        1,
        1,
        1
      ]
    },
    {
      "command": "panache",
      "mean": 0.6521695753,
      "stddev": 0.05382163646320062,
      "median": 0.6884351355,
      "user": 2.0018876,
      "system": 0.1478808,
      "min": 0.5707424590000001,
      "max": 0.69794051,
      "times": [
        0.6896437790000001,
        0.694658483,
        0.6270259850000001,
        0.694019798,
        0.5954627640000001,
        0.575331704,
        0.69794051,
        0.5707424590000001,
        0.687387254,
        0.689483017
      ],
      "memory_usage_byte": [
        53063680,
        53063680,
        53063680,
        53063680,
        53063680,
        53063680,
        53063680,
        53063680,
        53063680,
        53063680
      ],
      "exit_codes": [
        0,
        0,
        0,
        0,
        0,
        0,
        0,
        0,
        0,
        0
      ]
    },
    {
      "command": "mdsmith-parity",
      "mean": 0.10825726750000002,
      "stddev": 0.0005152401904491296,
      "median": 0.10821674650000002,
      "user": 0.32004789999999994,
      "system": 0.0364024,
      "min": 0.10766146800000001,
      "max": 0.109500674,
      "times": [
        0.10852726500000001,
        0.108303457,
        0.109500674,
        0.10785196500000001,
        0.10766146800000001,
        0.107928271,
        0.10834104400000001,
        0.107940459,
        0.10838803600000001,
        0.10813003600000001
      ],
      "memory_usage_byte": [
        53063680,
        53063680,
        53063680,
        53063680,
        53063680,
        53063680,
        53063680,
        53063680,
        53063680,
        53063680
      ],
      "exit_codes": [
        1,
        1,
        1,
        1,
        1,
        1,
        1,
        1,
        1,
        1
      ]
    },
    {
      "command": "mdsmith",
      "mean": 0.48834141340000004,
      "stddev": 0.01135012893253509,
      "median": 0.486670587,
      "user": 1.0541021,
      "system": 0.5712887,
      "min": 0.473724321,
      "max": 0.504701402,
      "times": [
        0.49990615000000005,
        0.504701402,
        0.47835990100000003,
        0.485638253,
        0.502179063,
        0.47433331100000004,
        0.48346917800000005,
        0.473724321,
        0.487702921,
        0.49339963400000003
      ],
      "memory_usage_byte": [
        74301440,
        74301440,
        74301440,
        74301440,
        74301440,
        74301440,
        74301440,
        74301440,
        74301440,
        74301440
      ],
      "exit_codes": [
        1,
        1,
        1,
        1,
        1,
        1,
        1,
        1,
        1,
        1
      ]
    }
  ]
}
