{
  "results": [
    {
      "command": "mado",
      "mean": 0.0472621961,
      "stddev": 0.002104231647519639,
      "median": 0.0466854785,
      "user": 0.0727642,
      "system": 0.0109053,
      "min": 0.045727968,
      "max": 0.053078347000000005,
      "times": [
        0.047572727,
        0.046686195,
        0.046913318,
        0.046684762000000005,
        0.053078347000000005,
        0.045727968,
        0.046271401000000004,
        0.046122805,
        0.046632796000000004,
        0.046931642
      ],
      "memory_usage_byte": [
        33660928,
        33660928,
        33660928,
        33660928,
        33660928,
        33660928,
        33660928,
        33660928,
        33660928,
        33660928
      ],
      "exit_codes": [
        1,
        1,
        1,
        1,
        1,
        1,
        1,
        1,
        1,
        1
      ]
    },
    {
      "command": "rumdl",
      "mean": 0.1992734783,
      "stddev": 0.0037938237372059256,
      "median": 0.197470158,
      "user": 0.6540627999999999,
      "system": 0.03401719999999999,
      "min": 0.19549417600000002,
      "max": 0.205877302,
      "times": [
        0.20216245600000002,
        0.196200705,
        0.197866441,
        0.205877302,
        0.19549417600000002,
        0.197073875,
        0.19939146500000002,
        0.20513819600000002,
        0.19691543900000003,
        0.19661472800000002
      ],
      "memory_usage_byte": [
        48316416,
        54915072,
        54915072,
        54915072,
        54915072,
        54915072,
        54915072,
        54915072,
        54915072,
        54915072
      ],
      "exit_codes": [
        1,
        1,
        1,
        1,
        1,
        1,
        1,
        1,
        1,
        1
      ]
    },
    {
      "command": "panache",
      "mean": 0.5400776656000001,
      "stddev": 0.009300749732829065,
      "median": 0.5406625760000001,
      "user": 1.6509038999999999,
      "system": 0.052501599999999995,
      "min": 0.5293817230000001,
      "max": 0.557939427,
      "times": [
        0.530327407,
        0.5461906950000001,
        0.5448449360000001,
        0.5453784810000001,
        0.5293817230000001,
        0.532822506,
        0.557939427,
        0.5455057680000001,
        0.531905497,
        0.5364802160000001
      ],
      "memory_usage_byte": [
        54915072,
        54915072,
        54915072,
        54915072,
        54915072,
        54915072,
        54915072,
        54915072,
        54915072,
        54915072
      ],
      "exit_codes": [
        0,
        0,
        0,
        0,
        0,
        0,
        0,
        0,
        0,
        0
      ]
    },
    {
      "command": "mdsmith-parity",
      "mean": 0.12964581830000002,
      "stddev": 0.0006875940863898032,
      "median": 0.12948268200000002,
      "user": 0.2999815,
      "system": 0.0304438,
      "min": 0.128703757,
      "max": 0.130718002,
      "times": [
        0.130718002,
        0.129414151,
        0.129285601,
        0.129727005,
        0.130546893,
        0.130343977,
        0.12887410500000002,
        0.128703757,
        0.129551213,
        0.12929347900000002
      ],
      "memory_usage_byte": [
        59625472,
        59625472,
        59715584,
        59715584,
        59715584,
        59813888,
        59813888,
        59944960,
        59944960,
        59944960
      ],
      "exit_codes": [
        1,
        1,
        1,
        1,
        1,
        1,
        1,
        1,
        1,
        1
      ]
    },
    {
      "command": "mdsmith",
      "mean": 0.24486526300000003,
      "stddev": 0.0028654446847788053,
      "median": 0.24412553200000003,
      "user": 0.5977064999999999,
      "system": 0.07318799999999999,
      "min": 0.240978029,
      "max": 0.249408803,
      "times": [
        0.244835818,
        0.24372673300000003,
        0.243044421,
        0.244524331,
        0.249408803,
        0.24873904700000002,
        0.240978029,
        0.24225770600000002,
        0.243264732,
        0.24787301
      ],
      "memory_usage_byte": [
        82714624,
        82714624,
        82714624,
        82714624,
        82714624,
        82714624,
        82714624,
        82714624,
        82714624,
        82714624
      ],
      "exit_codes": [
        1,
        1,
        1,
        1,
        1,
        1,
        1,
        1,
        1,
        1
      ]
    }
  ]
}
