{
  "results": [
    {
      "command": "markdownlint-cli2",
      "mean": 3.135904431166667,
      "stddev": 0.06259152783890007,
      "median": 3.12416149,
      "user": 4.6998655000000005,
      "system": 0.2737943333333333,
      "min": 3.073376407,
      "max": 3.254133239,
      "times": [
        3.099658797,
        3.1310500980000002,
        3.139935164,
        3.117272882,
        3.073376407,
        3.254133239
      ],
      "memory_usage_byte": [
        374112256,
        383774720,
        383774720,
        383774720,
        383774720,
        388186112
      ],
      "exit_codes": [
        1,
        1,
        1,
        1,
        1,
        1
      ]
    }
  ]
}
