{
  "results": [
    {
      "command": "mado",
      "mean": 0.045843585199999995,
      "stddev": 0.00039848392014729347,
      "median": 0.0457927725,
      "user": 0.0721572,
      "system": 0.008188299999999999,
      "min": 0.045242723000000006,
      "max": 0.046752701,
      "times": [
        0.045601364000000005,
        0.045835567,
        0.045706722000000005,
        0.045768376,
        0.045817169000000005,
        0.04562569,
        0.045918413000000005,
        0.046167127,
        0.046752701,
        0.045242723000000006
      ],
      "memory_usage_byte": [
        29777920,
        29777920,
        29777920,
        29777920,
        29835264,
        29835264,
        29835264,
        29835264,
        29835264,
        29835264
      ],
      "exit_codes": [
        1,
        1,
        1,
        1,
        1,
        1,
        1,
        1,
        1,
        1
      ]
    },
    {
      "command": "rumdl",
      "mean": 0.18926969259999998,
      "stddev": 0.0020289375232081597,
      "median": 0.18921958500000002,
      "user": 0.6201956,
      "system": 0.0362278,
      "min": 0.18626230900000001,
      "max": 0.19257626400000002,
      "times": [
        0.19174090600000002,
        0.18928544900000002,
        0.19099022100000002,
        0.189518291,
        0.18915372100000002,
        0.19257626400000002,
        0.18626230900000001,
        0.188425908,
        0.187455339,
        0.18728851800000001
      ],
      "memory_usage_byte": [
        50327552,
        50327552,
        50327552,
        50708480,
        50708480,
        50708480,
        50708480,
        50708480,
        50708480,
        50708480
      ],
      "exit_codes": [
        1,
        1,
        1,
        1,
        1,
        1,
        1,
        1,
        1,
        1
      ]
    },
    {
      "command": "panache",
      "mean": 0.5347771869000001,
      "stddev": 0.017998077707876654,
      "median": 0.5321143085000001,
      "user": 1.5936594999999998,
      "system": 0.0602305,
      "min": 0.5154807100000001,
      "max": 0.580111681,
      "times": [
        0.5159188100000001,
        0.5154807100000001,
        0.5345860800000001,
        0.5343625430000001,
        0.5306879290000001,
        0.5318058360000001,
        0.5431558320000001,
        0.580111681,
        0.529239667,
        0.5324227810000001
      ],
      "memory_usage_byte": [
        50708480,
        50708480,
        50708480,
        50708480,
        50708480,
        50708480,
        50708480,
        50708480,
        50708480,
        50708480
      ],
      "exit_codes": [
        0,
        0,
        0,
        0,
        0,
        0,
        0,
        0,
        0,
        0
      ]
    },
    {
      "command": "mdsmith-parity",
      "mean": 0.1331696333,
      "stddev": 0.0012532852963027493,
      "median": 0.132432668,
      "user": 0.27648339999999993,
      "system": 0.0430449,
      "min": 0.131873359,
      "max": 0.135459679,
      "times": [
        0.13221126800000002,
        0.132430039,
        0.135459679,
        0.132331039,
        0.134331968,
        0.133432231,
        0.132435297,
        0.132429357,
        0.134762096,
        0.131873359
      ],
      "memory_usage_byte": [
        60125184,
        60125184,
        60256256,
        60256256,
        60334080,
        60334080,
        60334080,
        60334080,
        60334080,
        60334080
      ],
      "exit_codes": [
        1,
        1,
        1,
        1,
        1,
        1,
        1,
        1,
        1,
        1
      ]
    },
    {
      "command": "mdsmith",
      "mean": 0.2500256059,
      "stddev": 0.002867458240689109,
      "median": 0.249191732,
      "user": 0.5764189999999999,
      "system": 0.0875826,
      "min": 0.246821537,
      "max": 0.254355752,
      "times": [
        0.251554957,
        0.25268822700000004,
        0.254355752,
        0.24790270700000003,
        0.247577968,
        0.246821537,
        0.249529351,
        0.24885411300000002,
        0.24709334600000002,
        0.253878101
      ],
      "memory_usage_byte": [
        84836352,
        84836352,
        84836352,
        84836352,
        84836352,
        84836352,
        84836352,
        84836352,
        84836352,
        84836352
      ],
      "exit_codes": [
        1,
        1,
        1,
        1,
        1,
        1,
        1,
        1,
        1,
        1
      ]
    }
  ]
}
