{
  "results": [
    {
      "command": "mado",
      "mean": 0.06752575260000002,
      "stddev": 0.004671346797899992,
      "median": 0.068144547,
      "user": 0.10728770000000001,
      "system": 0.0211937,
      "min": 0.062695292,
      "max": 0.07796095700000001,
      "times": [
        0.068683863,
        0.06374996000000001,
        0.069901844,
        0.063171421,
        0.067605231,
        0.07796095700000001,
        0.062695292,
        0.069472434,
        0.063218889,
        0.06879763500000001
      ],
      "memory_usage_byte": [
        28979200,
        29028352,
        29028352,
        29028352,
        29065216,
        29065216,
        29065216,
        29065216,
        29065216,
        29065216
      ],
      "exit_codes": [
        1,
        1,
        1,
        1,
        1,
        1,
        1,
        1,
        1,
        1
      ]
    },
    {
      "command": "rumdl",
      "mean": 0.33331761880000005,
      "stddev": 0.032112186903846845,
      "median": 0.32045306700000004,
      "user": 0.9946927999999999,
      "system": 0.07350369999999999,
      "min": 0.31548611200000004,
      "max": 0.41816837300000004,
      "times": [
        0.325775605,
        0.32201211500000004,
        0.325098582,
        0.356123291,
        0.41816837300000004,
        0.31548611200000004,
        0.31869821200000004,
        0.317026587,
        0.315893292,
        0.31889401900000003
      ],
      "memory_usage_byte": [
        51724288,
        55013376,
        55013376,
        55013376,
        55013376,
        55013376,
        55013376,
        55013376,
        55013376,
        55013376
      ],
      "exit_codes": [
        1,
        1,
        1,
        1,
        1,
        1,
        1,
        1,
        1,
        1
      ]
    },
    {
      "command": "panache",
      "mean": 0.6443597283000001,
      "stddev": 0.06516554580508575,
      "median": 0.6109364195,
      "user": 2.1313486999999993,
      "system": 0.1422796,
      "min": 0.595358288,
      "max": 0.739981114,
      "times": [
        0.596841083,
        0.6008500130000001,
        0.598730293,
        0.7346042970000001,
        0.5960832300000001,
        0.739981114,
        0.595358288,
        0.621022826,
        0.738682229,
        0.62144391
      ],
      "memory_usage_byte": [
        55013376,
        55013376,
        55013376,
        55013376,
        55013376,
        55013376,
        55013376,
        55013376,
        55013376,
        55013376
      ],
      "exit_codes": [
        0,
        0,
        0,
        0,
        0,
        0,
        0,
        0,
        0,
        0
      ]
    },
    {
      "command": "mdsmith-parity",
      "mean": 0.10929561440000002,
      "stddev": 0.005917465093065839,
      "median": 0.107418207,
      "user": 0.33943159999999994,
      "system": 0.028822399999999998,
      "min": 0.106749672,
      "max": 0.126057948,
      "times": [
        0.126057948,
        0.107375998,
        0.10774517700000001,
        0.108807687,
        0.10758783400000001,
        0.10689399200000001,
        0.107194839,
        0.10708258100000001,
        0.107460416,
        0.106749672
      ],
      "memory_usage_byte": [
        63246336,
        63246336,
        63246336,
        63246336,
        63246336,
        63246336,
        63246336,
        63246336,
        63246336,
        63246336
      ],
      "exit_codes": [
        1,
        1,
        1,
        1,
        1,
        1,
        1,
        1,
        1,
        1
      ]
    },
    {
      "command": "mdsmith",
      "mean": 0.4713811193,
      "stddev": 0.011684771162504954,
      "median": 0.468417112,
      "user": 1.0791225,
      "system": 0.5305945999999999,
      "min": 0.45426236200000003,
      "max": 0.494590534,
      "times": [
        0.482450967,
        0.494590534,
        0.46403931400000004,
        0.47058862700000004,
        0.468023383,
        0.46881084100000003,
        0.462007775,
        0.46764209100000004,
        0.48139529900000005,
        0.45426236200000003
      ],
      "memory_usage_byte": [
        63246336,
        63246336,
        63246336,
        63246336,
        63246336,
        63246336,
        63246336,
        63246336,
        63246336,
        63246336
      ],
      "exit_codes": [
        1,
        1,
        1,
        1,
        1,
        1,
        1,
        1,
        1,
        1
      ]
    }
  ]
}
