{
  "results": [
    {
      "command": "mado",
      "mean": 0.06662353220000002,
      "stddev": 0.004106114971047984,
      "median": 0.0648656,
      "user": 0.10418939999999999,
      "system": 0.0208455,
      "min": 0.064651282,
      "max": 0.077233176,
      "times": [
        0.064853927,
        0.06476546400000001,
        0.06525093700000001,
        0.064753857,
        0.064651282,
        0.06467648000000001,
        0.06488195000000001,
        0.064877273,
        0.070290976,
        0.077233176
      ],
      "memory_usage_byte": [
        29020160,
        29020160,
        29020160,
        29020160,
        30965760,
        30965760,
        30965760,
        30965760,
        30965760,
        30965760
      ],
      "exit_codes": [
        1,
        1,
        1,
        1,
        1,
        1,
        1,
        1,
        1,
        1
      ]
    },
    {
      "command": "rumdl",
      "mean": 0.3252293075,
      "stddev": 0.004676925894231389,
      "median": 0.3249315035,
      "user": 0.9796431,
      "system": 0.08174210000000001,
      "min": 0.317118602,
      "max": 0.334145542,
      "times": [
        0.324899916,
        0.326573775,
        0.321323474,
        0.322547523,
        0.32866723600000003,
        0.32867777200000003,
        0.32496309100000004,
        0.334145542,
        0.32337614400000003,
        0.317118602
      ],
      "memory_usage_byte": [
        51826688,
        53960704,
        53960704,
        53960704,
        53960704,
        53960704,
        53960704,
        53960704,
        53960704,
        53960704
      ],
      "exit_codes": [
        1,
        1,
        1,
        1,
        1,
        1,
        1,
        1,
        1,
        1
      ]
    },
    {
      "command": "panache",
      "mean": 0.6910047701,
      "stddev": 0.0797449745070595,
      "median": 0.7430811325000001,
      "user": 2.0665163,
      "system": 0.1463753,
      "min": 0.5955196930000001,
      "max": 0.7858755510000001,
      "times": [
        0.7858755510000001,
        0.746179758,
        0.745421212,
        0.598055075,
        0.5955196930000001,
        0.7482427020000001,
        0.7435793540000001,
        0.59834308,
        0.606248365,
        0.7425829110000001
      ],
      "memory_usage_byte": [
        53960704,
        53960704,
        53960704,
        53960704,
        53960704,
        53960704,
        53960704,
        53960704,
        53960704,
        53960704
      ],
      "exit_codes": [
        0,
        0,
        0,
        0,
        0,
        0,
        0,
        0,
        0,
        0
      ]
    },
    {
      "command": "gomarklint",
      "mean": 0.0598141056,
      "stddev": 0.005952042283301743,
      "median": 0.061305681,
      "user": 0.12655389999999997,
      "system": 0.033236299999999996,
      "min": 0.051975933,
      "max": 0.069416301,
      "times": [
        0.051975933,
        0.06041251,
        0.053426650000000006,
        0.054323923,
        0.069416301,
        0.05407739,
        0.062198852000000006,
        0.064251256,
        0.06423461,
        0.063823631
      ],
      "memory_usage_byte": [
        53960704,
        53960704,
        53960704,
        53960704,
        53960704,
        53960704,
        53960704,
        53960704,
        53960704,
        53960704
      ],
      "exit_codes": [
        1,
        1,
        1,
        1,
        1,
        1,
        1,
        1,
        1,
        1
      ]
    },
    {
      "command": "mdsmith-parity",
      "mean": 0.06099083540000001,
      "stddev": 0.0009764109055978888,
      "median": 0.060593022,
      "user": 0.1763005,
      "system": 0.023632200000000003,
      "min": 0.06005394000000001,
      "max": 0.062850284,
      "times": [
        0.060288923,
        0.062440857,
        0.060487673000000006,
        0.06005394000000001,
        0.062850284,
        0.060308603,
        0.060848436000000006,
        0.060698371,
        0.061607561000000005,
        0.060323706000000005
      ],
      "memory_usage_byte": [
        53960704,
        53960704,
        53960704,
        53960704,
        53960704,
        53960704,
        53960704,
        53960704,
        53960704,
        53960704
      ],
      "exit_codes": [
        1,
        1,
        1,
        1,
        1,
        1,
        1,
        1,
        1,
        1
      ]
    },
    {
      "command": "mdsmith",
      "mean": 0.17234955599999996,
      "stddev": 0.002500203023332614,
      "median": 0.17170121650000003,
      "user": 0.49669479999999994,
      "system": 0.062313400000000005,
      "min": 0.16903984300000002,
      "max": 0.177164177,
      "times": [
        0.173143177,
        0.17403758500000002,
        0.170251188,
        0.16903984300000002,
        0.171150394,
        0.177164177,
        0.175059562,
        0.17068659900000002,
        0.170710996,
        0.17225203900000002
      ],
      "memory_usage_byte": [
        58408960,
        58408960,
        58408960,
        58408960,
        58482688,
        58482688,
        58482688,
        58482688,
        58535936,
        58535936
      ],
      "exit_codes": [
        1,
        1,
        1,
        1,
        1,
        1,
        1,
        1,
        1,
        1
      ]
    }
  ]
}
