{
  "results": [
    {
      "command": "markdownlint-cli2",
      "mean": 4.732837236,
      "stddev": 0.13422697704993003,
      "median": 4.703501252500001,
      "user": 7.118197666666664,
      "system": 0.32126699999999997,
      "min": 4.614146421,
      "max": 4.982744902,
      "times": [
        4.687401251,
        4.630716272,
        4.7196012540000005,
        4.614146421,
        4.762413316,
        4.982744902
      ],
      "memory_usage_byte": [
        377454592,
        384221184,
        390696960,
        390696960,
        390696960,
        395411456
      ],
      "exit_codes": [
        1,
        1,
        1,
        1,
        1,
        1
      ]
    }
  ]
}
