{
  "results": [
    {
      "command": "markdownlint-cli2",
      "mean": 3.1236358411666667,
      "stddev": 0.05085765861322454,
      "median": 3.124903996,
      "user": 4.678221166666667,
      "system": 0.27530799999999994,
      "min": 3.054439169,
      "max": 3.199938923,
      "times": [
        3.140211438,
        3.148846335,
        3.199938923,
        3.109596554,
        3.088782628,
        3.054439169
      ],
      "memory_usage_byte": [
        402325504,
        402325504,
        402325504,
        402325504,
        402325504,
        402325504
      ],
      "exit_codes": [
        1,
        1,
        1,
        1,
        1,
        1
      ]
    }
  ]
}
