{
  "results": [
    {
      "command": "mado",
      "mean": 0.07096052050000001,
      "stddev": 0.003895767069534012,
      "median": 0.069561992,
      "user": 0.11428959999999999,
      "system": 0.0209118,
      "min": 0.067681087,
      "max": 0.08017633,
      "times": [
        0.069409253,
        0.08017633,
        0.068557989,
        0.07513668800000001,
        0.0684088,
        0.068637351,
        0.069985688,
        0.069714731,
        0.071897288,
        0.067681087
      ],
      "memory_usage_byte": [
        29773824,
        29773824,
        29773824,
        31588352,
        31588352,
        31588352,
        31588352,
        31588352,
        31588352,
        31588352
      ],
      "exit_codes": [
        1,
        1,
        1,
        1,
        1,
        1,
        1,
        1,
        1,
        1
      ]
    },
    {
      "command": "rumdl",
      "mean": 0.3534539823000001,
      "stddev": 0.008567250437650104,
      "median": 0.35250672650000003,
      "user": 1.0695490999999997,
      "system": 0.07644290000000001,
      "min": 0.342446793,
      "max": 0.36807294700000004,
      "times": [
        0.36181501000000005,
        0.36807294700000004,
        0.362738119,
        0.34890818300000004,
        0.351489029,
        0.353524424,
        0.355431107,
        0.34478206,
        0.342446793,
        0.34533215100000003
      ],
      "memory_usage_byte": [
        53125120,
        53125120,
        55275520,
        55275520,
        55275520,
        55275520,
        55275520,
        55275520,
        55275520,
        55275520
      ],
      "exit_codes": [
        1,
        1,
        1,
        1,
        1,
        1,
        1,
        1,
        1,
        1
      ]
    },
    {
      "command": "panache",
      "mean": 0.695417496,
      "stddev": 0.0746538962759065,
      "median": 0.6410636135000001,
      "user": 2.2499604,
      "system": 0.148999,
      "min": 0.633208844,
      "max": 0.7824484220000001,
      "times": [
        0.781259499,
        0.638683564,
        0.633208844,
        0.7824484220000001,
        0.637529888,
        0.6377910870000001,
        0.7823283360000001,
        0.782379735,
        0.635101922,
        0.643443663
      ],
      "memory_usage_byte": [
        55275520,
        55275520,
        55275520,
        55275520,
        55275520,
        55275520,
        55275520,
        55275520,
        55275520,
        55275520
      ],
      "exit_codes": [
        0,
        0,
        0,
        0,
        0,
        0,
        0,
        0,
        0,
        0
      ]
    },
    {
      "command": "gomarklint",
      "mean": 0.06554264480000001,
      "stddev": 0.009798170932062077,
      "median": 0.06223814850000001,
      "user": 0.1476464,
      "system": 0.023425599999999998,
      "min": 0.054057984,
      "max": 0.07923593000000001,
      "times": [
        0.07923593000000001,
        0.062494726,
        0.061120241000000006,
        0.067983416,
        0.061981571000000006,
        0.056411314000000004,
        0.07803476000000001,
        0.078303804,
        0.055802702,
        0.054057984
      ],
      "memory_usage_byte": [
        55275520,
        55275520,
        55275520,
        55275520,
        55275520,
        55275520,
        55275520,
        55275520,
        55275520,
        55275520
      ],
      "exit_codes": [
        1,
        1,
        1,
        1,
        1,
        1,
        1,
        1,
        1,
        1
      ]
    },
    {
      "command": "mdsmith-parity",
      "mean": 0.0648405685,
      "stddev": 0.001030046007175758,
      "median": 0.064851102,
      "user": 0.19484669999999998,
      "system": 0.023359500000000002,
      "min": 0.06361016500000001,
      "max": 0.066674093,
      "times": [
        0.06361016500000001,
        0.06567416000000001,
        0.063974216,
        0.065101778,
        0.06368428300000001,
        0.064081317,
        0.065092077,
        0.064610127,
        0.065903469,
        0.066674093
      ],
      "memory_usage_byte": [
        55275520,
        55275520,
        55275520,
        55275520,
        55275520,
        55275520,
        55275520,
        55275520,
        55275520,
        55275520
      ],
      "exit_codes": [
        1,
        1,
        1,
        1,
        1,
        1,
        1,
        1,
        1,
        1
      ]
    },
    {
      "command": "mdsmith",
      "mean": 0.18389029529999998,
      "stddev": 0.0027143683472365706,
      "median": 0.183016287,
      "user": 0.5377536,
      "system": 0.0603301,
      "min": 0.181036878,
      "max": 0.188337826,
      "times": [
        0.18623682700000002,
        0.185952887,
        0.18280125200000003,
        0.18171648,
        0.181299179,
        0.188337826,
        0.181366876,
        0.183231322,
        0.181036878,
        0.186923426
      ],
      "memory_usage_byte": [
        58675200,
        58675200,
        58675200,
        58675200,
        58675200,
        58675200,
        58675200,
        58675200,
        58675200,
        58675200
      ],
      "exit_codes": [
        1,
        1,
        1,
        1,
        1,
        1,
        1,
        1,
        1,
        1
      ]
    }
  ]
}
