{
  "results": [
    {
      "command": "mado",
      "mean": 0.0457418573,
      "stddev": 0.00038271828913823835,
      "median": 0.045761547,
      "user": 0.0711289,
      "system": 0.009170799999999998,
      "min": 0.045004717,
      "max": 0.04637124,
      "times": [
        0.04637124,
        0.045991817000000004,
        0.045734101000000006,
        0.046032719,
        0.045788993,
        0.045004717,
        0.045982352000000004,
        0.045515814,
        0.045529494000000004,
        0.045467326
      ],
      "memory_usage_byte": [
        29839360,
        29839360,
        29839360,
        29839360,
        29839360,
        29839360,
        29839360,
        29839360,
        29839360,
        29839360
      ],
      "exit_codes": [
        1,
        1,
        1,
        1,
        1,
        1,
        1,
        1,
        1,
        1
      ]
    },
    {
      "command": "rumdl",
      "mean": 0.1904904201,
      "stddev": 0.002985753768626069,
      "median": 0.1898142645,
      "user": 0.6132989,
      "system": 0.039451,
      "min": 0.18671567900000002,
      "max": 0.19590869700000002,
      "times": [
        0.189122869,
        0.191093583,
        0.18868783600000003,
        0.190407594,
        0.189341966,
        0.19028656300000002,
        0.18671567900000002,
        0.19590869700000002,
        0.187995879,
        0.195343535
      ],
      "memory_usage_byte": [
        50937856,
        50937856,
        50937856,
        50937856,
        50937856,
        50937856,
        50937856,
        50937856,
        50937856,
        50937856
      ],
      "exit_codes": [
        1,
        1,
        1,
        1,
        1,
        1,
        1,
        1,
        1,
        1
      ]
    },
    {
      "command": "panache",
      "mean": 0.5377810769,
      "stddev": 0.0200852533025388,
      "median": 0.5510087,
      "user": 1.573703,
      "system": 0.059272000000000005,
      "min": 0.51400738,
      "max": 0.555983714,
      "times": [
        0.51400738,
        0.5529942,
        0.553588431,
        0.555983714,
        0.5540463480000001,
        0.5140794280000001,
        0.554021581,
        0.514159738,
        0.515906749,
        0.5490232
      ],
      "memory_usage_byte": [
        50937856,
        50937856,
        50937856,
        50937856,
        50937856,
        50937856,
        50937856,
        50937856,
        50937856,
        50937856
      ],
      "exit_codes": [
        0,
        0,
        0,
        0,
        0,
        0,
        0,
        0,
        0,
        0
      ]
    },
    {
      "command": "gomarklint",
      "mean": 0.030150672800000007,
      "stddev": 0.001181308970154887,
      "median": 0.029999762,
      "user": 0.072477,
      "system": 0.012803299999999998,
      "min": 0.028139872000000003,
      "max": 0.032297183,
      "times": [
        0.032297183,
        0.030289026000000004,
        0.031697528,
        0.029813723,
        0.029520463,
        0.029439867,
        0.030185801,
        0.030543117,
        0.029580148,
        0.028139872000000003
      ],
      "memory_usage_byte": [
        50937856,
        50937856,
        50937856,
        50937856,
        50937856,
        50937856,
        50937856,
        50937856,
        50937856,
        50937856
      ],
      "exit_codes": [
        1,
        1,
        1,
        1,
        1,
        1,
        1,
        1,
        1,
        1
      ]
    },
    {
      "command": "mdsmith-parity",
      "mean": 0.04975993690000001,
      "stddev": 0.0004614136395805712,
      "median": 0.04961792400000001,
      "user": 0.14332479999999997,
      "system": 0.0144275,
      "min": 0.049405125,
      "max": 0.050795189000000004,
      "times": [
        0.049621109000000004,
        0.049614739000000005,
        0.05038886,
        0.049744474000000004,
        0.049624123000000006,
        0.04954187,
        0.049456261,
        0.049405125,
        0.050795189000000004,
        0.049407619
      ],
      "memory_usage_byte": [
        50937856,
        50937856,
        50937856,
        50937856,
        50937856,
        50937856,
        50937856,
        50937856,
        50937856,
        50937856
      ],
      "exit_codes": [
        1,
        1,
        1,
        1,
        1,
        1,
        1,
        1,
        1,
        1
      ]
    },
    {
      "command": "mdsmith",
      "mean": 0.1371409945,
      "stddev": 0.0016120651207138222,
      "median": 0.1375723935,
      "user": 0.4128260000000001,
      "system": 0.03359820000000001,
      "min": 0.134613912,
      "max": 0.13918312900000002,
      "times": [
        0.13918312900000002,
        0.13786647400000002,
        0.138204561,
        0.135139755,
        0.136277272,
        0.137807441,
        0.135802203,
        0.13917785200000002,
        0.134613912,
        0.137337346
      ],
      "memory_usage_byte": [
        51761152,
        51761152,
        51761152,
        51761152,
        51761152,
        51761152,
        51761152,
        51761152,
        51761152,
        51761152
      ],
      "exit_codes": [
        1,
        1,
        1,
        1,
        1,
        1,
        1,
        1,
        1,
        1
      ]
    }
  ]
}
