{
  "results": [
    {
      "command": "markdownlint-cli2",
      "mean": 3.281764479,
      "stddev": 0.10379281017406826,
      "median": 3.2504980244999997,
      "user": 4.9596721666666665,
      "system": 0.26699483333333335,
      "min": 3.172244195,
      "max": 3.412570452,
      "times": [
        3.285931808,
        3.203790708,
        3.215064241,
        3.40098547,
        3.172244195,
        3.412570452
      ],
      "memory_usage_byte": [
        385912832,
        385912832,
        385912832,
        386449408,
        386449408,
        386449408
      ],
      "exit_codes": [
        1,
        1,
        1,
        1,
        1,
        1
      ]
    }
  ]
}
