{
  "results": [
    {
      "command": "mado",
      "mean": 0.06628882020000001,
      "stddev": 0.0010521735217681317,
      "median": 0.06589176199999999,
      "user": 0.10171839999999999,
      "system": 0.0223748,
      "min": 0.06550299300000001,
      "max": 0.06908393,
      "times": [
        0.06570861700000001,
        0.065726132,
        0.06550299300000001,
        0.06908393,
        0.065862273,
        0.066780904,
        0.065921251,
        0.06627762200000001,
        0.066301973,
        0.065722507
      ],
      "memory_usage_byte": [
        29839360,
        29839360,
        29839360,
        29839360,
        29839360,
        29839360,
        29839360,
        29839360,
        29839360,
        29839360
      ],
      "exit_codes": [
        1,
        1,
        1,
        1,
        1,
        1,
        1,
        1,
        1,
        1
      ]
    },
    {
      "command": "rumdl",
      "mean": 0.330594724,
      "stddev": 0.005335939947758463,
      "median": 0.32791786850000004,
      "user": 1.0037459,
      "system": 0.07776839999999999,
      "min": 0.32494668000000004,
      "max": 0.337614962,
      "times": [
        0.32587418300000004,
        0.327845867,
        0.334531633,
        0.32775855800000003,
        0.337614962,
        0.32798987,
        0.33728551700000003,
        0.336954087,
        0.325145883,
        0.32494668000000004
      ],
      "memory_usage_byte": [
        49659904,
        51904512,
        51904512,
        51904512,
        52932608,
        52932608,
        52932608,
        52932608,
        52932608,
        52932608
      ],
      "exit_codes": [
        1,
        1,
        1,
        1,
        1,
        1,
        1,
        1,
        1,
        1
      ]
    },
    {
      "command": "panache",
      "mean": 0.7159884950000001,
      "stddev": 0.093288537953285,
      "median": 0.7591024595,
      "user": 2.0971624999999996,
      "system": 0.1546852,
      "min": 0.605141355,
      "max": 0.887001412,
      "times": [
        0.760352058,
        0.7599022940000001,
        0.6062843,
        0.887001412,
        0.653081337,
        0.7599917970000001,
        0.605141355,
        0.6099254780000001,
        0.7593317730000001,
        0.758873146
      ],
      "memory_usage_byte": [
        52932608,
        52932608,
        52932608,
        52932608,
        52932608,
        52932608,
        52932608,
        52932608,
        52932608,
        52932608
      ],
      "exit_codes": [
        0,
        0,
        0,
        0,
        0,
        0,
        0,
        0,
        0,
        0
      ]
    },
    {
      "command": "gomarklint",
      "mean": 0.0566417258,
      "stddev": 0.003402952865059332,
      "median": 0.0569537695,
      "user": 0.1272973,
      "system": 0.027154199999999996,
      "min": 0.0517656,
      "max": 0.061996584,
      "times": [
        0.057829222000000007,
        0.061996584,
        0.057392507,
        0.052412145,
        0.058998818,
        0.060544691000000005,
        0.053541432,
        0.0517656,
        0.055421227,
        0.05651503200000001
      ],
      "memory_usage_byte": [
        52932608,
        52932608,
        52932608,
        52932608,
        52932608,
        52932608,
        52932608,
        52932608,
        52932608,
        52932608
      ],
      "exit_codes": [
        1,
        1,
        1,
        1,
        1,
        1,
        1,
        1,
        1,
        1
      ]
    },
    {
      "command": "mdsmith-parity",
      "mean": 0.060052917500000004,
      "stddev": 0.0009045299510283726,
      "median": 0.059864947,
      "user": 0.17753270000000004,
      "system": 0.021461,
      "min": 0.058841456,
      "max": 0.061814986,
      "times": [
        0.059346241,
        0.058841456,
        0.059791299000000006,
        0.059938595000000004,
        0.061814986,
        0.06048717000000001,
        0.05974416900000001,
        0.059232454000000004,
        0.060166227,
        0.061166578000000006
      ],
      "memory_usage_byte": [
        52932608,
        52932608,
        52932608,
        52932608,
        52932608,
        52932608,
        52932608,
        52932608,
        52932608,
        52932608
      ],
      "exit_codes": [
        1,
        1,
        1,
        1,
        1,
        1,
        1,
        1,
        1,
        1
      ]
    },
    {
      "command": "mdsmith",
      "mean": 0.17918804630000001,
      "stddev": 0.0043202254101098354,
      "median": 0.17925176250000002,
      "user": 0.5153563999999999,
      "system": 0.0627778,
      "min": 0.175515639,
      "max": 0.18983191900000002,
      "times": [
        0.175753601,
        0.18983191900000002,
        0.179301709,
        0.17562886600000002,
        0.180577752,
        0.179201816,
        0.175515639,
        0.175686592,
        0.180701089,
        0.17968148
      ],
      "memory_usage_byte": [
        56193024,
        56365056,
        56365056,
        56365056,
        56365056,
        56365056,
        56365056,
        56365056,
        56365056,
        56365056
      ],
      "exit_codes": [
        1,
        1,
        1,
        1,
        1,
        1,
        1,
        1,
        1,
        1
      ]
    }
  ]
}
