{
  "results": [
    {
      "command": "mado",
      "mean": 0.06989899529999999,
      "stddev": 0.004912195719477982,
      "median": 0.070129252,
      "user": 0.1124674,
      "system": 0.0204785,
      "min": 0.064773659,
      "max": 0.078336,
      "times": [
        0.06489475,
        0.07029733,
        0.064818955,
        0.069961174,
        0.064773659,
        0.070745897,
        0.070988522,
        0.077435921,
        0.066737745,
        0.078336
      ],
      "memory_usage_byte": [
        29065216,
        29065216,
        29065216,
        29065216,
        29065216,
        29065216,
        29065216,
        29065216,
        29065216,
        29065216
      ],
      "exit_codes": [
        1,
        1,
        1,
        1,
        1,
        1,
        1,
        1,
        1,
        1
      ]
    },
    {
      "command": "rumdl",
      "mean": 0.33529381790000007,
      "stddev": 0.004265171467149769,
      "median": 0.3347702265,
      "user": 1.0371719,
      "system": 0.0721975,
      "min": 0.32924211200000003,
      "max": 0.341933078,
      "times": [
        0.334807393,
        0.34074333500000004,
        0.33473306,
        0.341933078,
        0.335364131,
        0.333511812,
        0.339565685,
        0.32924211200000003,
        0.33271103500000004,
        0.330326538
      ],
      "memory_usage_byte": [
        51933184,
        51933184,
        52535296,
        52920320,
        52920320,
        52920320,
        54280192,
        54280192,
        54280192,
        54280192
      ],
      "exit_codes": [
        1,
        1,
        1,
        1,
        1,
        1,
        1,
        1,
        1,
        1
      ]
    },
    {
      "command": "panache",
      "mean": 0.6844399534000001,
      "stddev": 0.07042503494902139,
      "median": 0.6806516105,
      "user": 2.1716784000000002,
      "system": 0.14485450000000002,
      "min": 0.610929888,
      "max": 0.761340837,
      "times": [
        0.610929888,
        0.7550498320000001,
        0.6154734390000001,
        0.755114915,
        0.615790735,
        0.612624363,
        0.6391080020000001,
        0.761340837,
        0.722195219,
        0.7567723040000001
      ],
      "memory_usage_byte": [
        54280192,
        54280192,
        54280192,
        54280192,
        54280192,
        54280192,
        54280192,
        54280192,
        54280192,
        54280192
      ],
      "exit_codes": [
        0,
        0,
        0,
        0,
        0,
        0,
        0,
        0,
        0,
        0
      ]
    },
    {
      "command": "gomarklint",
      "mean": 0.0676255206,
      "stddev": 0.008132532685411769,
      "median": 0.07044294000000001,
      "user": 0.1378547,
      "system": 0.0233856,
      "min": 0.053056132000000006,
      "max": 0.07596924000000001,
      "times": [
        0.063915999,
        0.064522991,
        0.07290223800000001,
        0.055866734,
        0.07596924000000001,
        0.07261772100000001,
        0.053056132000000006,
        0.06826815900000001,
        0.07559950600000001,
        0.073536486
      ],
      "memory_usage_byte": [
        54280192,
        54280192,
        54280192,
        54280192,
        54280192,
        54280192,
        54280192,
        54280192,
        54280192,
        54280192
      ],
      "exit_codes": [
        1,
        1,
        1,
        1,
        1,
        1,
        1,
        1,
        1,
        1
      ]
    },
    {
      "command": "mdsmith-parity",
      "mean": 0.06324601190000001,
      "stddev": 0.0005170945428450188,
      "median": 0.0631804295,
      "user": 0.19333360000000002,
      "system": 0.02106,
      "min": 0.06254216700000001,
      "max": 0.064052044,
      "times": [
        0.06284888200000001,
        0.064052044,
        0.06377473,
        0.062987417,
        0.063312409,
        0.06389916400000001,
        0.063185197,
        0.062682447,
        0.06254216700000001,
        0.06317566200000001
      ],
      "memory_usage_byte": [
        54280192,
        54280192,
        54280192,
        54280192,
        54280192,
        54280192,
        54280192,
        54280192,
        54280192,
        54280192
      ],
      "exit_codes": [
        1,
        1,
        1,
        1,
        1,
        1,
        1,
        1,
        1,
        1
      ]
    },
    {
      "command": "mdsmith",
      "mean": 0.1812136116,
      "stddev": 0.004271685199230941,
      "median": 0.180076697,
      "user": 0.5328959,
      "system": 0.058253900000000004,
      "min": 0.178291584,
      "max": 0.19273756,
      "times": [
        0.178291584,
        0.18054778100000002,
        0.182939719,
        0.19273756,
        0.18083527100000002,
        0.178796121,
        0.179666347,
        0.180487047,
        0.17898143500000002,
        0.17885325100000002
      ],
      "memory_usage_byte": [
        58519552,
        58519552,
        60653568,
        60653568,
        60653568,
        60653568,
        60653568,
        60653568,
        60653568,
        60653568
      ],
      "exit_codes": [
        1,
        1,
        1,
        1,
        1,
        1,
        1,
        1,
        1,
        1
      ]
    }
  ]
}
