{
  "results": [
    {
      "command": "mado",
      "mean": 0.045451034200000004,
      "stddev": 0.0004479857895759147,
      "median": 0.045533429,
      "user": 0.0724591,
      "system": 0.0082107,
      "min": 0.044666007,
      "max": 0.046072217000000006,
      "times": [
        0.044815797000000004,
        0.045336641000000004,
        0.045293541,
        0.045498704,
        0.045671488,
        0.045971338,
        0.045568154,
        0.046072217000000006,
        0.045616455,
        0.044666007
      ],
      "memory_usage_byte": [
        29773824,
        29773824,
        29798400,
        29798400,
        29798400,
        31858688,
        31858688,
        31858688,
        31858688,
        31858688
      ],
      "exit_codes": [
        1,
        1,
        1,
        1,
        1,
        1,
        1,
        1,
        1,
        1
      ]
    },
    {
      "command": "rumdl",
      "mean": 0.1969176875,
      "stddev": 0.0020907290158749445,
      "median": 0.19672169450000002,
      "user": 0.6489974,
      "system": 0.03356459999999999,
      "min": 0.194048824,
      "max": 0.20047107700000003,
      "times": [
        0.20047107700000003,
        0.194925504,
        0.194048824,
        0.19737625900000003,
        0.197690616,
        0.19606713,
        0.199475012,
        0.195669796,
        0.195175031,
        0.198277626
      ],
      "memory_usage_byte": [
        50905088,
        52658176,
        52658176,
        52658176,
        52658176,
        52658176,
        52658176,
        52658176,
        52658176,
        52658176
      ],
      "exit_codes": [
        1,
        1,
        1,
        1,
        1,
        1,
        1,
        1,
        1,
        1
      ]
    },
    {
      "command": "panache",
      "mean": 0.5317910580000001,
      "stddev": 0.008839526318490403,
      "median": 0.5307535115,
      "user": 1.6397341,
      "system": 0.0518342,
      "min": 0.5224590100000001,
      "max": 0.542217046,
      "times": [
        0.5242038130000001,
        0.5224590100000001,
        0.539796268,
        0.542217046,
        0.5416575100000001,
        0.5359339310000001,
        0.52289651,
        0.522828072,
        0.525573092,
        0.540345328
      ],
      "memory_usage_byte": [
        52658176,
        52658176,
        52658176,
        52658176,
        52658176,
        52658176,
        52658176,
        52658176,
        52658176,
        52658176
      ],
      "exit_codes": [
        0,
        0,
        0,
        0,
        0,
        0,
        0,
        0,
        0,
        0
      ]
    },
    {
      "command": "mdsmith-parity",
      "mean": 0.1257502639,
      "stddev": 0.0006884361097670641,
      "median": 0.1257282865,
      "user": 0.2885028,
      "system": 0.0322743,
      "min": 0.12483827,
      "max": 0.126930347,
      "times": [
        0.12622655000000002,
        0.126930347,
        0.12488043900000001,
        0.125481896,
        0.126469163,
        0.12516309,
        0.125849704,
        0.126056311,
        0.125606869,
        0.12483827
      ],
      "memory_usage_byte": [
        59764736,
        59764736,
        59764736,
        59764736,
        59764736,
        59764736,
        59764736,
        59764736,
        59985920,
        59985920
      ],
      "exit_codes": [
        1,
        1,
        1,
        1,
        1,
        1,
        1,
        1,
        1,
        1
      ]
    },
    {
      "command": "mdsmith",
      "mean": 0.2474119011,
      "stddev": 0.0014377509449642783,
      "median": 0.2471640665,
      "user": 0.59983,
      "system": 0.06893780000000001,
      "min": 0.244968541,
      "max": 0.24936041600000003,
      "times": [
        0.244968541,
        0.24691759700000002,
        0.24730259500000001,
        0.246802121,
        0.245683017,
        0.24870734500000002,
        0.24836180800000002,
        0.24702553800000002,
        0.24936041600000003,
        0.24899003300000003
      ],
      "memory_usage_byte": [
        76238848,
        76238848,
        76546048,
        76546048,
        76546048,
        78426112,
        78426112,
        78426112,
        78426112,
        78426112
      ],
      "exit_codes": [
        1,
        1,
        1,
        1,
        1,
        1,
        1,
        1,
        1,
        1
      ]
    }
  ]
}
