{
  "results": [
    {
      "command": "mado",
      "mean": 0.04644338990000001,
      "stddev": 0.0019904158970019555,
      "median": 0.0455153635,
      "user": 0.0736178,
      "system": 0.008183300000000001,
      "min": 0.045071998,
      "max": 0.050620312,
      "times": [
        0.046161688000000006,
        0.045233093,
        0.046075758,
        0.045321618,
        0.049648135,
        0.045071998,
        0.04527057,
        0.045621055,
        0.045409672000000005,
        0.050620312
      ],
      "memory_usage_byte": [
        29421568,
        29421568,
        29511680,
        29511680,
        29511680,
        29511680,
        29511680,
        29511680,
        29511680,
        29601792
      ],
      "exit_codes": [
        1,
        1,
        1,
        1,
        1,
        1,
        1,
        1,
        1,
        1
      ]
    },
    {
      "command": "rumdl",
      "mean": 0.1886465596,
      "stddev": 0.0019553169924002504,
      "median": 0.1884020385,
      "user": 0.6198795,
      "system": 0.0359955,
      "min": 0.185923428,
      "max": 0.192773084,
      "times": [
        0.188723143,
        0.192773084,
        0.18785868600000002,
        0.188080934,
        0.185923428,
        0.188798599,
        0.187107291,
        0.187430843,
        0.19090516400000002,
        0.188864424
      ],
      "memory_usage_byte": [
        50229248,
        50229248,
        50229248,
        53727232,
        53727232,
        53727232,
        53743616,
        53743616,
        53743616,
        53743616
      ],
      "exit_codes": [
        1,
        1,
        1,
        1,
        1,
        1,
        1,
        1,
        1,
        1
      ]
    },
    {
      "command": "panache",
      "mean": 0.5407841205999999,
      "stddev": 0.020146136737104522,
      "median": 0.554810314,
      "user": 1.5757328,
      "system": 0.060275999999999996,
      "min": 0.5158500300000001,
      "max": 0.558132375,
      "times": [
        0.555643376,
        0.51878902,
        0.5563489340000001,
        0.558132375,
        0.5175563750000001,
        0.5158500300000001,
        0.553977252,
        0.517514547,
        0.557840868,
        0.556188429
      ],
      "memory_usage_byte": [
        53743616,
        53743616,
        53743616,
        53743616,
        53743616,
        53743616,
        53743616,
        53743616,
        53743616,
        53743616
      ],
      "exit_codes": [
        0,
        0,
        0,
        0,
        0,
        0,
        0,
        0,
        0,
        0
      ]
    },
    {
      "command": "gomarklint",
      "mean": 0.029376453199999996,
      "stddev": 0.0008661003555699535,
      "median": 0.029491549,
      "user": 0.0690021,
      "system": 0.0148861,
      "min": 0.027704646000000003,
      "max": 0.030932119,
      "times": [
        0.029982742000000003,
        0.029600073,
        0.029606023000000002,
        0.029883983000000003,
        0.029383025,
        0.028709135,
        0.029140689,
        0.027704646000000003,
        0.028822097,
        0.030932119
      ],
      "memory_usage_byte": [
        53743616,
        53743616,
        53743616,
        53743616,
        53743616,
        53743616,
        53743616,
        53743616,
        53743616,
        53743616
      ],
      "exit_codes": [
        1,
        1,
        1,
        1,
        1,
        1,
        1,
        1,
        1,
        1
      ]
    },
    {
      "command": "mdsmith-parity",
      "mean": 0.049692067699999995,
      "stddev": 0.0004014800059266968,
      "median": 0.049582335500000005,
      "user": 0.14219769999999998,
      "system": 0.0136655,
      "min": 0.049253999,
      "max": 0.050539564,
      "times": [
        0.049588615,
        0.050036493,
        0.049576056,
        0.049539921,
        0.049991455000000004,
        0.049758011000000005,
        0.049253999,
        0.0492941,
        0.050539564,
        0.049342463
      ],
      "memory_usage_byte": [
        53743616,
        53743616,
        53743616,
        53743616,
        53743616,
        53743616,
        53743616,
        53743616,
        53743616,
        53743616
      ],
      "exit_codes": [
        1,
        1,
        1,
        1,
        1,
        1,
        1,
        1,
        1,
        1
      ]
    },
    {
      "command": "mdsmith",
      "mean": 0.14762849620000001,
      "stddev": 0.0017746323630566895,
      "median": 0.147808232,
      "user": 0.44545310000000005,
      "system": 0.033325099999999996,
      "min": 0.14514665100000002,
      "max": 0.14968815100000002,
      "times": [
        0.147743549,
        0.14524720200000002,
        0.149267606,
        0.14787291500000002,
        0.14968815100000002,
        0.14961037400000002,
        0.145620928,
        0.14514665100000002,
        0.14726635700000001,
        0.148821229
      ],
      "memory_usage_byte": [
        56209408,
        56209408,
        56209408,
        58228736,
        58228736,
        58228736,
        58228736,
        58228736,
        58228736,
        58228736
      ],
      "exit_codes": [
        1,
        1,
        1,
        1,
        1,
        1,
        1,
        1,
        1,
        1
      ]
    }
  ]
}
