{
  "results": [
    {
      "command": "markdownlint-cli2",
      "mean": 3.0910733416666667,
      "stddev": 0.09488395476179495,
      "median": 3.0566811595,
      "user": 4.641981,
      "system": 0.24670566666666663,
      "min": 3.018436543,
      "max": 3.266246347,
      "times": [
        3.128928646,
        3.018436543,
        3.266246347,
        3.048716044,
        3.019466195,
        3.064646275
      ],
      "memory_usage_byte": [
        374288384,
        374288384,
        384061440,
        384061440,
        384061440,
        384061440
      ],
      "exit_codes": [
        1,
        1,
        1,
        1,
        1,
        1
      ]
    }
  ]
}
