{
  "results": [
    {
      "command": "mado",
      "mean": 0.047144636399999995,
      "stddev": 0.003792824499778795,
      "median": 0.045331791,
      "user": 0.07588910000000001,
      "system": 0.007908799999999999,
      "min": 0.044313257,
      "max": 0.055503584,
      "times": [
        0.051763512000000005,
        0.055503584,
        0.045498412,
        0.044644507,
        0.045360675,
        0.044313257,
        0.044990253,
        0.049275853,
        0.044793404,
        0.045302907
      ],
      "memory_usage_byte": [
        31109120,
        31109120,
        31109120,
        31109120,
        31109120,
        31109120,
        31109120,
        31109120,
        31109120,
        31109120
      ],
      "exit_codes": [
        1,
        1,
        1,
        1,
        1,
        1,
        1,
        1,
        1,
        1
      ]
    },
    {
      "command": "rumdl",
      "mean": 0.1948655886,
      "stddev": 0.0020424629832413495,
      "median": 0.19480718800000002,
      "user": 0.6510983999999999,
      "system": 0.03209719999999999,
      "min": 0.192085794,
      "max": 0.198816174,
      "times": [
        0.192694777,
        0.196335227,
        0.194201488,
        0.198816174,
        0.194054043,
        0.192085794,
        0.196076583,
        0.19304211000000002,
        0.19593680200000002,
        0.195412888
      ],
      "memory_usage_byte": [
        49774592,
        49774592,
        49774592,
        49774592,
        49774592,
        49774592,
        49774592,
        52752384,
        52752384,
        52752384
      ],
      "exit_codes": [
        1,
        1,
        1,
        1,
        1,
        1,
        1,
        1,
        1,
        1
      ]
    },
    {
      "command": "panache",
      "mean": 0.5372851999,
      "stddev": 0.006182544844434819,
      "median": 0.5385140955000001,
      "user": 1.6261186999999997,
      "system": 0.050429199999999993,
      "min": 0.521114407,
      "max": 0.5445976220000001,
      "times": [
        0.538987073,
        0.540354498,
        0.521114407,
        0.537119997,
        0.5445976220000001,
        0.538041118,
        0.540193577,
        0.5364700530000001,
        0.539722531,
        0.536251123
      ],
      "memory_usage_byte": [
        52752384,
        52752384,
        52752384,
        52752384,
        52752384,
        52752384,
        52752384,
        52752384,
        52752384,
        52752384
      ],
      "exit_codes": [
        0,
        0,
        0,
        0,
        0,
        0,
        0,
        0,
        0,
        0
      ]
    },
    {
      "command": "mdsmith-parity",
      "mean": 0.1249175718,
      "stddev": 0.0008725088768978265,
      "median": 0.12485796700000001,
      "user": 0.2900952,
      "system": 0.028752299999999998,
      "min": 0.12382168800000001,
      "max": 0.127052625,
      "times": [
        0.125092591,
        0.12474022700000001,
        0.124975707,
        0.125174812,
        0.12516817500000002,
        0.12382168800000001,
        0.12429150600000001,
        0.124548797,
        0.12430959000000001,
        0.127052625
      ],
      "memory_usage_byte": [
        59916288,
        59916288,
        59916288,
        61599744,
        61599744,
        61599744,
        61599744,
        61599744,
        61599744,
        61599744
      ],
      "exit_codes": [
        1,
        1,
        1,
        1,
        1,
        1,
        1,
        1,
        1,
        1
      ]
    },
    {
      "command": "mdsmith",
      "mean": 0.23590461570000004,
      "stddev": 0.0029298624068174652,
      "median": 0.23528821900000002,
      "user": 0.5834007,
      "system": 0.0664815,
      "min": 0.23174317000000003,
      "max": 0.241958462,
      "times": [
        0.23174317000000003,
        0.23594497900000003,
        0.241958462,
        0.23488708300000002,
        0.232982724,
        0.235341925,
        0.23931554900000002,
        0.23662537400000003,
        0.23501237800000002,
        0.235234513
      ],
      "memory_usage_byte": [
        82817024,
        82817024,
        82817024,
        82817024,
        82817024,
        82817024,
        82817024,
        82817024,
        82817024,
        82817024
      ],
      "exit_codes": [
        1,
        1,
        1,
        1,
        1,
        1,
        1,
        1,
        1,
        1
      ]
    }
  ]
}
