{
  "results": [
    {
      "command": "mado",
      "mean": 0.06208466780000001,
      "stddev": 0.0018754181883229156,
      "median": 0.061459899,
      "user": 0.1014841,
      "system": 0.013342000000000001,
      "min": 0.060979768000000004,
      "max": 0.06730773000000001,
      "times": [
        0.061207370000000004,
        0.06730773000000001,
        0.062303738000000004,
        0.061212819,
        0.060979768000000004,
        0.061591825,
        0.061327973,
        0.061849104,
        0.061752875000000006,
        0.061313476000000006
      ],
      "memory_usage_byte": [
        29736960,
        29736960,
        29904896,
        29904896,
        29904896,
        29904896,
        29904896,
        29904896,
        29904896,
        29904896
      ],
      "exit_codes": [
        1,
        1,
        1,
        1,
        1,
        1,
        1,
        1,
        1,
        1
      ]
    },
    {
      "command": "rumdl",
      "mean": 0.3548353224000001,
      "stddev": 0.010511416741325275,
      "median": 0.35080386100000005,
      "user": 1.1604818,
      "system": 0.0475342,
      "min": 0.34380518400000004,
      "max": 0.37435785600000004,
      "times": [
        0.352074349,
        0.357651096,
        0.37435785600000004,
        0.34953337300000004,
        0.348978404,
        0.345187491,
        0.36406995000000003,
        0.345607276,
        0.34380518400000004,
        0.36708824500000004
      ],
      "memory_usage_byte": [
        53358592,
        53358592,
        53657600,
        54607872,
        54607872,
        54607872,
        54607872,
        54607872,
        54607872,
        54607872
      ],
      "exit_codes": [
        1,
        1,
        1,
        1,
        1,
        1,
        1,
        1,
        1,
        1
      ]
    },
    {
      "command": "panache",
      "mean": 0.6759081074000002,
      "stddev": 0.06263143422850088,
      "median": 0.6397673990000001,
      "user": 2.3245332999999997,
      "system": 0.0936792,
      "min": 0.6325383360000001,
      "max": 0.773109606,
      "times": [
        0.633190264,
        0.634986896,
        0.763103288,
        0.6382015000000001,
        0.636910003,
        0.773109606,
        0.6425106420000001,
        0.7631972410000001,
        0.6325383360000001,
        0.641333298
      ],
      "memory_usage_byte": [
        54607872,
        54607872,
        54607872,
        54607872,
        54607872,
        54607872,
        54607872,
        54607872,
        54607872,
        54607872
      ],
      "exit_codes": [
        0,
        0,
        0,
        0,
        0,
        0,
        0,
        0,
        0,
        0
      ]
    },
    {
      "command": "gomarklint",
      "mean": 0.05722966780000001,
      "stddev": 0.0035339208276311262,
      "median": 0.057374721000000004,
      "user": 0.1413651,
      "system": 0.018568899999999996,
      "min": 0.050994663,
      "max": 0.061666628,
      "times": [
        0.057274401,
        0.057170028000000005,
        0.061033286000000006,
        0.058239922000000006,
        0.050994663,
        0.057434886000000004,
        0.057314556,
        0.059638598,
        0.061666628,
        0.051529710000000006
      ],
      "memory_usage_byte": [
        54607872,
        54607872,
        54607872,
        54607872,
        54607872,
        54607872,
        54607872,
        54607872,
        54607872,
        54607872
      ],
      "exit_codes": [
        1,
        1,
        1,
        1,
        1,
        1,
        1,
        1,
        1,
        1
      ]
    },
    {
      "command": "mdsmith-parity",
      "mean": 0.057709457500000005,
      "stddev": 0.0006274642132078125,
      "median": 0.0574312825,
      "user": 0.1817759,
      "system": 0.017691000000000002,
      "min": 0.057361409,
      "max": 0.059362074,
      "times": [
        0.057401699,
        0.057426962000000005,
        0.057806205000000006,
        0.059362074,
        0.057444303,
        0.057385671000000006,
        0.057435603,
        0.057377718,
        0.057361409,
        0.058092931
      ],
      "memory_usage_byte": [
        54607872,
        54607872,
        54607872,
        54607872,
        54607872,
        54607872,
        54607872,
        54607872,
        54607872,
        54607872
      ],
      "exit_codes": [
        1,
        1,
        1,
        1,
        1,
        1,
        1,
        1,
        1,
        1
      ]
    },
    {
      "command": "mdsmith",
      "mean": 0.16487160010000004,
      "stddev": 0.0020359409517535653,
      "median": 0.164783333,
      "user": 0.5070608999999999,
      "system": 0.039936900000000004,
      "min": 0.16126774900000002,
      "max": 0.16835407900000002,
      "times": [
        0.164994318,
        0.165800203,
        0.163364474,
        0.16731868300000002,
        0.16126774900000002,
        0.165542351,
        0.16835407900000002,
        0.164572348,
        0.16372186200000002,
        0.16377993400000002
      ],
      "memory_usage_byte": [
        56721408,
        56721408,
        56721408,
        56721408,
        56721408,
        56721408,
        56721408,
        56721408,
        56721408,
        56721408
      ],
      "exit_codes": [
        1,
        1,
        1,
        1,
        1,
        1,
        1,
        1,
        1,
        1
      ]
    }
  ]
}
