{
  "results": [
    {
      "command": "mado",
      "mean": 0.0482825842,
      "stddev": 0.002457784604048975,
      "median": 0.046991274,
      "user": 0.07530509999999999,
      "system": 0.0101762,
      "min": 0.046257779000000006,
      "max": 0.051972925,
      "times": [
        0.046482629000000004,
        0.051972925,
        0.051661763000000006,
        0.051827603,
        0.046837712000000004,
        0.047144836,
        0.04683666,
        0.046640223,
        0.047163712,
        0.046257779000000006
      ],
      "memory_usage_byte": [
        31236096,
        31236096,
        31236096,
        31236096,
        31236096,
        31236096,
        31236096,
        31236096,
        31236096,
        31236096
      ],
      "exit_codes": [
        1,
        1,
        1,
        1,
        1,
        1,
        1,
        1,
        1,
        1
      ]
    },
    {
      "command": "rumdl",
      "mean": 0.1996461281,
      "stddev": 0.0028832448322601697,
      "median": 0.19951351300000003,
      "user": 0.6565078,
      "system": 0.0369892,
      "min": 0.19631625000000003,
      "max": 0.205483467,
      "times": [
        0.205483467,
        0.19631625000000003,
        0.20226032000000002,
        0.197310499,
        0.199314963,
        0.19765506500000002,
        0.19971206300000002,
        0.196564547,
        0.20143958,
        0.200404527
      ],
      "memory_usage_byte": [
        49442816,
        49442816,
        51232768,
        51232768,
        51232768,
        51232768,
        51232768,
        51634176,
        51634176,
        51634176
      ],
      "exit_codes": [
        1,
        1,
        1,
        1,
        1,
        1,
        1,
        1,
        1,
        1
      ]
    },
    {
      "command": "panache",
      "mean": 0.5448289934000001,
      "stddev": 0.02008287620456343,
      "median": 0.530190038,
      "user": 1.6370581999999998,
      "system": 0.05610329999999999,
      "min": 0.52777342,
      "max": 0.570604368,
      "times": [
        0.570604368,
        0.5295147370000001,
        0.565238196,
        0.5303411100000001,
        0.5670746670000001,
        0.528583549,
        0.5694523060000001,
        0.5296686150000001,
        0.530038966,
        0.52777342
      ],
      "memory_usage_byte": [
        51634176,
        51634176,
        51634176,
        51634176,
        51634176,
        51634176,
        51634176,
        51634176,
        51634176,
        51634176
      ],
      "exit_codes": [
        0,
        0,
        0,
        0,
        0,
        0,
        0,
        0,
        0,
        0
      ]
    },
    {
      "command": "mdsmith-parity",
      "mean": 0.1303569256,
      "stddev": 0.0006635395593331606,
      "median": 0.13015557100000003,
      "user": 0.2960366,
      "system": 0.0343835,
      "min": 0.129493145,
      "max": 0.131584968,
      "times": [
        0.130005964,
        0.129781866,
        0.131584968,
        0.130771287,
        0.129779364,
        0.13082296300000001,
        0.13007438300000002,
        0.131018557,
        0.130236759,
        0.129493145
      ],
      "memory_usage_byte": [
        60272640,
        60272640,
        60272640,
        60272640,
        60272640,
        60272640,
        60272640,
        60272640,
        60272640,
        60272640
      ],
      "exit_codes": [
        1,
        1,
        1,
        1,
        1,
        1,
        1,
        1,
        1,
        1
      ]
    },
    {
      "command": "mdsmith",
      "mean": 0.24724677610000004,
      "stddev": 0.0026013175672663542,
      "median": 0.24683082850000002,
      "user": 0.6063826999999999,
      "system": 0.0710433,
      "min": 0.24423248900000002,
      "max": 0.253145251,
      "times": [
        0.253145251,
        0.247011784,
        0.24848097200000002,
        0.24423248900000002,
        0.246025297,
        0.248886088,
        0.24550866300000002,
        0.24664987300000002,
        0.24798930400000002,
        0.24453804
      ],
      "memory_usage_byte": [
        82853888,
        82853888,
        82853888,
        82853888,
        82853888,
        82853888,
        82853888,
        82853888,
        83341312,
        83341312
      ],
      "exit_codes": [
        1,
        1,
        1,
        1,
        1,
        1,
        1,
        1,
        1,
        1
      ]
    }
  ]
}
