{
  "results": [
    {
      "command": "markdownlint-cli2",
      "mean": 5.485089769833333,
      "stddev": 0.19784310844270556,
      "median": 5.464188292999999,
      "user": 8.241706500000001,
      "system": 0.3444541666666667,
      "min": 5.255995997,
      "max": 5.831426233,
      "times": [
        5.831426233,
        5.348659878,
        5.458275703,
        5.546079925,
        5.255995997,
        5.470100883
      ],
      "memory_usage_byte": [
        363864064,
        376127488,
        376127488,
        398475264,
        398475264,
        398475264
      ],
      "exit_codes": [
        1,
        1,
        1,
        1,
        1,
        1
      ]
    }
  ]
}
