{
  "results": [
    {
      "command": "mado",
      "mean": 0.0473528974,
      "stddev": 0.00271508368050396,
      "median": 0.045997889,
      "user": 0.07650179999999998,
      "system": 0.0072143,
      "min": 0.045097432,
      "max": 0.052046529,
      "times": [
        0.045097432,
        0.045767936,
        0.051486585,
        0.045501217000000004,
        0.045607045000000006,
        0.046262319,
        0.052046529,
        0.046227842000000005,
        0.045490607,
        0.050041462
      ],
      "memory_usage_byte": [
        31813632,
        31813632,
        31813632,
        31813632,
        31813632,
        31813632,
        31813632,
        31813632,
        31813632,
        31813632
      ],
      "exit_codes": [
        1,
        1,
        1,
        1,
        1,
        1,
        1,
        1,
        1,
        1
      ]
    },
    {
      "command": "rumdl",
      "mean": 0.1946034529,
      "stddev": 0.0013568783710423556,
      "median": 0.19451651550000001,
      "user": 0.648402,
      "system": 0.033845,
      "min": 0.192504961,
      "max": 0.19738592300000002,
      "times": [
        0.19449896800000002,
        0.192504961,
        0.19370072600000002,
        0.195823022,
        0.19738592300000002,
        0.194534063,
        0.19537864200000002,
        0.19381005,
        0.194722936,
        0.193675238
      ],
      "memory_usage_byte": [
        53428224,
        53428224,
        53428224,
        53428224,
        53428224,
        53428224,
        53428224,
        53428224,
        53428224,
        53428224
      ],
      "exit_codes": [
        1,
        1,
        1,
        1,
        1,
        1,
        1,
        1,
        1,
        1
      ]
    },
    {
      "command": "panache",
      "mean": 0.5511417741,
      "stddev": 0.017437889785124127,
      "median": 0.5607795005,
      "user": 1.6089254,
      "system": 0.0557049,
      "min": 0.5256007850000001,
      "max": 0.563645881,
      "times": [
        0.5256007850000001,
        0.562736578,
        0.5627584990000001,
        0.5634666,
        0.5598857150000001,
        0.525675705,
        0.563645881,
        0.561673286,
        0.559386382,
        0.5265883100000001
      ],
      "memory_usage_byte": [
        53428224,
        53428224,
        53428224,
        53428224,
        53428224,
        53428224,
        53428224,
        53428224,
        53428224,
        53428224
      ],
      "exit_codes": [
        0,
        0,
        0,
        0,
        0,
        0,
        0,
        0,
        0,
        0
      ]
    },
    {
      "command": "gomarklint",
      "mean": 0.03150328170000001,
      "stddev": 0.0014414189097608004,
      "median": 0.031550255,
      "user": 0.0740047,
      "system": 0.009068499999999998,
      "min": 0.028971862,
      "max": 0.033697303000000005,
      "times": [
        0.031428181,
        0.030449484000000002,
        0.028971862,
        0.031672329,
        0.030654767000000003,
        0.032347270000000004,
        0.033107921000000005,
        0.033697303000000005,
        0.030284224000000002,
        0.032419476
      ],
      "memory_usage_byte": [
        53428224,
        53428224,
        53428224,
        53428224,
        53428224,
        53428224,
        53428224,
        53428224,
        53428224,
        53428224
      ],
      "exit_codes": [
        1,
        1,
        1,
        1,
        1,
        1,
        1,
        1,
        1,
        1
      ]
    },
    {
      "command": "mdsmith-parity",
      "mean": 0.055291059100000005,
      "stddev": 0.00020860343436634267,
      "median": 0.0552963135,
      "user": 0.15715569999999998,
      "system": 0.012584600000000001,
      "min": 0.054925835000000006,
      "max": 0.055572393000000005,
      "times": [
        0.055334028,
        0.054925835000000006,
        0.055491893,
        0.055494086000000005,
        0.055258599000000005,
        0.055572393000000005,
        0.055029485,
        0.055170892000000006,
        0.05524433,
        0.05538905
      ],
      "memory_usage_byte": [
        53428224,
        53428224,
        53428224,
        53428224,
        53428224,
        53428224,
        53428224,
        53428224,
        53428224,
        53428224
      ],
      "exit_codes": [
        1,
        1,
        1,
        1,
        1,
        1,
        1,
        1,
        1,
        1
      ]
    },
    {
      "command": "mdsmith",
      "mean": 0.14347824450000002,
      "stddev": 0.0012004618188944608,
      "median": 0.14370984350000002,
      "user": 0.4218489999999999,
      "system": 0.0315548,
      "min": 0.141243595,
      "max": 0.14474736900000001,
      "times": [
        0.14364880900000002,
        0.14249704600000002,
        0.14269304200000002,
        0.142491219,
        0.14423328900000001,
        0.144712206,
        0.141243595,
        0.14377087800000002,
        0.14474499200000002,
        0.14474736900000001
      ],
      "memory_usage_byte": [
        53428224,
        53428224,
        53428224,
        53428224,
        53428224,
        53428224,
        53428224,
        53428224,
        53428224,
        53428224
      ],
      "exit_codes": [
        1,
        1,
        1,
        1,
        1,
        1,
        1,
        1,
        1,
        1
      ]
    }
  ]
}
