{
  "results": [
    {
      "command": "mado",
      "mean": 0.048563478199999996,
      "stddev": 0.0030538973768651314,
      "median": 0.046890765,
      "user": 0.07840279999999998,
      "system": 0.0076116000000000005,
      "min": 0.045786617,
      "max": 0.052821395,
      "times": [
        0.051226343,
        0.046556576,
        0.047224954,
        0.052628552,
        0.045935054,
        0.046191173,
        0.052821395,
        0.045793489,
        0.045786617,
        0.051470629000000004
      ],
      "memory_usage_byte": [
        31096832,
        31096832,
        31096832,
        31096832,
        31096832,
        31096832,
        31096832,
        31096832,
        31096832,
        31096832
      ],
      "exit_codes": [
        1,
        1,
        1,
        1,
        1,
        1,
        1,
        1,
        1,
        1
      ]
    },
    {
      "command": "rumdl",
      "mean": 0.1966598415,
      "stddev": 0.0021287773978723203,
      "median": 0.19615506850000003,
      "user": 0.6473253999999999,
      "system": 0.0372726,
      "min": 0.19340864500000002,
      "max": 0.20089661,
      "times": [
        0.19340864500000002,
        0.195167522,
        0.195501216,
        0.198221851,
        0.19879147600000002,
        0.19557313,
        0.19672782800000002,
        0.196064439,
        0.19624569800000002,
        0.20089661
      ],
      "memory_usage_byte": [
        51302400,
        54751232,
        54751232,
        54751232,
        54751232,
        54751232,
        54751232,
        54751232,
        54751232,
        54751232
      ],
      "exit_codes": [
        1,
        1,
        1,
        1,
        1,
        1,
        1,
        1,
        1,
        1
      ]
    },
    {
      "command": "panache",
      "mean": 0.5429825846,
      "stddev": 0.01931165661515121,
      "median": 0.5423072170000001,
      "user": 1.6218975,
      "system": 0.05281980000000001,
      "min": 0.523376171,
      "max": 0.562951867,
      "times": [
        0.525403599,
        0.561997052,
        0.55878543,
        0.524819307,
        0.559955789,
        0.525829004,
        0.56259519,
        0.523376171,
        0.562951867,
        0.524112437
      ],
      "memory_usage_byte": [
        54751232,
        54751232,
        54751232,
        54751232,
        54751232,
        54751232,
        54751232,
        54751232,
        54751232,
        54751232
      ],
      "exit_codes": [
        0,
        0,
        0,
        0,
        0,
        0,
        0,
        0,
        0,
        0
      ]
    },
    {
      "command": "mdsmith-parity",
      "mean": 0.12245170590000003,
      "stddev": 0.000839590047464364,
      "median": 0.12206728250000001,
      "user": 0.2834123,
      "system": 0.0299927,
      "min": 0.12150794300000001,
      "max": 0.12393229400000001,
      "times": [
        0.12186911900000001,
        0.12175569400000001,
        0.12150794300000001,
        0.12322687900000001,
        0.12314841600000001,
        0.12317067000000001,
        0.121786508,
        0.12185409000000001,
        0.12393229400000001,
        0.12226544600000001
      ],
      "memory_usage_byte": [
        54751232,
        54751232,
        54751232,
        54751232,
        54751232,
        54751232,
        54751232,
        54751232,
        54751232,
        54751232
      ],
      "exit_codes": [
        1,
        1,
        1,
        1,
        1,
        1,
        1,
        1,
        1,
        1
      ]
    },
    {
      "command": "mdsmith",
      "mean": 0.24317632930000005,
      "stddev": 0.003972799016675385,
      "median": 0.2418070115,
      "user": 0.6023961999999999,
      "system": 0.0725961,
      "min": 0.23854754900000003,
      "max": 0.24993752100000002,
      "times": [
        0.24993752100000002,
        0.241611918,
        0.24616610700000002,
        0.249135085,
        0.24338936800000002,
        0.23922191,
        0.23854754900000003,
        0.24130601200000001,
        0.240445718,
        0.24200210500000002
      ],
      "memory_usage_byte": [
        70594560,
        70594560,
        70594560,
        70594560,
        70594560,
        70594560,
        70594560,
        70594560,
        70594560,
        70594560
      ],
      "exit_codes": [
        1,
        1,
        1,
        1,
        1,
        1,
        1,
        1,
        1,
        1
      ]
    }
  ]
}
