{
  "results": [
    {
      "command": "mado",
      "mean": 0.0708342202,
      "stddev": 0.004292008427292668,
      "median": 0.06863740000000002,
      "user": 0.11368059999999999,
      "system": 0.0209105,
      "min": 0.067620965,
      "max": 0.079038675,
      "times": [
        0.06887069500000001,
        0.07445716100000001,
        0.068971814,
        0.068169638,
        0.068404105,
        0.079038675,
        0.068165059,
        0.06767731,
        0.067620965,
        0.07696678
      ],
      "memory_usage_byte": [
        29650944,
        29696000,
        29696000,
        29696000,
        29835264,
        29851648,
        29851648,
        29851648,
        29851648,
        31444992
      ],
      "exit_codes": [
        1,
        1,
        1,
        1,
        1,
        1,
        1,
        1,
        1,
        1
      ]
    },
    {
      "command": "rumdl",
      "mean": 0.37099546170000003,
      "stddev": 0.03261180411506701,
      "median": 0.35924725550000003,
      "user": 1.0726044,
      "system": 0.07181699999999999,
      "min": 0.342143576,
      "max": 0.444709534,
      "times": [
        0.342143576,
        0.34761148000000003,
        0.38479230200000003,
        0.444709534,
        0.35301815200000003,
        0.34777583700000003,
        0.34372697900000004,
        0.36547635900000003,
        0.380789034,
        0.39991136400000005
      ],
      "memory_usage_byte": [
        55234560,
        55234560,
        55234560,
        55234560,
        55234560,
        55234560,
        55234560,
        55234560,
        55234560,
        55234560
      ],
      "exit_codes": [
        1,
        1,
        1,
        1,
        1,
        1,
        1,
        1,
        1,
        1
      ]
    },
    {
      "command": "panache",
      "mean": 0.6842286262000001,
      "stddev": 0.0681218651026903,
      "median": 0.6398666355,
      "user": 2.2728022,
      "system": 0.1470608,
      "min": 0.63569092,
      "max": 0.784685838,
      "times": [
        0.63569092,
        0.780394102,
        0.784685838,
        0.6390411300000001,
        0.665637193,
        0.637832555,
        0.7814072040000001,
        0.637864049,
        0.640350588,
        0.639382683
      ],
      "memory_usage_byte": [
        55234560,
        55234560,
        55234560,
        55234560,
        55234560,
        55234560,
        55234560,
        55234560,
        55234560,
        55234560
      ],
      "exit_codes": [
        0,
        0,
        0,
        0,
        0,
        0,
        0,
        0,
        0,
        0
      ]
    },
    {
      "command": "gomarklint",
      "mean": 0.061425973300000006,
      "stddev": 0.0056689715985279825,
      "median": 0.0609702005,
      "user": 0.14074129999999999,
      "system": 0.0239329,
      "min": 0.053613554,
      "max": 0.071794437,
      "times": [
        0.061170720000000005,
        0.058475382000000006,
        0.067541551,
        0.053613554,
        0.060769681000000006,
        0.066190751,
        0.058162288000000006,
        0.055043641000000004,
        0.061497728,
        0.071794437
      ],
      "memory_usage_byte": [
        55234560,
        55234560,
        55234560,
        55234560,
        55234560,
        55234560,
        55234560,
        55234560,
        55234560,
        55234560
      ],
      "exit_codes": [
        1,
        1,
        1,
        1,
        1,
        1,
        1,
        1,
        1,
        1
      ]
    },
    {
      "command": "mdsmith-parity",
      "mean": 0.0642674416,
      "stddev": 0.0011150430049695834,
      "median": 0.063923062,
      "user": 0.1913438,
      "system": 0.023321099999999994,
      "min": 0.063074184,
      "max": 0.066212517,
      "times": [
        0.06421935000000001,
        0.06407199300000001,
        0.063175913,
        0.063774131,
        0.063074184,
        0.06365194,
        0.066107124,
        0.063588143,
        0.064799121,
        0.066212517
      ],
      "memory_usage_byte": [
        55234560,
        55234560,
        55234560,
        55234560,
        55234560,
        55234560,
        55234560,
        55234560,
        55234560,
        55234560
      ],
      "exit_codes": [
        1,
        1,
        1,
        1,
        1,
        1,
        1,
        1,
        1,
        1
      ]
    },
    {
      "command": "mdsmith",
      "mean": 0.1847855163,
      "stddev": 0.002835584364075676,
      "median": 0.18410154,
      "user": 0.5393074999999999,
      "system": 0.06107260000000001,
      "min": 0.18175000200000002,
      "max": 0.188693675,
      "times": [
        0.182188399,
        0.181886065,
        0.185191966,
        0.18864982300000002,
        0.187739231,
        0.18175000200000002,
        0.182727345,
        0.183011114,
        0.188693675,
        0.186017543
      ],
      "memory_usage_byte": [
        58683392,
        58683392,
        58683392,
        58683392,
        58683392,
        58683392,
        58683392,
        58683392,
        58683392,
        58683392
      ],
      "exit_codes": [
        1,
        1,
        1,
        1,
        1,
        1,
        1,
        1,
        1,
        1
      ]
    }
  ]
}
