{
  "results": [
    {
      "command": "markdownlint-cli2",
      "mean": 4.6915353820000005,
      "stddev": 0.046000903387281175,
      "median": 4.676426688,
      "user": 7.0673565,
      "system": 0.424629,
      "min": 4.647983919,
      "max": 4.773685875,
      "times": [
        4.713902011,
        4.773685875,
        4.680471104,
        4.660787111,
        4.647983919,
        4.672382272
      ],
      "memory_usage_byte": [
        383012864,
        396349440,
        396349440,
        396349440,
        396349440,
        396349440
      ],
      "exit_codes": [
        1,
        1,
        1,
        1,
        1,
        1
      ]
    }
  ]
}
