{
  "results": [
    {
      "command": "mado",
      "mean": 0.0482279389,
      "stddev": 0.004541926439556101,
      "median": 0.0464152425,
      "user": 0.07769449999999999,
      "system": 0.0079139,
      "min": 0.045558452000000006,
      "max": 0.059508468,
      "times": [
        0.045674251000000006,
        0.045948201,
        0.046244112000000004,
        0.046292093,
        0.059508468,
        0.046538392000000005,
        0.046619053,
        0.053151479,
        0.045558452000000006,
        0.046744888000000005
      ],
      "memory_usage_byte": [
        29863936,
        29863936,
        29863936,
        29863936,
        29863936,
        29863936,
        29863936,
        29863936,
        29863936,
        31567872
      ],
      "exit_codes": [
        1,
        1,
        1,
        1,
        1,
        1,
        1,
        1,
        1,
        1
      ]
    },
    {
      "command": "rumdl",
      "mean": 0.1977209774,
      "stddev": 0.002193975679388559,
      "median": 0.1974977825,
      "user": 0.6485546999999999,
      "system": 0.037596300000000006,
      "min": 0.19386144000000002,
      "max": 0.20040217200000002,
      "times": [
        0.196804435,
        0.19863733700000002,
        0.19703346800000002,
        0.195297341,
        0.196811318,
        0.20040217200000002,
        0.197962097,
        0.20007175800000002,
        0.19386144000000002,
        0.200328408
      ],
      "memory_usage_byte": [
        49938432,
        49938432,
        49938432,
        49938432,
        49938432,
        49938432,
        52609024,
        52609024,
        52609024,
        52609024
      ],
      "exit_codes": [
        1,
        1,
        1,
        1,
        1,
        1,
        1,
        1,
        1,
        1
      ]
    },
    {
      "command": "panache",
      "mean": 0.5401776567000001,
      "stddev": 0.009558224353459778,
      "median": 0.5412431240000001,
      "user": 1.6318186000000001,
      "system": 0.056996099999999994,
      "min": 0.524301899,
      "max": 0.5595414590000001,
      "times": [
        0.5409614460000001,
        0.5409714050000001,
        0.5415148430000001,
        0.5415835960000001,
        0.5595414590000001,
        0.524301899,
        0.5438395650000001,
        0.540483387,
        0.54161707,
        0.5269618970000001
      ],
      "memory_usage_byte": [
        52609024,
        52609024,
        52609024,
        52609024,
        52609024,
        52609024,
        52609024,
        52609024,
        52609024,
        52609024
      ],
      "exit_codes": [
        0,
        0,
        0,
        0,
        0,
        0,
        0,
        0,
        0,
        0
      ]
    },
    {
      "command": "mdsmith-parity",
      "mean": 0.12815406210000002,
      "stddev": 0.0007262315277163416,
      "median": 0.1280919745,
      "user": 0.2921104,
      "system": 0.032387200000000005,
      "min": 0.127218375,
      "max": 0.129554424,
      "times": [
        0.127490092,
        0.12769348800000002,
        0.127218375,
        0.127730226,
        0.129554424,
        0.12840737200000002,
        0.128106921,
        0.128096435,
        0.129155774,
        0.128087514
      ],
      "memory_usage_byte": [
        59969536,
        59977728,
        59977728,
        60055552,
        60055552,
        60055552,
        60096512,
        60096512,
        60096512,
        60096512
      ],
      "exit_codes": [
        1,
        1,
        1,
        1,
        1,
        1,
        1,
        1,
        1,
        1
      ]
    },
    {
      "command": "mdsmith",
      "mean": 0.24308193110000004,
      "stddev": 0.0034540960251718375,
      "median": 0.24244949650000003,
      "user": 0.5929271999999999,
      "system": 0.07216350000000002,
      "min": 0.23710171200000002,
      "max": 0.248175952,
      "times": [
        0.248175952,
        0.24060217,
        0.243590673,
        0.241102581,
        0.24158864000000002,
        0.24790529000000003,
        0.241623681,
        0.23710171200000002,
        0.24327531200000002,
        0.24585330000000002
      ],
      "memory_usage_byte": [
        82681856,
        82735104,
        82735104,
        83111936,
        83111936,
        83111936,
        83111936,
        83111936,
        83111936,
        83111936
      ],
      "exit_codes": [
        1,
        1,
        1,
        1,
        1,
        1,
        1,
        1,
        1,
        1
      ]
    }
  ]
}
