{
  "results": [
    {
      "command": "markdownlint-cli2",
      "mean": 3.029347171,
      "stddev": 0.08642449942547614,
      "median": 3.0065989579999997,
      "user": 4.602104,
      "system": 0.24187133333333333,
      "min": 2.923906646,
      "max": 3.14108538,
      "times": [
        2.923906646,
        3.007011713,
        2.971683145,
        3.14108538,
        3.006186203,
        3.126209939
      ],
      "memory_usage_byte": [
        386347008,
        386347008,
        386347008,
        386347008,
        386347008,
        386347008
      ],
      "exit_codes": [
        1,
        1,
        1,
        1,
        1,
        1
      ]
    }
  ]
}
