{
  "results": [
    {
      "command": "markdownlint-cli2",
      "mean": 4.781356553166666,
      "stddev": 0.04458778806350359,
      "median": 4.785136201,
      "user": 7.294080999999999,
      "system": 0.430741,
      "min": 4.7021948,
      "max": 4.8292714960000005,
      "times": [
        4.786764954,
        4.8292714960000005,
        4.7021948,
        4.770140573,
        4.783507448,
        4.816260048
      ],
      "memory_usage_byte": [
        385732608,
        385732608,
        413659136,
        413659136,
        413659136,
        413659136
      ],
      "exit_codes": [
        1,
        1,
        1,
        1,
        1,
        1
      ]
    }
  ]
}
