{
  "results": [
    {
      "command": "markdownlint-cli2",
      "mean": 3.1426238326666667,
      "stddev": 0.0837657226663144,
      "median": 3.1156693649999996,
      "user": 4.6696555,
      "system": 0.25737616666666663,
      "min": 3.074145481,
      "max": 3.301664434,
      "times": [
        3.15598321,
        3.137663171,
        3.301664434,
        3.074145481,
        3.093675559,
        3.092611141
      ],
      "memory_usage_byte": [
        386641920,
        386641920,
        386641920,
        388460544,
        388460544,
        388460544
      ],
      "exit_codes": [
        1,
        1,
        1,
        1,
        1,
        1
      ]
    }
  ]
}
