{
  "results": [
    {
      "command": "mado",
      "mean": 0.065070575,
      "stddev": 0.0019543996282700205,
      "median": 0.064238876,
      "user": 0.1026775,
      "system": 0.020531200000000003,
      "min": 0.06334395400000001,
      "max": 0.069265323,
      "times": [
        0.064280554,
        0.06419719800000001,
        0.064665164,
        0.064026118,
        0.069265323,
        0.064645907,
        0.068084825,
        0.064124102,
        0.064072605,
        0.06334395400000001
      ],
      "memory_usage_byte": [
        28954624,
        29048832,
        29048832,
        29048832,
        30932992,
        30932992,
        30932992,
        30932992,
        30932992,
        30932992
      ],
      "exit_codes": [
        1,
        1,
        1,
        1,
        1,
        1,
        1,
        1,
        1,
        1
      ]
    },
    {
      "command": "rumdl",
      "mean": 0.32693237880000003,
      "stddev": 0.006045206963404824,
      "median": 0.32608900700000004,
      "user": 1.0064777,
      "system": 0.0720849,
      "min": 0.32005415200000004,
      "max": 0.33646127200000003,
      "times": [
        0.32429713200000004,
        0.32250495300000004,
        0.32788088200000004,
        0.33613107400000003,
        0.321844648,
        0.33646127200000003,
        0.32005415200000004,
        0.32092633200000004,
        0.32851307300000004,
        0.33071027000000003
      ],
      "memory_usage_byte": [
        52097024,
        52097024,
        52097024,
        52097024,
        52097024,
        53198848,
        53198848,
        53198848,
        53198848,
        53198848
      ],
      "exit_codes": [
        1,
        1,
        1,
        1,
        1,
        1,
        1,
        1,
        1,
        1
      ]
    },
    {
      "command": "panache",
      "mean": 0.704001661,
      "stddev": 0.07297539844626354,
      "median": 0.7404125725,
      "user": 2.0796026999999997,
      "system": 0.13823210000000002,
      "min": 0.5999000010000001,
      "max": 0.7912509390000001,
      "times": [
        0.600078443,
        0.7912509390000001,
        0.738808278,
        0.741012293,
        0.7419474960000001,
        0.7429935520000001,
        0.739812852,
        0.742179378,
        0.602033378,
        0.5999000010000001
      ],
      "memory_usage_byte": [
        53198848,
        53198848,
        53198848,
        53198848,
        53198848,
        53198848,
        53198848,
        53198848,
        53198848,
        53198848
      ],
      "exit_codes": [
        0,
        0,
        0,
        0,
        0,
        0,
        0,
        0,
        0,
        0
      ]
    },
    {
      "command": "mdsmith-parity",
      "mean": 0.06601507640000001,
      "stddev": 0.0005506352411543911,
      "median": 0.0660328815,
      "user": 0.19056270000000003,
      "system": 0.0254465,
      "min": 0.065263153,
      "max": 0.066769148,
      "times": [
        0.065590545,
        0.06628671600000001,
        0.066579519,
        0.06661279,
        0.065895511,
        0.06529357000000001,
        0.066170252,
        0.065263153,
        0.06568956000000001,
        0.066769148
      ],
      "memory_usage_byte": [
        53198848,
        53198848,
        53198848,
        53198848,
        53198848,
        53198848,
        53198848,
        53198848,
        53198848,
        53198848
      ],
      "exit_codes": [
        1,
        1,
        1,
        1,
        1,
        1,
        1,
        1,
        1,
        1
      ]
    },
    {
      "command": "mdsmith",
      "mean": 0.21441147219999998,
      "stddev": 0.003071944314899016,
      "median": 0.214655449,
      "user": 0.6222916999999999,
      "system": 0.0660903,
      "min": 0.209795319,
      "max": 0.218371279,
      "times": [
        0.21356798700000001,
        0.21733306900000002,
        0.218371279,
        0.209795319,
        0.21100686400000002,
        0.217366367,
        0.216548121,
        0.21114802700000002,
        0.213234778,
        0.215742911
      ],
      "memory_usage_byte": [
        58712064,
        58712064,
        58712064,
        58712064,
        58712064,
        60649472,
        60649472,
        60649472,
        60649472,
        60649472
      ],
      "exit_codes": [
        1,
        1,
        1,
        1,
        1,
        1,
        1,
        1,
        1,
        1
      ]
    }
  ]
}
