{
  "results": [
    {
      "command": "markdownlint-cli2",
      "mean": 3.0573603321666667,
      "stddev": 0.09521377794873163,
      "median": 3.015636621,
      "user": 4.605740833333333,
      "system": 0.3055776666666667,
      "min": 2.9682428940000003,
      "max": 3.192474659,
      "times": [
        2.992210104,
        2.9682428940000003,
        3.036580758,
        2.994692484,
        3.192474659,
        3.159961094
      ],
      "memory_usage_byte": [
        388100096,
        388100096,
        388100096,
        388100096,
        388100096,
        388100096
      ],
      "exit_codes": [
        1,
        1,
        1,
        1,
        1,
        1
      ]
    }
  ]
}
