{
  "results": [
    {
      "command": "mado",
      "mean": 0.0510852529,
      "stddev": 0.0055445546989371175,
      "median": 0.05165784550000001,
      "user": 0.08228339999999998,
      "system": 0.0086928,
      "min": 0.045012824,
      "max": 0.061569070000000004,
      "times": [
        0.054269199000000004,
        0.045769311,
        0.057156396000000005,
        0.051707397,
        0.061569070000000004,
        0.045737614,
        0.045012824,
        0.046114898,
        0.051907526,
        0.051608294000000006
      ],
      "memory_usage_byte": [
        31297536,
        31297536,
        31297536,
        31297536,
        31297536,
        31297536,
        31297536,
        31297536,
        31297536,
        31297536
      ],
      "exit_codes": [
        1,
        1,
        1,
        1,
        1,
        1,
        1,
        1,
        1,
        1
      ]
    },
    {
      "command": "rumdl",
      "mean": 0.1957264327,
      "stddev": 0.0019058749734499063,
      "median": 0.1953602225,
      "user": 0.6515066,
      "system": 0.034408,
      "min": 0.192707341,
      "max": 0.198724473,
      "times": [
        0.19591529500000002,
        0.196930611,
        0.194240624,
        0.192707341,
        0.198724473,
        0.197625934,
        0.19442076900000002,
        0.19480515,
        0.197469522,
        0.194424608
      ],
      "memory_usage_byte": [
        51527680,
        51527680,
        51527680,
        51527680,
        51527680,
        51527680,
        51527680,
        51527680,
        51527680,
        53768192
      ],
      "exit_codes": [
        1,
        1,
        1,
        1,
        1,
        1,
        1,
        1,
        1,
        1
      ]
    },
    {
      "command": "panache",
      "mean": 0.5522715215,
      "stddev": 0.014482773765110823,
      "median": 0.5597336575,
      "user": 1.5916736,
      "system": 0.0563141,
      "min": 0.5242475480000001,
      "max": 0.56249587,
      "times": [
        0.560975717,
        0.561946916,
        0.5242475480000001,
        0.553903252,
        0.560319411,
        0.5598623220000001,
        0.552574466,
        0.52678472,
        0.559604993,
        0.56249587
      ],
      "memory_usage_byte": [
        53768192,
        53768192,
        53768192,
        53768192,
        53768192,
        53768192,
        53768192,
        53768192,
        53768192,
        53768192
      ],
      "exit_codes": [
        0,
        0,
        0,
        0,
        0,
        0,
        0,
        0,
        0,
        0
      ]
    },
    {
      "command": "mdsmith-parity",
      "mean": 0.1246241355,
      "stddev": 0.0029072124169393786,
      "median": 0.1236148615,
      "user": 0.290048,
      "system": 0.030238499999999995,
      "min": 0.12212742200000001,
      "max": 0.131683874,
      "times": [
        0.131683874,
        0.124707544,
        0.122832833,
        0.122282018,
        0.122925215,
        0.12212742200000001,
        0.12701072900000002,
        0.125441997,
        0.12365907400000001,
        0.123570649
      ],
      "memory_usage_byte": [
        53768192,
        53768192,
        53768192,
        53768192,
        53768192,
        53768192,
        53768192,
        53768192,
        53768192,
        53768192
      ],
      "exit_codes": [
        1,
        1,
        1,
        1,
        1,
        1,
        1,
        1,
        1,
        1
      ]
    },
    {
      "command": "mdsmith",
      "mean": 0.24491229629999997,
      "stddev": 0.0027204153138931284,
      "median": 0.24480313850000002,
      "user": 0.6034855999999998,
      "system": 0.07093920000000001,
      "min": 0.241450182,
      "max": 0.24948044000000003,
      "times": [
        0.24703697300000002,
        0.242308335,
        0.24512071200000002,
        0.24268150300000002,
        0.241450182,
        0.24448556500000002,
        0.242652799,
        0.24948044000000003,
        0.24557141700000001,
        0.248335037
      ],
      "memory_usage_byte": [
        68481024,
        70516736,
        70516736,
        70701056,
        70701056,
        70701056,
        70701056,
        72658944,
        72658944,
        72658944
      ],
      "exit_codes": [
        1,
        1,
        1,
        1,
        1,
        1,
        1,
        1,
        1,
        1
      ]
    }
  ]
}
