{
  "results": [
    {
      "command": "mado",
      "mean": 0.046536614500000004,
      "stddev": 0.0016042216635229313,
      "median": 0.046075674,
      "user": 0.07290289999999999,
      "system": 0.0092984,
      "min": 0.045292533,
      "max": 0.050528074000000006,
      "times": [
        0.046129481,
        0.046536909,
        0.047805499,
        0.045364146,
        0.04545252,
        0.045509156,
        0.045292533,
        0.046021867,
        0.050528074000000006,
        0.046725960000000004
      ],
      "memory_usage_byte": [
        33247232,
        33247232,
        33247232,
        33247232,
        33247232,
        33247232,
        33247232,
        33247232,
        33247232,
        33247232
      ],
      "exit_codes": [
        1,
        1,
        1,
        1,
        1,
        1,
        1,
        1,
        1,
        1
      ]
    },
    {
      "command": "rumdl",
      "mean": 0.19785700229999997,
      "stddev": 0.0017729695172477079,
      "median": 0.197337488,
      "user": 0.6612025,
      "system": 0.0334994,
      "min": 0.194918221,
      "max": 0.201256755,
      "times": [
        0.194918221,
        0.198526425,
        0.19688311700000002,
        0.196865953,
        0.197616662,
        0.197058314,
        0.196985869,
        0.19972737000000002,
        0.198731337,
        0.201256755
      ],
      "memory_usage_byte": [
        49446912,
        49446912,
        49446912,
        49446912,
        50135040,
        50135040,
        51355648,
        51355648,
        51355648,
        51355648
      ],
      "exit_codes": [
        1,
        1,
        1,
        1,
        1,
        1,
        1,
        1,
        1,
        1
      ]
    },
    {
      "command": "panache",
      "mean": 0.5551052551000002,
      "stddev": 0.019331365377944967,
      "median": 0.5613733125,
      "user": 1.6072625999999999,
      "system": 0.051817999999999996,
      "min": 0.5228368280000001,
      "max": 0.5795440700000001,
      "times": [
        0.5228368280000001,
        0.5795440700000001,
        0.5574080020000001,
        0.5654686210000001,
        0.5588362840000001,
        0.531601732,
        0.563910341,
        0.5659880070000001,
        0.532253541,
        0.573205125
      ],
      "memory_usage_byte": [
        51355648,
        51355648,
        51355648,
        51355648,
        51355648,
        51355648,
        51355648,
        51355648,
        51355648,
        51355648
      ],
      "exit_codes": [
        0,
        0,
        0,
        0,
        0,
        0,
        0,
        0,
        0,
        0
      ]
    },
    {
      "command": "gomarklint",
      "mean": 0.0311977485,
      "stddev": 0.0021543452008438535,
      "median": 0.0304281885,
      "user": 0.0737713,
      "system": 0.0117191,
      "min": 0.028305034000000003,
      "max": 0.034882121,
      "times": [
        0.032619925,
        0.030297568,
        0.029535215000000004,
        0.030499064000000003,
        0.033662021,
        0.032753294,
        0.028305034000000003,
        0.030357313,
        0.034882121,
        0.02906593
      ],
      "memory_usage_byte": [
        51355648,
        51355648,
        51355648,
        51355648,
        51355648,
        51355648,
        51355648,
        51355648,
        51355648,
        51355648
      ],
      "exit_codes": [
        1,
        1,
        1,
        1,
        1,
        1,
        1,
        1,
        1,
        1
      ]
    },
    {
      "command": "mdsmith-gomarklint-parity",
      "mean": 0.0430099127,
      "stddev": 0.0013939842538652427,
      "median": 0.042661881,
      "user": 0.11897880000000001,
      "system": 0.016637199999999998,
      "min": 0.041089002,
      "max": 0.045323659,
      "times": [
        0.042507008000000006,
        0.044001078000000006,
        0.044743212000000004,
        0.041205604,
        0.045323659,
        0.04236852,
        0.042757995,
        0.042565767000000004,
        0.041089002,
        0.043537282000000004
      ],
      "memory_usage_byte": [
        51355648,
        51355648,
        51355648,
        51355648,
        51355648,
        51355648,
        51355648,
        51355648,
        51355648,
        51355648
      ],
      "exit_codes": [
        1,
        1,
        1,
        1,
        1,
        1,
        1,
        1,
        1,
        1
      ]
    },
    {
      "command": "mdsmith-mado-parity",
      "mean": 0.0546246295,
      "stddev": 0.007217774763801978,
      "median": 0.05126718250000001,
      "user": 0.13873249999999998,
      "system": 0.014686399999999999,
      "min": 0.049549408,
      "max": 0.071647083,
      "times": [
        0.050010408000000006,
        0.052016511,
        0.049549408,
        0.051804377000000006,
        0.056951816,
        0.06253994,
        0.050429449,
        0.071647083,
        0.050729988000000004,
        0.050567315
      ],
      "memory_usage_byte": [
        51355648,
        51355648,
        51355648,
        51355648,
        51355648,
        51355648,
        51355648,
        51355648,
        51355648,
        51355648
      ],
      "exit_codes": [
        1,
        1,
        1,
        1,
        1,
        1,
        1,
        1,
        1,
        1
      ]
    },
    {
      "command": "mdsmith-rumdl-parity",
      "mean": 0.06899249269999999,
      "stddev": 0.0037780746856439385,
      "median": 0.06818320650000001,
      "user": 0.1851112,
      "system": 0.015607399999999997,
      "min": 0.06434316300000001,
      "max": 0.07388135,
      "times": [
        0.06546309900000001,
        0.06434316300000001,
        0.073238235,
        0.06751370500000001,
        0.067613323,
        0.070862162,
        0.073860506,
        0.06875309,
        0.064396294,
        0.07388135
      ],
      "memory_usage_byte": [
        51355648,
        51355648,
        51355648,
        51355648,
        51355648,
        51355648,
        51355648,
        51355648,
        51355648,
        51355648
      ],
      "exit_codes": [
        1,
        1,
        1,
        1,
        1,
        1,
        1,
        1,
        1,
        1
      ]
    },
    {
      "command": "mdsmith-markdownlint-parity",
      "mean": 0.07110427830000002,
      "stddev": 0.007022856517962601,
      "median": 0.070730102,
      "user": 0.1845891,
      "system": 0.0165666,
      "min": 0.063425676,
      "max": 0.08546445400000001,
      "times": [
        0.07077224,
        0.06630716,
        0.063425676,
        0.077764236,
        0.070687964,
        0.06505838600000001,
        0.076324668,
        0.071007102,
        0.08546445400000001,
        0.06423089700000001
      ],
      "memory_usage_byte": [
        51355648,
        51355648,
        51355648,
        51355648,
        51355648,
        51355648,
        51355648,
        51355648,
        51355648,
        51355648
      ],
      "exit_codes": [
        1,
        1,
        1,
        1,
        1,
        1,
        1,
        1,
        1,
        1
      ]
    },
    {
      "command": "mdsmith",
      "mean": 0.15111962380000002,
      "stddev": 0.008867179812644111,
      "median": 0.149185487,
      "user": 0.4295527,
      "system": 0.0368084,
      "min": 0.14444547600000002,
      "max": 0.175562148,
      "times": [
        0.150718334,
        0.149790107,
        0.14835151000000002,
        0.149609231,
        0.14444547600000002,
        0.148761743,
        0.146660223,
        0.151488787,
        0.175562148,
        0.145808679
      ],
      "memory_usage_byte": [
        51355648,
        51355648,
        51355648,
        51355648,
        51355648,
        51355648,
        51355648,
        51355648,
        51843072,
        51843072
      ],
      "exit_codes": [
        1,
        1,
        1,
        1,
        1,
        1,
        1,
        1,
        1,
        1
      ]
    }
  ]
}
