{
  "results": [
    {
      "command": "markdownlint-cli2",
      "mean": 3.0245069536666667,
      "stddev": 0.08987660538757007,
      "median": 3.020421025,
      "user": 4.503798166666666,
      "system": 0.2587405,
      "min": 2.909480203,
      "max": 3.180718962,
      "times": [
        2.975609934,
        3.014132999,
        3.040390573,
        3.026709051,
        3.180718962,
        2.909480203
      ],
      "memory_usage_byte": [
        372203520,
        378417152,
        384753664,
        385175552,
        385175552,
        385175552
      ],
      "exit_codes": [
        1,
        1,
        1,
        1,
        1,
        1
      ]
    }
  ]
}
