{
  "results": [
    {
      "command": "markdownlint-cli2",
      "mean": 4.871597639833333,
      "stddev": 0.05669770307887006,
      "median": 4.8820992975,
      "user": 7.308306666666667,
      "system": 0.30874683333333336,
      "min": 4.791135179,
      "max": 4.948042484,
      "times": [
        4.8220616530000004,
        4.885356673,
        4.904147928,
        4.791135179,
        4.878841922,
        4.948042484
      ],
      "memory_usage_byte": [
        387776512,
        387776512,
        387776512,
        388456448,
        388456448,
        398462976
      ],
      "exit_codes": [
        1,
        1,
        1,
        1,
        1,
        1
      ]
    }
  ]
}
