{
  "results": [
    {
      "command": "markdownlint-cli2",
      "mean": 4.849810418166666,
      "stddev": 0.046757320343422254,
      "median": 4.839034537,
      "user": 7.330297000000001,
      "system": 0.311052,
      "min": 4.805662991,
      "max": 4.917227265,
      "times": [
        4.854296536,
        4.823772538,
        4.917227265,
        4.805721757,
        4.805662991,
        4.892181422
      ],
      "memory_usage_byte": [
        380653568,
        380653568,
        383184896,
        383184896,
        383184896,
        383184896
      ],
      "exit_codes": [
        1,
        1,
        1,
        1,
        1,
        1
      ]
    }
  ]
}
