{
  "results": [
    {
      "command": "markdownlint-cli2",
      "mean": 5.013524348833333,
      "stddev": 0.0837531022242067,
      "median": 4.988963035,
      "user": 7.538083499999999,
      "system": 0.3149878333333333,
      "min": 4.927889009,
      "max": 5.147986978,
      "times": [
        4.949297847,
        4.927889009,
        5.078046189,
        4.998036979,
        4.979889091,
        5.147986978
      ],
      "memory_usage_byte": [
        374652928,
        374652928,
        381870080,
        381870080,
        381870080,
        381870080
      ],
      "exit_codes": [
        1,
        1,
        1,
        1,
        1,
        1
      ]
    }
  ]
}
