{
  "results": [
    {
      "command": "markdownlint-cli2",
      "mean": 4.9306457795,
      "stddev": 0.052000981212806205,
      "median": 4.921401757,
      "user": 7.390853333333333,
      "system": 0.42188133333333333,
      "min": 4.874123658,
      "max": 5.024666875,
      "times": [
        4.874123658,
        4.938182426,
        4.93803478,
        5.024666875,
        4.904768734,
        4.904098204
      ],
      "memory_usage_byte": [
        382431232,
        386514944,
        386514944,
        386514944,
        386514944,
        391360512
      ],
      "exit_codes": [
        1,
        1,
        1,
        1,
        1,
        1
      ]
    }
  ]
}
