{
  "results": [
    {
      "command": "mado",
      "mean": 0.0462709082,
      "stddev": 0.0003576727248178454,
      "median": 0.046219026,
      "user": 0.07135169999999999,
      "system": 0.0096809,
      "min": 0.045836828,
      "max": 0.047034467,
      "times": [
        0.047034467,
        0.045985854,
        0.045836828,
        0.045978473000000006,
        0.046098414000000004,
        0.04604929,
        0.046565769,
        0.046339638,
        0.046366469,
        0.04645388
      ],
      "memory_usage_byte": [
        29691904,
        31285248,
        31285248,
        31285248,
        31285248,
        31285248,
        31285248,
        31285248,
        31285248,
        31625216
      ],
      "exit_codes": [
        1,
        1,
        1,
        1,
        1,
        1,
        1,
        1,
        1,
        1
      ]
    },
    {
      "command": "rumdl",
      "mean": 0.19227306800000005,
      "stddev": 0.0033163887428749967,
      "median": 0.19215700900000002,
      "user": 0.6186675,
      "system": 0.0403174,
      "min": 0.187370438,
      "max": 0.19614212,
      "times": [
        0.18976943000000002,
        0.18820640100000002,
        0.190407703,
        0.19614212,
        0.195445257,
        0.191238808,
        0.19608720600000001,
        0.187370438,
        0.19498810700000002,
        0.19307521000000002
      ],
      "memory_usage_byte": [
        51326976,
        51326976,
        51326976,
        51326976,
        51326976,
        51326976,
        51326976,
        51326976,
        51326976,
        51326976
      ],
      "exit_codes": [
        1,
        1,
        1,
        1,
        1,
        1,
        1,
        1,
        1,
        1
      ]
    },
    {
      "command": "panache",
      "mean": 0.5295494632000001,
      "stddev": 0.021227912997690956,
      "median": 0.5181546910000001,
      "user": 1.5900086999999998,
      "system": 0.06031269999999998,
      "min": 0.514084628,
      "max": 0.5673868360000001,
      "times": [
        0.514890614,
        0.515173191,
        0.5190246040000001,
        0.514084628,
        0.555336285,
        0.5673868360000001,
        0.5569393060000001,
        0.5160370440000001,
        0.519337346,
        0.5172847780000001
      ],
      "memory_usage_byte": [
        51326976,
        51326976,
        51326976,
        51326976,
        51326976,
        51326976,
        51326976,
        51326976,
        51326976,
        51326976
      ],
      "exit_codes": [
        0,
        0,
        0,
        0,
        0,
        0,
        0,
        0,
        0,
        0
      ]
    },
    {
      "command": "gomarklint",
      "mean": 0.0303995213,
      "stddev": 0.0010279493376427811,
      "median": 0.030525848,
      "user": 0.07143790000000001,
      "system": 0.013737,
      "min": 0.029058753000000003,
      "max": 0.031960083,
      "times": [
        0.030652589,
        0.030399107,
        0.029942137,
        0.031873192,
        0.030714002,
        0.030845977000000004,
        0.029316096000000003,
        0.031960083,
        0.029233277000000002,
        0.029058753000000003
      ],
      "memory_usage_byte": [
        51326976,
        51326976,
        51326976,
        51326976,
        51326976,
        51326976,
        51326976,
        51326976,
        51326976,
        51326976
      ],
      "exit_codes": [
        1,
        1,
        1,
        1,
        1,
        1,
        1,
        1,
        1,
        1
      ]
    },
    {
      "command": "mdsmith-parity",
      "mean": 0.052512368600000005,
      "stddev": 0.00033653881505611965,
      "median": 0.052502941500000004,
      "user": 0.1424719,
      "system": 0.014651999999999998,
      "min": 0.051942957000000005,
      "max": 0.052969536000000005,
      "times": [
        0.052522771,
        0.052483112000000005,
        0.052386206000000005,
        0.052286365,
        0.052969536000000005,
        0.052776925,
        0.052879901,
        0.051942957000000005,
        0.052120159000000006,
        0.052755754
      ],
      "memory_usage_byte": [
        51326976,
        51326976,
        51326976,
        51326976,
        51326976,
        51326976,
        51326976,
        51326976,
        51326976,
        51326976
      ],
      "exit_codes": [
        1,
        1,
        1,
        1,
        1,
        1,
        1,
        1,
        1,
        1
      ]
    },
    {
      "command": "mdsmith",
      "mean": 0.1403732318,
      "stddev": 0.0020933552167127323,
      "median": 0.14068631250000002,
      "user": 0.4040712999999999,
      "system": 0.035195500000000005,
      "min": 0.138072577,
      "max": 0.14508626500000002,
      "times": [
        0.14108892,
        0.138072577,
        0.141114449,
        0.140284656,
        0.141087969,
        0.138846866,
        0.141224119,
        0.138504167,
        0.14508626500000002,
        0.13842233
      ],
      "memory_usage_byte": [
        51326976,
        51326976,
        51326976,
        51326976,
        51326976,
        51326976,
        51326976,
        51326976,
        51425280,
        51740672
      ],
      "exit_codes": [
        1,
        1,
        1,
        1,
        1,
        1,
        1,
        1,
        1,
        1
      ]
    }
  ]
}
