{
  "results": [
    {
      "command": "markdownlint-cli2",
      "mean": 3.068395231166667,
      "stddev": 0.07579542569730098,
      "median": 3.0655223025,
      "user": 4.617229166666666,
      "system": 0.30599466666666664,
      "min": 2.991217363,
      "max": 3.19363471,
      "times": [
        3.102689343,
        3.068817557,
        3.19363471,
        2.991217363,
        3.062227048,
        2.9917853660000002
      ],
      "memory_usage_byte": [
        385724416,
        385724416,
        385724416,
        385724416,
        390397952,
        390397952
      ],
      "exit_codes": [
        1,
        1,
        1,
        1,
        1,
        1
      ]
    }
  ]
}
