{
  "results": [
    {
      "command": "markdownlint-cli2",
      "mean": 4.529414302166667,
      "stddev": 0.14440818341196596,
      "median": 4.4721520615,
      "user": 6.799210333333334,
      "system": 0.4045886666666667,
      "min": 4.444153744,
      "max": 4.817780658,
      "times": [
        4.817780658,
        4.444153744,
        4.488573089,
        4.455731034,
        4.447550078,
        4.5226972100000005
      ],
      "memory_usage_byte": [
        365600768,
        373694464,
        373694464,
        393637888,
        393637888,
        393637888
      ],
      "exit_codes": [
        1,
        1,
        1,
        1,
        1,
        1
      ]
    }
  ]
}
