{
  "results": [
    {
      "command": "markdownlint-cli2",
      "mean": 6.5970189836666675,
      "stddev": 0.24039565020308987,
      "median": 6.615110596,
      "user": 9.772548333333335,
      "system": 0.4347468333333333,
      "min": 6.295322601,
      "max": 6.937049804,
      "times": [
        6.676333668,
        6.370840733,
        6.748679572,
        6.937049804,
        6.553887524,
        6.295322601
      ],
      "memory_usage_byte": [
        231620608,
        236818432,
        236818432,
        236818432,
        236818432,
        236818432
      ],
      "exit_codes": [
        1,
        1,
        1,
        1,
        1,
        1
      ]
    }
  ]
}
