{
  "results": [
    {
      "command": "mado",
      "mean": 0.032069284200000006,
      "stddev": 0.0015458931611951566,
      "median": 0.031513860000000005,
      "user": 0.0489712,
      "system": 0.0061489000000000005,
      "min": 0.030367157000000002,
      "max": 0.034319578,
      "times": [
        0.031809146,
        0.034319578,
        0.030988926000000003,
        0.031256104,
        0.030367157000000002,
        0.034059894,
        0.034262342,
        0.030601975000000003,
        0.03174719,
        0.03128053
      ],
      "memory_usage_byte": [
        28930048,
        28975104,
        28975104,
        28975104,
        28975104,
        31014912,
        31014912,
        31014912,
        31014912,
        31014912
      ],
      "exit_codes": [
        1,
        1,
        1,
        1,
        1,
        1,
        1,
        1,
        1,
        1
      ]
    },
    {
      "command": "rumdl",
      "mean": 0.06625107390000001,
      "stddev": 0.0067390702038163585,
      "median": 0.06650474,
      "user": 0.4444144,
      "system": 0.026689799999999996,
      "min": 0.057518295000000004,
      "max": 0.08023659500000001,
      "times": [
        0.068820424,
        0.068556632,
        0.08023659500000001,
        0.07143189400000001,
        0.063588877,
        0.065380979,
        0.058707062000000004,
        0.060641480000000005,
        0.06762850100000001,
        0.057518295000000004
      ],
      "memory_usage_byte": [
        111054848,
        111054848,
        111054848,
        111710208,
        112594944,
        115679232,
        115679232,
        115679232,
        115679232,
        115679232
      ],
      "exit_codes": [
        1,
        1,
        1,
        1,
        1,
        1,
        1,
        1,
        1,
        1
      ]
    },
    {
      "command": "panache",
      "mean": 0.07028693709999999,
      "stddev": 0.0025639044559375326,
      "median": 0.070374893,
      "user": 0.8159481999999999,
      "system": 0.07195199999999999,
      "min": 0.066479498,
      "max": 0.07538626000000001,
      "times": [
        0.067614796,
        0.06826073,
        0.071517995,
        0.070359845,
        0.07538626000000001,
        0.07184819,
        0.069211464,
        0.070389941,
        0.071800652,
        0.066479498
      ],
      "memory_usage_byte": [
        115679232,
        115679232,
        115679232,
        115679232,
        115679232,
        115679232,
        115679232,
        115679232,
        115679232,
        115679232
      ],
      "exit_codes": [
        0,
        0,
        0,
        0,
        0,
        0,
        0,
        0,
        0,
        0
      ]
    },
    {
      "command": "mdsmith-parity",
      "mean": 0.029853909200000008,
      "stddev": 0.0030466661923420043,
      "median": 0.028603582000000002,
      "user": 0.17897159999999998,
      "system": 0.020912899999999998,
      "min": 0.027074827000000003,
      "max": 0.037302321,
      "times": [
        0.028611412000000003,
        0.031896859,
        0.027589316000000003,
        0.027917296,
        0.037302321,
        0.030291846,
        0.031020034000000002,
        0.028239429000000003,
        0.028595752000000002,
        0.027074827000000003
      ],
      "memory_usage_byte": [
        115679232,
        115679232,
        115679232,
        115679232,
        115679232,
        115679232,
        115679232,
        115679232,
        115679232,
        115679232
      ],
      "exit_codes": [
        1,
        1,
        1,
        1,
        1,
        1,
        1,
        1,
        1,
        1
      ]
    },
    {
      "command": "mdsmith",
      "mean": 0.1593799167,
      "stddev": 0.005157113098184249,
      "median": 0.15999324650000002,
      "user": 0.8698649999999999,
      "system": 0.11575189999999999,
      "min": 0.154026098,
      "max": 0.169038887,
      "times": [
        0.15940495000000002,
        0.16058154300000002,
        0.154525348,
        0.154026098,
        0.160649431,
        0.15495276600000002,
        0.165859677,
        0.169038887,
        0.154124792,
        0.160635675
      ],
      "memory_usage_byte": [
        115679232,
        115679232,
        115679232,
        115679232,
        115679232,
        115679232,
        115679232,
        115679232,
        115679232,
        115679232
      ],
      "exit_codes": [
        1,
        1,
        1,
        1,
        1,
        1,
        1,
        1,
        1,
        1
      ]
    }
  ]
}
