{
  "results": [
    {
      "command": "markdownlint-cli2",
      "mean": 3.4457006341666663,
      "stddev": 0.06329763176778669,
      "median": 3.421637728,
      "user": 5.5632971666666675,
      "system": 0.38609049999999995,
      "min": 3.38482152,
      "max": 3.540484073,
      "times": [
        3.505920988,
        3.43650969,
        3.38482152,
        3.406765766,
        3.540484073,
        3.399701768
      ],
      "memory_usage_byte": [
        230653952,
        230653952,
        250740736,
        250740736,
        250740736,
        250740736
      ],
      "exit_codes": [
        1,
        1,
        1,
        1,
        1,
        1
      ]
    }
  ]
}
