{
  "results": [
    {
      "command": "mado",
      "mean": 0.046858884200000006,
      "stddev": 0.0015350122867351036,
      "median": 0.0463153565,
      "user": 0.0724439,
      "system": 0.009597499999999998,
      "min": 0.045941439,
      "max": 0.051045115,
      "times": [
        0.046099242000000006,
        0.046177948,
        0.046202214000000005,
        0.046566182000000005,
        0.045941439,
        0.047465783000000004,
        0.051045115,
        0.046428499000000005,
        0.046037891000000004,
        0.046624529000000005
      ],
      "memory_usage_byte": [
        29712384,
        29728768,
        29728768,
        29728768,
        29728768,
        29790208,
        29790208,
        29818880,
        29818880,
        35287040
      ],
      "exit_codes": [
        1,
        1,
        1,
        1,
        1,
        1,
        1,
        1,
        1,
        1
      ]
    },
    {
      "command": "rumdl",
      "mean": 0.189174482,
      "stddev": 0.0016967643378082847,
      "median": 0.1889557375,
      "user": 0.6207966999999999,
      "system": 0.0384288,
      "min": 0.187304723,
      "max": 0.192740092,
      "times": [
        0.192740092,
        0.18770567000000002,
        0.18741691900000002,
        0.189592023,
        0.189588167,
        0.18923805000000002,
        0.191009437,
        0.188476314,
        0.188673425,
        0.187304723
      ],
      "memory_usage_byte": [
        49520640,
        49844224,
        49844224,
        49844224,
        51253248,
        51253248,
        51253248,
        51253248,
        51253248,
        51253248
      ],
      "exit_codes": [
        1,
        1,
        1,
        1,
        1,
        1,
        1,
        1,
        1,
        1
      ]
    },
    {
      "command": "panache",
      "mean": 0.5314224335000001,
      "stddev": 0.008259175681733127,
      "median": 0.5354247605,
      "user": 1.6028591000000003,
      "system": 0.0612298,
      "min": 0.516409561,
      "max": 0.537957675,
      "times": [
        0.535498526,
        0.5372668540000001,
        0.535915962,
        0.537957675,
        0.516409561,
        0.535350995,
        0.535342172,
        0.5233375250000001,
        0.519559792,
        0.537585273
      ],
      "memory_usage_byte": [
        51253248,
        51253248,
        51253248,
        51253248,
        51253248,
        51253248,
        51253248,
        51253248,
        51253248,
        51253248
      ],
      "exit_codes": [
        0,
        0,
        0,
        0,
        0,
        0,
        0,
        0,
        0,
        0
      ]
    },
    {
      "command": "mdsmith-parity",
      "mean": 0.13256279980000002,
      "stddev": 0.0008227662657609224,
      "median": 0.13226920450000001,
      "user": 0.2728522,
      "system": 0.04457359999999999,
      "min": 0.13166639900000002,
      "max": 0.133903896,
      "times": [
        0.133825501,
        0.131817272,
        0.131903609,
        0.133903896,
        0.132064698,
        0.13270919,
        0.132097516,
        0.133199024,
        0.132440893,
        0.13166639900000002
      ],
      "memory_usage_byte": [
        59973632,
        59973632,
        59973632,
        59973632,
        59973632,
        59973632,
        59973632,
        59973632,
        59973632,
        59973632
      ],
      "exit_codes": [
        1,
        1,
        1,
        1,
        1,
        1,
        1,
        1,
        1,
        1
      ]
    },
    {
      "command": "mdsmith",
      "mean": 0.2448500396,
      "stddev": 0.002466198441299046,
      "median": 0.24562707800000003,
      "user": 0.5685778,
      "system": 0.0856151,
      "min": 0.240585509,
      "max": 0.24802362500000003,
      "times": [
        0.24802362500000003,
        0.24636671500000001,
        0.240585509,
        0.24597896200000002,
        0.24299425000000002,
        0.24761681400000002,
        0.243961841,
        0.24171852400000002,
        0.24557851100000003,
        0.24567564500000003
      ],
      "memory_usage_byte": [
        79974400,
        82030592,
        82030592,
        82030592,
        82030592,
        82030592,
        82030592,
        82030592,
        82030592,
        82051072
      ],
      "exit_codes": [
        1,
        1,
        1,
        1,
        1,
        1,
        1,
        1,
        1,
        1
      ]
    }
  ]
}
