{
  "results": [
    {
      "command": "markdownlint-cli2",
      "mean": 4.196642880333333,
      "stddev": 0.13542668323378879,
      "median": 4.216962254,
      "user": 6.892429166666666,
      "system": 0.3060368333333333,
      "min": 3.995608429,
      "max": 4.334323637,
      "times": [
        4.332845561,
        4.334323637,
        4.210850726,
        4.223073782,
        4.083155147,
        3.995608429
      ],
      "memory_usage_byte": [
        235442176,
        235442176,
        235442176,
        239628288,
        239628288,
        239628288
      ],
      "exit_codes": [
        1,
        1,
        1,
        1,
        1,
        1
      ]
    }
  ]
}
