{
  "results": [
    {
      "command": "markdownlint-cli2",
      "mean": 1.541551903833333,
      "stddev": 0.05097000194943951,
      "median": 1.5448268875,
      "user": 2.8283736666666663,
      "system": 0.12324066666666667,
      "min": 1.479187025,
      "max": 1.617750106,
      "times": [
        1.479187025,
        1.492269856,
        1.617750106,
        1.5704506610000002,
        1.546930685,
        1.54272309
      ],
      "memory_usage_byte": [
        450977792,
        450977792,
        450977792,
        456400896,
        456400896,
        473006080
      ],
      "exit_codes": [
        1,
        1,
        1,
        1,
        1,
        1
      ]
    }
  ]
}
