{
  "results": [
    {
      "command": "markdownlint-cli2",
      "mean": 3.4692628466666666,
      "stddev": 0.12253332509791182,
      "median": 3.4550929955000003,
      "user": 5.411428333333333,
      "system": 0.343524,
      "min": 3.30344377,
      "max": 3.615648963,
      "times": [
        3.615648963,
        3.398548947,
        3.511637044,
        3.5885695,
        3.30344377,
        3.397728856
      ],
      "memory_usage_byte": [
        232206336,
        236474368,
        236474368,
        236474368,
        236474368,
        236474368
      ],
      "exit_codes": [
        1,
        1,
        1,
        1,
        1,
        1
      ]
    }
  ]
}
