{
  "results": [
    {
      "command": "markdownlint-cli2",
      "mean": 4.2738935385,
      "stddev": 0.10324542902188766,
      "median": 4.219670429000001,
      "user": 6.496829333333333,
      "system": 0.39582566666666663,
      "min": 4.188615857,
      "max": 4.415102819,
      "times": [
        4.415102819,
        4.397172914,
        4.188615857,
        4.203128783,
        4.219631985,
        4.219708873
      ],
      "memory_usage_byte": [
        390021120,
        390021120,
        390021120,
        390021120,
        390021120,
        390021120
      ],
      "exit_codes": [
        1,
        1,
        1,
        1,
        1,
        1
      ]
    }
  ]
}
