{
  "results": [
    {
      "command": "mado",
      "mean": 0.04590188910000001,
      "stddev": 0.0009624088712780893,
      "median": 0.0456601175,
      "user": 0.07223189999999999,
      "system": 0.0077781000000000005,
      "min": 0.044875407000000006,
      "max": 0.047974304,
      "times": [
        0.047052509000000006,
        0.046063011,
        0.047974304,
        0.046003438,
        0.045755938,
        0.045363907,
        0.045473838,
        0.045564297000000004,
        0.044875407000000006,
        0.044892242000000006
      ],
      "memory_usage_byte": [
        12992512,
        12992512,
        13131776,
        13131776,
        13131776,
        13131776,
        13131776,
        13131776,
        13131776,
        13131776
      ],
      "exit_codes": [
        1,
        1,
        1,
        1,
        1,
        1,
        1,
        1,
        1,
        1
      ]
    },
    {
      "command": "rumdl",
      "mean": 0.1488301027,
      "stddev": 0.007742929125508687,
      "median": 0.14708844000000001,
      "user": 0.4509004999999999,
      "system": 0.031973699999999994,
      "min": 0.14046205,
      "max": 0.164287398,
      "times": [
        0.14684798100000002,
        0.14046205,
        0.141382602,
        0.147328899,
        0.15394817500000002,
        0.14541288800000002,
        0.164287398,
        0.149149488,
        0.141698885,
        0.15778266100000002
      ],
      "memory_usage_byte": [
        33632256,
        33632256,
        33632256,
        33632256,
        33632256,
        33824768,
        33824768,
        33824768,
        33824768,
        33824768
      ],
      "exit_codes": [
        1,
        1,
        1,
        1,
        1,
        1,
        1,
        1,
        1,
        1
      ]
    },
    {
      "command": "panache",
      "mean": 0.3221573144,
      "stddev": 0.007481048884330472,
      "median": 0.32053069300000003,
      "user": 0.8901448999999999,
      "system": 0.031801399999999994,
      "min": 0.313495672,
      "max": 0.337518396,
      "times": [
        0.32775584,
        0.32900654300000004,
        0.32073474900000004,
        0.31407412100000004,
        0.320326637,
        0.31594926300000004,
        0.313495672,
        0.337518396,
        0.322755106,
        0.319956817
      ],
      "memory_usage_byte": [
        33824768,
        33824768,
        33824768,
        33824768,
        33824768,
        33824768,
        33824768,
        33824768,
        33824768,
        33824768
      ],
      "exit_codes": [
        0,
        0,
        0,
        0,
        0,
        0,
        0,
        0,
        0,
        0
      ]
    },
    {
      "command": "mdsmith",
      "mean": 0.7546511340000001,
      "stddev": 0.009073183997466868,
      "median": 0.7544403040000001,
      "user": 0.9411595,
      "system": 0.10099240000000001,
      "min": 0.74211653,
      "max": 0.771119027,
      "times": [
        0.750954918,
        0.7507374950000001,
        0.754766418,
        0.75411419,
        0.771119027,
        0.74211653,
        0.7561302390000001,
        0.759992301,
        0.742134497,
        0.7644457250000001
      ],
      "memory_usage_byte": [
        40902656,
        40902656,
        40902656,
        41676800,
        41676800,
        41676800,
        41676800,
        41676800,
        41676800,
        41676800
      ],
      "exit_codes": [
        1,
        1,
        1,
        1,
        1,
        1,
        1,
        1,
        1,
        1
      ]
    }
  ]
}
