{
  "results": [
    {
      "command": "mado",
      "mean": 0.043218476500000005,
      "stddev": 0.0007269302644437615,
      "median": 0.043146393500000005,
      "user": 0.06605409999999999,
      "system": 0.0111382,
      "min": 0.042365642,
      "max": 0.044763602,
      "times": [
        0.043018584000000006,
        0.042915497000000004,
        0.042365642,
        0.042436284000000005,
        0.044763602,
        0.043274203000000004,
        0.042569201,
        0.043655686000000006,
        0.043616791,
        0.043569275000000005
      ],
      "memory_usage_byte": [
        11943936,
        12795904,
        12984320,
        12984320,
        12984320,
        12984320,
        12984320,
        12984320,
        12984320,
        12984320
      ],
      "exit_codes": [
        1,
        1,
        1,
        1,
        1,
        1,
        1,
        1,
        1,
        1
      ]
    },
    {
      "command": "rumdl",
      "mean": 0.1664926601,
      "stddev": 0.01262016510030062,
      "median": 0.165610595,
      "user": 0.4675003999999999,
      "system": 0.0361663,
      "min": 0.149530053,
      "max": 0.197903709,
      "times": [
        0.165675397,
        0.16956864200000002,
        0.166230811,
        0.160081477,
        0.16876264800000002,
        0.165126152,
        0.149530053,
        0.165545793,
        0.15650191900000002,
        0.197903709
      ],
      "memory_usage_byte": [
        35057664,
        35057664,
        35213312,
        35213312,
        35213312,
        35213312,
        35213312,
        35213312,
        35213312,
        35213312
      ],
      "exit_codes": [
        1,
        1,
        1,
        1,
        1,
        1,
        1,
        1,
        1,
        1
      ]
    },
    {
      "command": "panache",
      "mean": 0.21929445650000004,
      "stddev": 0.006314420129488894,
      "median": 0.219690505,
      "user": 0.7805915,
      "system": 0.0390416,
      "min": 0.21186379800000002,
      "max": 0.23308260700000002,
      "times": [
        0.22415842300000002,
        0.218733652,
        0.22064735800000002,
        0.23308260700000002,
        0.22089946700000002,
        0.221035372,
        0.21495872700000002,
        0.2149116,
        0.21186379800000002,
        0.21265356100000002
      ],
      "memory_usage_byte": [
        35213312,
        35213312,
        35213312,
        35213312,
        35213312,
        35213312,
        35213312,
        35213312,
        35213312,
        35213312
      ],
      "exit_codes": [
        0,
        0,
        0,
        0,
        0,
        0,
        0,
        0,
        0,
        0
      ]
    },
    {
      "command": "mdsmith",
      "mean": 0.7589135615000001,
      "stddev": 0.012769864667230454,
      "median": 0.759175774,
      "user": 0.994518,
      "system": 0.16642909999999997,
      "min": 0.7357479960000001,
      "max": 0.775681194,
      "times": [
        0.744628045,
        0.7357479960000001,
        0.7534588520000001,
        0.775681194,
        0.7546083010000001,
        0.7618565270000001,
        0.757467247,
        0.760884301,
        0.7754816090000001,
        0.769321543
      ],
      "memory_usage_byte": [
        35213312,
        35213312,
        35213312,
        35213312,
        35213312,
        35213312,
        35213312,
        35213312,
        35213312,
        35213312
      ],
      "exit_codes": [
        1,
        1,
        1,
        1,
        1,
        1,
        1,
        1,
        1,
        1
      ]
    }
  ]
}
