{
  "results": [
    {
      "command": "markdownlint-cli2",
      "mean": 3.3759883575000003,
      "stddev": 0.1078476052465231,
      "median": 3.3423615455,
      "user": 5.389157833333333,
      "system": 0.3531521666666666,
      "min": 3.304103205,
      "max": 3.58398665,
      "times": [
        3.376219954,
        3.304144432,
        3.304103205,
        3.308503137,
        3.378972767,
        3.58398665
      ],
      "memory_usage_byte": [
        232636416,
        232636416,
        232636416,
        234790912,
        234790912,
        234790912
      ],
      "exit_codes": [
        1,
        1,
        1,
        1,
        1,
        1
      ]
    }
  ]
}
