{
  "results": [
    {
      "command": "markdownlint-cli2",
      "mean": 3.3861858629999997,
      "stddev": 0.17285772453840526,
      "median": 3.4425747855,
      "user": 5.674529,
      "system": 0.278191,
      "min": 3.130240978,
      "max": 3.579056821,
      "times": [
        3.130240978,
        3.223669936,
        3.4181352990000002,
        3.579056821,
        3.467014272,
        3.498997872
      ],
      "memory_usage_byte": [
        247197696,
        247197696,
        247197696,
        247197696,
        247197696,
        251969536
      ],
      "exit_codes": [
        1,
        1,
        1,
        1,
        1,
        1
      ]
    }
  ]
}
