{
  "results": [
    {
      "command": "mado",
      "mean": 0.0556685685,
      "stddev": 0.0036277387617846364,
      "median": 0.054700462500000005,
      "user": 0.08120409999999999,
      "system": 0.014036499999999999,
      "min": 0.053699845,
      "max": 0.065855588,
      "times": [
        0.054075807000000004,
        0.053699845,
        0.054546275000000005,
        0.053724995000000005,
        0.054932999,
        0.055532236000000006,
        0.05507912500000001,
        0.054854650000000005,
        0.054384165000000005,
        0.065855588
      ],
      "memory_usage_byte": [
        13586432,
        13586432,
        13586432,
        13709312,
        13709312,
        13709312,
        13709312,
        13709312,
        13709312,
        13709312
      ],
      "exit_codes": [
        1,
        1,
        1,
        1,
        1,
        1,
        1,
        1,
        1,
        1
      ]
    },
    {
      "command": "rumdl",
      "mean": 0.17421138280000004,
      "stddev": 0.007880072204939541,
      "median": 0.17439500900000002,
      "user": 0.5253101999999998,
      "system": 0.039355999999999995,
      "min": 0.164080269,
      "max": 0.18988749100000002,
      "times": [
        0.169030336,
        0.164080269,
        0.17943437,
        0.18035473000000002,
        0.17434191500000001,
        0.167965528,
        0.17444810300000002,
        0.17687175800000002,
        0.165699328,
        0.18988749100000002
      ],
      "memory_usage_byte": [
        32788480,
        32788480,
        32907264,
        33320960,
        33443840,
        33443840,
        33443840,
        33443840,
        33443840,
        33443840
      ],
      "exit_codes": [
        1,
        1,
        1,
        1,
        1,
        1,
        1,
        1,
        1,
        1
      ]
    },
    {
      "command": "panache",
      "mean": 0.39490160240000005,
      "stddev": 0.0374074705175183,
      "median": 0.38426139950000004,
      "user": 1.052595,
      "system": 0.0424039,
      "min": 0.371829522,
      "max": 0.49844962800000003,
      "times": [
        0.384620619,
        0.393798601,
        0.38543706,
        0.39955592,
        0.371829522,
        0.37257138100000003,
        0.49844962800000003,
        0.37606716300000004,
        0.38278395000000004,
        0.38390218000000004
      ],
      "memory_usage_byte": [
        33443840,
        33443840,
        33443840,
        33443840,
        33443840,
        33443840,
        33443840,
        33443840,
        33443840,
        33443840
      ],
      "exit_codes": [
        0,
        0,
        0,
        0,
        0,
        0,
        0,
        0,
        0,
        0
      ]
    },
    {
      "command": "mdsmith-parity",
      "mean": 0.07295528259999999,
      "stddev": 0.009184439817122825,
      "median": 0.0708097895,
      "user": 0.1368276,
      "system": 0.061766699999999994,
      "min": 0.06401132400000001,
      "max": 0.09165948800000001,
      "times": [
        0.068859407,
        0.07133420700000001,
        0.065113634,
        0.087212968,
        0.09165948800000001,
        0.06401132400000001,
        0.066993071,
        0.070379761,
        0.072749148,
        0.07123981800000001
      ],
      "memory_usage_byte": [
        40988672,
        40988672,
        40988672,
        40988672,
        40988672,
        40988672,
        40988672,
        40988672,
        40988672,
        40988672
      ],
      "exit_codes": [
        1,
        1,
        1,
        1,
        1,
        1,
        1,
        1,
        1,
        1
      ]
    },
    {
      "command": "mdsmith",
      "mean": 0.15476217679999998,
      "stddev": 0.006310228232481662,
      "median": 0.15330192250000002,
      "user": 0.3551914,
      "system": 0.07530210000000001,
      "min": 0.14630161,
      "max": 0.16405821,
      "times": [
        0.14732852300000002,
        0.151813932,
        0.152310033,
        0.151257959,
        0.14630161,
        0.154293812,
        0.15540440600000002,
        0.16405821,
        0.16249602900000001,
        0.162357254
      ],
      "memory_usage_byte": [
        54947840,
        56455168,
        56455168,
        56455168,
        56455168,
        56455168,
        56455168,
        56455168,
        56455168,
        56455168
      ],
      "exit_codes": [
        1,
        1,
        1,
        1,
        1,
        1,
        1,
        1,
        1,
        1
      ]
    }
  ]
}
