{
  "results": [
    {
      "command": "mado",
      "mean": 0.0751814944,
      "stddev": 0.008867404923410233,
      "median": 0.07191385050000001,
      "user": 0.11345849999999999,
      "system": 0.025628099999999997,
      "min": 0.069778607,
      "max": 0.099388,
      "times": [
        0.069778607,
        0.07115223400000001,
        0.070558039,
        0.07820175800000001,
        0.099388,
        0.07267546700000001,
        0.07395438600000001,
        0.07438871300000001,
        0.070775745,
        0.07094199500000001
      ],
      "memory_usage_byte": [
        12529664,
        12529664,
        12529664,
        13225984,
        13225984,
        13225984,
        13225984,
        13225984,
        13225984,
        13225984
      ],
      "exit_codes": [
        1,
        1,
        1,
        1,
        1,
        1,
        1,
        1,
        1,
        1
      ]
    },
    {
      "command": "rumdl",
      "mean": 0.27615735490000004,
      "stddev": 0.0077209268177899065,
      "median": 0.2749894795,
      "user": 0.7932854999999999,
      "system": 0.06456440000000001,
      "min": 0.265204457,
      "max": 0.288921514,
      "times": [
        0.270408872,
        0.269786532,
        0.28046423800000003,
        0.271643972,
        0.265204457,
        0.286314972,
        0.271278652,
        0.279215353,
        0.27833498700000003,
        0.288921514
      ],
      "memory_usage_byte": [
        35352576,
        35352576,
        35352576,
        35557376,
        35606528,
        35606528,
        35741696,
        35848192,
        35848192,
        36057088
      ],
      "exit_codes": [
        1,
        1,
        1,
        1,
        1,
        1,
        1,
        1,
        1,
        1
      ]
    },
    {
      "command": "panache",
      "mean": 0.44438740610000005,
      "stddev": 0.06989298991954768,
      "median": 0.396853507,
      "user": 1.3947292999999998,
      "system": 0.0783604,
      "min": 0.378915643,
      "max": 0.5308050320000001,
      "times": [
        0.382951042,
        0.378915643,
        0.39699779300000004,
        0.396709221,
        0.5305750490000001,
        0.5308050320000001,
        0.391699042,
        0.521064883,
        0.518361865,
        0.395794491
      ],
      "memory_usage_byte": [
        36057088,
        36057088,
        36057088,
        36057088,
        36057088,
        36057088,
        36057088,
        36057088,
        36057088,
        36057088
      ],
      "exit_codes": [
        0,
        0,
        0,
        0,
        0,
        0,
        0,
        0,
        0,
        0
      ]
    },
    {
      "command": "mdsmith-parity",
      "mean": 0.070377454,
      "stddev": 0.0036677961731501497,
      "median": 0.06876526050000001,
      "user": 0.15573830000000002,
      "system": 0.051075,
      "min": 0.067369384,
      "max": 0.07754735,
      "times": [
        0.072066846,
        0.067369384,
        0.076012098,
        0.067378557,
        0.069337912,
        0.068116598,
        0.068192609,
        0.07754735,
        0.067995914,
        0.06975727200000001
      ],
      "memory_usage_byte": [
        36057088,
        36057088,
        40665088,
        40665088,
        40665088,
        40665088,
        40665088,
        40665088,
        40665088,
        40665088
      ],
      "exit_codes": [
        1,
        1,
        1,
        1,
        1,
        1,
        1,
        1,
        1,
        1
      ]
    },
    {
      "command": "mdsmith",
      "mean": 0.2226097434,
      "stddev": 0.010683047421189727,
      "median": 0.22375537700000003,
      "user": 0.5272912,
      "system": 0.1241239,
      "min": 0.20651513200000002,
      "max": 0.23880832600000002,
      "times": [
        0.229312322,
        0.21820797300000003,
        0.23880832600000002,
        0.23272684700000001,
        0.22898483200000003,
        0.22840047500000002,
        0.215768602,
        0.21911027900000002,
        0.20826264600000002,
        0.20651513200000002
      ],
      "memory_usage_byte": [
        79073280,
        79073280,
        79073280,
        79073280,
        79073280,
        79073280,
        79073280,
        79073280,
        79073280,
        79073280
      ],
      "exit_codes": [
        1,
        1,
        1,
        1,
        1,
        1,
        1,
        1,
        1,
        1
      ]
    }
  ]
}
