{
  "results": [
    {
      "command": "markdownlint-cli2",
      "mean": 3.826646910333333,
      "stddev": 0.09027456802190527,
      "median": 3.834856994,
      "user": 6.3248500000000005,
      "system": 0.26488249999999997,
      "min": 3.7160090390000002,
      "max": 3.9264035880000003,
      "times": [
        3.9264035880000003,
        3.7160090390000002,
        3.736191051,
        3.9115637960000003,
        3.795950671,
        3.873763317
      ],
      "memory_usage_byte": [
        239026176,
        239026176,
        244899840,
        244899840,
        244899840,
        244899840
      ],
      "exit_codes": [
        1,
        1,
        1,
        1,
        1,
        1
      ]
    }
  ]
}
