{
  "results": [
    {
      "command": "mado",
      "mean": 0.043719071400000004,
      "stddev": 0.0012779202613015148,
      "median": 0.043436366500000004,
      "user": 0.0656291,
      "system": 0.012419399999999999,
      "min": 0.042310270000000004,
      "max": 0.046925964,
      "times": [
        0.046925964,
        0.043676007,
        0.044617241,
        0.043676428,
        0.043050207,
        0.04295053,
        0.042310270000000004,
        0.043276313000000004,
        0.043111334,
        0.043596420000000004
      ],
      "memory_usage_byte": [
        11907072,
        11907072,
        11907072,
        11907072,
        12128256,
        12128256,
        12128256,
        12128256,
        12128256,
        12136448
      ],
      "exit_codes": [
        1,
        1,
        1,
        1,
        1,
        1,
        1,
        1,
        1,
        1
      ]
    },
    {
      "command": "rumdl",
      "mean": 0.17014416150000003,
      "stddev": 0.004072079798568108,
      "median": 0.170110159,
      "user": 0.47936939999999995,
      "system": 0.0347333,
      "min": 0.16430670800000002,
      "max": 0.175529019,
      "times": [
        0.16430670800000002,
        0.16542030100000002,
        0.174265427,
        0.168046095,
        0.17193228400000002,
        0.168288034,
        0.166596728,
        0.173123613,
        0.175529019,
        0.173933406
      ],
      "memory_usage_byte": [
        34623488,
        34623488,
        35090432,
        35090432,
        35090432,
        35090432,
        35090432,
        35090432,
        35090432,
        35090432
      ],
      "exit_codes": [
        1,
        1,
        1,
        1,
        1,
        1,
        1,
        1,
        1,
        1
      ]
    },
    {
      "command": "panache",
      "mean": 0.22920373080000003,
      "stddev": 0.006323654155285775,
      "median": 0.229711186,
      "user": 0.8035704999999999,
      "system": 0.04377310000000001,
      "min": 0.22081171900000002,
      "max": 0.24240820800000001,
      "times": [
        0.230331326,
        0.22276319400000003,
        0.229665624,
        0.233826208,
        0.229756748,
        0.23212114800000003,
        0.22299397,
        0.22081171900000002,
        0.24240820800000001,
        0.227359163
      ],
      "memory_usage_byte": [
        35090432,
        35090432,
        35090432,
        35090432,
        35090432,
        35090432,
        35090432,
        35090432,
        35090432,
        35090432
      ],
      "exit_codes": [
        0,
        0,
        0,
        0,
        0,
        0,
        0,
        0,
        0,
        0
      ]
    },
    {
      "command": "mdsmith",
      "mean": 0.8214732833000001,
      "stddev": 0.007561618800374749,
      "median": 0.8223263300000001,
      "user": 1.0689967,
      "system": 0.18419349999999998,
      "min": 0.807414069,
      "max": 0.833305433,
      "times": [
        0.833305433,
        0.8175657350000001,
        0.8177279810000001,
        0.828937005,
        0.823706692,
        0.8228486110000001,
        0.814239041,
        0.807414069,
        0.821804049,
        0.827184217
      ],
      "memory_usage_byte": [
        35090432,
        35090432,
        35090432,
        35090432,
        35090432,
        35090432,
        35090432,
        35090432,
        35090432,
        35090432
      ],
      "exit_codes": [
        1,
        1,
        1,
        1,
        1,
        1,
        1,
        1,
        1,
        1
      ]
    }
  ]
}
