{
  "results": [
    {
      "command": "markdownlint-cli2",
      "mean": 3.235381412,
      "stddev": 0.13382758280267404,
      "median": 3.241369076,
      "user": 4.842928666666666,
      "system": 0.3242366666666667,
      "min": 3.054236228,
      "max": 3.427622731,
      "times": [
        3.427622731,
        3.054236228,
        3.285015847,
        3.135440716,
        3.3122506449999998,
        3.197722305
      ],
      "memory_usage_byte": [
        402018304,
        402018304,
        402018304,
        402018304,
        402018304,
        402018304
      ],
      "exit_codes": [
        1,
        1,
        1,
        1,
        1,
        1
      ]
    }
  ]
}
