{
  "results": [
    {
      "command": "mado",
      "mean": 0.055953446500000004,
      "stddev": 0.001597106726298894,
      "median": 0.055437726500000006,
      "user": 0.0854655,
      "system": 0.018615299999999998,
      "min": 0.055013753000000006,
      "max": 0.060349160000000006,
      "times": [
        0.055013753000000006,
        0.055723013,
        0.056298452000000006,
        0.055135415,
        0.055342975,
        0.055532478,
        0.055117548,
        0.060349160000000006,
        0.055878054,
        0.055143617000000006
      ],
      "memory_usage_byte": [
        28921856,
        28921856,
        28921856,
        28921856,
        28987392,
        31125504,
        31125504,
        31125504,
        31125504,
        31125504
      ],
      "exit_codes": [
        1,
        1,
        1,
        1,
        1,
        1,
        1,
        1,
        1,
        1
      ]
    },
    {
      "command": "rumdl",
      "mean": 0.2815135931,
      "stddev": 0.010015811090186257,
      "median": 0.2817384115,
      "user": 0.8184738999999999,
      "system": 0.0687704,
      "min": 0.26754273100000003,
      "max": 0.293117137,
      "times": [
        0.29102861900000004,
        0.26754273100000003,
        0.27272302600000004,
        0.293117137,
        0.273550992,
        0.270125326,
        0.29218090900000004,
        0.291390368,
        0.28231815200000004,
        0.281158671
      ],
      "memory_usage_byte": [
        52396032,
        52396032,
        52396032,
        52396032,
        52396032,
        52396032,
        52396032,
        52396032,
        52396032,
        52396032
      ],
      "exit_codes": [
        1,
        1,
        1,
        1,
        1,
        1,
        1,
        1,
        1,
        1
      ]
    },
    {
      "command": "panache",
      "mean": 0.5360143499000001,
      "stddev": 0.0505032095946281,
      "median": 0.5110796510000001,
      "user": 1.8099695999999998,
      "system": 0.1359988,
      "min": 0.505625395,
      "max": 0.6360329020000001,
      "times": [
        0.6360329020000001,
        0.623986469,
        0.5376672330000001,
        0.506329527,
        0.5135619290000001,
        0.505625395,
        0.5085973730000001,
        0.5138735640000001,
        0.506142718,
        0.508326389
      ],
      "memory_usage_byte": [
        52396032,
        52396032,
        52396032,
        52396032,
        52396032,
        52396032,
        52396032,
        52396032,
        52396032,
        52396032
      ],
      "exit_codes": [
        0,
        0,
        0,
        0,
        0,
        0,
        0,
        0,
        0,
        0
      ]
    },
    {
      "command": "mdsmith-parity",
      "mean": 0.15820112520000001,
      "stddev": 0.0024456581056049305,
      "median": 0.15798699050000004,
      "user": 0.45831420000000006,
      "system": 0.06405659999999999,
      "min": 0.15446622200000001,
      "max": 0.16122412500000002,
      "times": [
        0.15446622200000001,
        0.16063722900000002,
        0.159658026,
        0.15808433600000002,
        0.156590585,
        0.16094322500000002,
        0.16122412500000002,
        0.154690787,
        0.15788964500000002,
        0.157827072
      ],
      "memory_usage_byte": [
        52396032,
        52396032,
        52396032,
        52396032,
        52396032,
        52396032,
        52396032,
        52396032,
        52396032,
        52396032
      ],
      "exit_codes": [
        1,
        1,
        1,
        1,
        1,
        1,
        1,
        1,
        1,
        1
      ]
    },
    {
      "command": "mdsmith",
      "mean": 0.5411240527000001,
      "stddev": 0.006162836972315463,
      "median": 0.5403736395000001,
      "user": 1.2267435,
      "system": 0.573592,
      "min": 0.530133037,
      "max": 0.552242663,
      "times": [
        0.539622453,
        0.536393703,
        0.541124826,
        0.5420695160000001,
        0.530133037,
        0.552242663,
        0.548666184,
        0.5387459450000001,
        0.543281545,
        0.538960655
      ],
      "memory_usage_byte": [
        52396032,
        52396032,
        52396032,
        52396032,
        52396032,
        52396032,
        52396032,
        52396032,
        52396032,
        52396032
      ],
      "exit_codes": [
        1,
        1,
        1,
        1,
        1,
        1,
        1,
        1,
        1,
        1
      ]
    }
  ]
}
