{
  "results": [
    {
      "command": "mado",
      "mean": 0.0465180406,
      "stddev": 0.0027267774007179325,
      "median": 0.044972947,
      "user": 0.0703933,
      "system": 0.016883500000000003,
      "min": 0.044180252,
      "max": 0.051589742,
      "times": [
        0.044373763000000004,
        0.044563698000000006,
        0.044740618,
        0.044180252,
        0.044292672000000005,
        0.045205276,
        0.049906370000000005,
        0.051589742,
        0.048702062000000004,
        0.047625953000000006
      ],
      "memory_usage_byte": [
        29831168,
        29831168,
        29831168,
        29831168,
        29831168,
        29831168,
        29831168,
        29831168,
        29831168,
        29831168
      ],
      "exit_codes": [
        1,
        1,
        1,
        1,
        1,
        1,
        1,
        1,
        1,
        1
      ]
    },
    {
      "command": "rumdl",
      "mean": 0.22892443389999997,
      "stddev": 0.019453515464151715,
      "median": 0.22193789600000002,
      "user": 0.6634665,
      "system": 0.055059899999999995,
      "min": 0.21592323000000002,
      "max": 0.277571348,
      "times": [
        0.21820893600000002,
        0.21592323000000002,
        0.222815003,
        0.217727056,
        0.221060789,
        0.225944894,
        0.22497672800000001,
        0.277571348,
        0.24801440400000002,
        0.21700195100000003
      ],
      "memory_usage_byte": [
        51490816,
        51490816,
        51490816,
        51490816,
        51490816,
        51490816,
        51490816,
        51490816,
        51490816,
        51490816
      ],
      "exit_codes": [
        1,
        1,
        1,
        1,
        1,
        1,
        1,
        1,
        1,
        1
      ]
    },
    {
      "command": "panache",
      "mean": 0.4067254619000001,
      "stddev": 0.006294609896173718,
      "median": 0.4054760585,
      "user": 1.4589438000000001,
      "system": 0.10723339999999999,
      "min": 0.40282218000000003,
      "max": 0.42431259200000004,
      "times": [
        0.406606995,
        0.40423483600000004,
        0.405593764,
        0.40309829500000005,
        0.40551916400000004,
        0.40543295300000004,
        0.40282218000000003,
        0.40411295300000005,
        0.40552088700000005,
        0.42431259200000004
      ],
      "memory_usage_byte": [
        51490816,
        51490816,
        51490816,
        51490816,
        51490816,
        51490816,
        51490816,
        51490816,
        51490816,
        51490816
      ],
      "exit_codes": [
        0,
        0,
        0,
        0,
        0,
        0,
        0,
        0,
        0,
        0
      ]
    },
    {
      "command": "mdsmith-parity",
      "mean": 0.11311501520000003,
      "stddev": 0.0015953069893610368,
      "median": 0.11367143400000002,
      "user": 0.3275044,
      "system": 0.036875200000000004,
      "min": 0.11019891400000001,
      "max": 0.115035311,
      "times": [
        0.115035311,
        0.113773206,
        0.11374002300000001,
        0.114719394,
        0.111965702,
        0.11360284500000001,
        0.11019891400000001,
        0.11436655600000001,
        0.111128787,
        0.112619414
      ],
      "memory_usage_byte": [
        51490816,
        51490816,
        51490816,
        51490816,
        51490816,
        51490816,
        51490816,
        51490816,
        51490816,
        51490816
      ],
      "exit_codes": [
        1,
        1,
        1,
        1,
        1,
        1,
        1,
        1,
        1,
        1
      ]
    },
    {
      "command": "mdsmith",
      "mean": 0.5265432506000001,
      "stddev": 0.03014281642493942,
      "median": 0.5152008960000001,
      "user": 1.1856991000000001,
      "system": 0.4900206,
      "min": 0.49403983100000004,
      "max": 0.591476929,
      "times": [
        0.591476929,
        0.503348275,
        0.560385227,
        0.53023184,
        0.54022802,
        0.5124902370000001,
        0.5028303550000001,
        0.49403983100000004,
        0.516465426,
        0.513936366
      ],
      "memory_usage_byte": [
        51490816,
        51490816,
        51490816,
        51490816,
        51490816,
        51490816,
        51490816,
        51490816,
        51490816,
        51490816
      ],
      "exit_codes": [
        1,
        1,
        1,
        1,
        1,
        1,
        1,
        1,
        1,
        1
      ]
    }
  ]
}
