{
  "results": [
    {
      "command": "markdownlint-cli2",
      "mean": 4.2019515903333335,
      "stddev": 0.07634448721959047,
      "median": 4.1882222005,
      "user": 6.354710833333333,
      "system": 0.406873,
      "min": 4.129704274,
      "max": 4.334586821,
      "times": [
        4.334586821,
        4.129704274,
        4.165562968,
        4.210881433,
        4.138665091,
        4.232308955
      ],
      "memory_usage_byte": [
        383873024,
        383873024,
        383873024,
        383873024,
        389640192,
        393588736
      ],
      "exit_codes": [
        1,
        1,
        1,
        1,
        1,
        1
      ]
    }
  ]
}
