{
  "results": [
    {
      "command": "mado",
      "mean": 0.045227696799999995,
      "stddev": 0.0005550094802070801,
      "median": 0.045158879,
      "user": 0.07058269999999998,
      "system": 0.0091596,
      "min": 0.044437349,
      "max": 0.0465705,
      "times": [
        0.045302809,
        0.044835443,
        0.0465705,
        0.044980263,
        0.044437349,
        0.045067841000000004,
        0.045045782,
        0.045463095,
        0.045323969000000006,
        0.045249917
      ],
      "memory_usage_byte": [
        31657984,
        31657984,
        31657984,
        31657984,
        31657984,
        31657984,
        31657984,
        31657984,
        31657984,
        31657984
      ],
      "exit_codes": [
        1,
        1,
        1,
        1,
        1,
        1,
        1,
        1,
        1,
        1
      ]
    },
    {
      "command": "rumdl",
      "mean": 0.1956878485,
      "stddev": 0.0027141118173389447,
      "median": 0.19582811,
      "user": 0.6422956,
      "system": 0.035380199999999994,
      "min": 0.19002939000000002,
      "max": 0.199356534,
      "times": [
        0.19355686100000002,
        0.19588149100000002,
        0.199356534,
        0.19002939000000002,
        0.19576991400000002,
        0.198224233,
        0.195774729,
        0.193738703,
        0.19796884,
        0.19657779
      ],
      "memory_usage_byte": [
        51810304,
        51810304,
        51810304,
        51810304,
        51810304,
        51810304,
        51810304,
        51810304,
        51810304,
        51810304
      ],
      "exit_codes": [
        1,
        1,
        1,
        1,
        1,
        1,
        1,
        1,
        1,
        1
      ]
    },
    {
      "command": "panache",
      "mean": 0.5336940926,
      "stddev": 0.006691473713491118,
      "median": 0.5362547390000001,
      "user": 1.6185452999999999,
      "system": 0.0549036,
      "min": 0.521083653,
      "max": 0.53861181,
      "times": [
        0.537348146,
        0.535795542,
        0.521083653,
        0.537985103,
        0.5367139360000001,
        0.535235011,
        0.521272236,
        0.53861181,
        0.5353004250000001,
        0.537595064
      ],
      "memory_usage_byte": [
        51810304,
        51810304,
        51810304,
        51810304,
        51810304,
        51810304,
        51810304,
        51810304,
        51810304,
        51810304
      ],
      "exit_codes": [
        0,
        0,
        0,
        0,
        0,
        0,
        0,
        0,
        0,
        0
      ]
    },
    {
      "command": "mdsmith-parity",
      "mean": 0.1623552172,
      "stddev": 0.0025182460810448926,
      "median": 0.162940142,
      "user": 0.3972515,
      "system": 0.0441018,
      "min": 0.158123083,
      "max": 0.166201087,
      "times": [
        0.158123083,
        0.163565234,
        0.16324227100000002,
        0.166201087,
        0.16060110500000002,
        0.16153019300000002,
        0.16517299700000002,
        0.163009537,
        0.162870747,
        0.159235918
      ],
      "memory_usage_byte": [
        51810304,
        51810304,
        51810304,
        51810304,
        51810304,
        51810304,
        51810304,
        51810304,
        51810304,
        51810304
      ],
      "exit_codes": [
        1,
        1,
        1,
        1,
        1,
        1,
        1,
        1,
        1,
        1
      ]
    },
    {
      "command": "mdsmith",
      "mean": 0.2849704166,
      "stddev": 0.00514702040353939,
      "median": 0.283324742,
      "user": 0.7369285000000001,
      "system": 0.0762826,
      "min": 0.278571171,
      "max": 0.29183509900000004,
      "times": [
        0.280563505,
        0.284234474,
        0.28233577000000004,
        0.28241501,
        0.27966870600000004,
        0.278571171,
        0.29183509900000004,
        0.28721439400000004,
        0.29178244600000003,
        0.29108359100000003
      ],
      "memory_usage_byte": [
        56631296,
        56631296,
        56631296,
        56631296,
        56631296,
        56631296,
        56631296,
        56631296,
        56631296,
        56631296
      ],
      "exit_codes": [
        1,
        1,
        1,
        1,
        1,
        1,
        1,
        1,
        1,
        1
      ]
    }
  ]
}
