{
  "results": [
    {
      "command": "markdownlint-cli2",
      "mean": 2.4505187976666667,
      "stddev": 0.0793867437183423,
      "median": 2.470778952,
      "user": 3.6857718333333334,
      "system": 0.2544291666666667,
      "min": 2.336909398,
      "max": 2.548851263,
      "times": [
        2.468394595,
        2.375511319,
        2.4731633090000003,
        2.548851263,
        2.500282902,
        2.336909398
      ],
      "memory_usage_byte": [
        387387392,
        387387392,
        387387392,
        404135936,
        406921216,
        406921216
      ],
      "exit_codes": [
        1,
        1,
        1,
        1,
        1,
        1
      ]
    }
  ]
}
