{
  "results": [
    {
      "command": "mado",
      "mean": 0.0465533495,
      "stddev": 0.00187541190545883,
      "median": 0.046048279000000004,
      "user": 0.07252329999999998,
      "system": 0.0119061,
      "min": 0.044881498000000006,
      "max": 0.051444807,
      "times": [
        0.047770212000000006,
        0.046079931000000005,
        0.045869756000000005,
        0.051444807,
        0.046367644,
        0.045662350000000004,
        0.046044669,
        0.045360739000000004,
        0.046051889000000006,
        0.044881498000000006
      ],
      "memory_usage_byte": [
        29200384,
        29310976,
        29310976,
        29483008,
        29483008,
        29483008,
        29483008,
        31371264,
        31371264,
        31371264
      ],
      "exit_codes": [
        1,
        1,
        1,
        1,
        1,
        1,
        1,
        1,
        1,
        1
      ]
    },
    {
      "command": "rumdl",
      "mean": 0.2492581245,
      "stddev": 0.00829091227431853,
      "median": 0.24846262500000002,
      "user": 0.8152693,
      "system": 0.0403696,
      "min": 0.236723902,
      "max": 0.262791523,
      "times": [
        0.253442741,
        0.24337282600000001,
        0.24757489800000002,
        0.245209683,
        0.253762237,
        0.262791523,
        0.259795274,
        0.24935035200000003,
        0.236723902,
        0.240557809
      ],
      "memory_usage_byte": [
        51417088,
        51417088,
        51417088,
        51417088,
        51417088,
        51417088,
        53157888,
        53157888,
        53157888,
        53157888
      ],
      "exit_codes": [
        1,
        1,
        1,
        1,
        1,
        1,
        1,
        1,
        1,
        1
      ]
    },
    {
      "command": "panache",
      "mean": 0.47340741510000006,
      "stddev": 0.03406474313888476,
      "median": 0.46035640450000004,
      "user": 1.7021773,
      "system": 0.07684379999999999,
      "min": 0.45361296300000004,
      "max": 0.562052035,
      "times": [
        0.46238706500000004,
        0.455654053,
        0.45990452800000003,
        0.454812857,
        0.469905726,
        0.562052035,
        0.5001098110000001,
        0.46080828100000004,
        0.45361296300000004,
        0.454826832
      ],
      "memory_usage_byte": [
        53157888,
        53157888,
        53157888,
        53157888,
        53157888,
        53157888,
        53157888,
        53157888,
        53157888,
        53157888
      ],
      "exit_codes": [
        0,
        0,
        0,
        0,
        0,
        0,
        0,
        0,
        0,
        0
      ]
    },
    {
      "command": "mdsmith-parity",
      "mean": 0.1271152563,
      "stddev": 0.0014364221139090312,
      "median": 0.12750875700000003,
      "user": 0.39611379999999996,
      "system": 0.03629809999999999,
      "min": 0.12504536200000002,
      "max": 0.128913416,
      "times": [
        0.128398372,
        0.12735206400000001,
        0.128913416,
        0.127889137,
        0.12860595,
        0.125082395,
        0.126227744,
        0.12766545,
        0.125972673,
        0.12504536200000002
      ],
      "memory_usage_byte": [
        53157888,
        53157888,
        53157888,
        53157888,
        53157888,
        53157888,
        53157888,
        53157888,
        53157888,
        53157888
      ],
      "exit_codes": [
        1,
        1,
        1,
        1,
        1,
        1,
        1,
        1,
        1,
        1
      ]
    },
    {
      "command": "mdsmith",
      "mean": 0.41094104480000004,
      "stddev": 0.005602798910321406,
      "median": 0.4113801735,
      "user": 1.0820249,
      "system": 0.3577196,
      "min": 0.399299236,
      "max": 0.41805920700000004,
      "times": [
        0.41805920700000004,
        0.407166326,
        0.414375949,
        0.406532441,
        0.41022226700000003,
        0.399299236,
        0.41253808000000003,
        0.409894607,
        0.41669026600000003,
        0.41463206900000005
      ],
      "memory_usage_byte": [
        53157888,
        53157888,
        53157888,
        53157888,
        53157888,
        53157888,
        53157888,
        53157888,
        53157888,
        53157888
      ],
      "exit_codes": [
        1,
        1,
        1,
        1,
        1,
        1,
        1,
        1,
        1,
        1
      ]
    }
  ]
}
