{
  "results": [
    {
      "command": "mado",
      "mean": 0.0468339241,
      "stddev": 0.001947243314692648,
      "median": 0.046390509,
      "user": 0.07457059999999999,
      "system": 0.008049699999999998,
      "min": 0.045188512,
      "max": 0.052155431,
      "times": [
        0.046416498,
        0.046141168,
        0.046838343000000005,
        0.046810251000000004,
        0.046330175,
        0.046652644,
        0.046364520000000006,
        0.052155431,
        0.045188512,
        0.045441699
      ],
      "memory_usage_byte": [
        31563776,
        31563776,
        31862784,
        31862784,
        31862784,
        31862784,
        31936512,
        31936512,
        31936512,
        31936512
      ],
      "exit_codes": [
        1,
        1,
        1,
        1,
        1,
        1,
        1,
        1,
        1,
        1
      ]
    },
    {
      "command": "rumdl",
      "mean": 0.1975600362,
      "stddev": 0.004265034008496471,
      "median": 0.19527459800000002,
      "user": 0.6461471,
      "system": 0.0347805,
      "min": 0.19330385600000002,
      "max": 0.204663971,
      "times": [
        0.19456461400000002,
        0.204663971,
        0.20145701200000002,
        0.19385328300000002,
        0.194389633,
        0.194142048,
        0.19598458200000002,
        0.19330385600000002,
        0.20176359100000002,
        0.201477772
      ],
      "memory_usage_byte": [
        48259072,
        48259072,
        48259072,
        48259072,
        49401856,
        49401856,
        49516544,
        49516544,
        49516544,
        49516544
      ],
      "exit_codes": [
        1,
        1,
        1,
        1,
        1,
        1,
        1,
        1,
        1,
        1
      ]
    },
    {
      "command": "panache",
      "mean": 0.5384583768000001,
      "stddev": 0.013708603562452763,
      "median": 0.5404916535000001,
      "user": 1.6390211999999997,
      "system": 0.05262859999999999,
      "min": 0.5239205720000001,
      "max": 0.570151143,
      "times": [
        0.544370963,
        0.5427031370000001,
        0.540890065,
        0.541507669,
        0.5278832050000001,
        0.570151143,
        0.5285783150000001,
        0.524485457,
        0.5400932420000001,
        0.5239205720000001
      ],
      "memory_usage_byte": [
        49516544,
        49516544,
        49516544,
        49516544,
        49516544,
        49516544,
        49516544,
        49516544,
        49516544,
        49516544
      ],
      "exit_codes": [
        0,
        0,
        0,
        0,
        0,
        0,
        0,
        0,
        0,
        0
      ]
    },
    {
      "command": "mdsmith-parity",
      "mean": 0.16584186299999998,
      "stddev": 0.001695217082095195,
      "median": 0.16575188400000002,
      "user": 0.4038912,
      "system": 0.04531049999999999,
      "min": 0.163644116,
      "max": 0.16987506300000002,
      "times": [
        0.16631146200000002,
        0.16503272500000002,
        0.166476582,
        0.163644116,
        0.165052061,
        0.16987506300000002,
        0.165922384,
        0.16629026700000002,
        0.165581384,
        0.164232586
      ],
      "memory_usage_byte": [
        49516544,
        49516544,
        49516544,
        49516544,
        49516544,
        49516544,
        49516544,
        49516544,
        49516544,
        49516544
      ],
      "exit_codes": [
        1,
        1,
        1,
        1,
        1,
        1,
        1,
        1,
        1,
        1
      ]
    },
    {
      "command": "mdsmith",
      "mean": 0.28589809400000005,
      "stddev": 0.008218914513804836,
      "median": 0.284811868,
      "user": 0.7347252000000001,
      "system": 0.080117,
      "min": 0.27756901700000003,
      "max": 0.30727439900000003,
      "times": [
        0.286683026,
        0.30727439900000003,
        0.27756901700000003,
        0.28045821600000004,
        0.28069531600000003,
        0.28180029,
        0.284606611,
        0.287004751,
        0.28501712500000004,
        0.287872189
      ],
      "memory_usage_byte": [
        56434688,
        56745984,
        58011648,
        58011648,
        58011648,
        58011648,
        58011648,
        58011648,
        58011648,
        58011648
      ],
      "exit_codes": [
        1,
        1,
        1,
        1,
        1,
        1,
        1,
        1,
        1,
        1
      ]
    }
  ]
}
