{
  "results": [
    {
      "command": "markdownlint-cli2",
      "mean": 3.1936095823333335,
      "stddev": 0.05189448370721006,
      "median": 3.1864769555,
      "user": 4.857151666666667,
      "system": 0.2796265,
      "min": 3.146989054,
      "max": 3.26801421,
      "times": [
        3.146989054,
        3.26801421,
        3.224491657,
        3.14953936,
        3.223414551,
        3.149208662
      ],
      "memory_usage_byte": [
        383029248,
        383029248,
        384917504,
        384917504,
        384917504,
        384917504
      ],
      "exit_codes": [
        1,
        1,
        1,
        1,
        1,
        1
      ]
    }
  ]
}
