{
  "results": [
    {
      "command": "mado",
      "mean": 0.0491743967,
      "stddev": 0.0036039377269914104,
      "median": 0.04696285950000001,
      "user": 0.07631940000000001,
      "system": 0.0100534,
      "min": 0.046280341,
      "max": 0.05647884500000001,
      "times": [
        0.047133083000000006,
        0.046792636000000006,
        0.046326040000000006,
        0.051655218,
        0.046390738,
        0.05647884500000001,
        0.052354041000000004,
        0.046280341,
        0.051735404000000006,
        0.046597621000000006
      ],
      "memory_usage_byte": [
        35438592,
        35438592,
        35438592,
        35438592,
        35438592,
        35438592,
        35438592,
        35438592,
        35438592,
        35438592
      ],
      "exit_codes": [
        1,
        1,
        1,
        1,
        1,
        1,
        1,
        1,
        1,
        1
      ]
    },
    {
      "command": "rumdl",
      "mean": 0.19284184190000003,
      "stddev": 0.00377989260454143,
      "median": 0.191481367,
      "user": 0.6212351,
      "system": 0.0385538,
      "min": 0.188071381,
      "max": 0.19897304600000001,
      "times": [
        0.19847151600000001,
        0.190499259,
        0.19612383,
        0.19313734500000002,
        0.19230193,
        0.19066080400000002,
        0.19005701,
        0.19897304600000001,
        0.188071381,
        0.19012229800000002
      ],
      "memory_usage_byte": [
        51019776,
        51019776,
        51019776,
        51019776,
        51019776,
        51019776,
        51019776,
        51019776,
        51019776,
        51019776
      ],
      "exit_codes": [
        1,
        1,
        1,
        1,
        1,
        1,
        1,
        1,
        1,
        1
      ]
    },
    {
      "command": "panache",
      "mean": 0.5289140554,
      "stddev": 0.008131106551713225,
      "median": 0.5311924945,
      "user": 1.5966135,
      "system": 0.061903999999999994,
      "min": 0.5174285710000001,
      "max": 0.541192082,
      "times": [
        0.533286856,
        0.531966386,
        0.5348458850000001,
        0.541192082,
        0.5174285710000001,
        0.51941521,
        0.525511622,
        0.530418603,
        0.535930699,
        0.51914464
      ],
      "memory_usage_byte": [
        51019776,
        51019776,
        51019776,
        51019776,
        51019776,
        51019776,
        51019776,
        51019776,
        51019776,
        51019776
      ],
      "exit_codes": [
        0,
        0,
        0,
        0,
        0,
        0,
        0,
        0,
        0,
        0
      ]
    },
    {
      "command": "mdsmith-parity",
      "mean": 0.1344643679,
      "stddev": 0.0019550911021731284,
      "median": 0.133856494,
      "user": 0.27789149999999996,
      "system": 0.0427682,
      "min": 0.133098078,
      "max": 0.139735248,
      "times": [
        0.134025207,
        0.135369914,
        0.13347909900000002,
        0.134254278,
        0.133546412,
        0.13342198900000002,
        0.134025673,
        0.139735248,
        0.133687781,
        0.133098078
      ],
      "memory_usage_byte": [
        59527168,
        59527168,
        59527168,
        61939712,
        61939712,
        61939712,
        61939712,
        61939712,
        61939712,
        61939712
      ],
      "exit_codes": [
        1,
        1,
        1,
        1,
        1,
        1,
        1,
        1,
        1,
        1
      ]
    },
    {
      "command": "mdsmith",
      "mean": 0.24894077820000002,
      "stddev": 0.002260466079759115,
      "median": 0.2486188555,
      "user": 0.5715,
      "system": 0.08984479999999999,
      "min": 0.24567834300000002,
      "max": 0.25308525000000004,
      "times": [
        0.24852300000000002,
        0.25226839300000004,
        0.25308525000000004,
        0.24880362500000003,
        0.249591899,
        0.24567834300000002,
        0.248714711,
        0.24786893000000002,
        0.246823166,
        0.24805046500000003
      ],
      "memory_usage_byte": [
        82325504,
        82325504,
        82325504,
        82325504,
        82325504,
        82325504,
        82325504,
        82325504,
        82325504,
        82325504
      ],
      "exit_codes": [
        1,
        1,
        1,
        1,
        1,
        1,
        1,
        1,
        1,
        1
      ]
    }
  ]
}
