{
  "results": [
    {
      "command": "mado",
      "mean": 0.048580205900000006,
      "stddev": 0.004309540362937754,
      "median": 0.046680716500000004,
      "user": 0.0758744,
      "system": 0.009727,
      "min": 0.045594685,
      "max": 0.05944805500000001,
      "times": [
        0.047145051,
        0.05944805500000001,
        0.046029109000000006,
        0.046535042000000006,
        0.046209352,
        0.045981398,
        0.045594685,
        0.046826391,
        0.050852559000000006,
        0.051180417000000006
      ],
      "memory_usage_byte": [
        29782016,
        29847552,
        29847552,
        29847552,
        29847552,
        29847552,
        29847552,
        29847552,
        29847552,
        29847552
      ],
      "exit_codes": [
        1,
        1,
        1,
        1,
        1,
        1,
        1,
        1,
        1,
        1
      ]
    },
    {
      "command": "rumdl",
      "mean": 0.1927352243,
      "stddev": 0.003372248225935762,
      "median": 0.192400803,
      "user": 0.6199611999999999,
      "system": 0.03716319999999999,
      "min": 0.188508493,
      "max": 0.198078693,
      "times": [
        0.19214107200000002,
        0.19350903300000002,
        0.190519518,
        0.196765305,
        0.196246307,
        0.188508493,
        0.198078693,
        0.19266053400000002,
        0.189637669,
        0.18928561900000002
      ],
      "memory_usage_byte": [
        50229248,
        50229248,
        50229248,
        51507200,
        51507200,
        51507200,
        51507200,
        51507200,
        51544064,
        51544064
      ],
      "exit_codes": [
        1,
        1,
        1,
        1,
        1,
        1,
        1,
        1,
        1,
        1
      ]
    },
    {
      "command": "panache",
      "mean": 0.5306776995,
      "stddev": 0.009223839374882397,
      "median": 0.5315665860000001,
      "user": 1.5866200000000001,
      "system": 0.06434359999999999,
      "min": 0.5159439100000001,
      "max": 0.549936997,
      "times": [
        0.531456095,
        0.532740655,
        0.5159439100000001,
        0.518074601,
        0.531677077,
        0.5300340250000001,
        0.530548042,
        0.533066306,
        0.5332992870000001,
        0.549936997
      ],
      "memory_usage_byte": [
        51544064,
        51544064,
        51544064,
        51544064,
        51544064,
        51544064,
        51544064,
        51544064,
        51544064,
        51544064
      ],
      "exit_codes": [
        0,
        0,
        0,
        0,
        0,
        0,
        0,
        0,
        0,
        0
      ]
    },
    {
      "command": "mdsmith-parity",
      "mean": 0.1341901715,
      "stddev": 0.001919114794317786,
      "median": 0.13380158250000002,
      "user": 0.27746419999999994,
      "system": 0.0437439,
      "min": 0.133068017,
      "max": 0.13955023500000002,
      "times": [
        0.133821562,
        0.13385021600000002,
        0.13319703100000002,
        0.134145691,
        0.133781603,
        0.13955023500000002,
        0.13386678100000002,
        0.13353149,
        0.13308908900000002,
        0.133068017
      ],
      "memory_usage_byte": [
        59842560,
        60051456,
        60051456,
        60051456,
        60051456,
        60051456,
        60051456,
        60051456,
        60051456,
        60051456
      ],
      "exit_codes": [
        1,
        1,
        1,
        1,
        1,
        1,
        1,
        1,
        1,
        1
      ]
    },
    {
      "command": "mdsmith",
      "mean": 0.24513719860000002,
      "stddev": 0.0018804037142820158,
      "median": 0.245457476,
      "user": 0.5705902999999999,
      "system": 0.08302820000000001,
      "min": 0.241630049,
      "max": 0.247231729,
      "times": [
        0.241630049,
        0.24576682200000002,
        0.24251108700000001,
        0.247231729,
        0.24459117100000002,
        0.246969654,
        0.24514813000000002,
        0.24449959400000001,
        0.246488951,
        0.24653479900000003
      ],
      "memory_usage_byte": [
        84107264,
        84107264,
        84107264,
        84107264,
        84107264,
        84107264,
        84107264,
        84107264,
        84107264,
        84107264
      ],
      "exit_codes": [
        1,
        1,
        1,
        1,
        1,
        1,
        1,
        1,
        1,
        1
      ]
    }
  ]
}
