{
  "results": [
    {
      "command": "mado",
      "mean": 0.0476899313,
      "stddev": 0.004488188036882789,
      "median": 0.045352735500000005,
      "user": 0.07631199999999999,
      "system": 0.0086126,
      "min": 0.044970382,
      "max": 0.058884985,
      "times": [
        0.046026391,
        0.050423626000000006,
        0.045202900000000004,
        0.044970382,
        0.045210224,
        0.045039064000000004,
        0.058884985,
        0.050479871,
        0.045166623,
        0.045495247
      ],
      "memory_usage_byte": [
        29712384,
        31719424,
        31719424,
        31719424,
        31719424,
        31719424,
        31719424,
        31719424,
        31719424,
        31719424
      ],
      "exit_codes": [
        1,
        1,
        1,
        1,
        1,
        1,
        1,
        1,
        1,
        1
      ]
    },
    {
      "command": "rumdl",
      "mean": 0.1967171315,
      "stddev": 0.004031636384508604,
      "median": 0.1971107575,
      "user": 0.6438259,
      "system": 0.036055199999999996,
      "min": 0.192179234,
      "max": 0.202900628,
      "times": [
        0.197670385,
        0.197092544,
        0.192209963,
        0.202900628,
        0.192179234,
        0.193159728,
        0.192951649,
        0.199627475,
        0.19712897100000001,
        0.202250738
      ],
      "memory_usage_byte": [
        50642944,
        50642944,
        50642944,
        50864128,
        54120448,
        54120448,
        54120448,
        54120448,
        54120448,
        54120448
      ],
      "exit_codes": [
        1,
        1,
        1,
        1,
        1,
        1,
        1,
        1,
        1,
        1
      ]
    },
    {
      "command": "panache",
      "mean": 0.5337066465000001,
      "stddev": 0.006980435064549978,
      "median": 0.5364500645000001,
      "user": 1.6250715999999996,
      "system": 0.0532363,
      "min": 0.5208547720000001,
      "max": 0.540619378,
      "times": [
        0.5208547720000001,
        0.5395450270000001,
        0.525129704,
        0.535151331,
        0.540619378,
        0.537348919,
        0.5262574520000001,
        0.5356762230000001,
        0.537223906,
        0.5392597530000001
      ],
      "memory_usage_byte": [
        54120448,
        54120448,
        54120448,
        54120448,
        54120448,
        54120448,
        54120448,
        54120448,
        54120448,
        54120448
      ],
      "exit_codes": [
        0,
        0,
        0,
        0,
        0,
        0,
        0,
        0,
        0,
        0
      ]
    },
    {
      "command": "mdsmith-parity",
      "mean": 0.1635034587,
      "stddev": 0.0035443974164689838,
      "median": 0.163122486,
      "user": 0.39853940000000004,
      "system": 0.0434496,
      "min": 0.15886635000000002,
      "max": 0.17212602800000001,
      "times": [
        0.15886635000000002,
        0.16343485100000002,
        0.16181809500000002,
        0.16431467800000002,
        0.162810121,
        0.16127891600000002,
        0.16511871,
        0.161191583,
        0.17212602800000001,
        0.164075255
      ],
      "memory_usage_byte": [
        54120448,
        54120448,
        54120448,
        54120448,
        54120448,
        54120448,
        54120448,
        54120448,
        54120448,
        54120448
      ],
      "exit_codes": [
        1,
        1,
        1,
        1,
        1,
        1,
        1,
        1,
        1,
        1
      ]
    },
    {
      "command": "mdsmith",
      "mean": 0.282670586,
      "stddev": 0.002549722425818672,
      "median": 0.282217803,
      "user": 0.7369912000000001,
      "system": 0.0738742,
      "min": 0.279903418,
      "max": 0.288068623,
      "times": [
        0.281369192,
        0.280143387,
        0.282707965,
        0.282142848,
        0.28229275800000003,
        0.285200648,
        0.28060796600000004,
        0.284269055,
        0.288068623,
        0.279903418
      ],
      "memory_usage_byte": [
        56893440,
        56893440,
        56893440,
        56893440,
        56893440,
        56893440,
        56893440,
        56893440,
        56893440,
        59166720
      ],
      "exit_codes": [
        1,
        1,
        1,
        1,
        1,
        1,
        1,
        1,
        1,
        1
      ]
    }
  ]
}
