{
  "results": [
    {
      "command": "markdownlint-cli2",
      "mean": 4.03475241,
      "stddev": 0.05813628745657697,
      "median": 4.039199419,
      "user": 6.1224704999999995,
      "system": 0.41271216666666666,
      "min": 3.95016655,
      "max": 4.095955898,
      "times": [
        3.95016655,
        4.010023677,
        4.087557256,
        3.996435918,
        4.068375161,
        4.095955898
      ],
      "memory_usage_byte": [
        383967232,
        383967232,
        383967232,
        388743168,
        388743168,
        397099008
      ],
      "exit_codes": [
        1,
        1,
        1,
        1,
        1,
        1
      ]
    }
  ]
}
