{
  "results": [
    {
      "command": "markdownlint-cli2",
      "mean": 3.0660857005,
      "stddev": 0.02982156780532852,
      "median": 3.067755416,
      "user": 4.5599039999999995,
      "system": 0.2543493333333333,
      "min": 3.027884822,
      "max": 3.103805158,
      "times": [
        3.071983622,
        3.092217079,
        3.027884822,
        3.06352721,
        3.103805158,
        3.037096312
      ],
      "memory_usage_byte": [
        385863680,
        385863680,
        385863680,
        385863680,
        385863680,
        385863680
      ],
      "exit_codes": [
        1,
        1,
        1,
        1,
        1,
        1
      ]
    }
  ]
}
