{
  "results": [
    {
      "command": "mado",
      "mean": 0.0465526998,
      "stddev": 0.0014190839124300352,
      "median": 0.045889858000000006,
      "user": 0.0731507,
      "system": 0.0089987,
      "min": 0.045311869000000005,
      "max": 0.049095937000000006,
      "times": [
        0.045704189000000006,
        0.046846466,
        0.04600962,
        0.049095937000000006,
        0.045745039,
        0.045311869000000005,
        0.046560954,
        0.049085562000000006,
        0.045397266000000006,
        0.045770096
      ],
      "memory_usage_byte": [
        29573120,
        29573120,
        29573120,
        29573120,
        30875648,
        30875648,
        30875648,
        30875648,
        30875648,
        30875648
      ],
      "exit_codes": [
        1,
        1,
        1,
        1,
        1,
        1,
        1,
        1,
        1,
        1
      ]
    },
    {
      "command": "rumdl",
      "mean": 0.19147359890000004,
      "stddev": 0.0031666132636353674,
      "median": 0.19046935050000002,
      "user": 0.6175061000000001,
      "system": 0.0392439,
      "min": 0.18739851200000002,
      "max": 0.197482863,
      "times": [
        0.18967888800000002,
        0.194407411,
        0.19450118000000002,
        0.19237632200000002,
        0.18739851200000002,
        0.197482863,
        0.18964481800000002,
        0.191259813,
        0.189102608,
        0.188883574
      ],
      "memory_usage_byte": [
        50429952,
        50429952,
        51671040,
        51671040,
        51671040,
        51671040,
        52895744,
        52895744,
        52895744,
        52895744
      ],
      "exit_codes": [
        1,
        1,
        1,
        1,
        1,
        1,
        1,
        1,
        1,
        1
      ]
    },
    {
      "command": "panache",
      "mean": 0.5348142128,
      "stddev": 0.017122851724872833,
      "median": 0.5456141815,
      "user": 1.5724364,
      "system": 0.06277659999999999,
      "min": 0.512214542,
      "max": 0.5520870640000001,
      "times": [
        0.5473999860000001,
        0.546142318,
        0.51439493,
        0.5498176960000001,
        0.512214542,
        0.547083985,
        0.515074895,
        0.5520870640000001,
        0.545086045,
        0.518840667
      ],
      "memory_usage_byte": [
        52895744,
        52895744,
        52895744,
        52895744,
        52895744,
        52895744,
        52895744,
        52895744,
        52895744,
        52895744
      ],
      "exit_codes": [
        0,
        0,
        0,
        0,
        0,
        0,
        0,
        0,
        0,
        0
      ]
    },
    {
      "command": "mdsmith-parity",
      "mean": 0.20139780820000003,
      "stddev": 0.006092713136547041,
      "median": 0.1991523705,
      "user": 0.5089771000000001,
      "system": 0.05992010000000001,
      "min": 0.195030598,
      "max": 0.215202407,
      "times": [
        0.197230487,
        0.20481379600000002,
        0.215202407,
        0.197655945,
        0.20365881000000002,
        0.195030598,
        0.196472798,
        0.19797695,
        0.2056085,
        0.200327791
      ],
      "memory_usage_byte": [
        52895744,
        52895744,
        52895744,
        52895744,
        52895744,
        52895744,
        52895744,
        52895744,
        52895744,
        52895744
      ],
      "exit_codes": [
        1,
        1,
        1,
        1,
        1,
        1,
        1,
        1,
        1,
        1
      ]
    },
    {
      "command": "mdsmith",
      "mean": 0.33716000110000005,
      "stddev": 0.0034046509854545356,
      "median": 0.33650652150000004,
      "user": 0.9129847999999999,
      "system": 0.09832859999999999,
      "min": 0.332544757,
      "max": 0.34456791200000003,
      "times": [
        0.33362298900000004,
        0.34456791200000003,
        0.332544757,
        0.34014305,
        0.337875268,
        0.33593779700000004,
        0.33821794400000005,
        0.33703610900000003,
        0.335976934,
        0.335677251
      ],
      "memory_usage_byte": [
        54484992,
        54882304,
        54882304,
        54882304,
        54882304,
        54882304,
        54882304,
        54882304,
        54882304,
        54882304
      ],
      "exit_codes": [
        1,
        1,
        1,
        1,
        1,
        1,
        1,
        1,
        1,
        1
      ]
    }
  ]
}
