{
  "results": [
    {
      "command": "markdownlint-cli2",
      "mean": 4.302808195166667,
      "stddev": 0.09013071901834269,
      "median": 4.2787711815,
      "user": 6.484478999999999,
      "system": 0.40636916666666667,
      "min": 4.206410909,
      "max": 4.470245323,
      "times": [
        4.470245323,
        4.265662457,
        4.206410909,
        4.318958206,
        4.26369237,
        4.291879906
      ],
      "memory_usage_byte": [
        404684800,
        404684800,
        404684800,
        404684800,
        404684800,
        404684800
      ],
      "exit_codes": [
        1,
        1,
        1,
        1,
        1,
        1
      ]
    }
  ]
}
