{
  "results": [
    {
      "command": "markdownlint-cli2",
      "mean": 3.085863326166667,
      "stddev": 0.07270749010149703,
      "median": 3.0706863745,
      "user": 4.535184999999999,
      "system": 0.30940116666666667,
      "min": 3.007049314,
      "max": 3.211945992,
      "times": [
        3.08326081,
        3.118657869,
        3.036154033,
        3.211945992,
        3.058111939,
        3.007049314
      ],
      "memory_usage_byte": [
        372465664,
        372465664,
        372465664,
        372465664,
        384180224,
        384180224
      ],
      "exit_codes": [
        1,
        1,
        1,
        1,
        1,
        1
      ]
    }
  ]
}
