{
  "results": [
    {
      "command": "mado",
      "mean": 0.045557870900000005,
      "stddev": 0.00023929815087758857,
      "median": 0.0455517215,
      "user": 0.07165749999999999,
      "system": 0.008552500000000001,
      "min": 0.045228951,
      "max": 0.045885508000000005,
      "times": [
        0.045292317000000006,
        0.045373931000000006,
        0.045780708,
        0.045592343,
        0.045885508000000005,
        0.045804004,
        0.045757228000000004,
        0.045352619000000004,
        0.045511100000000006,
        0.045228951
      ],
      "memory_usage_byte": [
        31043584,
        31043584,
        31043584,
        31043584,
        31043584,
        31043584,
        31043584,
        31043584,
        31043584,
        31043584
      ],
      "exit_codes": [
        1,
        1,
        1,
        1,
        1,
        1,
        1,
        1,
        1,
        1
      ]
    },
    {
      "command": "rumdl",
      "mean": 0.18951862009999998,
      "stddev": 0.002158327058407015,
      "median": 0.18960980900000002,
      "user": 0.6212437,
      "system": 0.037872399999999994,
      "min": 0.185961182,
      "max": 0.19418277,
      "times": [
        0.19066529200000001,
        0.189895853,
        0.18854389200000002,
        0.190470516,
        0.185961182,
        0.19418277,
        0.18992664,
        0.189323765,
        0.188205699,
        0.188010592
      ],
      "memory_usage_byte": [
        51437568,
        51437568,
        51499008,
        51499008,
        51499008,
        51499008,
        51499008,
        51499008,
        51499008,
        51499008
      ],
      "exit_codes": [
        1,
        1,
        1,
        1,
        1,
        1,
        1,
        1,
        1,
        1
      ]
    },
    {
      "command": "panache",
      "mean": 0.5478910897,
      "stddev": 0.015261941299715349,
      "median": 0.5468302055,
      "user": 1.5671191,
      "system": 0.06176879999999999,
      "min": 0.5142345580000001,
      "max": 0.5699022810000001,
      "times": [
        0.547567329,
        0.544920403,
        0.5460930820000001,
        0.567609706,
        0.5699022810000001,
        0.5142345580000001,
        0.548608164,
        0.5431356380000001,
        0.553635844,
        0.5432038920000001
      ],
      "memory_usage_byte": [
        51499008,
        51499008,
        51499008,
        51499008,
        51499008,
        51499008,
        51499008,
        51499008,
        51499008,
        51499008
      ],
      "exit_codes": [
        0,
        0,
        0,
        0,
        0,
        0,
        0,
        0,
        0,
        0
      ]
    },
    {
      "command": "mdsmith-parity",
      "mean": 0.165361828,
      "stddev": 0.010340332369990048,
      "median": 0.16314991100000004,
      "user": 0.37994069999999996,
      "system": 0.057668,
      "min": 0.158177895,
      "max": 0.194202267,
      "times": [
        0.163878788,
        0.194202267,
        0.16263116400000002,
        0.158177895,
        0.16230584,
        0.15896247600000002,
        0.161876148,
        0.164043557,
        0.16366865800000002,
        0.163871487
      ],
      "memory_usage_byte": [
        51499008,
        51499008,
        51499008,
        51499008,
        51499008,
        51499008,
        51499008,
        51499008,
        51499008,
        51499008
      ],
      "exit_codes": [
        1,
        1,
        1,
        1,
        1,
        1,
        1,
        1,
        1,
        1
      ]
    },
    {
      "command": "mdsmith",
      "mean": 0.2786664881,
      "stddev": 0.003766951549933229,
      "median": 0.2781015695,
      "user": 0.7035412,
      "system": 0.0916293,
      "min": 0.274698963,
      "max": 0.28822099700000003,
      "times": [
        0.275980997,
        0.280693528,
        0.28822099700000003,
        0.27837985800000004,
        0.276411781,
        0.27688201500000004,
        0.274698963,
        0.277886691,
        0.279193603,
        0.278316448
      ],
      "memory_usage_byte": [
        54624256,
        56770560,
        56770560,
        56770560,
        56770560,
        56770560,
        56770560,
        56770560,
        56770560,
        56770560
      ],
      "exit_codes": [
        1,
        1,
        1,
        1,
        1,
        1,
        1,
        1,
        1,
        1
      ]
    }
  ]
}
