{
  "results": [
    {
      "command": "mado",
      "mean": 0.07022950130000001,
      "stddev": 0.00327891847651024,
      "median": 0.0686699675,
      "user": 0.1122666,
      "system": 0.021300500000000003,
      "min": 0.06754926800000001,
      "max": 0.076690518,
      "times": [
        0.068837807,
        0.07399133100000001,
        0.068002991,
        0.076690518,
        0.06805117100000001,
        0.06754926800000001,
        0.068647951,
        0.06806688100000001,
        0.07376511100000001,
        0.068691984
      ],
      "memory_usage_byte": [
        29675520,
        29720576,
        29720576,
        29720576,
        29720576,
        29720576,
        29720576,
        29720576,
        29720576,
        29761536
      ],
      "exit_codes": [
        1,
        1,
        1,
        1,
        1,
        1,
        1,
        1,
        1,
        1
      ]
    },
    {
      "command": "rumdl",
      "mean": 0.34885514970000003,
      "stddev": 0.005025599123068413,
      "median": 0.35040635200000003,
      "user": 1.0797231999999999,
      "system": 0.07358799999999999,
      "min": 0.342662093,
      "max": 0.3550163,
      "times": [
        0.352683332,
        0.342662093,
        0.342821293,
        0.3550163,
        0.353324052,
        0.352517109,
        0.348295595,
        0.343065701,
        0.345044571,
        0.35312145100000003
      ],
      "memory_usage_byte": [
        52240384,
        52240384,
        52240384,
        52240384,
        52256768,
        52498432,
        52498432,
        52899840,
        52899840,
        52899840
      ],
      "exit_codes": [
        1,
        1,
        1,
        1,
        1,
        1,
        1,
        1,
        1,
        1
      ]
    },
    {
      "command": "panache",
      "mean": 0.7030111636,
      "stddev": 0.07864170232850577,
      "median": 0.6455760260000001,
      "user": 2.2991532,
      "system": 0.1423955,
      "min": 0.6403643840000001,
      "max": 0.819343916,
      "times": [
        0.6406898470000001,
        0.6481418290000001,
        0.7940130110000001,
        0.64300857,
        0.79581234,
        0.819343916,
        0.7629232090000001,
        0.6403643840000001,
        0.643010223,
        0.642804307
      ],
      "memory_usage_byte": [
        52899840,
        52899840,
        52899840,
        52899840,
        52899840,
        52899840,
        52899840,
        52899840,
        52899840,
        52899840
      ],
      "exit_codes": [
        0,
        0,
        0,
        0,
        0,
        0,
        0,
        0,
        0,
        0
      ]
    },
    {
      "command": "gomarklint",
      "mean": 0.06908404539999999,
      "stddev": 0.00950824709485141,
      "median": 0.07185006,
      "user": 0.13966269999999997,
      "system": 0.027459599999999994,
      "min": 0.054315899,
      "max": 0.07970094000000001,
      "times": [
        0.054315899,
        0.079264026,
        0.06907310200000001,
        0.057510628,
        0.07970094000000001,
        0.057006092,
        0.073846296,
        0.073792363,
        0.069907757,
        0.076423351
      ],
      "memory_usage_byte": [
        52899840,
        52899840,
        52899840,
        52899840,
        52899840,
        52899840,
        52899840,
        52899840,
        52899840,
        52899840
      ],
      "exit_codes": [
        1,
        1,
        1,
        1,
        1,
        1,
        1,
        1,
        1,
        1
      ]
    },
    {
      "command": "mdsmith-parity",
      "mean": 0.0910940132,
      "stddev": 0.004535747953317411,
      "median": 0.091885415,
      "user": 0.2040598,
      "system": 0.0333158,
      "min": 0.082127132,
      "max": 0.09774384100000001,
      "times": [
        0.088404489,
        0.092885146,
        0.09177558400000001,
        0.091333985,
        0.094804487,
        0.091995246,
        0.09395395100000001,
        0.085916271,
        0.082127132,
        0.09774384100000001
      ],
      "memory_usage_byte": [
        52899840,
        52899840,
        52899840,
        52899840,
        52899840,
        52899840,
        52899840,
        52899840,
        52899840,
        52899840
      ],
      "exit_codes": [
        1,
        1,
        1,
        1,
        1,
        1,
        1,
        1,
        1,
        1
      ]
    },
    {
      "command": "mdsmith",
      "mean": 0.202694799,
      "stddev": 0.0062811084777688745,
      "median": 0.201239703,
      "user": 0.5457485,
      "system": 0.07415809999999998,
      "min": 0.19371859700000002,
      "max": 0.211892973,
      "times": [
        0.199955866,
        0.202339297,
        0.196393001,
        0.20848076000000001,
        0.19807163,
        0.19371859700000002,
        0.200140109,
        0.20441752900000001,
        0.21153822800000002,
        0.211892973
      ],
      "memory_usage_byte": [
        54562816,
        54562816,
        54562816,
        54562816,
        54562816,
        54562816,
        54562816,
        54562816,
        54562816,
        54562816
      ],
      "exit_codes": [
        1,
        1,
        1,
        1,
        1,
        1,
        1,
        1,
        1,
        1
      ]
    }
  ]
}
