{
  "results": [
    {
      "command": "markdownlint-cli2",
      "mean": 3.9870700269999997,
      "stddev": 0.03782042375460119,
      "median": 3.9765631235,
      "user": 6.044305166666667,
      "system": 0.30927066666666664,
      "min": 3.945861763,
      "max": 4.048503353,
      "times": [
        4.048503353,
        3.945861763,
        3.964148452,
        3.9889777950000003,
        3.963481088,
        4.011447711
      ],
      "memory_usage_byte": [
        374751232,
        374751232,
        374751232,
        378400768,
        378400768,
        380928000
      ],
      "exit_codes": [
        1,
        1,
        1,
        1,
        1,
        1
      ]
    }
  ]
}
