{
  "results": [
    {
      "command": "mado",
      "mean": 0.045665660399999995,
      "stddev": 0.0023974702055170652,
      "median": 0.044577205,
      "user": 0.0710605,
      "system": 0.0082236,
      "min": 0.044121998,
      "max": 0.050523485,
      "times": [
        0.044483688,
        0.044670722,
        0.049832157,
        0.044478487000000004,
        0.04434735,
        0.044121998,
        0.050523485,
        0.044387338000000005,
        0.04508765,
        0.044723729000000004
      ],
      "memory_usage_byte": [
        31850496,
        31850496,
        31850496,
        31850496,
        31850496,
        31850496,
        31883264,
        31883264,
        31883264,
        31883264
      ],
      "exit_codes": [
        1,
        1,
        1,
        1,
        1,
        1,
        1,
        1,
        1,
        1
      ]
    },
    {
      "command": "rumdl",
      "mean": 0.20937804060000004,
      "stddev": 0.0023347971474318345,
      "median": 0.21019183600000002,
      "user": 0.7231175,
      "system": 0.026128799999999997,
      "min": 0.20602916200000002,
      "max": 0.212175618,
      "times": [
        0.21138093100000002,
        0.212175618,
        0.210743211,
        0.20602916200000002,
        0.210905161,
        0.209640461,
        0.206083073,
        0.20861558600000002,
        0.21135694000000002,
        0.206850263
      ],
      "memory_usage_byte": [
        49704960,
        49704960,
        49704960,
        53706752,
        53706752,
        53706752,
        53706752,
        53706752,
        53706752,
        53706752
      ],
      "exit_codes": [
        1,
        1,
        1,
        1,
        1,
        1,
        1,
        1,
        1,
        1
      ]
    },
    {
      "command": "panache",
      "mean": 0.5531468795000001,
      "stddev": 0.026053067481160215,
      "median": 0.5516120915,
      "user": 1.6888817,
      "system": 0.03742999999999999,
      "min": 0.527211471,
      "max": 0.6117491380000001,
      "times": [
        0.5615699940000001,
        0.527211471,
        0.528397762,
        0.537460394,
        0.551026522,
        0.557865398,
        0.574822222,
        0.6117491380000001,
        0.529168233,
        0.552197661
      ],
      "memory_usage_byte": [
        53706752,
        53706752,
        53706752,
        53706752,
        53706752,
        53706752,
        53706752,
        53706752,
        53706752,
        53706752
      ],
      "exit_codes": [
        0,
        0,
        0,
        0,
        0,
        0,
        0,
        0,
        0,
        0
      ]
    },
    {
      "command": "mdsmith-parity",
      "mean": 0.16409974230000002,
      "stddev": 0.00130816167736663,
      "median": 0.16419529400000002,
      "user": 0.47286399999999995,
      "system": 0.032664099999999995,
      "min": 0.16183070800000002,
      "max": 0.16631337100000002,
      "times": [
        0.16183070800000002,
        0.16407453900000002,
        0.16431604900000002,
        0.16444930100000002,
        0.163116212,
        0.16552608700000002,
        0.164825266,
        0.16631337100000002,
        0.16365237600000002,
        0.16289351400000002
      ],
      "memory_usage_byte": [
        53706752,
        53706752,
        53706752,
        53706752,
        53706752,
        53706752,
        53706752,
        53706752,
        53706752,
        53706752
      ],
      "exit_codes": [
        1,
        1,
        1,
        1,
        1,
        1,
        1,
        1,
        1,
        1
      ]
    },
    {
      "command": "mdsmith",
      "mean": 0.32446482719999997,
      "stddev": 0.001431992258657913,
      "median": 0.32465326250000004,
      "user": 0.9976752999999998,
      "system": 0.05789939999999999,
      "min": 0.32230822800000003,
      "max": 0.32615899200000004,
      "times": [
        0.32558876400000003,
        0.32394399,
        0.32233876100000003,
        0.323413921,
        0.32581326600000005,
        0.324942414,
        0.32230822800000003,
        0.324364111,
        0.32615899200000004,
        0.325775825
      ],
      "memory_usage_byte": [
        53944320,
        54444032,
        54444032,
        54444032,
        54444032,
        54444032,
        54444032,
        54444032,
        54444032,
        54444032
      ],
      "exit_codes": [
        1,
        1,
        1,
        1,
        1,
        1,
        1,
        1,
        1,
        1
      ]
    }
  ]
}
