{
  "results": [
    {
      "command": "mado",
      "mean": 0.0466681503,
      "stddev": 0.0010182929425735607,
      "median": 0.04636229900000001,
      "user": 0.0715335,
      "system": 0.0102433,
      "min": 0.045936026000000005,
      "max": 0.049492155,
      "times": [
        0.046750046,
        0.046258068000000006,
        0.046466530000000006,
        0.046553651,
        0.046531873,
        0.049492155,
        0.046218850000000006,
        0.046218719000000005,
        0.046255585,
        0.045936026000000005
      ],
      "memory_usage_byte": [
        29827072,
        29827072,
        29827072,
        29827072,
        29827072,
        29827072,
        29827072,
        29827072,
        31576064,
        31576064
      ],
      "exit_codes": [
        1,
        1,
        1,
        1,
        1,
        1,
        1,
        1,
        1,
        1
      ]
    },
    {
      "command": "rumdl",
      "mean": 0.19213681370000005,
      "stddev": 0.003371308464931681,
      "median": 0.19123779750000003,
      "user": 0.6154284,
      "system": 0.039122399999999995,
      "min": 0.18752701100000002,
      "max": 0.19769044400000002,
      "times": [
        0.197640158,
        0.19769044400000002,
        0.18944128000000002,
        0.18752701100000002,
        0.19125799300000002,
        0.190689401,
        0.19388021300000002,
        0.19121760200000001,
        0.19230886800000002,
        0.18971516700000002
      ],
      "memory_usage_byte": [
        50270208,
        50270208,
        50270208,
        54022144,
        54022144,
        54022144,
        54022144,
        54022144,
        54022144,
        54022144
      ],
      "exit_codes": [
        1,
        1,
        1,
        1,
        1,
        1,
        1,
        1,
        1,
        1
      ]
    },
    {
      "command": "panache",
      "mean": 0.5378882521000001,
      "stddev": 0.026713590953701363,
      "median": 0.5316976895000001,
      "user": 1.590494,
      "system": 0.06530739999999999,
      "min": 0.514381983,
      "max": 0.6096105540000001,
      "times": [
        0.516864834,
        0.531618551,
        0.514381983,
        0.5332022740000001,
        0.52996327,
        0.531776828,
        0.530950249,
        0.5346380040000001,
        0.545875974,
        0.6096105540000001
      ],
      "memory_usage_byte": [
        54022144,
        54022144,
        54022144,
        54022144,
        54022144,
        54022144,
        54022144,
        54022144,
        54022144,
        54022144
      ],
      "exit_codes": [
        0,
        0,
        0,
        0,
        0,
        0,
        0,
        0,
        0,
        0
      ]
    },
    {
      "command": "mdsmith-parity",
      "mean": 0.168290099,
      "stddev": 0.002147698820495089,
      "median": 0.16846555000000002,
      "user": 0.3731367,
      "system": 0.06116579999999999,
      "min": 0.164562185,
      "max": 0.171418289,
      "times": [
        0.16845194000000002,
        0.169770065,
        0.16847916000000002,
        0.16831620900000002,
        0.17020132600000001,
        0.171418289,
        0.16496028100000001,
        0.164562185,
        0.16772883000000002,
        0.169012705
      ],
      "memory_usage_byte": [
        54022144,
        54022144,
        54022144,
        54022144,
        54022144,
        54022144,
        54022144,
        54022144,
        54022144,
        54022144
      ],
      "exit_codes": [
        1,
        1,
        1,
        1,
        1,
        1,
        1,
        1,
        1,
        1
      ]
    },
    {
      "command": "mdsmith",
      "mean": 0.2891883453,
      "stddev": 0.0031905567425355584,
      "median": 0.28892614250000004,
      "user": 0.7024110999999998,
      "system": 0.1003141,
      "min": 0.28456527200000004,
      "max": 0.294209946,
      "times": [
        0.292070319,
        0.28456527200000004,
        0.294209946,
        0.286833722,
        0.29024689600000003,
        0.29263142000000003,
        0.285999281,
        0.28760538900000004,
        0.287230947,
        0.290490261
      ],
      "memory_usage_byte": [
        59297792,
        59297792,
        61251584,
        61251584,
        61251584,
        61251584,
        61251584,
        61251584,
        61251584,
        61251584
      ],
      "exit_codes": [
        1,
        1,
        1,
        1,
        1,
        1,
        1,
        1,
        1,
        1
      ]
    }
  ]
}
