{
  "results": [
    {
      "command": "mado",
      "mean": 0.0666623698,
      "stddev": 0.001800938603334619,
      "median": 0.0655009745,
      "user": 0.10428699999999999,
      "system": 0.019523099999999998,
      "min": 0.065008154,
      "max": 0.06949422000000001,
      "times": [
        0.06839144600000001,
        0.06556954100000001,
        0.065432408,
        0.065328756,
        0.06949422000000001,
        0.065008154,
        0.06504051100000001,
        0.068861117,
        0.06806776,
        0.065429785
      ],
      "memory_usage_byte": [
        29057024,
        29057024,
        31117312,
        31117312,
        31117312,
        31117312,
        31117312,
        31117312,
        31117312,
        31117312
      ],
      "exit_codes": [
        1,
        1,
        1,
        1,
        1,
        1,
        1,
        1,
        1,
        1
      ]
    },
    {
      "command": "rumdl",
      "mean": 0.3152083445,
      "stddev": 0.03743149447836106,
      "median": 0.30422796,
      "user": 0.8415917,
      "system": 0.07411540000000001,
      "min": 0.27663087000000003,
      "max": 0.360589569,
      "times": [
        0.360383567,
        0.354593702,
        0.34889419800000004,
        0.360589569,
        0.32043982200000004,
        0.27663087000000003,
        0.284029105,
        0.276890858,
        0.281615656,
        0.288016098
      ],
      "memory_usage_byte": [
        50413568,
        51388416,
        51388416,
        52600832,
        52600832,
        52600832,
        54054912,
        54054912,
        54054912,
        54054912
      ],
      "exit_codes": [
        1,
        1,
        1,
        1,
        1,
        1,
        1,
        1,
        1,
        1
      ]
    },
    {
      "command": "panache",
      "mean": 0.5355101029999999,
      "stddev": 0.035249554149445965,
      "median": 0.5240748875000001,
      "user": 1.870816,
      "system": 0.14475699999999997,
      "min": 0.521686435,
      "max": 0.635652027,
      "times": [
        0.523702495,
        0.5244472800000001,
        0.523676647,
        0.526425569,
        0.522795421,
        0.521686435,
        0.5264269610000001,
        0.528293782,
        0.521994413,
        0.635652027
      ],
      "memory_usage_byte": [
        54054912,
        54054912,
        54054912,
        54054912,
        54054912,
        54054912,
        54054912,
        54054912,
        54054912,
        54054912
      ],
      "exit_codes": [
        0,
        0,
        0,
        0,
        0,
        0,
        0,
        0,
        0,
        0
      ]
    },
    {
      "command": "mdsmith-parity",
      "mean": 0.10379567519999999,
      "stddev": 0.003489424546705461,
      "median": 0.10299571600000001,
      "user": 0.3016974,
      "system": 0.033236,
      "min": 0.10077983700000001,
      "max": 0.113345286,
      "times": [
        0.103093865,
        0.10077983700000001,
        0.10167632300000001,
        0.10400798700000001,
        0.10289756700000001,
        0.102871048,
        0.103440083,
        0.113345286,
        0.1022325,
        0.103612256
      ],
      "memory_usage_byte": [
        54054912,
        54054912,
        54054912,
        54054912,
        54054912,
        54054912,
        54054912,
        54054912,
        54054912,
        54054912
      ],
      "exit_codes": [
        1,
        1,
        1,
        1,
        1,
        1,
        1,
        1,
        1,
        1
      ]
    },
    {
      "command": "mdsmith",
      "mean": 0.4467510282,
      "stddev": 0.007529115500527765,
      "median": 0.44522449300000005,
      "user": 0.9585609999999999,
      "system": 0.5361681,
      "min": 0.438359296,
      "max": 0.46285644400000003,
      "times": [
        0.438359296,
        0.44670545800000006,
        0.46285644400000003,
        0.44674579600000003,
        0.44310249100000004,
        0.456254957,
        0.44212015000000005,
        0.44374352800000005,
        0.44761682500000005,
        0.44000533700000005
      ],
      "memory_usage_byte": [
        72069120,
        72069120,
        72069120,
        72069120,
        72069120,
        72069120,
        72069120,
        72069120,
        72069120,
        72069120
      ],
      "exit_codes": [
        1,
        1,
        1,
        1,
        1,
        1,
        1,
        1,
        1,
        1
      ]
    }
  ]
}
