{
  "results": [
    {
      "command": "markdownlint-cli2",
      "mean": 2.557266675666667,
      "stddev": 0.07840296722231667,
      "median": 2.5505657545,
      "user": 3.843905166666666,
      "system": 0.26462916666666664,
      "min": 2.468184188,
      "max": 2.666351473,
      "times": [
        2.468184188,
        2.609230679,
        2.666351473,
        2.502191773,
        2.498702205,
        2.598939736
      ],
      "memory_usage_byte": [
        384995328,
        384995328,
        407379968,
        407379968,
        407379968,
        407379968
      ],
      "exit_codes": [
        1,
        1,
        1,
        1,
        1,
        1
      ]
    }
  ]
}
