{
  "results": [
    {
      "command": "mado",
      "mean": 0.04627011280000001,
      "stddev": 0.00045371321811342946,
      "median": 0.046346858500000004,
      "user": 0.07249760000000001,
      "system": 0.0086118,
      "min": 0.045424965000000005,
      "max": 0.046957002000000005,
      "times": [
        0.046311750000000006,
        0.045910937000000006,
        0.046440244000000006,
        0.046327254000000005,
        0.045424965000000005,
        0.045758728000000005,
        0.046366463000000004,
        0.046957002000000005,
        0.046522188000000006,
        0.046681597000000005
      ],
      "memory_usage_byte": [
        31391744,
        31391744,
        31391744,
        31391744,
        31391744,
        31391744,
        31391744,
        31391744,
        31391744,
        31391744
      ],
      "exit_codes": [
        1,
        1,
        1,
        1,
        1,
        1,
        1,
        1,
        1,
        1
      ]
    },
    {
      "command": "rumdl",
      "mean": 0.19242937529999998,
      "stddev": 0.002533874677313519,
      "median": 0.19249246050000002,
      "user": 0.6253702999999999,
      "system": 0.0387157,
      "min": 0.188699592,
      "max": 0.19644439800000002,
      "times": [
        0.194274841,
        0.19143842800000002,
        0.189113415,
        0.193081533,
        0.188699592,
        0.190768919,
        0.19644439800000002,
        0.195291281,
        0.193277958,
        0.191903388
      ],
      "memory_usage_byte": [
        49950720,
        50970624,
        50970624,
        52752384,
        52752384,
        52752384,
        52752384,
        52752384,
        52752384,
        52752384
      ],
      "exit_codes": [
        1,
        1,
        1,
        1,
        1,
        1,
        1,
        1,
        1,
        1
      ]
    },
    {
      "command": "panache",
      "mean": 0.5287560491000001,
      "stddev": 0.010361623383018938,
      "median": 0.531790109,
      "user": 1.5899166999999998,
      "system": 0.0677591,
      "min": 0.514951641,
      "max": 0.542817999,
      "times": [
        0.51994556,
        0.52979484,
        0.515826298,
        0.542817999,
        0.534615038,
        0.514951641,
        0.539567535,
        0.519330715,
        0.533785378,
        0.536925487
      ],
      "memory_usage_byte": [
        52752384,
        52752384,
        52752384,
        52752384,
        52752384,
        52752384,
        52752384,
        52752384,
        52752384,
        52752384
      ],
      "exit_codes": [
        0,
        0,
        0,
        0,
        0,
        0,
        0,
        0,
        0,
        0
      ]
    },
    {
      "command": "mdsmith-parity",
      "mean": 0.17170879070000003,
      "stddev": 0.0040897102054410816,
      "median": 0.17123483100000003,
      "user": 0.3807593,
      "system": 0.06248469999999999,
      "min": 0.165759407,
      "max": 0.178205207,
      "times": [
        0.165759407,
        0.17196598200000002,
        0.169363213,
        0.17702999600000002,
        0.178205207,
        0.17118612800000002,
        0.17520922500000002,
        0.17128353400000002,
        0.170316498,
        0.166768717
      ],
      "memory_usage_byte": [
        52752384,
        52752384,
        52752384,
        52752384,
        52752384,
        52752384,
        52752384,
        52752384,
        52752384,
        52752384
      ],
      "exit_codes": [
        1,
        1,
        1,
        1,
        1,
        1,
        1,
        1,
        1,
        1
      ]
    },
    {
      "command": "mdsmith",
      "mean": 0.2938426901000001,
      "stddev": 0.00370300303685559,
      "median": 0.294071654,
      "user": 0.7172093,
      "system": 0.10341879999999999,
      "min": 0.28795758,
      "max": 0.30100591400000004,
      "times": [
        0.296472135,
        0.29360089,
        0.28795758,
        0.29183056300000004,
        0.296027174,
        0.291837634,
        0.289934958,
        0.29454241800000003,
        0.29521763500000003,
        0.30100591400000004
      ],
      "memory_usage_byte": [
        59293696,
        59293696,
        59293696,
        59293696,
        59293696,
        59293696,
        59293696,
        59293696,
        59293696,
        59293696
      ],
      "exit_codes": [
        1,
        1,
        1,
        1,
        1,
        1,
        1,
        1,
        1,
        1
      ]
    }
  ]
}
