{
  "results": [
    {
      "command": "mado",
      "mean": 0.0465580598,
      "stddev": 0.002315793316715022,
      "median": 0.04554214350000001,
      "user": 0.0738257,
      "system": 0.0088203,
      "min": 0.044735509,
      "max": 0.051159763000000004,
      "times": [
        0.045344285000000005,
        0.046198535000000006,
        0.051159763000000004,
        0.045326352,
        0.046141919,
        0.0452455,
        0.050562338000000005,
        0.045126395,
        0.044735509,
        0.045740002
      ],
      "memory_usage_byte": [
        29773824,
        29773824,
        31059968,
        31059968,
        34000896,
        34000896,
        34000896,
        34000896,
        34000896,
        34000896
      ],
      "exit_codes": [
        1,
        1,
        1,
        1,
        1,
        1,
        1,
        1,
        1,
        1
      ]
    },
    {
      "command": "rumdl",
      "mean": 0.19485676560000004,
      "stddev": 0.0025988774478807896,
      "median": 0.19471197,
      "user": 0.6487527,
      "system": 0.0345271,
      "min": 0.191057163,
      "max": 0.198875454,
      "times": [
        0.198875454,
        0.191057163,
        0.1934055,
        0.194821346,
        0.19460259400000002,
        0.19189291800000002,
        0.197258868,
        0.19312768500000002,
        0.19549490500000002,
        0.198031223
      ],
      "memory_usage_byte": [
        50343936,
        50343936,
        51736576,
        51736576,
        51736576,
        51736576,
        51736576,
        51736576,
        51736576,
        51736576
      ],
      "exit_codes": [
        1,
        1,
        1,
        1,
        1,
        1,
        1,
        1,
        1,
        1
      ]
    },
    {
      "command": "panache",
      "mean": 0.5346493525,
      "stddev": 0.009375192117280197,
      "median": 0.5395635510000001,
      "user": 1.6273996,
      "system": 0.0547454,
      "min": 0.5210979020000001,
      "max": 0.5456482060000001,
      "times": [
        0.5456482060000001,
        0.523534374,
        0.540530866,
        0.5220973200000001,
        0.5210979020000001,
        0.538755777,
        0.54164532,
        0.530660672,
        0.5403713250000001,
        0.542151763
      ],
      "memory_usage_byte": [
        51736576,
        51736576,
        51736576,
        51736576,
        51736576,
        51736576,
        51736576,
        51736576,
        51736576,
        51736576
      ],
      "exit_codes": [
        0,
        0,
        0,
        0,
        0,
        0,
        0,
        0,
        0,
        0
      ]
    },
    {
      "command": "mdsmith-parity",
      "mean": 0.16108067200000004,
      "stddev": 0.00223284343132498,
      "median": 0.16045951600000002,
      "user": 0.3957208,
      "system": 0.0424062,
      "min": 0.159421051,
      "max": 0.167158574,
      "times": [
        0.167158574,
        0.160791831,
        0.160409442,
        0.159421051,
        0.16050959,
        0.16171611100000002,
        0.160006474,
        0.159687524,
        0.16091338700000002,
        0.160192736
      ],
      "memory_usage_byte": [
        51736576,
        51736576,
        51736576,
        51736576,
        51736576,
        51736576,
        51736576,
        51736576,
        51736576,
        51736576
      ],
      "exit_codes": [
        1,
        1,
        1,
        1,
        1,
        1,
        1,
        1,
        1,
        1
      ]
    },
    {
      "command": "mdsmith",
      "mean": 0.28145289030000004,
      "stddev": 0.003694661676781831,
      "median": 0.28079744500000003,
      "user": 0.7320692,
      "system": 0.07622759999999999,
      "min": 0.27594691,
      "max": 0.285994729,
      "times": [
        0.28574192400000004,
        0.28510396400000004,
        0.28462976300000004,
        0.281334856,
        0.285994729,
        0.278810237,
        0.277245124,
        0.27594691,
        0.279461362,
        0.280260034
      ],
      "memory_usage_byte": [
        59080704,
        59080704,
        59080704,
        59080704,
        59080704,
        59080704,
        59080704,
        59080704,
        59080704,
        59080704
      ],
      "exit_codes": [
        1,
        1,
        1,
        1,
        1,
        1,
        1,
        1,
        1,
        1
      ]
    }
  ]
}
