{
  "results": [
    {
      "command": "mado",
      "mean": 0.052878820300000004,
      "stddev": 0.005472628356147268,
      "median": 0.0513796795,
      "user": 0.07896719999999999,
      "system": 0.020363,
      "min": 0.048456164,
      "max": 0.06592613700000001,
      "times": [
        0.048775990000000005,
        0.053367628,
        0.049070347,
        0.06592613700000001,
        0.055023324000000005,
        0.048456164,
        0.054159669,
        0.056124915000000004,
        0.049391731,
        0.048492298
      ],
      "memory_usage_byte": [
        29081600,
        29081600,
        29081600,
        29110272,
        29110272,
        29110272,
        29110272,
        29110272,
        29110272,
        29110272
      ],
      "exit_codes": [
        1,
        1,
        1,
        1,
        1,
        1,
        1,
        1,
        1,
        1
      ]
    },
    {
      "command": "rumdl",
      "mean": 0.2581539611,
      "stddev": 0.02744658437855098,
      "median": 0.2472931585,
      "user": 0.7422357999999999,
      "system": 0.05916380000000001,
      "min": 0.23750172300000003,
      "max": 0.318177431,
      "times": [
        0.318177431,
        0.296687755,
        0.24638358200000002,
        0.248202735,
        0.238581004,
        0.262532261,
        0.250852277,
        0.23750172300000003,
        0.242905205,
        0.239715638
      ],
      "memory_usage_byte": [
        52424704,
        52424704,
        52424704,
        52424704,
        52424704,
        52424704,
        52424704,
        52424704,
        52424704,
        52424704
      ],
      "exit_codes": [
        1,
        1,
        1,
        1,
        1,
        1,
        1,
        1,
        1,
        1
      ]
    },
    {
      "command": "panache",
      "mean": 0.4750366975000001,
      "stddev": 0.026053375886766286,
      "median": 0.46446623800000003,
      "user": 1.6674734999999998,
      "system": 0.12120900000000001,
      "min": 0.45881950200000005,
      "max": 0.5320948870000001,
      "times": [
        0.5320948870000001,
        0.514993769,
        0.466054051,
        0.46062198600000004,
        0.459803872,
        0.467381307,
        0.466775802,
        0.460943374,
        0.45881950200000005,
        0.46287842500000004
      ],
      "memory_usage_byte": [
        52424704,
        52424704,
        52424704,
        52424704,
        52424704,
        52424704,
        52424704,
        52424704,
        52424704,
        52424704
      ],
      "exit_codes": [
        0,
        0,
        0,
        0,
        0,
        0,
        0,
        0,
        0,
        0
      ]
    },
    {
      "command": "mdsmith-parity",
      "mean": 0.14595998259999998,
      "stddev": 0.0022937552456097046,
      "median": 0.1463796565,
      "user": 0.43175220000000003,
      "system": 0.0503794,
      "min": 0.141831496,
      "max": 0.14872995,
      "times": [
        0.145991849,
        0.141831496,
        0.147079768,
        0.14872995,
        0.14805807,
        0.14272779000000002,
        0.14676746400000001,
        0.144935578,
        0.145394354,
        0.148083507
      ],
      "memory_usage_byte": [
        52424704,
        52424704,
        52424704,
        52424704,
        52424704,
        52424704,
        52424704,
        52424704,
        52424704,
        52424704
      ],
      "exit_codes": [
        1,
        1,
        1,
        1,
        1,
        1,
        1,
        1,
        1,
        1
      ]
    },
    {
      "command": "mdsmith",
      "mean": 0.4807139172,
      "stddev": 0.008942677347064594,
      "median": 0.48096840500000004,
      "user": 1.1432975,
      "system": 0.5217037,
      "min": 0.465313591,
      "max": 0.49805856800000003,
      "times": [
        0.48801535,
        0.465313591,
        0.482996917,
        0.478939893,
        0.47587053500000004,
        0.48370931400000006,
        0.48462071700000003,
        0.473668639,
        0.47594564800000005,
        0.49805856800000003
      ],
      "memory_usage_byte": [
        52424704,
        52424704,
        52424704,
        52424704,
        52424704,
        52424704,
        52424704,
        52424704,
        52424704,
        52424704
      ],
      "exit_codes": [
        1,
        1,
        1,
        1,
        1,
        1,
        1,
        1,
        1,
        1
      ]
    }
  ]
}
