{
  "results": [
    {
      "command": "markdownlint-cli2",
      "mean": 3.0475355653333334,
      "stddev": 0.09667946850467583,
      "median": 3.015527622,
      "user": 4.652171833333333,
      "system": 0.2230173333333333,
      "min": 2.966948531,
      "max": 3.234293115,
      "times": [
        3.059757642,
        2.966948531,
        3.005360922,
        3.025694322,
        3.234293115,
        2.9931588600000003
      ],
      "memory_usage_byte": [
        395563008,
        395563008,
        395563008,
        409608192,
        409608192,
        409608192
      ],
      "exit_codes": [
        1,
        1,
        1,
        1,
        1,
        1
      ]
    }
  ]
}
