{
  "results": [
    {
      "command": "markdownlint-cli2",
      "mean": 4.090947073833333,
      "stddev": 0.034679603875898544,
      "median": 4.094957233000001,
      "user": 6.290070333333333,
      "system": 0.2938561666666667,
      "min": 4.035023202,
      "max": 4.12632029,
      "times": [
        4.108683176,
        4.035023202,
        4.073262709,
        4.08123129,
        4.12632029,
        4.121161776
      ],
      "memory_usage_byte": [
        354578432,
        355725312,
        363945984,
        386740224,
        386740224,
        386740224
      ],
      "exit_codes": [
        1,
        1,
        1,
        1,
        1,
        1
      ]
    }
  ]
}
