{
  "results": [
    {
      "command": "markdownlint-cli2",
      "mean": 3.080680747166667,
      "stddev": 0.04543042301934175,
      "median": 3.0629428020000002,
      "user": 4.594307833333334,
      "system": 0.31381599999999993,
      "min": 3.046291463,
      "max": 3.16315048,
      "times": [
        3.048269667,
        3.16315048,
        3.074425205,
        3.100487269,
        3.051460399,
        3.046291463
      ],
      "memory_usage_byte": [
        388337664,
        388337664,
        388337664,
        388337664,
        388337664,
        388337664
      ],
      "exit_codes": [
        1,
        1,
        1,
        1,
        1,
        1
      ]
    }
  ]
}
