{
  "results": [
    {
      "command": "markdownlint-cli2",
      "mean": 3.8619009283333336,
      "stddev": 0.08273966058088666,
      "median": 3.84296021,
      "user": 5.9883438333333325,
      "system": 0.315667,
      "min": 3.7766607690000003,
      "max": 4.009278041,
      "times": [
        4.009278041,
        3.7766607690000003,
        3.803866856,
        3.895679484,
        3.840052198,
        3.845868222
      ],
      "memory_usage_byte": [
        372903936,
        372903936,
        376369152,
        376369152,
        376369152,
        376369152
      ],
      "exit_codes": [
        1,
        1,
        1,
        1,
        1,
        1
      ]
    }
  ]
}
