{
  "results": [
    {
      "command": "markdownlint-cli2",
      "mean": 3.2017867186666664,
      "stddev": 0.06793147920716222,
      "median": 3.1856061745,
      "user": 4.928527,
      "system": 0.288638,
      "min": 3.140750518,
      "max": 3.334906421,
      "times": [
        3.334906421,
        3.169448742,
        3.140750518,
        3.186883229,
        3.194402282,
        3.18432912
      ],
      "memory_usage_byte": [
        416276480,
        416276480,
        416276480,
        416276480,
        416276480,
        416276480
      ],
      "exit_codes": [
        1,
        1,
        1,
        1,
        1,
        1
      ]
    }
  ]
}
