{
  "results": [
    {
      "command": "markdownlint-cli2",
      "mean": 3.1142489313333335,
      "stddev": 0.10888990855713945,
      "median": 3.0856701445,
      "user": 4.630741499999999,
      "system": 0.31730716666666664,
      "min": 3.024007728,
      "max": 3.330075322,
      "times": [
        3.091876006,
        3.06408416,
        3.079464283,
        3.095986089,
        3.330075322,
        3.024007728
      ],
      "memory_usage_byte": [
        361820160,
        361820160,
        361820160,
        361820160,
        386281472,
        386281472
      ],
      "exit_codes": [
        1,
        1,
        1,
        1,
        1,
        1
      ]
    }
  ]
}
