{
  "results": [
    {
      "command": "mado",
      "mean": 0.0474473183,
      "stddev": 0.002227027891976561,
      "median": 0.046095308,
      "user": 0.07613109999999998,
      "system": 0.007774100000000001,
      "min": 0.045185791,
      "max": 0.050920494000000004,
      "times": [
        0.045757714000000005,
        0.045879598,
        0.045950555000000004,
        0.049556306,
        0.050920494000000004,
        0.049852092,
        0.045185791,
        0.045541608000000004,
        0.049588964000000006,
        0.046240061000000006
      ],
      "memory_usage_byte": [
        31739904,
        31739904,
        31739904,
        31739904,
        31739904,
        31739904,
        31739904,
        31739904,
        31739904,
        31739904
      ],
      "exit_codes": [
        1,
        1,
        1,
        1,
        1,
        1,
        1,
        1,
        1,
        1
      ]
    },
    {
      "command": "rumdl",
      "mean": 0.1896088742,
      "stddev": 0.0030771633885648933,
      "median": 0.18901952850000003,
      "user": 0.6176799999999999,
      "system": 0.038055799999999994,
      "min": 0.18600027700000002,
      "max": 0.19723975900000001,
      "times": [
        0.187933876,
        0.189515402,
        0.18943432000000002,
        0.19723975900000001,
        0.188144063,
        0.187877271,
        0.18910179800000002,
        0.191904717,
        0.18893725900000002,
        0.18600027700000002
      ],
      "memory_usage_byte": [
        50778112,
        50778112,
        50778112,
        50778112,
        50778112,
        50778112,
        50778112,
        50778112,
        50778112,
        50778112
      ],
      "exit_codes": [
        1,
        1,
        1,
        1,
        1,
        1,
        1,
        1,
        1,
        1
      ]
    },
    {
      "command": "panache",
      "mean": 0.5277151262,
      "stddev": 0.00721531417021388,
      "median": 0.5309956170000001,
      "user": 1.5905285999999998,
      "system": 0.0605372,
      "min": 0.513389304,
      "max": 0.533642826,
      "times": [
        0.532031845,
        0.532613242,
        0.533642826,
        0.531147982,
        0.513389304,
        0.530843252,
        0.524414391,
        0.5294353780000001,
        0.532981287,
        0.516651755
      ],
      "memory_usage_byte": [
        50778112,
        50778112,
        50778112,
        50778112,
        50778112,
        50778112,
        50778112,
        50778112,
        50778112,
        50778112
      ],
      "exit_codes": [
        0,
        0,
        0,
        0,
        0,
        0,
        0,
        0,
        0,
        0
      ]
    },
    {
      "command": "mdsmith-parity",
      "mean": 0.1668318125,
      "stddev": 0.0036590683446953236,
      "median": 0.1667334665,
      "user": 0.37209960000000003,
      "system": 0.06120439999999999,
      "min": 0.16126669600000001,
      "max": 0.171723717,
      "times": [
        0.169639631,
        0.171439117,
        0.164858637,
        0.164424582,
        0.163175016,
        0.168844511,
        0.171723717,
        0.16860829600000002,
        0.164337922,
        0.16126669600000001
      ],
      "memory_usage_byte": [
        50778112,
        50778112,
        50778112,
        50778112,
        50778112,
        50778112,
        50778112,
        50778112,
        50778112,
        50778112
      ],
      "exit_codes": [
        1,
        1,
        1,
        1,
        1,
        1,
        1,
        1,
        1,
        1
      ]
    },
    {
      "command": "mdsmith",
      "mean": 0.290809198,
      "stddev": 0.004818275830803567,
      "median": 0.29154939300000005,
      "user": 0.7039458999999999,
      "system": 0.09833549999999999,
      "min": 0.280581397,
      "max": 0.297611446,
      "times": [
        0.286764888,
        0.280581397,
        0.29084994200000003,
        0.289339984,
        0.288567618,
        0.29376466100000004,
        0.293485669,
        0.294877531,
        0.297611446,
        0.292248844
      ],
      "memory_usage_byte": [
        60862464,
        60862464,
        60862464,
        60862464,
        60862464,
        61063168,
        61063168,
        61063168,
        61063168,
        61063168
      ],
      "exit_codes": [
        1,
        1,
        1,
        1,
        1,
        1,
        1,
        1,
        1,
        1
      ]
    }
  ]
}
