{
  "results": [
    {
      "command": "mado",
      "mean": 0.0477527735,
      "stddev": 0.003978271072962202,
      "median": 0.045797241,
      "user": 0.07683670000000001,
      "system": 0.007919299999999999,
      "min": 0.044798454,
      "max": 0.057098016,
      "times": [
        0.045082857000000004,
        0.046308369,
        0.050031484,
        0.045873378000000006,
        0.045714121,
        0.051546977,
        0.057098016,
        0.045352975000000004,
        0.045721104000000005,
        0.044798454
      ],
      "memory_usage_byte": [
        31789056,
        31789056,
        31789056,
        31789056,
        31789056,
        31789056,
        31789056,
        31789056,
        31789056,
        31789056
      ],
      "exit_codes": [
        1,
        1,
        1,
        1,
        1,
        1,
        1,
        1,
        1,
        1
      ]
    },
    {
      "command": "rumdl",
      "mean": 0.19681913850000002,
      "stddev": 0.003179952991474293,
      "median": 0.1960241195,
      "user": 0.6504498,
      "system": 0.0332425,
      "min": 0.19351257100000002,
      "max": 0.20255608500000002,
      "times": [
        0.19606494100000002,
        0.193664201,
        0.19484785100000002,
        0.195983298,
        0.193968824,
        0.20255608500000002,
        0.19351257100000002,
        0.19863313100000002,
        0.197680503,
        0.20127998000000002
      ],
      "memory_usage_byte": [
        51179520,
        51912704,
        51912704,
        51912704,
        51912704,
        51912704,
        51912704,
        51912704,
        51912704,
        51912704
      ],
      "exit_codes": [
        1,
        1,
        1,
        1,
        1,
        1,
        1,
        1,
        1,
        1
      ]
    },
    {
      "command": "panache",
      "mean": 0.5355847399000001,
      "stddev": 0.0068701083377176505,
      "median": 0.5389445960000001,
      "user": 1.6300432,
      "system": 0.05322140000000001,
      "min": 0.5254368650000001,
      "max": 0.541867768,
      "times": [
        0.541867768,
        0.538842468,
        0.5390467240000001,
        0.5385082990000001,
        0.5254368650000001,
        0.5395459260000001,
        0.5404090690000001,
        0.540435864,
        0.526203906,
        0.5255505100000001
      ],
      "memory_usage_byte": [
        51912704,
        51912704,
        51912704,
        51912704,
        51912704,
        51912704,
        51912704,
        51912704,
        51912704,
        51912704
      ],
      "exit_codes": [
        0,
        0,
        0,
        0,
        0,
        0,
        0,
        0,
        0,
        0
      ]
    },
    {
      "command": "mdsmith-parity",
      "mean": 0.16380175200000002,
      "stddev": 0.0020372080516875687,
      "median": 0.16385173600000003,
      "user": 0.3999954,
      "system": 0.0437539,
      "min": 0.160399423,
      "max": 0.167157634,
      "times": [
        0.167157634,
        0.161474732,
        0.163350935,
        0.162391569,
        0.164892101,
        0.16326721200000002,
        0.16435253700000002,
        0.16571031600000002,
        0.160399423,
        0.165021061
      ],
      "memory_usage_byte": [
        51912704,
        51912704,
        51912704,
        51912704,
        51912704,
        51912704,
        51912704,
        51912704,
        51912704,
        51912704
      ],
      "exit_codes": [
        1,
        1,
        1,
        1,
        1,
        1,
        1,
        1,
        1,
        1
      ]
    },
    {
      "command": "mdsmith",
      "mean": 0.287803259,
      "stddev": 0.010070651221345385,
      "median": 0.2843008255,
      "user": 0.7416297000000001,
      "system": 0.07735109999999999,
      "min": 0.279910084,
      "max": 0.314412866,
      "times": [
        0.314412866,
        0.279910084,
        0.282328185,
        0.28400941500000004,
        0.282118825,
        0.284592236,
        0.28645997500000003,
        0.286409315,
        0.28393295100000004,
        0.293858738
      ],
      "memory_usage_byte": [
        60805120,
        60805120,
        60805120,
        60805120,
        60805120,
        60805120,
        60805120,
        60805120,
        60805120,
        60805120
      ],
      "exit_codes": [
        1,
        1,
        1,
        1,
        1,
        1,
        1,
        1,
        1,
        1
      ]
    }
  ]
}
