{
  "results": [
    {
      "command": "markdownlint-cli2",
      "mean": 3.319259744,
      "stddev": 0.04443602253892935,
      "median": 3.317203192,
      "user": 5.0105615,
      "system": 0.3395355,
      "min": 3.268491262,
      "max": 3.394205327,
      "times": [
        3.33513882,
        3.325140854,
        3.268491262,
        3.3092655300000002,
        3.283316671,
        3.394205327
      ],
      "memory_usage_byte": [
        428847104,
        428847104,
        428847104,
        428847104,
        428847104,
        428847104
      ],
      "exit_codes": [
        1,
        1,
        1,
        1,
        1,
        1
      ]
    }
  ]
}
