{
  "results": [
    {
      "command": "markdownlint-cli2",
      "mean": 3.2822049815,
      "stddev": 0.03335214482293968,
      "median": 3.293187635,
      "user": 5.074989333333333,
      "system": 0.27772766666666665,
      "min": 3.233426668,
      "max": 3.318982329,
      "times": [
        3.304962803,
        3.293319829,
        3.318982329,
        3.249482819,
        3.293055441,
        3.233426668
      ],
      "memory_usage_byte": [
        390782976,
        390782976,
        390782976,
        390782976,
        390782976,
        390782976
      ],
      "exit_codes": [
        1,
        1,
        1,
        1,
        1,
        1
      ]
    }
  ]
}
