{
  "results": [
    {
      "command": "mado",
      "mean": 0.05736835150000001,
      "stddev": 0.0018965157507117136,
      "median": 0.05663386000000001,
      "user": 0.0873629,
      "system": 0.020772699999999998,
      "min": 0.056139988,
      "max": 0.061528318000000005,
      "times": [
        0.056784271000000004,
        0.056139988,
        0.056193190000000004,
        0.061528318000000005,
        0.056551095,
        0.057018178,
        0.05671662500000001,
        0.056300668000000005,
        0.060226797000000006,
        0.056224385
      ],
      "memory_usage_byte": [
        30965760,
        30965760,
        30965760,
        30965760,
        30965760,
        30965760,
        30965760,
        30965760,
        30965760,
        30994432
      ],
      "exit_codes": [
        1,
        1,
        1,
        1,
        1,
        1,
        1,
        1,
        1,
        1
      ]
    },
    {
      "command": "rumdl",
      "mean": 0.2851989499,
      "stddev": 0.0032133303779203807,
      "median": 0.285608915,
      "user": 0.8699612,
      "system": 0.06734399999999999,
      "min": 0.279190322,
      "max": 0.28969707100000003,
      "times": [
        0.28969707100000003,
        0.28498381700000003,
        0.28746755500000004,
        0.286992378,
        0.279190322,
        0.282529766,
        0.28543777600000003,
        0.285780054,
        0.281750261,
        0.288160499
      ],
      "memory_usage_byte": [
        51695616,
        51695616,
        51695616,
        51695616,
        51695616,
        51695616,
        51695616,
        51695616,
        51695616,
        51695616
      ],
      "exit_codes": [
        1,
        1,
        1,
        1,
        1,
        1,
        1,
        1,
        1,
        1
      ]
    },
    {
      "command": "panache",
      "mean": 0.5465760230000001,
      "stddev": 0.04289649723334499,
      "median": 0.5253858115000001,
      "user": 1.8782824999999999,
      "system": 0.13258109999999998,
      "min": 0.523139664,
      "max": 0.631165375,
      "times": [
        0.523139664,
        0.6239798900000001,
        0.5308396400000001,
        0.5234897430000001,
        0.535194996,
        0.525571393,
        0.5236184730000001,
        0.523560826,
        0.631165375,
        0.52520023
      ],
      "memory_usage_byte": [
        51695616,
        51695616,
        51695616,
        51695616,
        51695616,
        51695616,
        51695616,
        51695616,
        51695616,
        51695616
      ],
      "exit_codes": [
        0,
        0,
        0,
        0,
        0,
        0,
        0,
        0,
        0,
        0
      ]
    },
    {
      "command": "mdsmith-parity",
      "mean": 0.16476878780000004,
      "stddev": 0.0031138394336044676,
      "median": 0.164685594,
      "user": 0.48485179999999994,
      "system": 0.057326199999999994,
      "min": 0.161141279,
      "max": 0.171863219,
      "times": [
        0.161224519,
        0.16548373600000002,
        0.164249066,
        0.16223658000000002,
        0.164208144,
        0.165122122,
        0.171863219,
        0.16634733100000001,
        0.16581188200000002,
        0.161141279
      ],
      "memory_usage_byte": [
        51695616,
        51695616,
        51695616,
        51695616,
        51695616,
        51695616,
        51695616,
        51695616,
        51695616,
        51695616
      ],
      "exit_codes": [
        1,
        1,
        1,
        1,
        1,
        1,
        1,
        1,
        1,
        1
      ]
    },
    {
      "command": "mdsmith",
      "mean": 0.5540126815,
      "stddev": 0.010849016189148863,
      "median": 0.550281537,
      "user": 1.2976484000000001,
      "system": 0.5347028999999999,
      "min": 0.542474945,
      "max": 0.5783885940000001,
      "times": [
        0.5783885940000001,
        0.549271704,
        0.543068177,
        0.5499747650000001,
        0.556656236,
        0.563722864,
        0.5475892,
        0.550588309,
        0.5583920210000001,
        0.542474945
      ],
      "memory_usage_byte": [
        51695616,
        51695616,
        51695616,
        51695616,
        51695616,
        51695616,
        51695616,
        51695616,
        51695616,
        51695616
      ],
      "exit_codes": [
        1,
        1,
        1,
        1,
        1,
        1,
        1,
        1,
        1,
        1
      ]
    }
  ]
}
