{
  "results": [
    {
      "command": "mado",
      "mean": 0.049086642400000005,
      "stddev": 0.003414890102050144,
      "median": 0.048055073000000004,
      "user": 0.07739399999999999,
      "system": 0.0097626,
      "min": 0.045746785000000005,
      "max": 0.055217727,
      "times": [
        0.051704626000000004,
        0.046062108000000004,
        0.046041018,
        0.045746785000000005,
        0.049476052000000006,
        0.04619079,
        0.052438136,
        0.055217727,
        0.046634094,
        0.051355088
      ],
      "memory_usage_byte": [
        29503488,
        29569024,
        29569024,
        29569024,
        29569024,
        29585408,
        29585408,
        29585408,
        31481856,
        31481856
      ],
      "exit_codes": [
        1,
        1,
        1,
        1,
        1,
        1,
        1,
        1,
        1,
        1
      ]
    },
    {
      "command": "rumdl",
      "mean": 0.1973651142,
      "stddev": 0.002384364530478502,
      "median": 0.197453271,
      "user": 0.6473077999999999,
      "system": 0.035100599999999996,
      "min": 0.193352355,
      "max": 0.20038350500000002,
      "times": [
        0.196688773,
        0.196779223,
        0.20038350500000002,
        0.19812731900000002,
        0.193352355,
        0.199994944,
        0.19510613400000001,
        0.199400675,
        0.19890832900000002,
        0.194909885
      ],
      "memory_usage_byte": [
        51994624,
        51994624,
        51994624,
        51994624,
        51994624,
        51994624,
        51994624,
        51994624,
        52187136,
        52187136
      ],
      "exit_codes": [
        1,
        1,
        1,
        1,
        1,
        1,
        1,
        1,
        1,
        1
      ]
    },
    {
      "command": "panache",
      "mean": 0.5617800238,
      "stddev": 0.008969971795580924,
      "median": 0.5586981525000001,
      "user": 1.604328,
      "system": 0.055997000000000005,
      "min": 0.553986924,
      "max": 0.583403884,
      "times": [
        0.553986924,
        0.555420447,
        0.5606383070000001,
        0.560353944,
        0.556984806,
        0.557042361,
        0.555472057,
        0.565378681,
        0.569118827,
        0.583403884
      ],
      "memory_usage_byte": [
        52187136,
        52187136,
        52187136,
        52187136,
        52187136,
        52187136,
        52187136,
        52187136,
        52187136,
        52187136
      ],
      "exit_codes": [
        0,
        0,
        0,
        0,
        0,
        0,
        0,
        0,
        0,
        0
      ]
    },
    {
      "command": "mdsmith-parity",
      "mean": 0.18152078259999999,
      "stddev": 0.001688373585211333,
      "median": 0.181520123,
      "user": 0.48086280000000003,
      "system": 0.0403239,
      "min": 0.17798791600000002,
      "max": 0.184050486,
      "times": [
        0.18129419000000002,
        0.18337251000000002,
        0.184050486,
        0.182341359,
        0.17798791600000002,
        0.180850864,
        0.18209471300000002,
        0.181390782,
        0.18017554200000002,
        0.181649464
      ],
      "memory_usage_byte": [
        52187136,
        52187136,
        52187136,
        52187136,
        52187136,
        52187136,
        52187136,
        52187136,
        52187136,
        52187136
      ],
      "exit_codes": [
        1,
        1,
        1,
        1,
        1,
        1,
        1,
        1,
        1,
        1
      ]
    },
    {
      "command": "mdsmith",
      "mean": 0.3359351264,
      "stddev": 0.002288684284463853,
      "median": 0.335768212,
      "user": 0.9644384,
      "system": 0.07087639999999999,
      "min": 0.33192222200000004,
      "max": 0.34077981100000004,
      "times": [
        0.334592637,
        0.33470324700000004,
        0.33192222200000004,
        0.3369434,
        0.335058071,
        0.335281622,
        0.33676367,
        0.337051782,
        0.336254802,
        0.34077981100000004
      ],
      "memory_usage_byte": [
        52310016,
        52310016,
        52322304,
        52359168,
        52359168,
        52359168,
        54534144,
        54534144,
        54534144,
        54534144
      ],
      "exit_codes": [
        1,
        1,
        1,
        1,
        1,
        1,
        1,
        1,
        1,
        1
      ]
    }
  ]
}
