{
  "results": [
    {
      "command": "mado",
      "mean": 0.05963238280000001,
      "stddev": 0.0034209205070318514,
      "median": 0.0582331255,
      "user": 0.0912145,
      "system": 0.020089600000000003,
      "min": 0.057262297000000004,
      "max": 0.066172779,
      "times": [
        0.059062411,
        0.057858327,
        0.065803812,
        0.066172779,
        0.059162086,
        0.057509237000000005,
        0.057413398000000004,
        0.057471557000000006,
        0.057262297000000004,
        0.058607924000000006
      ],
      "memory_usage_byte": [
        31236096,
        31236096,
        31236096,
        31236096,
        31236096,
        31236096,
        31236096,
        31236096,
        31236096,
        31236096
      ],
      "exit_codes": [
        1,
        1,
        1,
        1,
        1,
        1,
        1,
        1,
        1,
        1
      ]
    },
    {
      "command": "rumdl",
      "mean": 0.3000199907,
      "stddev": 0.009455563018942726,
      "median": 0.296853331,
      "user": 0.836187,
      "system": 0.068846,
      "min": 0.285780625,
      "max": 0.316257,
      "times": [
        0.29636178,
        0.315789851,
        0.30343330700000004,
        0.29495845600000004,
        0.29717482500000003,
        0.296737401,
        0.285780625,
        0.296819052,
        0.316257,
        0.29688761
      ],
      "memory_usage_byte": [
        52838400,
        52838400,
        52838400,
        52838400,
        52838400,
        52838400,
        52838400,
        52838400,
        52838400,
        52838400
      ],
      "exit_codes": [
        1,
        1,
        1,
        1,
        1,
        1,
        1,
        1,
        1,
        1
      ]
    },
    {
      "command": "panache",
      "mean": 0.5470971600000001,
      "stddev": 0.01564067163843652,
      "median": 0.5415478385000001,
      "user": 1.8814904000000001,
      "system": 0.1431282,
      "min": 0.5345945430000001,
      "max": 0.582869125,
      "times": [
        0.5475180820000001,
        0.5345945430000001,
        0.547638395,
        0.534797124,
        0.536517172,
        0.565903063,
        0.582869125,
        0.5400121440000001,
        0.538038419,
        0.543083533
      ],
      "memory_usage_byte": [
        52838400,
        52838400,
        52838400,
        52838400,
        52838400,
        52838400,
        52838400,
        52838400,
        52838400,
        52838400
      ],
      "exit_codes": [
        0,
        0,
        0,
        0,
        0,
        0,
        0,
        0,
        0,
        0
      ]
    },
    {
      "command": "mdsmith-parity",
      "mean": 0.1710925241,
      "stddev": 0.012085428667131415,
      "median": 0.1670569245,
      "user": 0.4937332,
      "system": 0.0590942,
      "min": 0.15938502300000001,
      "max": 0.201862865,
      "times": [
        0.178872958,
        0.201862865,
        0.17203616600000002,
        0.171232177,
        0.16786721500000001,
        0.163460811,
        0.15938502300000001,
        0.16606616800000001,
        0.163895224,
        0.166246634
      ],
      "memory_usage_byte": [
        52838400,
        52838400,
        52838400,
        52838400,
        52838400,
        52838400,
        52838400,
        52838400,
        52838400,
        52838400
      ],
      "exit_codes": [
        1,
        1,
        1,
        1,
        1,
        1,
        1,
        1,
        1,
        1
      ]
    },
    {
      "command": "mdsmith",
      "mean": 0.5449010513000001,
      "stddev": 0.008361575052731616,
      "median": 0.5466395669999999,
      "user": 1.3014028,
      "system": 0.5760884999999999,
      "min": 0.5299489030000001,
      "max": 0.554752576,
      "times": [
        0.535653342,
        0.546567771,
        0.539345688,
        0.548816084,
        0.546711363,
        0.5299489030000001,
        0.554171182,
        0.554752576,
        0.5528333120000001,
        0.540210292
      ],
      "memory_usage_byte": [
        52838400,
        52838400,
        52838400,
        52838400,
        52838400,
        52838400,
        52838400,
        52838400,
        52838400,
        52838400
      ],
      "exit_codes": [
        1,
        1,
        1,
        1,
        1,
        1,
        1,
        1,
        1,
        1
      ]
    }
  ]
}
