{
  "results": [
    {
      "command": "markdownlint-cli2",
      "mean": 1.9124591610000001,
      "stddev": 0.03281083844656439,
      "median": 1.898418119,
      "user": 3.059938666666666,
      "system": 0.2228785,
      "min": 1.884868492,
      "max": 1.970575828,
      "times": [
        1.890956455,
        1.901886401,
        1.9315179530000002,
        1.894949837,
        1.884868492,
        1.970575828
      ],
      "memory_usage_byte": [
        436510720,
        442134528,
        458403840,
        458403840,
        458403840,
        458403840
      ],
      "exit_codes": [
        1,
        1,
        1,
        1,
        1,
        1
      ]
    }
  ]
}
