{
  "results": [
    {
      "command": "mado",
      "mean": 0.05856113220000001,
      "stddev": 0.003747718667480225,
      "median": 0.057406678,
      "user": 0.09080010000000002,
      "system": 0.0198611,
      "min": 0.056587407000000006,
      "max": 0.06910801200000001,
      "times": [
        0.06910801200000001,
        0.057238836,
        0.056805441000000005,
        0.056833523000000004,
        0.056587407000000006,
        0.05784944,
        0.05733724900000001,
        0.057476107000000005,
        0.058194421,
        0.058180886
      ],
      "memory_usage_byte": [
        29089792,
        29089792,
        29089792,
        29089792,
        33173504,
        33173504,
        33173504,
        33173504,
        33173504,
        33173504
      ],
      "exit_codes": [
        1,
        1,
        1,
        1,
        1,
        1,
        1,
        1,
        1,
        1
      ]
    },
    {
      "command": "rumdl",
      "mean": 0.29549939919999996,
      "stddev": 0.00854232266468564,
      "median": 0.294490658,
      "user": 0.8851548999999999,
      "system": 0.0665288,
      "min": 0.283618457,
      "max": 0.30824238400000004,
      "times": [
        0.301454647,
        0.28883532700000003,
        0.306957698,
        0.30824238400000004,
        0.283618457,
        0.2927775,
        0.296203816,
        0.30052262300000004,
        0.28920658400000004,
        0.28717495600000004
      ],
      "memory_usage_byte": [
        51666944,
        51666944,
        51666944,
        51666944,
        51666944,
        51666944,
        51666944,
        52551680,
        52551680,
        52551680
      ],
      "exit_codes": [
        1,
        1,
        1,
        1,
        1,
        1,
        1,
        1,
        1,
        1
      ]
    },
    {
      "command": "panache",
      "mean": 0.5634623285999999,
      "stddev": 0.06843495317154397,
      "median": 0.537479005,
      "user": 1.9303531,
      "system": 0.13618360000000002,
      "min": 0.5347318320000001,
      "max": 0.755345676,
      "times": [
        0.540663878,
        0.5738894370000001,
        0.755345676,
        0.538103874,
        0.536259519,
        0.5347318320000001,
        0.535935758,
        0.536854136,
        0.546730617,
        0.536108559
      ],
      "memory_usage_byte": [
        52551680,
        52551680,
        52551680,
        52551680,
        52551680,
        52551680,
        52551680,
        52551680,
        52551680,
        52551680
      ],
      "exit_codes": [
        0,
        0,
        0,
        0,
        0,
        0,
        0,
        0,
        0,
        0
      ]
    },
    {
      "command": "mdsmith-parity",
      "mean": 0.1697641374,
      "stddev": 0.012343579372279676,
      "median": 0.16485936750000002,
      "user": 0.49637449999999994,
      "system": 0.055689,
      "min": 0.162363741,
      "max": 0.20391605200000001,
      "times": [
        0.169088534,
        0.162363741,
        0.164439519,
        0.164124941,
        0.16477724400000002,
        0.16716150700000001,
        0.20391605200000001,
        0.172351327,
        0.16494149100000002,
        0.164477018
      ],
      "memory_usage_byte": [
        52551680,
        52551680,
        52551680,
        52551680,
        52551680,
        52551680,
        52551680,
        52551680,
        52551680,
        52551680
      ],
      "exit_codes": [
        1,
        1,
        1,
        1,
        1,
        1,
        1,
        1,
        1,
        1
      ]
    },
    {
      "command": "mdsmith",
      "mean": 0.6076671334000001,
      "stddev": 0.051368148978299825,
      "median": 0.5862934120000001,
      "user": 1.3571667,
      "system": 0.5508675999999999,
      "min": 0.566098965,
      "max": 0.730554946,
      "times": [
        0.597804768,
        0.566098965,
        0.574940986,
        0.622022537,
        0.730554946,
        0.6592416950000001,
        0.57885761,
        0.5745630030000001,
        0.5910383800000001,
        0.581548444
      ],
      "memory_usage_byte": [
        52551680,
        52551680,
        52551680,
        52551680,
        52551680,
        52551680,
        52551680,
        52551680,
        52551680,
        52551680
      ],
      "exit_codes": [
        1,
        1,
        1,
        1,
        1,
        1,
        1,
        1,
        1,
        1
      ]
    }
  ]
}
