{
  "results": [
    {
      "command": "mado",
      "mean": 0.0478383011,
      "stddev": 0.002773655630068395,
      "median": 0.046132286,
      "user": 0.0772523,
      "system": 0.007540899999999999,
      "min": 0.044895137,
      "max": 0.051705836000000005,
      "times": [
        0.044895137,
        0.051705836000000005,
        0.045666326,
        0.05062578,
        0.051090308,
        0.045786991000000006,
        0.04589866,
        0.046365912,
        0.045705028,
        0.050643033000000004
      ],
      "memory_usage_byte": [
        29986816,
        29986816,
        29986816,
        29986816,
        29986816,
        29986816,
        29986816,
        31555584,
        31555584,
        31555584
      ],
      "exit_codes": [
        1,
        1,
        1,
        1,
        1,
        1,
        1,
        1,
        1,
        1
      ]
    },
    {
      "command": "rumdl",
      "mean": 0.1959116372,
      "stddev": 0.0021573153755505563,
      "median": 0.19541600850000002,
      "user": 0.6451217,
      "system": 0.0344238,
      "min": 0.19187541200000002,
      "max": 0.19918233200000002,
      "times": [
        0.19187541200000002,
        0.19502547,
        0.19918233200000002,
        0.197639121,
        0.195855573,
        0.195150558,
        0.19554876100000002,
        0.19528325600000002,
        0.194714194,
        0.198841695
      ],
      "memory_usage_byte": [
        50483200,
        50483200,
        50483200,
        50483200,
        50483200,
        50483200,
        50483200,
        50483200,
        50483200,
        50528256
      ],
      "exit_codes": [
        1,
        1,
        1,
        1,
        1,
        1,
        1,
        1,
        1,
        1
      ]
    },
    {
      "command": "panache",
      "mean": 0.5316159263,
      "stddev": 0.008506155180499356,
      "median": 0.5363163955000001,
      "user": 1.6278234,
      "system": 0.0527172,
      "min": 0.521406125,
      "max": 0.540377275,
      "times": [
        0.536756777,
        0.521933239,
        0.538259361,
        0.5358760140000001,
        0.540377275,
        0.521490613,
        0.522533931,
        0.5382340240000001,
        0.521406125,
        0.539291904
      ],
      "memory_usage_byte": [
        50528256,
        50528256,
        50528256,
        50528256,
        50528256,
        50528256,
        50528256,
        50528256,
        50528256,
        50528256
      ],
      "exit_codes": [
        0,
        0,
        0,
        0,
        0,
        0,
        0,
        0,
        0,
        0
      ]
    },
    {
      "command": "mdsmith-parity",
      "mean": 0.1651251017,
      "stddev": 0.0027559734357358746,
      "median": 0.16489836500000002,
      "user": 0.40095349999999996,
      "system": 0.0430582,
      "min": 0.161633944,
      "max": 0.169353409,
      "times": [
        0.167086549,
        0.16215167,
        0.169353409,
        0.168317606,
        0.16393746,
        0.16704131700000002,
        0.16502508300000002,
        0.161633944,
        0.161932332,
        0.16477164700000002
      ],
      "memory_usage_byte": [
        50528256,
        50528256,
        50528256,
        50528256,
        50528256,
        50528256,
        50528256,
        50528256,
        50528256,
        50528256
      ],
      "exit_codes": [
        1,
        1,
        1,
        1,
        1,
        1,
        1,
        1,
        1,
        1
      ]
    },
    {
      "command": "mdsmith",
      "mean": 0.2817046233,
      "stddev": 0.0036781502345605397,
      "median": 0.281503477,
      "user": 0.7319362999999999,
      "system": 0.0792259,
      "min": 0.277219568,
      "max": 0.290309859,
      "times": [
        0.27989714200000004,
        0.284652459,
        0.290309859,
        0.28201237100000004,
        0.28126814,
        0.281738814,
        0.277219568,
        0.280039919,
        0.27815823,
        0.281749731
      ],
      "memory_usage_byte": [
        56635392,
        56635392,
        58814464,
        58814464,
        58814464,
        58814464,
        58814464,
        58814464,
        58814464,
        58814464
      ],
      "exit_codes": [
        1,
        1,
        1,
        1,
        1,
        1,
        1,
        1,
        1,
        1
      ]
    }
  ]
}
