{
  "results": [
    {
      "command": "mado",
      "mean": 0.04715420390000001,
      "stddev": 0.004760581427600775,
      "median": 0.045115458500000004,
      "user": 0.07486659999999999,
      "system": 0.0087212,
      "min": 0.044538339,
      "max": 0.058388828000000004,
      "times": [
        0.045454675,
        0.045349886000000006,
        0.058388828000000004,
        0.044538339,
        0.044687155000000006,
        0.044754159,
        0.053381364,
        0.044915774000000006,
        0.044756716,
        0.045315143
      ],
      "memory_usage_byte": [
        31932416,
        31932416,
        31932416,
        31932416,
        31932416,
        31932416,
        31932416,
        31932416,
        31932416,
        31932416
      ],
      "exit_codes": [
        1,
        1,
        1,
        1,
        1,
        1,
        1,
        1,
        1,
        1
      ]
    },
    {
      "command": "rumdl",
      "mean": 0.19361254420000001,
      "stddev": 0.0021768915439584354,
      "median": 0.19345255700000002,
      "user": 0.6475191,
      "system": 0.034651499999999995,
      "min": 0.19098619,
      "max": 0.19762774900000002,
      "times": [
        0.19098619,
        0.19762774900000002,
        0.19520838000000001,
        0.193752854,
        0.19118674300000002,
        0.19315226000000002,
        0.19512220200000002,
        0.195249207,
        0.19154594600000002,
        0.192293911
      ],
      "memory_usage_byte": [
        50995200,
        50995200,
        50995200,
        52568064,
        52568064,
        52568064,
        52568064,
        52568064,
        52568064,
        52568064
      ],
      "exit_codes": [
        1,
        1,
        1,
        1,
        1,
        1,
        1,
        1,
        1,
        1
      ]
    },
    {
      "command": "panache",
      "mean": 0.5347037511000001,
      "stddev": 0.00871925762028047,
      "median": 0.5384073460000001,
      "user": 1.6317327,
      "system": 0.05120509999999999,
      "min": 0.523135859,
      "max": 0.546769236,
      "times": [
        0.5412432180000001,
        0.538098007,
        0.539367534,
        0.546769236,
        0.5240274850000001,
        0.523135859,
        0.538716685,
        0.5236478560000001,
        0.542058928,
        0.529972703
      ],
      "memory_usage_byte": [
        52568064,
        52568064,
        52568064,
        52568064,
        52568064,
        52568064,
        52568064,
        52568064,
        52568064,
        52568064
      ],
      "exit_codes": [
        0,
        0,
        0,
        0,
        0,
        0,
        0,
        0,
        0,
        0
      ]
    },
    {
      "command": "mdsmith-parity",
      "mean": 0.162453716,
      "stddev": 0.0029873432142887976,
      "median": 0.16147929500000002,
      "user": 0.39357229999999993,
      "system": 0.045434999999999996,
      "min": 0.15903166100000002,
      "max": 0.168473898,
      "times": [
        0.168473898,
        0.15903166100000002,
        0.166547256,
        0.161059381,
        0.16154395600000002,
        0.16379633400000002,
        0.160001728,
        0.16218110100000002,
        0.161414634,
        0.16048721100000002
      ],
      "memory_usage_byte": [
        52568064,
        52568064,
        52568064,
        52568064,
        52568064,
        52568064,
        52568064,
        52568064,
        52568064,
        52568064
      ],
      "exit_codes": [
        1,
        1,
        1,
        1,
        1,
        1,
        1,
        1,
        1,
        1
      ]
    },
    {
      "command": "mdsmith",
      "mean": 0.2818321098,
      "stddev": 0.005355283253996519,
      "median": 0.28179010950000005,
      "user": 0.7318828999999999,
      "system": 0.08113329999999999,
      "min": 0.27534068100000003,
      "max": 0.29386268600000004,
      "times": [
        0.285689699,
        0.28145757200000004,
        0.283247267,
        0.27758659,
        0.29386268600000004,
        0.282122647,
        0.27600783,
        0.28051146200000004,
        0.27534068100000003,
        0.282494664
      ],
      "memory_usage_byte": [
        58777600,
        58777600,
        58884096,
        58884096,
        58884096,
        58884096,
        58884096,
        59138048,
        59138048,
        59138048
      ],
      "exit_codes": [
        1,
        1,
        1,
        1,
        1,
        1,
        1,
        1,
        1,
        1
      ]
    }
  ]
}
