{
  "results": [
    {
      "command": "markdownlint-cli2",
      "mean": 3.143332803333333,
      "stddev": 0.09718115559985352,
      "median": 3.1499917535,
      "user": 4.8238425000000005,
      "system": 0.26948316666666666,
      "min": 3.029863886,
      "max": 3.244083609,
      "times": [
        3.24302527,
        3.104664293,
        3.043040548,
        3.029863886,
        3.195319214,
        3.244083609
      ],
      "memory_usage_byte": [
        384647168,
        384647168,
        384647168,
        384831488,
        384831488,
        384831488
      ],
      "exit_codes": [
        1,
        1,
        1,
        1,
        1,
        1
      ]
    }
  ]
}
