{
  "results": [
    {
      "command": "markdownlint-cli2",
      "mean": 3.1711815829999996,
      "stddev": 0.10673811296635133,
      "median": 3.1560206295000004,
      "user": 4.8424059999999995,
      "system": 0.271118,
      "min": 3.066887267,
      "max": 3.342219428,
      "times": [
        3.074239394,
        3.196724677,
        3.23170215,
        3.342219428,
        3.115316582,
        3.066887267
      ],
      "memory_usage_byte": [
        385314816,
        393838592,
        393838592,
        393838592,
        393838592,
        393838592
      ],
      "exit_codes": [
        1,
        1,
        1,
        1,
        1,
        1
      ]
    }
  ]
}
