{
  "results": [
    {
      "command": "markdownlint-cli2",
      "mean": 3.8972074075000003,
      "stddev": 0.10019923222101382,
      "median": 3.86404717,
      "user": 6.012873166666666,
      "system": 0.28094116666666663,
      "min": 3.791526749,
      "max": 4.028553245,
      "times": [
        4.014345311,
        4.028553245,
        3.861900115,
        3.791526749,
        3.866194225,
        3.8207248
      ],
      "memory_usage_byte": [
        385421312,
        385421312,
        385421312,
        385421312,
        411332608,
        411332608
      ],
      "exit_codes": [
        1,
        1,
        1,
        1,
        1,
        1
      ]
    }
  ]
}
