{
  "results": [
    {
      "command": "mado",
      "mean": 0.0585311063,
      "stddev": 0.0018362062408971893,
      "median": 0.0579034985,
      "user": 0.0902473,
      "system": 0.0203344,
      "min": 0.057058540000000005,
      "max": 0.063378084,
      "times": [
        0.059283937,
        0.0576882,
        0.058494029,
        0.057331452000000005,
        0.057058540000000005,
        0.063378084,
        0.057479659,
        0.057953547,
        0.05785345,
        0.058790165000000005
      ],
      "memory_usage_byte": [
        30928896,
        30928896,
        30928896,
        30928896,
        30928896,
        30928896,
        30928896,
        30928896,
        30928896,
        30928896
      ],
      "exit_codes": [
        1,
        1,
        1,
        1,
        1,
        1,
        1,
        1,
        1,
        1
      ]
    },
    {
      "command": "rumdl",
      "mean": 0.2974882315,
      "stddev": 0.008362879097160783,
      "median": 0.2964019885,
      "user": 0.8834185999999999,
      "system": 0.0676522,
      "min": 0.286190221,
      "max": 0.31361700400000003,
      "times": [
        0.289817168,
        0.291491926,
        0.29238518900000005,
        0.299255692,
        0.31361700400000003,
        0.297857429,
        0.29494654800000003,
        0.286190221,
        0.302634463,
        0.306686675
      ],
      "memory_usage_byte": [
        50376704,
        50376704,
        50376704,
        50376704,
        52412416,
        52412416,
        52412416,
        52412416,
        52412416,
        52412416
      ],
      "exit_codes": [
        1,
        1,
        1,
        1,
        1,
        1,
        1,
        1,
        1,
        1
      ]
    },
    {
      "command": "panache",
      "mean": 0.5647302489,
      "stddev": 0.05640315984926398,
      "median": 0.5369414095,
      "user": 1.9272348000000001,
      "system": 0.1369106,
      "min": 0.534606405,
      "max": 0.694768523,
      "times": [
        0.694768523,
        0.534606405,
        0.545138467,
        0.536563192,
        0.537249697,
        0.535635423,
        0.536633122,
        0.6429205640000001,
        0.548576919,
        0.5352101770000001
      ],
      "memory_usage_byte": [
        52412416,
        52412416,
        52412416,
        52412416,
        52412416,
        52412416,
        52412416,
        52412416,
        52412416,
        52412416
      ],
      "exit_codes": [
        0,
        0,
        0,
        0,
        0,
        0,
        0,
        0,
        0,
        0
      ]
    },
    {
      "command": "mdsmith-parity",
      "mean": 0.16746599160000003,
      "stddev": 0.004137306365072707,
      "median": 0.1676397605,
      "user": 0.4957749999999999,
      "system": 0.0586185,
      "min": 0.162081944,
      "max": 0.173113613,
      "times": [
        0.16678978500000002,
        0.16910561300000002,
        0.162375645,
        0.168489736,
        0.171518013,
        0.172447752,
        0.173113613,
        0.16321865300000002,
        0.165519162,
        0.162081944
      ],
      "memory_usage_byte": [
        52412416,
        52412416,
        52412416,
        52412416,
        52412416,
        52412416,
        52412416,
        52412416,
        52412416,
        52412416
      ],
      "exit_codes": [
        1,
        1,
        1,
        1,
        1,
        1,
        1,
        1,
        1,
        1
      ]
    },
    {
      "command": "mdsmith",
      "mean": 0.6225676487999999,
      "stddev": 0.06114529702393085,
      "median": 0.5911494835000001,
      "user": 1.3823721999999998,
      "system": 0.5714619000000001,
      "min": 0.5736734370000001,
      "max": 0.76593953,
      "times": [
        0.5736734370000001,
        0.635949686,
        0.76593953,
        0.6877833050000001,
        0.5879291710000001,
        0.579193998,
        0.5880277220000001,
        0.5940450460000001,
        0.6248806720000001,
        0.5882539210000001
      ],
      "memory_usage_byte": [
        52412416,
        52412416,
        52412416,
        52412416,
        52412416,
        52412416,
        52412416,
        52412416,
        52412416,
        52412416
      ],
      "exit_codes": [
        1,
        1,
        1,
        1,
        1,
        1,
        1,
        1,
        1,
        1
      ]
    }
  ]
}
