{
  "results": [
    {
      "command": "mado",
      "mean": 0.043543484400000006,
      "stddev": 0.001792980208641232,
      "median": 0.042952905,
      "user": 0.06790670000000001,
      "system": 0.008076799999999999,
      "min": 0.042602016,
      "max": 0.048515015,
      "times": [
        0.042602016,
        0.042730916,
        0.043089634,
        0.048515015,
        0.044042621000000004,
        0.043044193,
        0.043007357,
        0.042824653000000004,
        0.042679986,
        0.042898453
      ],
      "memory_usage_byte": [
        31891456,
        31891456,
        31891456,
        31891456,
        31891456,
        31891456,
        31891456,
        31891456,
        31891456,
        31891456
      ],
      "exit_codes": [
        1,
        1,
        1,
        1,
        1,
        1,
        1,
        1,
        1,
        1
      ]
    },
    {
      "command": "rumdl",
      "mean": 0.20152725630000004,
      "stddev": 0.0037301101629305246,
      "median": 0.200519593,
      "user": 0.7019307999999999,
      "system": 0.0235276,
      "min": 0.19709115200000002,
      "max": 0.20652578000000002,
      "times": [
        0.200325624,
        0.200713562,
        0.197950688,
        0.197373875,
        0.205979398,
        0.19709115200000002,
        0.20612058700000002,
        0.20353000000000002,
        0.199661897,
        0.20652578000000002
      ],
      "memory_usage_byte": [
        50892800,
        50892800,
        50892800,
        50892800,
        50892800,
        50892800,
        50892800,
        50892800,
        50892800,
        50892800
      ],
      "exit_codes": [
        1,
        1,
        1,
        1,
        1,
        1,
        1,
        1,
        1,
        1
      ]
    },
    {
      "command": "panache",
      "mean": 0.5272511388000001,
      "stddev": 0.00933793441616892,
      "median": 0.5242727895000001,
      "user": 1.6990659999999997,
      "system": 0.03486859999999999,
      "min": 0.521717439,
      "max": 0.5535103760000001,
      "times": [
        0.526447819,
        0.521717439,
        0.524267856,
        0.5242777230000001,
        0.5535103760000001,
        0.52393099,
        0.5258557260000001,
        0.5233954550000001,
        0.5259380800000001,
        0.5231699240000001
      ],
      "memory_usage_byte": [
        50892800,
        50892800,
        50892800,
        50892800,
        50892800,
        50892800,
        50892800,
        50892800,
        50892800,
        50892800
      ],
      "exit_codes": [
        0,
        0,
        0,
        0,
        0,
        0,
        0,
        0,
        0,
        0
      ]
    },
    {
      "command": "mdsmith-parity",
      "mean": 0.1404104763,
      "stddev": 0.002449030127565608,
      "median": 0.1402727675,
      "user": 0.3837834,
      "system": 0.0313649,
      "min": 0.136168452,
      "max": 0.144409952,
      "times": [
        0.13991642,
        0.140629115,
        0.14355909,
        0.141205235,
        0.13981226200000002,
        0.139375261,
        0.141263307,
        0.144409952,
        0.137765669,
        0.136168452
      ],
      "memory_usage_byte": [
        50892800,
        50892800,
        50892800,
        50892800,
        50892800,
        50892800,
        50892800,
        50892800,
        50892800,
        50892800
      ],
      "exit_codes": [
        1,
        1,
        1,
        1,
        1,
        1,
        1,
        1,
        1,
        1
      ]
    },
    {
      "command": "mdsmith",
      "mean": 0.24417942170000004,
      "stddev": 0.002547137675828916,
      "median": 0.24424740100000003,
      "user": 0.6972221999999999,
      "system": 0.0560616,
      "min": 0.241134959,
      "max": 0.248609133,
      "times": [
        0.241442122,
        0.241134959,
        0.24625716700000003,
        0.242999652,
        0.241173246,
        0.248609133,
        0.243345302,
        0.246064105,
        0.24561903100000002,
        0.24514950000000002
      ],
      "memory_usage_byte": [
        56397824,
        56397824,
        56397824,
        56397824,
        56397824,
        56397824,
        56397824,
        56397824,
        56397824,
        56397824
      ],
      "exit_codes": [
        1,
        1,
        1,
        1,
        1,
        1,
        1,
        1,
        1,
        1
      ]
    }
  ]
}
