{
  "results": [
    {
      "command": "mado",
      "mean": 0.0477340211,
      "stddev": 0.002502171169726869,
      "median": 0.047634485000000004,
      "user": 0.0757037,
      "system": 0.0087695,
      "min": 0.045095638,
      "max": 0.050686902000000006,
      "times": [
        0.04968231,
        0.050211163,
        0.045331304,
        0.049909257000000005,
        0.049973054,
        0.045491236000000004,
        0.04558666,
        0.045095638,
        0.045372687,
        0.050686902000000006
      ],
      "memory_usage_byte": [
        29491200,
        31166464,
        31166464,
        31637504,
        31637504,
        31637504,
        31637504,
        31637504,
        31637504,
        31637504
      ],
      "exit_codes": [
        1,
        1,
        1,
        1,
        1,
        1,
        1,
        1,
        1,
        1
      ]
    },
    {
      "command": "rumdl",
      "mean": 0.1881659799,
      "stddev": 0.0014238949198104023,
      "median": 0.187906445,
      "user": 0.6165223,
      "system": 0.0399132,
      "min": 0.186576086,
      "max": 0.19071788,
      "times": [
        0.19071788,
        0.188324716,
        0.187078074,
        0.188114679,
        0.187698211,
        0.190589437,
        0.187228161,
        0.18817867600000002,
        0.18715387900000002,
        0.186576086
      ],
      "memory_usage_byte": [
        51773440,
        51773440,
        51773440,
        51773440,
        51773440,
        51773440,
        51773440,
        51773440,
        51773440,
        51773440
      ],
      "exit_codes": [
        1,
        1,
        1,
        1,
        1,
        1,
        1,
        1,
        1,
        1
      ]
    },
    {
      "command": "panache",
      "mean": 0.5388706125,
      "stddev": 0.018270557786762467,
      "median": 0.546655956,
      "user": 1.5734394999999999,
      "system": 0.06166999999999999,
      "min": 0.5115045,
      "max": 0.5599009570000001,
      "times": [
        0.5467303840000001,
        0.5115045,
        0.5448649440000001,
        0.548255928,
        0.546581528,
        0.514645937,
        0.5131737120000001,
        0.5510232810000001,
        0.5520249540000001,
        0.5599009570000001
      ],
      "memory_usage_byte": [
        51773440,
        51773440,
        51773440,
        51773440,
        51773440,
        51773440,
        51773440,
        51773440,
        51773440,
        51773440
      ],
      "exit_codes": [
        0,
        0,
        0,
        0,
        0,
        0,
        0,
        0,
        0,
        0
      ]
    },
    {
      "command": "mdsmith-parity",
      "mean": 0.1973460433,
      "stddev": 0.0024111802886808194,
      "median": 0.19689489850000003,
      "user": 0.49521139999999997,
      "system": 0.06223340000000001,
      "min": 0.19426835,
      "max": 0.20241334100000002,
      "times": [
        0.19671683,
        0.19524799,
        0.19426835,
        0.19967188200000002,
        0.19707296700000002,
        0.195540594,
        0.20241334100000002,
        0.19603835500000003,
        0.19785364600000002,
        0.198636478
      ],
      "memory_usage_byte": [
        51773440,
        51773440,
        51773440,
        51773440,
        51773440,
        51773440,
        51773440,
        51773440,
        51773440,
        51773440
      ],
      "exit_codes": [
        1,
        1,
        1,
        1,
        1,
        1,
        1,
        1,
        1,
        1
      ]
    },
    {
      "command": "mdsmith",
      "mean": 0.35126078740000005,
      "stddev": 0.0031875590883656893,
      "median": 0.350732103,
      "user": 0.9763445999999998,
      "system": 0.09445830000000001,
      "min": 0.34837981700000004,
      "max": 0.359510955,
      "times": [
        0.35075888800000005,
        0.35164304300000004,
        0.351752188,
        0.34837981700000004,
        0.359510955,
        0.349153574,
        0.34926338,
        0.349120765,
        0.35070531800000004,
        0.352319946
      ],
      "memory_usage_byte": [
        54530048,
        54530048,
        54530048,
        54530048,
        54530048,
        54530048,
        54530048,
        56455168,
        56455168,
        56455168
      ],
      "exit_codes": [
        1,
        1,
        1,
        1,
        1,
        1,
        1,
        1,
        1,
        1
      ]
    }
  ]
}
