{
  "results": [
    {
      "command": "markdownlint-cli2",
      "mean": 3.592547484666667,
      "stddev": 0.03615793765384049,
      "median": 3.6034371075,
      "user": 5.5536135,
      "system": 0.28602666666666665,
      "min": 3.5390728559999998,
      "max": 3.637302442,
      "times": [
        3.611817795,
        3.600219493,
        3.606654722,
        3.637302442,
        3.5602176,
        3.5390728559999998
      ],
      "memory_usage_byte": [
        381009920,
        392810496,
        392810496,
        404000768,
        404000768,
        404000768
      ],
      "exit_codes": [
        1,
        1,
        1,
        1,
        1,
        1
      ]
    }
  ]
}
