{
  "results": [
    {
      "command": "mado",
      "mean": 0.04638464090000001,
      "stddev": 0.002235592236745851,
      "median": 0.045744343500000006,
      "user": 0.07406460000000001,
      "system": 0.0076547,
      "min": 0.045375742000000004,
      "max": 0.052714258,
      "times": [
        0.04599806,
        0.045397362000000004,
        0.045930062,
        0.045808073000000005,
        0.045503842,
        0.052714258,
        0.045375742000000004,
        0.045917438000000005,
        0.045520958,
        0.045680614
      ],
      "memory_usage_byte": [
        31756288,
        31834112,
        31834112,
        31834112,
        31834112,
        31834112,
        31834112,
        31834112,
        31834112,
        31834112
      ],
      "exit_codes": [
        1,
        1,
        1,
        1,
        1,
        1,
        1,
        1,
        1,
        1
      ]
    },
    {
      "command": "rumdl",
      "mean": 0.19504206559999998,
      "stddev": 0.0025362291391363414,
      "median": 0.1940491935,
      "user": 0.6463553,
      "system": 0.0345978,
      "min": 0.192416947,
      "max": 0.19834747400000002,
      "times": [
        0.197704618,
        0.197534188,
        0.19834747400000002,
        0.19346225900000003,
        0.194108681,
        0.193989706,
        0.192416947,
        0.192432346,
        0.19799001400000002,
        0.19243442300000002
      ],
      "memory_usage_byte": [
        52584448,
        52584448,
        52584448,
        52584448,
        52584448,
        52584448,
        52584448,
        52584448,
        52584448,
        52584448
      ],
      "exit_codes": [
        1,
        1,
        1,
        1,
        1,
        1,
        1,
        1,
        1,
        1
      ]
    },
    {
      "command": "panache",
      "mean": 0.5334518253,
      "stddev": 0.006600377690764326,
      "median": 0.5372649460000001,
      "user": 1.6285543999999998,
      "system": 0.0531234,
      "min": 0.5218552860000001,
      "max": 0.540546999,
      "times": [
        0.537574332,
        0.531798685,
        0.5373757290000001,
        0.528909743,
        0.5376661650000001,
        0.5371541630000001,
        0.523532554,
        0.540546999,
        0.5218552860000001,
        0.538104597
      ],
      "memory_usage_byte": [
        52584448,
        52584448,
        52584448,
        52584448,
        52584448,
        52584448,
        52584448,
        52584448,
        52584448,
        52584448
      ],
      "exit_codes": [
        0,
        0,
        0,
        0,
        0,
        0,
        0,
        0,
        0,
        0
      ]
    },
    {
      "command": "mdsmith-parity",
      "mean": 0.16474806190000002,
      "stddev": 0.00199849954287886,
      "median": 0.16473534700000003,
      "user": 0.4059299,
      "system": 0.043861899999999995,
      "min": 0.162088553,
      "max": 0.16770446800000002,
      "times": [
        0.162636381,
        0.16489478800000001,
        0.16457590600000002,
        0.163132982,
        0.162088553,
        0.16770446800000002,
        0.16766231,
        0.16321156,
        0.165754801,
        0.16581887
      ],
      "memory_usage_byte": [
        52584448,
        52584448,
        52584448,
        52584448,
        52584448,
        52584448,
        52584448,
        52584448,
        52584448,
        52584448
      ],
      "exit_codes": [
        1,
        1,
        1,
        1,
        1,
        1,
        1,
        1,
        1,
        1
      ]
    },
    {
      "command": "mdsmith",
      "mean": 0.284545889,
      "stddev": 0.0028341678286595328,
      "median": 0.284571988,
      "user": 0.7407332999999999,
      "system": 0.0773291,
      "min": 0.279793383,
      "max": 0.289617473,
      "times": [
        0.279793383,
        0.285384303,
        0.285168857,
        0.289617473,
        0.28300951700000004,
        0.28727734400000005,
        0.282625196,
        0.283975119,
        0.282189497,
        0.28641820100000004
      ],
      "memory_usage_byte": [
        57032704,
        57032704,
        57032704,
        57032704,
        57032704,
        57032704,
        57032704,
        57032704,
        57032704,
        57032704
      ],
      "exit_codes": [
        1,
        1,
        1,
        1,
        1,
        1,
        1,
        1,
        1,
        1
      ]
    }
  ]
}
