{
  "results": [
    {
      "command": "markdownlint-cli2",
      "mean": 3.5895376658333333,
      "stddev": 0.075762906099711,
      "median": 3.6193220449999997,
      "user": 5.574576666666666,
      "system": 0.2882048333333333,
      "min": 3.484325194,
      "max": 3.652492927,
      "times": [
        3.588602032,
        3.484325194,
        3.510683748,
        3.652492927,
        3.650042058,
        3.651080036
      ],
      "memory_usage_byte": [
        389980160,
        389980160,
        389980160,
        389980160,
        389980160,
        389980160
      ],
      "exit_codes": [
        1,
        1,
        1,
        1,
        1,
        1
      ]
    }
  ]
}
