{
  "results": [
    {
      "command": "markdownlint-cli2",
      "mean": 3.1608113538333336,
      "stddev": 0.0805950734715092,
      "median": 3.127213962,
      "user": 4.730214833333332,
      "system": 0.307995,
      "min": 3.090336402,
      "max": 3.2876788550000002,
      "times": [
        3.2876788550000002,
        3.230791503,
        3.090336402,
        3.107734084,
        3.101633439,
        3.14669384
      ],
      "memory_usage_byte": [
        397312000,
        397312000,
        397312000,
        397312000,
        397312000,
        397312000
      ],
      "exit_codes": [
        1,
        1,
        1,
        1,
        1,
        1
      ]
    }
  ]
}
