{
  "results": [
    {
      "command": "markdownlint-cli2",
      "mean": 3.2092252056666672,
      "stddev": 0.09444535256398111,
      "median": 3.2386748890000003,
      "user": 4.771544333333333,
      "system": 0.2688736666666666,
      "min": 3.036539476,
      "max": 3.298290901,
      "times": [
        3.264190318,
        3.214425084,
        3.262924694,
        3.298290901,
        3.178980761,
        3.036539476
      ],
      "memory_usage_byte": [
        378617856,
        378617856,
        378617856,
        378617856,
        378617856,
        378617856
      ],
      "exit_codes": [
        1,
        1,
        1,
        1,
        1,
        1
      ]
    }
  ]
}
