{
  "results": [
    {
      "command": "markdownlint-cli2",
      "mean": 3.069030488833333,
      "stddev": 0.03151351513459144,
      "median": 3.0634442255,
      "user": 4.568852,
      "system": 0.2535088333333333,
      "min": 3.031899837,
      "max": 3.112460873,
      "times": [
        3.031899837,
        3.050606387,
        3.112460873,
        3.096929797,
        3.046003975,
        3.076282064
      ],
      "memory_usage_byte": [
        383639552,
        383639552,
        383639552,
        383639552,
        383639552,
        383639552
      ],
      "exit_codes": [
        1,
        1,
        1,
        1,
        1,
        1
      ]
    }
  ]
}
