{
  "results": [
    {
      "command": "mado",
      "mean": 0.05461112509999999,
      "stddev": 0.0015168140819968275,
      "median": 0.05395841850000001,
      "user": 0.08339690000000001,
      "system": 0.0180239,
      "min": 0.053220198,
      "max": 0.058315173000000005,
      "times": [
        0.055585509000000005,
        0.055419899,
        0.053220198,
        0.054588367000000006,
        0.053838358,
        0.053901783,
        0.053640761,
        0.053586149000000007,
        0.058315173000000005,
        0.05401505400000001
      ],
      "memory_usage_byte": [
        28966912,
        28966912,
        28966912,
        28966912,
        28966912,
        28966912,
        28966912,
        28966912,
        28966912,
        28966912
      ],
      "exit_codes": [
        1,
        1,
        1,
        1,
        1,
        1,
        1,
        1,
        1,
        1
      ]
    },
    {
      "command": "rumdl",
      "mean": 0.2605782324,
      "stddev": 0.004149837905741731,
      "median": 0.259018381,
      "user": 0.7738595,
      "system": 0.06940550000000001,
      "min": 0.25643930400000003,
      "max": 0.266523434,
      "times": [
        0.266523434,
        0.25643930400000003,
        0.258055967,
        0.257211786,
        0.25998079500000004,
        0.26643864700000003,
        0.26439986800000004,
        0.25705836600000004,
        0.25651856300000003,
        0.263155594
      ],
      "memory_usage_byte": [
        55529472,
        55529472,
        56627200,
        56627200,
        56627200,
        56627200,
        56627200,
        56627200,
        56627200,
        56627200
      ],
      "exit_codes": [
        1,
        1,
        1,
        1,
        1,
        1,
        1,
        1,
        1,
        1
      ]
    },
    {
      "command": "panache",
      "mean": 0.5438563243,
      "stddev": 0.04895101295872639,
      "median": 0.538011624,
      "user": 1.715858,
      "system": 0.13225630000000002,
      "min": 0.48646906,
      "max": 0.616751968,
      "times": [
        0.48646906,
        0.562318504,
        0.513704744,
        0.5038346260000001,
        0.505314793,
        0.616751968,
        0.488962241,
        0.585058686,
        0.58832986,
        0.5878187610000001
      ],
      "memory_usage_byte": [
        56627200,
        56627200,
        56627200,
        56627200,
        56627200,
        56627200,
        56627200,
        56627200,
        56627200,
        56627200
      ],
      "exit_codes": [
        0,
        0,
        0,
        0,
        0,
        0,
        0,
        0,
        0,
        0
      ]
    },
    {
      "command": "mdsmith-parity",
      "mean": 0.15424090629999998,
      "stddev": 0.0027571130642302486,
      "median": 0.15492152850000002,
      "user": 0.43663939999999996,
      "system": 0.0683367,
      "min": 0.14905680600000001,
      "max": 0.156974033,
      "times": [
        0.15453786700000002,
        0.155751623,
        0.149357329,
        0.154967393,
        0.154875664,
        0.154813441,
        0.156974033,
        0.156298927,
        0.15577598,
        0.14905680600000001
      ],
      "memory_usage_byte": [
        56627200,
        56627200,
        56627200,
        56627200,
        56627200,
        56627200,
        56627200,
        56627200,
        56627200,
        56627200
      ],
      "exit_codes": [
        1,
        1,
        1,
        1,
        1,
        1,
        1,
        1,
        1,
        1
      ]
    },
    {
      "command": "mdsmith",
      "mean": 0.5263546312,
      "stddev": 0.009679273113719761,
      "median": 0.5288110415,
      "user": 1.1845864999999998,
      "system": 0.5652728999999999,
      "min": 0.511959002,
      "max": 0.541704273,
      "times": [
        0.541704273,
        0.529469858,
        0.528152225,
        0.530531596,
        0.5352755060000001,
        0.514680127,
        0.5277841400000001,
        0.514443953,
        0.511959002,
        0.529545632
      ],
      "memory_usage_byte": [
        56627200,
        56627200,
        56627200,
        56627200,
        56627200,
        56627200,
        56627200,
        56627200,
        56627200,
        56627200
      ],
      "exit_codes": [
        1,
        1,
        1,
        1,
        1,
        1,
        1,
        1,
        1,
        1
      ]
    }
  ]
}
