{
  "results": [
    {
      "command": "mado",
      "mean": 0.05448706430000001,
      "stddev": 0.0029456273304383487,
      "median": 0.0536221425,
      "user": 0.08145840000000001,
      "system": 0.0198608,
      "min": 0.053169718000000005,
      "max": 0.062834992,
      "times": [
        0.053394398,
        0.053169718000000005,
        0.053734289000000005,
        0.054107871,
        0.062834992,
        0.05366891,
        0.053489437,
        0.053679087,
        0.053575375,
        0.053216566
      ],
      "memory_usage_byte": [
        28741632,
        28741632,
        28868608,
        28971008,
        28971008,
        28971008,
        28971008,
        28971008,
        28971008,
        28971008
      ],
      "exit_codes": [
        1,
        1,
        1,
        1,
        1,
        1,
        1,
        1,
        1,
        1
      ]
    },
    {
      "command": "rumdl",
      "mean": 0.2654048204,
      "stddev": 0.005916339200658868,
      "median": 0.2670607435,
      "user": 0.7719347000000001,
      "system": 0.06607249999999999,
      "min": 0.256239687,
      "max": 0.27318296200000003,
      "times": [
        0.258678845,
        0.26994846,
        0.26981543,
        0.269192496,
        0.26414770800000004,
        0.264928991,
        0.27318296200000003,
        0.26965088400000004,
        0.258262741,
        0.256239687
      ],
      "memory_usage_byte": [
        50671616,
        50671616,
        52338688,
        52891648,
        52891648,
        52891648,
        52891648,
        53821440,
        53821440,
        53821440
      ],
      "exit_codes": [
        1,
        1,
        1,
        1,
        1,
        1,
        1,
        1,
        1,
        1
      ]
    },
    {
      "command": "panache",
      "mean": 0.5120854076,
      "stddev": 0.045626284318019336,
      "median": 0.4905429545000001,
      "user": 1.7416678,
      "system": 0.1329628,
      "min": 0.487194124,
      "max": 0.598544143,
      "times": [
        0.5985029110000001,
        0.598544143,
        0.49055308300000006,
        0.49079886300000003,
        0.496928531,
        0.489179872,
        0.489188744,
        0.487194124,
        0.48943097900000004,
        0.49053282600000003
      ],
      "memory_usage_byte": [
        53821440,
        53821440,
        53821440,
        53821440,
        53821440,
        53821440,
        53821440,
        53821440,
        53821440,
        53821440
      ],
      "exit_codes": [
        0,
        0,
        0,
        0,
        0,
        0,
        0,
        0,
        0,
        0
      ]
    },
    {
      "command": "mdsmith-parity",
      "mean": 0.1564567412,
      "stddev": 0.004986170927624562,
      "median": 0.15512480300000003,
      "user": 0.4405709,
      "system": 0.0637161,
      "min": 0.150449676,
      "max": 0.166580329,
      "times": [
        0.15654709800000002,
        0.166580329,
        0.15820867700000002,
        0.15486075100000002,
        0.15538885500000002,
        0.150449676,
        0.154459768,
        0.154162876,
        0.162814495,
        0.151094887
      ],
      "memory_usage_byte": [
        53821440,
        53821440,
        53821440,
        53821440,
        53821440,
        53821440,
        53821440,
        53821440,
        53821440,
        53821440
      ],
      "exit_codes": [
        1,
        1,
        1,
        1,
        1,
        1,
        1,
        1,
        1,
        1
      ]
    },
    {
      "command": "mdsmith",
      "mean": 0.5299499066,
      "stddev": 0.01539779828729267,
      "median": 0.528751255,
      "user": 1.1801133000000001,
      "system": 0.5549046999999999,
      "min": 0.512445634,
      "max": 0.5653307360000001,
      "times": [
        0.531679095,
        0.535097418,
        0.5312568990000001,
        0.5169249020000001,
        0.5653307360000001,
        0.540856972,
        0.5241498490000001,
        0.51551195,
        0.512445634,
        0.526245611
      ],
      "memory_usage_byte": [
        53821440,
        53821440,
        53821440,
        53821440,
        53821440,
        53821440,
        53821440,
        53821440,
        53821440,
        53821440
      ],
      "exit_codes": [
        1,
        1,
        1,
        1,
        1,
        1,
        1,
        1,
        1,
        1
      ]
    }
  ]
}
