{
  "results": [
    {
      "command": "markdownlint-cli2",
      "mean": 3.518427302833334,
      "stddev": 0.15348219747225605,
      "median": 3.460096278,
      "user": 5.465210833333333,
      "system": 0.2561995,
      "min": 3.393198865,
      "max": 3.795829712,
      "times": [
        3.594739054,
        3.795829712,
        3.4629800570000002,
        3.393198865,
        3.40660363,
        3.457212499
      ],
      "memory_usage_byte": [
        381833216,
        381833216,
        381833216,
        381833216,
        381833216,
        381833216
      ],
      "exit_codes": [
        1,
        1,
        1,
        1,
        1,
        1
      ]
    }
  ]
}
