{
  "results": [
    {
      "command": "markdownlint-cli2",
      "mean": 4.267079071833334,
      "stddev": 0.10613839105777524,
      "median": 4.2418289394999995,
      "user": 6.453914500000001,
      "system": 0.287671,
      "min": 4.167824792,
      "max": 4.438653956,
      "times": [
        4.173512012,
        4.167824792,
        4.438653956,
        4.338825792,
        4.211333756,
        4.272324123
      ],
      "memory_usage_byte": [
        383660032,
        383660032,
        383660032,
        383660032,
        383660032,
        400523264
      ],
      "exit_codes": [
        1,
        1,
        1,
        1,
        1,
        1
      ]
    }
  ]
}
