{
  "results": [
    {
      "command": "mado",
      "mean": 0.0464234689,
      "stddev": 0.00037988753569955105,
      "median": 0.046395609500000004,
      "user": 0.0729871,
      "system": 0.0080882,
      "min": 0.045722349,
      "max": 0.046965625000000004,
      "times": [
        0.046383727,
        0.046195002000000006,
        0.046965625000000004,
        0.046012387,
        0.046603689000000004,
        0.0463994,
        0.045722349,
        0.046391819,
        0.0467505,
        0.046810191
      ],
      "memory_usage_byte": [
        29765632,
        31772672,
        31772672,
        31772672,
        31772672,
        31772672,
        31772672,
        31772672,
        31772672,
        31772672
      ],
      "exit_codes": [
        1,
        1,
        1,
        1,
        1,
        1,
        1,
        1,
        1,
        1
      ]
    },
    {
      "command": "rumdl",
      "mean": 0.1904309064,
      "stddev": 0.001103431152701745,
      "median": 0.190431397,
      "user": 0.6217981000000001,
      "system": 0.0390715,
      "min": 0.18908606700000002,
      "max": 0.192841474,
      "times": [
        0.18908606700000002,
        0.191272677,
        0.18958781400000002,
        0.18946869400000002,
        0.190425588,
        0.192841474,
        0.19102117700000001,
        0.18963448500000002,
        0.19053388200000002,
        0.19043720600000003
      ],
      "memory_usage_byte": [
        51310592,
        51310592,
        51310592,
        51310592,
        51310592,
        51310592,
        51310592,
        51310592,
        51310592,
        51310592
      ],
      "exit_codes": [
        1,
        1,
        1,
        1,
        1,
        1,
        1,
        1,
        1,
        1
      ]
    },
    {
      "command": "panache",
      "mean": 0.5281297255,
      "stddev": 0.00968339199034784,
      "median": 0.5327968734999999,
      "user": 1.5998271,
      "system": 0.0612,
      "min": 0.514047153,
      "max": 0.5399695290000001,
      "times": [
        0.533671828,
        0.519987404,
        0.533268109,
        0.538233439,
        0.532325638,
        0.534355459,
        0.514047153,
        0.515876082,
        0.5399695290000001,
        0.519562614
      ],
      "memory_usage_byte": [
        51310592,
        51310592,
        51310592,
        51310592,
        51310592,
        51310592,
        51310592,
        51310592,
        51310592,
        51310592
      ],
      "exit_codes": [
        0,
        0,
        0,
        0,
        0,
        0,
        0,
        0,
        0,
        0
      ]
    },
    {
      "command": "mdsmith-parity",
      "mean": 0.16851965400000002,
      "stddev": 0.003251300981362692,
      "median": 0.16786286500000003,
      "user": 0.3743926,
      "system": 0.0629161,
      "min": 0.164878203,
      "max": 0.175917226,
      "times": [
        0.16856673700000002,
        0.171091756,
        0.170062233,
        0.165862317,
        0.16677714700000001,
        0.164878203,
        0.16883391,
        0.175917226,
        0.167158993,
        0.16604801800000002
      ],
      "memory_usage_byte": [
        51310592,
        51310592,
        51310592,
        51310592,
        51310592,
        51310592,
        51310592,
        51310592,
        51310592,
        51310592
      ],
      "exit_codes": [
        1,
        1,
        1,
        1,
        1,
        1,
        1,
        1,
        1,
        1
      ]
    },
    {
      "command": "mdsmith",
      "mean": 0.29185730000000004,
      "stddev": 0.0021255971081948787,
      "median": 0.2913466535,
      "user": 0.7121125999999999,
      "system": 0.09927459999999999,
      "min": 0.288719435,
      "max": 0.29538599200000004,
      "times": [
        0.29538599200000004,
        0.29305130100000004,
        0.288719435,
        0.29217739200000004,
        0.294160975,
        0.290515915,
        0.29047190900000003,
        0.29352148,
        0.29050088300000004,
        0.29006771800000003
      ],
      "memory_usage_byte": [
        60411904,
        60411904,
        60411904,
        60411904,
        60411904,
        61304832,
        61304832,
        61304832,
        61304832,
        61304832
      ],
      "exit_codes": [
        1,
        1,
        1,
        1,
        1,
        1,
        1,
        1,
        1,
        1
      ]
    }
  ]
}
