{
  "results": [
    {
      "command": "mado",
      "mean": 0.04767339080000001,
      "stddev": 0.0030149626546436253,
      "median": 0.046145178,
      "user": 0.07626820000000001,
      "system": 0.007806499999999999,
      "min": 0.045313089,
      "max": 0.052386083,
      "times": [
        0.051314199000000005,
        0.045612288,
        0.046327321000000005,
        0.052295842,
        0.052386083,
        0.04631293,
        0.045313089,
        0.045598196,
        0.045596534,
        0.045977426
      ],
      "memory_usage_byte": [
        29720576,
        29720576,
        29720576,
        29720576,
        29720576,
        29720576,
        29720576,
        29720576,
        29720576,
        29720576
      ],
      "exit_codes": [
        1,
        1,
        1,
        1,
        1,
        1,
        1,
        1,
        1,
        1
      ]
    },
    {
      "command": "rumdl",
      "mean": 0.19092300030000003,
      "stddev": 0.002230058381631205,
      "median": 0.1901561115,
      "user": 0.6185034,
      "system": 0.0387117,
      "min": 0.18827948,
      "max": 0.19543681100000002,
      "times": [
        0.19543681100000002,
        0.189147073,
        0.19256086500000003,
        0.19053724800000002,
        0.189503377,
        0.189986012,
        0.193579824,
        0.18987310200000002,
        0.18827948,
        0.19032621100000002
      ],
      "memory_usage_byte": [
        51286016,
        51286016,
        51286016,
        51286016,
        51286016,
        51286016,
        51286016,
        51286016,
        51286016,
        51286016
      ],
      "exit_codes": [
        1,
        1,
        1,
        1,
        1,
        1,
        1,
        1,
        1,
        1
      ]
    },
    {
      "command": "panache",
      "mean": 0.5519105624,
      "stddev": 0.025781513792263948,
      "median": 0.54666948,
      "user": 1.5684086,
      "system": 0.05743099999999999,
      "min": 0.514788828,
      "max": 0.617543933,
      "times": [
        0.547896107,
        0.560220861,
        0.617543933,
        0.543932744,
        0.545867152,
        0.545517029,
        0.5474718080000001,
        0.514788828,
        0.551004224,
        0.5448629380000001
      ],
      "memory_usage_byte": [
        51286016,
        51286016,
        51286016,
        51286016,
        51286016,
        51286016,
        51286016,
        51286016,
        51286016,
        51286016
      ],
      "exit_codes": [
        0,
        0,
        0,
        0,
        0,
        0,
        0,
        0,
        0,
        0
      ]
    },
    {
      "command": "mdsmith-parity",
      "mean": 0.1844152117,
      "stddev": 0.0023271584309272997,
      "median": 0.18391873050000002,
      "user": 0.44822860000000003,
      "system": 0.0597592,
      "min": 0.181577277,
      "max": 0.189496826,
      "times": [
        0.183688285,
        0.18341443400000002,
        0.183540072,
        0.184149176,
        0.187235689,
        0.189496826,
        0.182294528,
        0.18452372900000003,
        0.181577277,
        0.184232101
      ],
      "memory_usage_byte": [
        51286016,
        51286016,
        51286016,
        51286016,
        51286016,
        51286016,
        51286016,
        51286016,
        51286016,
        51286016
      ],
      "exit_codes": [
        1,
        1,
        1,
        1,
        1,
        1,
        1,
        1,
        1,
        1
      ]
    },
    {
      "command": "mdsmith",
      "mean": 0.3441811556,
      "stddev": 0.0032884774753847035,
      "median": 0.343372143,
      "user": 0.9383593000000001,
      "system": 0.09842160000000001,
      "min": 0.339805336,
      "max": 0.34898815600000005,
      "times": [
        0.340734951,
        0.34898815600000005,
        0.342279869,
        0.339805336,
        0.345621654,
        0.344464417,
        0.341858899,
        0.347673966,
        0.34817446700000004,
        0.342209841
      ],
      "memory_usage_byte": [
        54611968,
        54611968,
        54611968,
        54611968,
        54611968,
        54611968,
        54611968,
        54611968,
        54611968,
        54611968
      ],
      "exit_codes": [
        1,
        1,
        1,
        1,
        1,
        1,
        1,
        1,
        1,
        1
      ]
    }
  ]
}
