{
  "results": [
    {
      "command": "mado",
      "mean": 0.0625239636,
      "stddev": 0.0055417454451434185,
      "median": 0.0643596805,
      "user": 0.0960426,
      "system": 0.020074199999999993,
      "min": 0.053408455,
      "max": 0.068580503,
      "times": [
        0.061164451,
        0.063627374,
        0.065091987,
        0.067123763,
        0.06738859500000001,
        0.058873978,
        0.068580503,
        0.053408455,
        0.066153841,
        0.053826689000000004
      ],
      "memory_usage_byte": [
        28860416,
        28860416,
        28860416,
        28860416,
        28860416,
        28860416,
        28909568,
        28909568,
        28909568,
        28909568
      ],
      "exit_codes": [
        1,
        1,
        1,
        1,
        1,
        1,
        1,
        1,
        1,
        1
      ]
    },
    {
      "command": "rumdl",
      "mean": 0.28058082100000004,
      "stddev": 0.024666356284748267,
      "median": 0.27069183,
      "user": 0.8065584999999998,
      "system": 0.06502269999999999,
      "min": 0.261410682,
      "max": 0.3273764,
      "times": [
        0.261410682,
        0.264162353,
        0.27030732900000004,
        0.278216536,
        0.271076331,
        0.28628175100000003,
        0.3273764,
        0.322364659,
        0.261536625,
        0.263075544
      ],
      "memory_usage_byte": [
        48361472,
        48361472,
        49860608,
        49860608,
        51871744,
        51871744,
        51871744,
        51871744,
        51871744,
        51871744
      ],
      "exit_codes": [
        1,
        1,
        1,
        1,
        1,
        1,
        1,
        1,
        1,
        1
      ]
    },
    {
      "command": "panache",
      "mean": 0.5445590405,
      "stddev": 0.049604890528799406,
      "median": 0.526665382,
      "user": 1.7676642,
      "system": 0.1220637,
      "min": 0.49777766900000003,
      "max": 0.601682602,
      "times": [
        0.500024417,
        0.6010183100000001,
        0.5941195220000001,
        0.599484558,
        0.601682602,
        0.499650925,
        0.498501638,
        0.49777766900000003,
        0.501448486,
        0.551882278
      ],
      "memory_usage_byte": [
        51871744,
        51871744,
        51871744,
        51871744,
        51871744,
        51871744,
        51871744,
        51871744,
        51871744,
        51871744
      ],
      "exit_codes": [
        0,
        0,
        0,
        0,
        0,
        0,
        0,
        0,
        0,
        0
      ]
    },
    {
      "command": "mdsmith-parity",
      "mean": 0.1581562122,
      "stddev": 0.0023217616476273115,
      "median": 0.15827702300000002,
      "user": 0.4684600999999999,
      "system": 0.056050100000000005,
      "min": 0.153742134,
      "max": 0.160779991,
      "times": [
        0.160437236,
        0.157616013,
        0.16018151600000002,
        0.160779991,
        0.15717424300000002,
        0.158938033,
        0.153742134,
        0.16012874400000002,
        0.156454175,
        0.156110037
      ],
      "memory_usage_byte": [
        51871744,
        51871744,
        51871744,
        51871744,
        51871744,
        51871744,
        51871744,
        51871744,
        51871744,
        51871744
      ],
      "exit_codes": [
        1,
        1,
        1,
        1,
        1,
        1,
        1,
        1,
        1,
        1
      ]
    },
    {
      "command": "mdsmith",
      "mean": 0.5268019525,
      "stddev": 0.010904770423901025,
      "median": 0.5313798270000001,
      "user": 1.2188805999999999,
      "system": 0.5174557,
      "min": 0.50906658,
      "max": 0.537051641,
      "times": [
        0.534552612,
        0.535952037,
        0.535491874,
        0.528207042,
        0.5356585070000001,
        0.510399234,
        0.523087769,
        0.50906658,
        0.5185522290000001,
        0.537051641
      ],
      "memory_usage_byte": [
        51871744,
        51871744,
        51871744,
        51871744,
        51871744,
        51871744,
        51871744,
        51871744,
        51871744,
        51871744
      ],
      "exit_codes": [
        1,
        1,
        1,
        1,
        1,
        1,
        1,
        1,
        1,
        1
      ]
    }
  ]
}
