{
  "results": [
    {
      "command": "mado",
      "mean": 0.055487849500000005,
      "stddev": 0.002630505313258748,
      "median": 0.054106230000000005,
      "user": 0.08649280000000001,
      "system": 0.016483499999999998,
      "min": 0.053441167000000005,
      "max": 0.060443064000000005,
      "times": [
        0.053934791,
        0.058925238000000005,
        0.053996284000000005,
        0.060443064000000005,
        0.054208073,
        0.053478664,
        0.054004517,
        0.058238754000000004,
        0.054207943,
        0.053441167000000005
      ],
      "memory_usage_byte": [
        28745728,
        28745728,
        28745728,
        28745728,
        28745728,
        28745728,
        28745728,
        28745728,
        28745728,
        28745728
      ],
      "exit_codes": [
        1,
        1,
        1,
        1,
        1,
        1,
        1,
        1,
        1,
        1
      ]
    },
    {
      "command": "rumdl",
      "mean": 0.26841926880000005,
      "stddev": 0.01993770732963186,
      "median": 0.2614254105,
      "user": 0.7846043999999999,
      "system": 0.06819289999999999,
      "min": 0.256309023,
      "max": 0.323611417,
      "times": [
        0.261248714,
        0.262497515,
        0.257850546,
        0.26060207,
        0.271514087,
        0.260098051,
        0.26160210700000003,
        0.256309023,
        0.26885915800000004,
        0.323611417
      ],
      "memory_usage_byte": [
        53538816,
        53538816,
        53538816,
        53538816,
        53538816,
        53538816,
        53538816,
        53538816,
        53538816,
        53538816
      ],
      "exit_codes": [
        1,
        1,
        1,
        1,
        1,
        1,
        1,
        1,
        1,
        1
      ]
    },
    {
      "command": "panache",
      "mean": 0.5065495218,
      "stddev": 0.03950274409781201,
      "median": 0.49432085200000003,
      "user": 1.7673917,
      "system": 0.1371608,
      "min": 0.49264950900000004,
      "max": 0.6189512,
      "times": [
        0.49264950900000004,
        0.49337447100000004,
        0.49346872300000005,
        0.494019623,
        0.49462208100000005,
        0.495051326,
        0.49477771400000004,
        0.6189512,
        0.49341269800000004,
        0.49516787300000004
      ],
      "memory_usage_byte": [
        53538816,
        53538816,
        53538816,
        53538816,
        53538816,
        53538816,
        53538816,
        53538816,
        53538816,
        53538816
      ],
      "exit_codes": [
        0,
        0,
        0,
        0,
        0,
        0,
        0,
        0,
        0,
        0
      ]
    },
    {
      "command": "mdsmith-parity",
      "mean": 0.1717535245,
      "stddev": 0.021429308281721,
      "median": 0.157715982,
      "user": 0.43366129999999997,
      "system": 0.0676089,
      "min": 0.15343521000000002,
      "max": 0.201254242,
      "times": [
        0.198941164,
        0.201254242,
        0.19660133300000002,
        0.18834698500000002,
        0.153950045,
        0.155677637,
        0.15343521000000002,
        0.159754327,
        0.154606043,
        0.154968259
      ],
      "memory_usage_byte": [
        53538816,
        53538816,
        53538816,
        53538816,
        53538816,
        53538816,
        53538816,
        53538816,
        53538816,
        53538816
      ],
      "exit_codes": [
        1,
        1,
        1,
        1,
        1,
        1,
        1,
        1,
        1,
        1
      ]
    },
    {
      "command": "mdsmith",
      "mean": 0.5306190363000001,
      "stddev": 0.009285467110356969,
      "median": 0.530917482,
      "user": 1.1938735999999999,
      "system": 0.5658664999999999,
      "min": 0.517465864,
      "max": 0.543063512,
      "times": [
        0.542370357,
        0.522814952,
        0.535730926,
        0.543063512,
        0.525694579,
        0.51907967,
        0.5288084200000001,
        0.538135539,
        0.533026544,
        0.517465864
      ],
      "memory_usage_byte": [
        53538816,
        53538816,
        53538816,
        53538816,
        53538816,
        53538816,
        53538816,
        53538816,
        53538816,
        53538816
      ],
      "exit_codes": [
        1,
        1,
        1,
        1,
        1,
        1,
        1,
        1,
        1,
        1
      ]
    }
  ]
}
