{
  "results": [
    {
      "command": "markdownlint-cli2",
      "mean": 2.3433218733333336,
      "stddev": 0.013538643228185735,
      "median": 2.344122503,
      "user": 3.4599254999999993,
      "system": 0.2307965,
      "min": 2.3202818560000003,
      "max": 2.356771478,
      "times": [
        2.356771478,
        2.347409048,
        2.338657871,
        2.3202818560000003,
        2.340835958,
        2.355975029
      ],
      "memory_usage_byte": [
        411176960,
        411176960,
        411176960,
        411176960,
        411176960,
        411176960
      ],
      "exit_codes": [
        1,
        1,
        1,
        1,
        1,
        1
      ]
    }
  ]
}
