{
  "results": [
    {
      "command": "mado",
      "mean": 0.04626870340000001,
      "stddev": 0.0031644770265771382,
      "median": 0.044758389,
      "user": 0.0711971,
      "system": 0.014657199999999999,
      "min": 0.043642056000000005,
      "max": 0.051588724,
      "times": [
        0.049552739000000005,
        0.051588724,
        0.043642056000000005,
        0.051126544,
        0.044811800000000006,
        0.044884546000000004,
        0.044024005000000005,
        0.044534396000000004,
        0.043817246000000004,
        0.044704978
      ],
      "memory_usage_byte": [
        29335552,
        31047680,
        31047680,
        31047680,
        31047680,
        31092736,
        31092736,
        31092736,
        31092736,
        31092736
      ],
      "exit_codes": [
        1,
        1,
        1,
        1,
        1,
        1,
        1,
        1,
        1,
        1
      ]
    },
    {
      "command": "rumdl",
      "mean": 0.23173770999999999,
      "stddev": 0.014448252010347546,
      "median": 0.22589577800000002,
      "user": 0.6495679999999999,
      "system": 0.05278449999999999,
      "min": 0.21896041600000002,
      "max": 0.258682517,
      "times": [
        0.237149728,
        0.22039693500000002,
        0.22037836200000002,
        0.21951125900000001,
        0.22184162400000002,
        0.21896041600000002,
        0.251833375,
        0.258682517,
        0.22994993200000002,
        0.23867295200000002
      ],
      "memory_usage_byte": [
        48979968,
        51675136,
        51675136,
        51675136,
        51675136,
        51675136,
        51675136,
        51675136,
        52744192,
        52744192
      ],
      "exit_codes": [
        1,
        1,
        1,
        1,
        1,
        1,
        1,
        1,
        1,
        1
      ]
    },
    {
      "command": "panache",
      "mean": 0.3989637657999999,
      "stddev": 0.0032330885044906284,
      "median": 0.39792063050000004,
      "user": 1.4328181999999998,
      "system": 0.1034167,
      "min": 0.39618171300000005,
      "max": 0.407154809,
      "times": [
        0.407154809,
        0.39780141100000005,
        0.396468343,
        0.401188828,
        0.39737972800000004,
        0.398890061,
        0.39935570800000003,
        0.39803985000000003,
        0.39717720700000003,
        0.39618171300000005
      ],
      "memory_usage_byte": [
        52744192,
        52744192,
        52744192,
        52744192,
        52744192,
        52744192,
        52744192,
        52744192,
        52744192,
        52744192
      ],
      "exit_codes": [
        0,
        0,
        0,
        0,
        0,
        0,
        0,
        0,
        0,
        0
      ]
    },
    {
      "command": "mdsmith-parity",
      "mean": 0.10872285740000001,
      "stddev": 0.001852082449436802,
      "median": 0.1088507735,
      "user": 0.31173529999999994,
      "system": 0.0439998,
      "min": 0.106027334,
      "max": 0.11170677500000001,
      "times": [
        0.10653345800000001,
        0.11170677500000001,
        0.109584887,
        0.107094753,
        0.109398591,
        0.110464133,
        0.108302956,
        0.10791207300000001,
        0.110203614,
        0.106027334
      ],
      "memory_usage_byte": [
        52744192,
        52744192,
        52744192,
        52744192,
        52744192,
        52744192,
        52744192,
        52744192,
        52744192,
        52744192
      ],
      "exit_codes": [
        1,
        1,
        1,
        1,
        1,
        1,
        1,
        1,
        1,
        1
      ]
    },
    {
      "command": "mdsmith",
      "mean": 0.5033412167000001,
      "stddev": 0.008310383636238686,
      "median": 0.5028376720000001,
      "user": 1.1754162000000001,
      "system": 0.47710749999999996,
      "min": 0.490639282,
      "max": 0.521539153,
      "times": [
        0.502164742,
        0.50535209,
        0.508408582,
        0.501575964,
        0.5050422050000001,
        0.521539153,
        0.490639282,
        0.501178366,
        0.494001181,
        0.5035106020000001
      ],
      "memory_usage_byte": [
        52744192,
        52744192,
        52744192,
        52744192,
        52744192,
        52744192,
        52744192,
        52744192,
        52744192,
        52744192
      ],
      "exit_codes": [
        1,
        1,
        1,
        1,
        1,
        1,
        1,
        1,
        1,
        1
      ]
    }
  ]
}
