{
  "results": [
    {
      "command": "mado",
      "mean": 0.0468007177,
      "stddev": 0.0023840349944806256,
      "median": 0.045955754,
      "user": 0.07397419999999999,
      "system": 0.0087039,
      "min": 0.044946275,
      "max": 0.051319769,
      "times": [
        0.045953888000000005,
        0.046452161000000006,
        0.046075233,
        0.045957620000000005,
        0.051159811000000006,
        0.045708074,
        0.044946275,
        0.045165807,
        0.045268539,
        0.051319769
      ],
      "memory_usage_byte": [
        29835264,
        29835264,
        33542144,
        33542144,
        33542144,
        33542144,
        33542144,
        33542144,
        33542144,
        33542144
      ],
      "exit_codes": [
        1,
        1,
        1,
        1,
        1,
        1,
        1,
        1,
        1,
        1
      ]
    },
    {
      "command": "rumdl",
      "mean": 0.1952399233,
      "stddev": 0.0016466243444051168,
      "median": 0.19525924,
      "user": 0.6468387,
      "system": 0.03520279999999999,
      "min": 0.19240165,
      "max": 0.19817431700000002,
      "times": [
        0.193970899,
        0.19240165,
        0.196200113,
        0.19607717000000002,
        0.19817431700000002,
        0.194928985,
        0.193614808,
        0.19499105800000002,
        0.195527422,
        0.196512811
      ],
      "memory_usage_byte": [
        50499584,
        51757056,
        51757056,
        51757056,
        51757056,
        51757056,
        51757056,
        51757056,
        51757056,
        51757056
      ],
      "exit_codes": [
        1,
        1,
        1,
        1,
        1,
        1,
        1,
        1,
        1,
        1
      ]
    },
    {
      "command": "panache",
      "mean": 0.5361293438,
      "stddev": 0.00791060905413537,
      "median": 0.53940631,
      "user": 1.6359681000000001,
      "system": 0.0543068,
      "min": 0.525557034,
      "max": 0.545693427,
      "times": [
        0.541454395,
        0.5399988920000001,
        0.526531905,
        0.5260117440000001,
        0.5317409160000001,
        0.525557034,
        0.540729334,
        0.545693427,
        0.5447620630000001,
        0.538813728
      ],
      "memory_usage_byte": [
        51757056,
        51757056,
        51757056,
        51757056,
        51757056,
        51757056,
        51757056,
        51757056,
        51757056,
        51757056
      ],
      "exit_codes": [
        0,
        0,
        0,
        0,
        0,
        0,
        0,
        0,
        0,
        0
      ]
    },
    {
      "command": "mdsmith-parity",
      "mean": 0.16314916610000002,
      "stddev": 0.002883602045131112,
      "median": 0.1623723835,
      "user": 0.3974892,
      "system": 0.043245900000000004,
      "min": 0.15949786400000002,
      "max": 0.1680831,
      "times": [
        0.16333488200000001,
        0.161308115,
        0.16208671500000002,
        0.15949786400000002,
        0.16748459200000002,
        0.165026058,
        0.1680831,
        0.160349243,
        0.162658052,
        0.16166304
      ],
      "memory_usage_byte": [
        51757056,
        51757056,
        51757056,
        51757056,
        51757056,
        51757056,
        51757056,
        51757056,
        51757056,
        51757056
      ],
      "exit_codes": [
        1,
        1,
        1,
        1,
        1,
        1,
        1,
        1,
        1,
        1
      ]
    },
    {
      "command": "mdsmith",
      "mean": 0.28185801740000005,
      "stddev": 0.005145593219654552,
      "median": 0.280737065,
      "user": 0.7344727,
      "system": 0.0738255,
      "min": 0.276831437,
      "max": 0.294606343,
      "times": [
        0.279732372,
        0.278625085,
        0.281500333,
        0.276831437,
        0.282680902,
        0.28228079500000003,
        0.294606343,
        0.279973797,
        0.285052008,
        0.277297102
      ],
      "memory_usage_byte": [
        58466304,
        58466304,
        58466304,
        58466304,
        58466304,
        58466304,
        59109376,
        59109376,
        59109376,
        59109376
      ],
      "exit_codes": [
        1,
        1,
        1,
        1,
        1,
        1,
        1,
        1,
        1,
        1
      ]
    }
  ]
}
