{
  "results": [
    {
      "command": "markdownlint-cli2",
      "mean": 3.0360853921666666,
      "stddev": 0.022615635137604374,
      "median": 3.0372853199999996,
      "user": 4.498368166666666,
      "system": 0.2717645,
      "min": 3.000912305,
      "max": 3.061977063,
      "times": [
        3.057027431,
        3.000912305,
        3.034976165,
        3.039594475,
        3.022024914,
        3.061977063
      ],
      "memory_usage_byte": [
        385884160,
        386613248,
        386613248,
        386613248,
        386613248,
        386613248
      ],
      "exit_codes": [
        1,
        1,
        1,
        1,
        1,
        1
      ]
    }
  ]
}
