{
  "results": [
    {
      "command": "markdownlint-cli2",
      "mean": 3.002731239333334,
      "stddev": 0.039122802215053126,
      "median": 2.9987309205,
      "user": 4.495681333333334,
      "system": 0.27441983333333336,
      "min": 2.960387533,
      "max": 3.066030069,
      "times": [
        2.960387533,
        2.971011228,
        2.983516983,
        3.013944858,
        3.066030069,
        3.021496765
      ],
      "memory_usage_byte": [
        372879360,
        372879360,
        389033984,
        389033984,
        389033984,
        389033984
      ],
      "exit_codes": [
        1,
        1,
        1,
        1,
        1,
        1
      ]
    }
  ]
}
