{
  "results": [
    {
      "command": "markdownlint-cli2",
      "mean": 3.5799221511666666,
      "stddev": 0.14375490304002578,
      "median": 3.5305391349999997,
      "user": 5.487803666666667,
      "system": 0.38196066666666667,
      "min": 3.490235764,
      "max": 3.870898797,
      "times": [
        3.513114464,
        3.530566253,
        3.544205612,
        3.870898797,
        3.490235764,
        3.530512017
      ],
      "memory_usage_byte": [
        382377984,
        382377984,
        382377984,
        382377984,
        382377984,
        382377984
      ],
      "exit_codes": [
        1,
        1,
        1,
        1,
        1,
        1
      ]
    }
  ]
}
