{
  "results": [
    {
      "command": "markdownlint-cli2",
      "mean": 3.259643745666667,
      "stddev": 0.08238359285389985,
      "median": 3.275357993,
      "user": 4.9607339999999995,
      "system": 0.33838633333333323,
      "min": 3.123968223,
      "max": 3.354059214,
      "times": [
        3.26200098,
        3.288715006,
        3.354059214,
        3.123968223,
        3.211108009,
        3.318011042
      ],
      "memory_usage_byte": [
        381718528,
        381718528,
        381718528,
        381718528,
        381718528,
        389349376
      ],
      "exit_codes": [
        1,
        1,
        1,
        1,
        1,
        1
      ]
    }
  ]
}
