{
  "results": [
    {
      "command": "markdownlint-cli2",
      "mean": 4.047288758666666,
      "stddev": 0.16731578837566985,
      "median": 3.976868268,
      "user": 6.105672666666666,
      "system": 0.40746483333333333,
      "min": 3.915523167,
      "max": 4.356367862,
      "times": [
        3.943385191,
        4.114719796,
        4.356367862,
        3.946703597,
        3.915523167,
        4.007032939
      ],
      "memory_usage_byte": [
        392826880,
        392826880,
        392826880,
        392826880,
        392826880,
        392826880
      ],
      "exit_codes": [
        1,
        1,
        1,
        1,
        1,
        1
      ]
    }
  ]
}
