{
  "results": [
    {
      "command": "mado",
      "mean": 0.0478606058,
      "stddev": 0.0035042847766532533,
      "median": 0.0459694685,
      "user": 0.077223,
      "system": 0.007783799999999999,
      "min": 0.044985546,
      "max": 0.054412771000000006,
      "times": [
        0.051692857,
        0.045606621,
        0.044985546,
        0.045771218,
        0.045985421000000005,
        0.054412771000000006,
        0.046120658,
        0.045704473,
        0.045953516,
        0.052372977
      ],
      "memory_usage_byte": [
        29663232,
        29663232,
        29663232,
        29663232,
        29712384,
        29712384,
        31629312,
        31629312,
        31629312,
        31629312
      ],
      "exit_codes": [
        1,
        1,
        1,
        1,
        1,
        1,
        1,
        1,
        1,
        1
      ]
    },
    {
      "command": "rumdl",
      "mean": 0.19923268789999998,
      "stddev": 0.008069134160660936,
      "median": 0.197420549,
      "user": 0.6536792,
      "system": 0.034245,
      "min": 0.192755157,
      "max": 0.22122491200000002,
      "times": [
        0.200813866,
        0.196970948,
        0.19336487000000002,
        0.19787015000000002,
        0.196559603,
        0.198159428,
        0.19791285,
        0.192755157,
        0.22122491200000002,
        0.19669509500000001
      ],
      "memory_usage_byte": [
        48254976,
        51384320,
        51384320,
        51384320,
        51384320,
        52568064,
        52568064,
        52568064,
        52568064,
        52568064
      ],
      "exit_codes": [
        1,
        1,
        1,
        1,
        1,
        1,
        1,
        1,
        1,
        1
      ]
    },
    {
      "command": "panache",
      "mean": 0.5511768279,
      "stddev": 0.028373547199177885,
      "median": 0.554062053,
      "user": 1.6280411999999997,
      "system": 0.052969999999999996,
      "min": 0.52395972,
      "max": 0.618171938,
      "times": [
        0.555579681,
        0.52395972,
        0.530437821,
        0.618171938,
        0.525561962,
        0.5253147610000001,
        0.558942056,
        0.552544425,
        0.561380192,
        0.559875723
      ],
      "memory_usage_byte": [
        52568064,
        52568064,
        52568064,
        52568064,
        52568064,
        52568064,
        52568064,
        52568064,
        52568064,
        52568064
      ],
      "exit_codes": [
        0,
        0,
        0,
        0,
        0,
        0,
        0,
        0,
        0,
        0
      ]
    },
    {
      "command": "mdsmith-parity",
      "mean": 0.19180069050000004,
      "stddev": 0.002489319187807794,
      "median": 0.1916882915,
      "user": 0.5153308,
      "system": 0.047055299999999994,
      "min": 0.188211759,
      "max": 0.196293123,
      "times": [
        0.191076098,
        0.19230048500000002,
        0.190084032,
        0.194224108,
        0.18905501700000002,
        0.192987399,
        0.193328147,
        0.188211759,
        0.196293123,
        0.190446737
      ],
      "memory_usage_byte": [
        52568064,
        52568064,
        52568064,
        52568064,
        52568064,
        52568064,
        52568064,
        52568064,
        52568064,
        52568064
      ],
      "exit_codes": [
        1,
        1,
        1,
        1,
        1,
        1,
        1,
        1,
        1,
        1
      ]
    },
    {
      "command": "mdsmith",
      "mean": 0.30418703500000005,
      "stddev": 0.002963680383347039,
      "median": 0.3036412325,
      "user": 0.8358962999999999,
      "system": 0.0782781,
      "min": 0.299114261,
      "max": 0.308760175,
      "times": [
        0.306133198,
        0.303404963,
        0.30298367800000003,
        0.299114261,
        0.30649375900000003,
        0.303877502,
        0.308760175,
        0.30332256900000004,
        0.30071079,
        0.30706945500000005
      ],
      "memory_usage_byte": [
        52568064,
        54255616,
        54255616,
        54255616,
        54255616,
        54255616,
        54255616,
        54255616,
        54255616,
        54255616
      ],
      "exit_codes": [
        1,
        1,
        1,
        1,
        1,
        1,
        1,
        1,
        1,
        1
      ]
    }
  ]
}
