{
  "results": [
    {
      "command": "markdownlint-cli2",
      "mean": 3.037918411333333,
      "stddev": 0.06374641992953524,
      "median": 3.0224059834999997,
      "user": 4.554752166666667,
      "system": 0.26502383333333335,
      "min": 2.986548322,
      "max": 3.164030308,
      "times": [
        3.028145635,
        3.017612828,
        3.027199139,
        3.164030308,
        3.003974236,
        2.986548322
      ],
      "memory_usage_byte": [
        386015232,
        386191360,
        386191360,
        386191360,
        388227072,
        388227072
      ],
      "exit_codes": [
        1,
        1,
        1,
        1,
        1,
        1
      ]
    }
  ]
}
