{
  "results": [
    {
      "command": "mado",
      "mean": 0.047994294400000005,
      "stddev": 0.002485572878774951,
      "median": 0.046848773,
      "user": 0.0746396,
      "system": 0.009940899999999999,
      "min": 0.046571694000000004,
      "max": 0.052764376,
      "times": [
        0.046841449,
        0.052628536000000004,
        0.046856097000000006,
        0.046658025000000006,
        0.047042766,
        0.052764376,
        0.047195752,
        0.046571694000000004,
        0.046739328000000004,
        0.046644921000000006
      ],
      "memory_usage_byte": [
        29700096,
        29720576,
        29773824,
        29773824,
        29773824,
        29773824,
        29782016,
        29782016,
        31768576,
        31768576
      ],
      "exit_codes": [
        1,
        1,
        1,
        1,
        1,
        1,
        1,
        1,
        1,
        1
      ]
    },
    {
      "command": "rumdl",
      "mean": 0.2050765255,
      "stddev": 0.004331031451420073,
      "median": 0.20424892700000002,
      "user": 0.6584958,
      "system": 0.036918099999999995,
      "min": 0.199857209,
      "max": 0.21419452000000003,
      "times": [
        0.204262202,
        0.20206995000000003,
        0.20423565200000002,
        0.199857209,
        0.20797052300000002,
        0.20185824800000002,
        0.201534702,
        0.205653318,
        0.21419452000000003,
        0.20912893100000002
      ],
      "memory_usage_byte": [
        53489664,
        53489664,
        53489664,
        53489664,
        53489664,
        53489664,
        53489664,
        53489664,
        53489664,
        53489664
      ],
      "exit_codes": [
        1,
        1,
        1,
        1,
        1,
        1,
        1,
        1,
        1,
        1
      ]
    },
    {
      "command": "panache",
      "mean": 0.5447970749000001,
      "stddev": 0.00962665645394422,
      "median": 0.5439782955000001,
      "user": 1.6528289999999999,
      "system": 0.0564699,
      "min": 0.533003616,
      "max": 0.559398634,
      "times": [
        0.555505511,
        0.533003616,
        0.553706015,
        0.559398634,
        0.5364147960000001,
        0.5473494910000001,
        0.535100213,
        0.5406071,
        0.5503597100000001,
        0.536525663
      ],
      "memory_usage_byte": [
        53489664,
        53489664,
        53489664,
        53489664,
        53489664,
        53489664,
        53489664,
        53489664,
        53489664,
        53489664
      ],
      "exit_codes": [
        0,
        0,
        0,
        0,
        0,
        0,
        0,
        0,
        0,
        0
      ]
    },
    {
      "command": "mdsmith-parity",
      "mean": 0.17205570420000002,
      "stddev": 0.0022814523167436194,
      "median": 0.17263533550000001,
      "user": 0.4085115,
      "system": 0.0496068,
      "min": 0.16829754100000002,
      "max": 0.175285392,
      "times": [
        0.175285392,
        0.173666498,
        0.16916472000000002,
        0.17277792900000002,
        0.16829754100000002,
        0.172492742,
        0.173044363,
        0.170192061,
        0.174401091,
        0.17123470500000001
      ],
      "memory_usage_byte": [
        53489664,
        53489664,
        53489664,
        53489664,
        53489664,
        53489664,
        53489664,
        53489664,
        53489664,
        53489664
      ],
      "exit_codes": [
        1,
        1,
        1,
        1,
        1,
        1,
        1,
        1,
        1,
        1
      ]
    },
    {
      "command": "mdsmith",
      "mean": 0.2919200262,
      "stddev": 0.004216132944603061,
      "median": 0.291144607,
      "user": 0.7491752999999999,
      "system": 0.0843348,
      "min": 0.284591026,
      "max": 0.29960368400000004,
      "times": [
        0.290996758,
        0.295417252,
        0.29117886000000004,
        0.29177856700000004,
        0.29960368400000004,
        0.296113487,
        0.28865976000000004,
        0.284591026,
        0.291110354,
        0.289750514
      ],
      "memory_usage_byte": [
        59113472,
        59555840,
        59555840,
        59555840,
        59555840,
        61313024,
        61313024,
        61313024,
        61313024,
        61313024
      ],
      "exit_codes": [
        1,
        1,
        1,
        1,
        1,
        1,
        1,
        1,
        1,
        1
      ]
    }
  ]
}
