{
  "results": [
    {
      "command": "markdownlint-cli2",
      "mean": 3.1173431948333334,
      "stddev": 0.05597282958029207,
      "median": 3.1120310394999997,
      "user": 4.6943426666666666,
      "system": 0.260714,
      "min": 3.056251457,
      "max": 3.205016001,
      "times": [
        3.056251457,
        3.205016001,
        3.133386113,
        3.090675966,
        3.149052607,
        3.069677025
      ],
      "memory_usage_byte": [
        388485120,
        388485120,
        388485120,
        388485120,
        388485120,
        388485120
      ],
      "exit_codes": [
        1,
        1,
        1,
        1,
        1,
        1
      ]
    }
  ]
}
