{
  "results": [
    {
      "command": "markdownlint-cli2",
      "mean": 3.1353467705,
      "stddev": 0.06321432141116624,
      "median": 3.1113272175,
      "user": 4.7421315,
      "system": 0.25928666666666667,
      "min": 3.074240195,
      "max": 3.23009752,
      "times": [
        3.197274132,
        3.114515183,
        3.087814341,
        3.074240195,
        3.23009752,
        3.108139252
      ],
      "memory_usage_byte": [
        373563392,
        384274432,
        384274432,
        384274432,
        384274432,
        384274432
      ],
      "exit_codes": [
        1,
        1,
        1,
        1,
        1,
        1
      ]
    }
  ]
}
