{
  "results": [
    {
      "command": "mado",
      "mean": 0.0295421547,
      "stddev": 0.0023035891694281516,
      "median": 0.029090853500000003,
      "user": 0.0442426,
      "system": 0.007158599999999999,
      "min": 0.026718872,
      "max": 0.034231595000000004,
      "times": [
        0.030759069000000003,
        0.03142621,
        0.026718872,
        0.027246978,
        0.034231595000000004,
        0.030929387000000003,
        0.027662315000000003,
        0.029129116000000004,
        0.029052591000000003,
        0.028265414000000003
      ],
      "memory_usage_byte": [
        31956992,
        31956992,
        31956992,
        31956992,
        31956992,
        31956992,
        31956992,
        31956992,
        31956992,
        31956992
      ],
      "exit_codes": [
        1,
        1,
        1,
        1,
        1,
        1,
        1,
        1,
        1,
        1
      ]
    },
    {
      "command": "rumdl",
      "mean": 0.1142713034,
      "stddev": 0.0025327833194739723,
      "median": 0.1155559165,
      "user": 0.36627409999999994,
      "system": 0.023915,
      "min": 0.10918786400000001,
      "max": 0.116494253,
      "times": [
        0.10918786400000001,
        0.11051380300000001,
        0.115994778,
        0.11454090600000001,
        0.113137289,
        0.11579686,
        0.116494253,
        0.115849619,
        0.115314973,
        0.11588268900000001
      ],
      "memory_usage_byte": [
        48214016,
        49414144,
        49414144,
        49414144,
        49414144,
        49414144,
        49414144,
        49414144,
        49414144,
        49414144
      ],
      "exit_codes": [
        1,
        1,
        1,
        1,
        1,
        1,
        1,
        1,
        1,
        1
      ]
    },
    {
      "command": "panache",
      "mean": 0.28252257480000004,
      "stddev": 0.011569494086347255,
      "median": 0.2892393015,
      "user": 0.8188555,
      "system": 0.03706229999999999,
      "min": 0.26696478,
      "max": 0.295340787,
      "times": [
        0.291786698,
        0.288646803,
        0.267653638,
        0.28983180000000003,
        0.27130933,
        0.271409532,
        0.26696478,
        0.292300793,
        0.28998158700000004,
        0.295340787
      ],
      "memory_usage_byte": [
        49414144,
        49414144,
        49414144,
        49414144,
        49414144,
        49414144,
        49414144,
        49414144,
        49414144,
        49414144
      ],
      "exit_codes": [
        0,
        0,
        0,
        0,
        0,
        0,
        0,
        0,
        0,
        0
      ]
    },
    {
      "command": "gomarklint",
      "mean": 0.0179142976,
      "stddev": 0.0009538401589765917,
      "median": 0.017994719,
      "user": 0.037866500000000004,
      "system": 0.0084704,
      "min": 0.016401317000000002,
      "max": 0.019739535000000002,
      "times": [
        0.016401317000000002,
        0.017324192000000002,
        0.018394807000000003,
        0.017054145,
        0.019739535000000002,
        0.018297621,
        0.018667193000000002,
        0.017757076,
        0.017274728,
        0.018232362000000002
      ],
      "memory_usage_byte": [
        49414144,
        49414144,
        49414144,
        49414144,
        49414144,
        49414144,
        49414144,
        49414144,
        49414144,
        49414144
      ],
      "exit_codes": [
        1,
        1,
        1,
        1,
        1,
        1,
        1,
        1,
        1,
        1
      ]
    },
    {
      "command": "mdsmith-parity",
      "mean": 0.0308174899,
      "stddev": 0.00027100575583491814,
      "median": 0.030801960500000003,
      "user": 0.08178979999999998,
      "system": 0.008375299999999999,
      "min": 0.030476390000000003,
      "max": 0.031282705,
      "times": [
        0.030802025,
        0.030502895000000002,
        0.030903819000000003,
        0.030476390000000003,
        0.030980314000000002,
        0.030714453000000003,
        0.03115632,
        0.030801896000000002,
        0.030554082000000003,
        0.031282705
      ],
      "memory_usage_byte": [
        49414144,
        49414144,
        49414144,
        49414144,
        49414144,
        49414144,
        49414144,
        49414144,
        49414144,
        49414144
      ],
      "exit_codes": [
        1,
        1,
        1,
        1,
        1,
        1,
        1,
        1,
        1,
        1
      ]
    },
    {
      "command": "mdsmith",
      "mean": 0.0805347495,
      "stddev": 0.0006269276442598201,
      "median": 0.0807335665,
      "user": 0.22955540000000005,
      "system": 0.0221207,
      "min": 0.079633548,
      "max": 0.081384458,
      "times": [
        0.079633548,
        0.07999542300000001,
        0.080183477,
        0.08086211,
        0.08089467900000001,
        0.08060502300000001,
        0.081384458,
        0.07967658200000001,
        0.081239399,
        0.08087279600000001
      ],
      "memory_usage_byte": [
        49414144,
        49414144,
        49414144,
        49414144,
        49414144,
        49414144,
        49414144,
        49414144,
        49414144,
        49512448
      ],
      "exit_codes": [
        1,
        1,
        1,
        1,
        1,
        1,
        1,
        1,
        1,
        1
      ]
    }
  ]
}
