{
  "results": [
    {
      "command": "mado",
      "mean": 0.0477058404,
      "stddev": 0.0027078138181440845,
      "median": 0.0465154695,
      "user": 0.07682330000000001,
      "system": 0.0080566,
      "min": 0.044878519000000006,
      "max": 0.050867783,
      "times": [
        0.044878519000000006,
        0.050721147,
        0.045088873,
        0.045681208,
        0.050689498000000006,
        0.050867783,
        0.045953158,
        0.047077781000000006,
        0.050820885,
        0.045279552
      ],
      "memory_usage_byte": [
        29708288,
        31195136,
        31195136,
        31666176,
        31666176,
        31690752,
        31690752,
        31690752,
        31690752,
        31690752
      ],
      "exit_codes": [
        1,
        1,
        1,
        1,
        1,
        1,
        1,
        1,
        1,
        1
      ]
    },
    {
      "command": "rumdl",
      "mean": 0.19660248660000004,
      "stddev": 0.0028756481411424486,
      "median": 0.19572446400000001,
      "user": 0.6497406,
      "system": 0.035502,
      "min": 0.19194918500000002,
      "max": 0.201111587,
      "times": [
        0.201111587,
        0.195086916,
        0.20054884,
        0.195272984,
        0.199292513,
        0.19532697200000002,
        0.19663639200000002,
        0.19467752100000002,
        0.19194918500000002,
        0.19612195600000001
      ],
      "memory_usage_byte": [
        50364416,
        50364416,
        50364416,
        50364416,
        50364416,
        50364416,
        50364416,
        50515968,
        50515968,
        50515968
      ],
      "exit_codes": [
        1,
        1,
        1,
        1,
        1,
        1,
        1,
        1,
        1,
        1
      ]
    },
    {
      "command": "panache",
      "mean": 0.5459254449000001,
      "stddev": 0.014087673571261762,
      "median": 0.552806598,
      "user": 1.6096151000000003,
      "system": 0.05189509999999999,
      "min": 0.522075002,
      "max": 0.5591788910000001,
      "times": [
        0.522075002,
        0.523701698,
        0.5591788910000001,
        0.556861688,
        0.551654203,
        0.552247277,
        0.553365919,
        0.5537859980000001,
        0.553758136,
        0.532625637
      ],
      "memory_usage_byte": [
        50515968,
        50515968,
        50515968,
        50515968,
        50515968,
        50515968,
        50515968,
        50515968,
        50515968,
        50515968
      ],
      "exit_codes": [
        0,
        0,
        0,
        0,
        0,
        0,
        0,
        0,
        0,
        0
      ]
    },
    {
      "command": "mdsmith-parity",
      "mean": 0.17934663680000001,
      "stddev": 0.0015385594490726847,
      "median": 0.179249563,
      "user": 0.4731373,
      "system": 0.0441575,
      "min": 0.176688706,
      "max": 0.181352529,
      "times": [
        0.17882878600000002,
        0.180084287,
        0.178830902,
        0.181352529,
        0.180870673,
        0.17863382800000002,
        0.17749542100000001,
        0.181013012,
        0.17966822400000002,
        0.176688706
      ],
      "memory_usage_byte": [
        50515968,
        50515968,
        50515968,
        50515968,
        50515968,
        50515968,
        50515968,
        50515968,
        50515968,
        50515968
      ],
      "exit_codes": [
        1,
        1,
        1,
        1,
        1,
        1,
        1,
        1,
        1,
        1
      ]
    },
    {
      "command": "mdsmith",
      "mean": 0.330498034,
      "stddev": 0.002599091110371774,
      "median": 0.331082914,
      "user": 0.9511666,
      "system": 0.07014399999999998,
      "min": 0.325393963,
      "max": 0.334656339,
      "times": [
        0.33129212700000005,
        0.327657839,
        0.331861497,
        0.325393963,
        0.329764396,
        0.332334036,
        0.330873701,
        0.334656339,
        0.33176413400000004,
        0.329382308
      ],
      "memory_usage_byte": [
        54501376,
        54501376,
        54501376,
        54501376,
        54501376,
        54501376,
        54501376,
        54542336,
        54542336,
        54542336
      ],
      "exit_codes": [
        1,
        1,
        1,
        1,
        1,
        1,
        1,
        1,
        1,
        1
      ]
    }
  ]
}
