{
  "results": [
    {
      "command": "mado",
      "mean": 0.05068530320000001,
      "stddev": 0.000536825787459292,
      "median": 0.0507042635,
      "user": 0.0791881,
      "system": 0.0139017,
      "min": 0.049782047,
      "max": 0.051551364,
      "times": [
        0.050711902,
        0.050745008,
        0.050690346000000004,
        0.049782047,
        0.049974088,
        0.050480766,
        0.051551364,
        0.051349324,
        0.050696625,
        0.050871562
      ],
      "memory_usage_byte": [
        29097984,
        29097984,
        29097984,
        29097984,
        29097984,
        29097984,
        29097984,
        29097984,
        29097984,
        29097984
      ],
      "exit_codes": [
        1,
        1,
        1,
        1,
        1,
        1,
        1,
        1,
        1,
        1
      ]
    },
    {
      "command": "rumdl",
      "mean": 0.28710161910000004,
      "stddev": 0.0118776141620112,
      "median": 0.282743879,
      "user": 0.9377197999999998,
      "system": 0.040737,
      "min": 0.276378455,
      "max": 0.31549806,
      "times": [
        0.281417808,
        0.276378455,
        0.279589307,
        0.294995597,
        0.278315291,
        0.29402321600000003,
        0.31549806,
        0.287551439,
        0.28406995,
        0.27917706800000003
      ],
      "memory_usage_byte": [
        50565120,
        50565120,
        50659328,
        52170752,
        52170752,
        52170752,
        52170752,
        52170752,
        52170752,
        52170752
      ],
      "exit_codes": [
        1,
        1,
        1,
        1,
        1,
        1,
        1,
        1,
        1,
        1
      ]
    },
    {
      "command": "panache",
      "mean": 0.5372867278,
      "stddev": 0.0389220069083101,
      "median": 0.5184072070000001,
      "user": 1.9155905,
      "system": 0.0831828,
      "min": 0.5158564640000001,
      "max": 0.611567176,
      "times": [
        0.523030824,
        0.525312192,
        0.516827723,
        0.5179413310000001,
        0.5158564640000001,
        0.611567176,
        0.516202154,
        0.518873083,
        0.610247167,
        0.5170091640000001
      ],
      "memory_usage_byte": [
        52170752,
        52170752,
        52170752,
        52170752,
        52170752,
        52170752,
        52170752,
        52170752,
        52170752,
        52170752
      ],
      "exit_codes": [
        0,
        0,
        0,
        0,
        0,
        0,
        0,
        0,
        0,
        0
      ]
    },
    {
      "command": "mdsmith-parity",
      "mean": 0.14992714000000001,
      "stddev": 0.0017148428395658368,
      "median": 0.14970365200000002,
      "user": 0.46516660000000004,
      "system": 0.04225059999999999,
      "min": 0.147370576,
      "max": 0.152367137,
      "times": [
        0.150050378,
        0.147648935,
        0.152367137,
        0.149356926,
        0.151995232,
        0.14911513,
        0.147370576,
        0.149125639,
        0.151215506,
        0.151025941
      ],
      "memory_usage_byte": [
        52170752,
        52170752,
        52170752,
        52170752,
        52170752,
        52170752,
        52170752,
        52170752,
        52170752,
        52170752
      ],
      "exit_codes": [
        1,
        1,
        1,
        1,
        1,
        1,
        1,
        1,
        1,
        1
      ]
    },
    {
      "command": "mdsmith",
      "mean": 0.4776973526,
      "stddev": 0.005814033374454754,
      "median": 0.476883441,
      "user": 1.2540850999999997,
      "system": 0.35232489999999994,
      "min": 0.47118653800000004,
      "max": 0.490614017,
      "times": [
        0.47467350300000005,
        0.47783110100000004,
        0.47727093600000003,
        0.48405827,
        0.476495946,
        0.490614017,
        0.477873506,
        0.47551298000000003,
        0.471456729,
        0.47118653800000004
      ],
      "memory_usage_byte": [
        52170752,
        52170752,
        52170752,
        52170752,
        52170752,
        52170752,
        52170752,
        52170752,
        52170752,
        52170752
      ],
      "exit_codes": [
        1,
        1,
        1,
        1,
        1,
        1,
        1,
        1,
        1,
        1
      ]
    }
  ]
}
