{
  "results": [
    {
      "command": "mado",
      "mean": 0.046627429500000005,
      "stddev": 0.002905976701100078,
      "median": 0.045394841500000005,
      "user": 0.0709002,
      "system": 0.0152815,
      "min": 0.044710070000000005,
      "max": 0.053869435,
      "times": [
        0.053869435,
        0.049671632,
        0.045288132,
        0.045292489000000005,
        0.046040966,
        0.045030418,
        0.045325999000000006,
        0.045581470000000006,
        0.044710070000000005,
        0.045463684000000004
      ],
      "memory_usage_byte": [
        29122560,
        29167616,
        29167616,
        29167616,
        29167616,
        29167616,
        29167616,
        30973952,
        30973952,
        30973952
      ],
      "exit_codes": [
        1,
        1,
        1,
        1,
        1,
        1,
        1,
        1,
        1,
        1
      ]
    },
    {
      "command": "rumdl",
      "mean": 0.21946560190000003,
      "stddev": 0.004223347017370372,
      "median": 0.219736233,
      "user": 0.6547649,
      "system": 0.059798699999999996,
      "min": 0.213115183,
      "max": 0.22520920600000002,
      "times": [
        0.21886216700000002,
        0.222563739,
        0.22520920600000002,
        0.213115183,
        0.220046704,
        0.21485878500000002,
        0.22394064800000002,
        0.214253447,
        0.21942576200000002,
        0.22238037800000002
      ],
      "memory_usage_byte": [
        53841920,
        53841920,
        53841920,
        53841920,
        53841920,
        53841920,
        53841920,
        53841920,
        53841920,
        53841920
      ],
      "exit_codes": [
        1,
        1,
        1,
        1,
        1,
        1,
        1,
        1,
        1,
        1
      ]
    },
    {
      "command": "panache",
      "mean": 0.41484314850000004,
      "stddev": 0.02694479053131135,
      "median": 0.406669078,
      "user": 1.4440801,
      "system": 0.1167044,
      "min": 0.40389718300000005,
      "max": 0.491313221,
      "times": [
        0.409422689,
        0.40433381,
        0.40785394100000005,
        0.405841822,
        0.404000038,
        0.407496334,
        0.40389718300000005,
        0.405310451,
        0.491313221,
        0.40896199600000005
      ],
      "memory_usage_byte": [
        53841920,
        53841920,
        53841920,
        53841920,
        53841920,
        53841920,
        53841920,
        53841920,
        53841920,
        53841920
      ],
      "exit_codes": [
        0,
        0,
        0,
        0,
        0,
        0,
        0,
        0,
        0,
        0
      ]
    },
    {
      "command": "mdsmith-parity",
      "mean": 0.0800847633,
      "stddev": 0.0003270375742809455,
      "median": 0.080156379,
      "user": 0.23346199999999998,
      "system": 0.025784200000000007,
      "min": 0.07938626500000001,
      "max": 0.080519591,
      "times": [
        0.08019182700000001,
        0.080043234,
        0.079891736,
        0.080273681,
        0.08018797200000001,
        0.080519591,
        0.07938626500000001,
        0.079809742,
        0.080124786,
        0.080418799
      ],
      "memory_usage_byte": [
        53841920,
        53841920,
        53841920,
        53841920,
        53841920,
        53841920,
        53841920,
        53841920,
        53841920,
        53841920
      ],
      "exit_codes": [
        1,
        1,
        1,
        1,
        1,
        1,
        1,
        1,
        1,
        1
      ]
    },
    {
      "command": "mdsmith",
      "mean": 0.35520258120000003,
      "stddev": 0.00802349972612931,
      "median": 0.35680749300000003,
      "user": 0.7464037999999998,
      "system": 0.42735789999999996,
      "min": 0.34468713100000004,
      "max": 0.36713541600000005,
      "times": [
        0.36713541600000005,
        0.35912117000000005,
        0.353570475,
        0.36349584,
        0.3545225,
        0.345267743,
        0.34510221100000005,
        0.35909248600000004,
        0.36003084,
        0.34468713100000004
      ],
      "memory_usage_byte": [
        69595136,
        72581120,
        72581120,
        72581120,
        72581120,
        72581120,
        72581120,
        72581120,
        72581120,
        72581120
      ],
      "exit_codes": [
        1,
        1,
        1,
        1,
        1,
        1,
        1,
        1,
        1,
        1
      ]
    }
  ]
}
