{
  "results": [
    {
      "command": "mado",
      "mean": 0.0584101639,
      "stddev": 0.0032876640305028277,
      "median": 0.0576049285,
      "user": 0.09044719999999998,
      "system": 0.0194779,
      "min": 0.054749771,
      "max": 0.064095739,
      "times": [
        0.054914949000000005,
        0.061412429000000004,
        0.055412885,
        0.064095739,
        0.054749771,
        0.056523467,
        0.060468386000000006,
        0.058686390000000005,
        0.061463504,
        0.056374119
      ],
      "memory_usage_byte": [
        29028352,
        29028352,
        30871552,
        30871552,
        30871552,
        30871552,
        30871552,
        30957568,
        30957568,
        30957568
      ],
      "exit_codes": [
        1,
        1,
        1,
        1,
        1,
        1,
        1,
        1,
        1,
        1
      ]
    },
    {
      "command": "rumdl",
      "mean": 0.2839725797,
      "stddev": 0.006429245885078403,
      "median": 0.28367133200000005,
      "user": 0.8681198999999997,
      "system": 0.0644765,
      "min": 0.274433951,
      "max": 0.294343925,
      "times": [
        0.291105842,
        0.282394861,
        0.294343925,
        0.274433951,
        0.275145227,
        0.28111694800000003,
        0.289765671,
        0.283307383,
        0.28403528100000003,
        0.284076708
      ],
      "memory_usage_byte": [
        51970048,
        52285440,
        52285440,
        52285440,
        52285440,
        52285440,
        52285440,
        52285440,
        52285440,
        52285440
      ],
      "exit_codes": [
        1,
        1,
        1,
        1,
        1,
        1,
        1,
        1,
        1,
        1
      ]
    },
    {
      "command": "panache",
      "mean": 0.5266355289000001,
      "stddev": 0.007623043475725234,
      "median": 0.5238103915000001,
      "user": 1.8967580000000002,
      "system": 0.1303104,
      "min": 0.5205005890000001,
      "max": 0.545519449,
      "times": [
        0.524011417,
        0.520795023,
        0.527253576,
        0.5205005890000001,
        0.5316753590000001,
        0.5236093660000001,
        0.545519449,
        0.521941214,
        0.52176197,
        0.5292873260000001
      ],
      "memory_usage_byte": [
        52285440,
        52285440,
        52285440,
        52285440,
        52285440,
        52285440,
        52285440,
        52285440,
        52285440,
        52285440
      ],
      "exit_codes": [
        0,
        0,
        0,
        0,
        0,
        0,
        0,
        0,
        0,
        0
      ]
    },
    {
      "command": "mdsmith-parity",
      "mean": 0.1617242867,
      "stddev": 0.003932460478299393,
      "median": 0.1614050445,
      "user": 0.48111899999999996,
      "system": 0.051240299999999996,
      "min": 0.15678734900000002,
      "max": 0.17106478800000002,
      "times": [
        0.16003187200000002,
        0.15850530200000001,
        0.16273341100000002,
        0.158909617,
        0.15678734900000002,
        0.163832568,
        0.162567871,
        0.17106478800000002,
        0.16127708500000001,
        0.161533004
      ],
      "memory_usage_byte": [
        52285440,
        52285440,
        52285440,
        52285440,
        52285440,
        52285440,
        52285440,
        52285440,
        52285440,
        52285440
      ],
      "exit_codes": [
        1,
        1,
        1,
        1,
        1,
        1,
        1,
        1,
        1,
        1
      ]
    },
    {
      "command": "mdsmith",
      "mean": 0.5490006469000001,
      "stddev": 0.007615949104505754,
      "median": 0.5475830045000001,
      "user": 1.2860596,
      "system": 0.5336700999999999,
      "min": 0.539045381,
      "max": 0.5622837380000001,
      "times": [
        0.539045381,
        0.544475511,
        0.542676523,
        0.54086931,
        0.547383635,
        0.5622837380000001,
        0.5477823740000001,
        0.556268066,
        0.55471249,
        0.554509441
      ],
      "memory_usage_byte": [
        52285440,
        52285440,
        52285440,
        52285440,
        52285440,
        52285440,
        52285440,
        52285440,
        52285440,
        52285440
      ],
      "exit_codes": [
        1,
        1,
        1,
        1,
        1,
        1,
        1,
        1,
        1,
        1
      ]
    }
  ]
}
