{
  "results": [
    {
      "command": "markdownlint-cli2",
      "mean": 3.047048457833333,
      "stddev": 0.08909813689087237,
      "median": 3.043223525,
      "user": 4.650027833333333,
      "system": 0.2613878333333333,
      "min": 2.951945765,
      "max": 3.157450433,
      "times": [
        2.982050162,
        2.951945765,
        3.157450433,
        2.9693441380000003,
        3.117103361,
        3.104396888
      ],
      "memory_usage_byte": [
        383885312,
        383885312,
        383885312,
        383885312,
        383885312,
        383885312
      ],
      "exit_codes": [
        1,
        1,
        1,
        1,
        1,
        1
      ]
    }
  ]
}
