{
  "results": [
    {
      "command": "mado",
      "mean": 0.04810076340000001,
      "stddev": 0.0038066314258080143,
      "median": 0.0457220975,
      "user": 0.0768297,
      "system": 0.0081058,
      "min": 0.044971084,
      "max": 0.056165983,
      "times": [
        0.050937208000000005,
        0.044971084,
        0.056165983,
        0.045536965000000006,
        0.045554697000000005,
        0.045889498,
        0.045478897000000004,
        0.045242277000000004,
        0.051587017000000006,
        0.049644008
      ],
      "memory_usage_byte": [
        29749248,
        29749248,
        29749248,
        29761536,
        29761536,
        29761536,
        29761536,
        29761536,
        29761536,
        29761536
      ],
      "exit_codes": [
        1,
        1,
        1,
        1,
        1,
        1,
        1,
        1,
        1,
        1
      ]
    },
    {
      "command": "rumdl",
      "mean": 0.19348476929999997,
      "stddev": 0.0022702918655877233,
      "median": 0.1933296215,
      "user": 0.6412223000000001,
      "system": 0.037134799999999996,
      "min": 0.19002026000000002,
      "max": 0.19713007300000002,
      "times": [
        0.192808324,
        0.195225109,
        0.19713007300000002,
        0.19236012100000002,
        0.195036482,
        0.190438926,
        0.19540626500000002,
        0.19002026000000002,
        0.193850919,
        0.19257121400000002
      ],
      "memory_usage_byte": [
        50180096,
        50180096,
        50180096,
        50180096,
        50180096,
        50180096,
        50180096,
        51249152,
        51249152,
        51249152
      ],
      "exit_codes": [
        1,
        1,
        1,
        1,
        1,
        1,
        1,
        1,
        1,
        1
      ]
    },
    {
      "command": "panache",
      "mean": 0.5321577787,
      "stddev": 0.008971265403992469,
      "median": 0.5364897465,
      "user": 1.6232966999999998,
      "system": 0.052622499999999996,
      "min": 0.519094465,
      "max": 0.541165544,
      "times": [
        0.5387198950000001,
        0.537900053,
        0.519703264,
        0.536053227,
        0.537372354,
        0.536926266,
        0.541165544,
        0.519094465,
        0.519273822,
        0.535368897
      ],
      "memory_usage_byte": [
        51249152,
        51249152,
        51249152,
        51249152,
        51249152,
        51249152,
        51249152,
        51249152,
        51249152,
        51249152
      ],
      "exit_codes": [
        0,
        0,
        0,
        0,
        0,
        0,
        0,
        0,
        0,
        0
      ]
    },
    {
      "command": "mdsmith-parity",
      "mean": 0.1639784219,
      "stddev": 0.002287748594230218,
      "median": 0.1644006065,
      "user": 0.39644959999999996,
      "system": 0.04879599999999999,
      "min": 0.160414062,
      "max": 0.16687527400000002,
      "times": [
        0.166811055,
        0.164638894,
        0.160414062,
        0.16062324,
        0.16687527400000002,
        0.164920759,
        0.16362701600000001,
        0.165470587,
        0.16224101300000002,
        0.164162319
      ],
      "memory_usage_byte": [
        51249152,
        51249152,
        51249152,
        51249152,
        51249152,
        51249152,
        51249152,
        51249152,
        51249152,
        51249152
      ],
      "exit_codes": [
        1,
        1,
        1,
        1,
        1,
        1,
        1,
        1,
        1,
        1
      ]
    },
    {
      "command": "mdsmith",
      "mean": 0.2802549617,
      "stddev": 0.0037905068482738074,
      "median": 0.27923675700000006,
      "user": 0.7328304999999999,
      "system": 0.07613629999999999,
      "min": 0.27533106700000004,
      "max": 0.287805856,
      "times": [
        0.284628304,
        0.27533106700000004,
        0.27715684700000004,
        0.27829770400000003,
        0.277632319,
        0.278196897,
        0.282117098,
        0.287805856,
        0.28017581,
        0.281207715
      ],
      "memory_usage_byte": [
        56590336,
        56590336,
        58789888,
        58789888,
        58789888,
        58789888,
        58789888,
        58974208,
        58974208,
        58974208
      ],
      "exit_codes": [
        1,
        1,
        1,
        1,
        1,
        1,
        1,
        1,
        1,
        1
      ]
    }
  ]
}
