{
  "results": [
    {
      "command": "markdownlint-cli2",
      "mean": 4.240160684666667,
      "stddev": 0.12447515586224794,
      "median": 4.184607065,
      "user": 6.441752833333333,
      "system": 0.2997046666666666,
      "min": 4.137371013,
      "max": 4.453396114,
      "times": [
        4.187207933,
        4.453396114,
        4.327810095,
        4.137371013,
        4.182006197,
        4.153172756
      ],
      "memory_usage_byte": [
        383066112,
        384802816,
        384802816,
        384802816,
        384802816,
        384802816
      ],
      "exit_codes": [
        1,
        1,
        1,
        1,
        1,
        1
      ]
    }
  ]
}
