{
  "results": [
    {
      "command": "mado",
      "mean": 0.06000733680000001,
      "stddev": 0.006851833595672198,
      "median": 0.057072645500000005,
      "user": 0.0945559,
      "system": 0.017982699999999997,
      "min": 0.054600028,
      "max": 0.07466979800000001,
      "times": [
        0.062519193,
        0.055809158000000005,
        0.055089042000000005,
        0.060512542,
        0.054988394,
        0.054600028,
        0.054857382,
        0.058336133000000005,
        0.06869169800000001,
        0.07466979800000001
      ],
      "memory_usage_byte": [
        28995584,
        28995584,
        28995584,
        28995584,
        28995584,
        28995584,
        31059968,
        31059968,
        31059968,
        31059968
      ],
      "exit_codes": [
        1,
        1,
        1,
        1,
        1,
        1,
        1,
        1,
        1,
        1
      ]
    },
    {
      "command": "rumdl",
      "mean": 0.28710609020000005,
      "stddev": 0.006286127078591656,
      "median": 0.287169016,
      "user": 0.864412,
      "system": 0.061836800000000004,
      "min": 0.277317195,
      "max": 0.301458634,
      "times": [
        0.289547412,
        0.301458634,
        0.28686343400000003,
        0.28652013200000004,
        0.280601885,
        0.28526923400000004,
        0.288127866,
        0.28788051200000003,
        0.287474598,
        0.277317195
      ],
      "memory_usage_byte": [
        51662848,
        51662848,
        51662848,
        51662848,
        51662848,
        51662848,
        51843072,
        51843072,
        51843072,
        51843072
      ],
      "exit_codes": [
        1,
        1,
        1,
        1,
        1,
        1,
        1,
        1,
        1,
        1
      ]
    },
    {
      "command": "panache",
      "mean": 0.5352008407000002,
      "stddev": 0.02928511561602273,
      "median": 0.5247903835000001,
      "user": 1.8883219,
      "system": 0.1280219,
      "min": 0.51569473,
      "max": 0.612870735,
      "times": [
        0.522181664,
        0.51569473,
        0.5187794330000001,
        0.520508286,
        0.540474094,
        0.612870735,
        0.548929544,
        0.517342388,
        0.52782843,
        0.527399103
      ],
      "memory_usage_byte": [
        51843072,
        51843072,
        51843072,
        51843072,
        51843072,
        51843072,
        51843072,
        51843072,
        51843072,
        51843072
      ],
      "exit_codes": [
        0,
        0,
        0,
        0,
        0,
        0,
        0,
        0,
        0,
        0
      ]
    },
    {
      "command": "mdsmith-parity",
      "mean": 0.1581322934,
      "stddev": 0.0019637394538102966,
      "median": 0.15784829350000001,
      "user": 0.4690061,
      "system": 0.0566378,
      "min": 0.154679598,
      "max": 0.161940527,
      "times": [
        0.154679598,
        0.158944842,
        0.156997668,
        0.15980333700000002,
        0.156563857,
        0.157952431,
        0.157744156,
        0.161940527,
        0.15771326600000002,
        0.15898325200000002
      ],
      "memory_usage_byte": [
        51843072,
        51843072,
        51843072,
        51843072,
        51843072,
        51843072,
        51843072,
        51843072,
        51843072,
        51843072
      ],
      "exit_codes": [
        1,
        1,
        1,
        1,
        1,
        1,
        1,
        1,
        1,
        1
      ]
    },
    {
      "command": "mdsmith",
      "mean": 0.5378008716000001,
      "stddev": 0.006049248304941726,
      "median": 0.5381588335,
      "user": 1.2694877,
      "system": 0.514301,
      "min": 0.525859823,
      "max": 0.545085993,
      "times": [
        0.542665984,
        0.525859823,
        0.536621554,
        0.533549375,
        0.5412603,
        0.539145878,
        0.545085993,
        0.5371717890000001,
        0.544481278,
        0.532166742
      ],
      "memory_usage_byte": [
        51843072,
        51843072,
        51843072,
        51843072,
        51843072,
        51843072,
        51843072,
        51843072,
        51843072,
        51843072
      ],
      "exit_codes": [
        1,
        1,
        1,
        1,
        1,
        1,
        1,
        1,
        1,
        1
      ]
    }
  ]
}
