{
  "results": [
    {
      "command": "mado",
      "mean": 0.051932945099999996,
      "stddev": 0.0022991167215767622,
      "median": 0.050894703,
      "user": 0.0785198,
      "system": 0.017541999999999995,
      "min": 0.050673156000000004,
      "max": 0.057229923,
      "times": [
        0.050898849,
        0.050882174,
        0.057229923,
        0.051006538000000004,
        0.050890557,
        0.055154550000000004,
        0.05087933,
        0.050673156000000004,
        0.050799031,
        0.050915343
      ],
      "memory_usage_byte": [
        29052928,
        29052928,
        29069312,
        29163520,
        29163520,
        29163520,
        29163520,
        29163520,
        29163520,
        29163520
      ],
      "exit_codes": [
        1,
        1,
        1,
        1,
        1,
        1,
        1,
        1,
        1,
        1
      ]
    },
    {
      "command": "rumdl",
      "mean": 0.25519714689999995,
      "stddev": 0.01947669362767961,
      "median": 0.24884585150000002,
      "user": 0.7140065999999999,
      "system": 0.07006379999999998,
      "min": 0.23978794,
      "max": 0.303033106,
      "times": [
        0.23978794,
        0.257527542,
        0.242773863,
        0.303033106,
        0.267744851,
        0.26105157300000004,
        0.25444641900000003,
        0.243245284,
        0.24067184500000002,
        0.24168904600000002
      ],
      "memory_usage_byte": [
        49225728,
        50892800,
        50892800,
        50892800,
        50892800,
        50892800,
        52617216,
        52617216,
        52617216,
        52617216
      ],
      "exit_codes": [
        1,
        1,
        1,
        1,
        1,
        1,
        1,
        1,
        1,
        1
      ]
    },
    {
      "command": "panache",
      "mean": 0.45249181380000014,
      "stddev": 0.0035170142034207552,
      "median": 0.4517966095,
      "user": 1.6155752999999997,
      "system": 0.12816080000000002,
      "min": 0.448654255,
      "max": 0.459043829,
      "times": [
        0.45804775900000005,
        0.45361846200000006,
        0.44988909800000004,
        0.45212734600000004,
        0.45061054300000003,
        0.451528311,
        0.45206490800000004,
        0.459043829,
        0.449333627,
        0.448654255
      ],
      "memory_usage_byte": [
        52617216,
        52617216,
        52617216,
        52617216,
        52617216,
        52617216,
        52617216,
        52617216,
        52617216,
        52617216
      ],
      "exit_codes": [
        0,
        0,
        0,
        0,
        0,
        0,
        0,
        0,
        0,
        0
      ]
    },
    {
      "command": "mdsmith-parity",
      "mean": 0.1458037429,
      "stddev": 0.0019251150013277706,
      "median": 0.14541511350000003,
      "user": 0.40663459999999996,
      "system": 0.0642113,
      "min": 0.142856177,
      "max": 0.14917054600000001,
      "times": [
        0.144217225,
        0.142856177,
        0.14706971500000002,
        0.14528136600000002,
        0.14917054600000001,
        0.14794615900000002,
        0.145420331,
        0.145409896,
        0.14399076100000002,
        0.146675253
      ],
      "memory_usage_byte": [
        52617216,
        52617216,
        52617216,
        52617216,
        52617216,
        52617216,
        52617216,
        52617216,
        52617216,
        52617216
      ],
      "exit_codes": [
        1,
        1,
        1,
        1,
        1,
        1,
        1,
        1,
        1,
        1
      ]
    },
    {
      "command": "mdsmith",
      "mean": 0.49154684460000003,
      "stddev": 0.008392124256560505,
      "median": 0.4921292655,
      "user": 1.1232768,
      "system": 0.5657486,
      "min": 0.47795931900000005,
      "max": 0.5078690760000001,
      "times": [
        0.491288665,
        0.49296986600000003,
        0.49347188300000006,
        0.49650591000000005,
        0.48919016200000004,
        0.497424907,
        0.5078690760000001,
        0.47795931900000005,
        0.486630551,
        0.482158107
      ],
      "memory_usage_byte": [
        52617216,
        52617216,
        52617216,
        52617216,
        52617216,
        52617216,
        52617216,
        52617216,
        52617216,
        52617216
      ],
      "exit_codes": [
        1,
        1,
        1,
        1,
        1,
        1,
        1,
        1,
        1,
        1
      ]
    }
  ]
}
