{
  "results": [
    {
      "command": "mado",
      "mean": 0.05837680249999999,
      "stddev": 0.0030647169345325016,
      "median": 0.057083336000000005,
      "user": 0.08959429999999999,
      "system": 0.01916,
      "min": 0.056312644,
      "max": 0.06491893700000001,
      "times": [
        0.056312644,
        0.057123845000000006,
        0.057042827000000004,
        0.057364909000000006,
        0.057540588000000004,
        0.056573217,
        0.056701575000000004,
        0.056898054,
        0.06491893700000001,
        0.06329142900000001
      ],
      "memory_usage_byte": [
        28979200,
        28979200,
        28979200,
        28979200,
        28979200,
        28979200,
        28979200,
        28979200,
        29016064,
        29016064
      ],
      "exit_codes": [
        1,
        1,
        1,
        1,
        1,
        1,
        1,
        1,
        1,
        1
      ]
    },
    {
      "command": "rumdl",
      "mean": 0.2841416247,
      "stddev": 0.004072598453038499,
      "median": 0.283139393,
      "user": 0.8504541999999999,
      "system": 0.07054629999999999,
      "min": 0.278700577,
      "max": 0.291098901,
      "times": [
        0.287016319,
        0.283546205,
        0.291098901,
        0.287846306,
        0.281026326,
        0.278700577,
        0.282607686,
        0.28273258100000004,
        0.27930729400000004,
        0.28753405200000004
      ],
      "memory_usage_byte": [
        49856512,
        50962432,
        50962432,
        50962432,
        50962432,
        50962432,
        50962432,
        50962432,
        50962432,
        51961856
      ],
      "exit_codes": [
        1,
        1,
        1,
        1,
        1,
        1,
        1,
        1,
        1,
        1
      ]
    },
    {
      "command": "panache",
      "mean": 0.5485465701000001,
      "stddev": 0.059143417889730876,
      "median": 0.522686663,
      "user": 1.8739922,
      "system": 0.14100959999999998,
      "min": 0.5201585430000001,
      "max": 0.7032224840000001,
      "times": [
        0.5222827050000001,
        0.522698313,
        0.526592976,
        0.5226750130000001,
        0.5205430870000001,
        0.5970019950000001,
        0.7032224840000001,
        0.5201585430000001,
        0.522462675,
        0.5278279100000001
      ],
      "memory_usage_byte": [
        51961856,
        51961856,
        51961856,
        51961856,
        51961856,
        51961856,
        51961856,
        51961856,
        51961856,
        51961856
      ],
      "exit_codes": [
        0,
        0,
        0,
        0,
        0,
        0,
        0,
        0,
        0,
        0
      ]
    },
    {
      "command": "mdsmith-parity",
      "mean": 0.1021585589,
      "stddev": 0.000915869419825953,
      "median": 0.1018555775,
      "user": 0.2982996,
      "system": 0.0337163,
      "min": 0.100901192,
      "max": 0.10404139000000001,
      "times": [
        0.10184693,
        0.101904214,
        0.101705692,
        0.10293642800000001,
        0.100901192,
        0.101518437,
        0.10404139000000001,
        0.101864225,
        0.10306747100000001,
        0.10179961000000001
      ],
      "memory_usage_byte": [
        51961856,
        51961856,
        51961856,
        51961856,
        51961856,
        51961856,
        51961856,
        51961856,
        51961856,
        51961856
      ],
      "exit_codes": [
        1,
        1,
        1,
        1,
        1,
        1,
        1,
        1,
        1,
        1
      ]
    },
    {
      "command": "mdsmith",
      "mean": 0.45068564480000006,
      "stddev": 0.010163903665195168,
      "median": 0.45069530150000003,
      "user": 0.9695355999999998,
      "system": 0.5326898999999999,
      "min": 0.43839123900000004,
      "max": 0.465256045,
      "times": [
        0.44103121300000003,
        0.439443373,
        0.45535215100000004,
        0.44603845200000003,
        0.43839123900000004,
        0.4426241,
        0.465256045,
        0.45862236,
        0.459976847,
        0.460120668
      ],
      "memory_usage_byte": [
        72245248,
        72245248,
        72245248,
        72245248,
        72245248,
        72245248,
        72245248,
        72245248,
        72245248,
        72245248
      ],
      "exit_codes": [
        1,
        1,
        1,
        1,
        1,
        1,
        1,
        1,
        1,
        1
      ]
    }
  ]
}
