{
  "results": [
    {
      "command": "mado",
      "mean": 0.04659386449999999,
      "stddev": 0.0019627170234147485,
      "median": 0.0460484965,
      "user": 0.0742099,
      "system": 0.007557099999999999,
      "min": 0.045044007000000004,
      "max": 0.052038344,
      "times": [
        0.045941056,
        0.052038344,
        0.046554663,
        0.046340646000000006,
        0.045044007000000004,
        0.046468059000000006,
        0.045674650000000004,
        0.046155937,
        0.045916756,
        0.045804527000000005
      ],
      "memory_usage_byte": [
        29700096,
        29700096,
        31764480,
        31764480,
        31764480,
        31764480,
        31764480,
        31764480,
        31764480,
        31764480
      ],
      "exit_codes": [
        1,
        1,
        1,
        1,
        1,
        1,
        1,
        1,
        1,
        1
      ]
    },
    {
      "command": "rumdl",
      "mean": 0.19435975560000002,
      "stddev": 0.005052069024141323,
      "median": 0.194107537,
      "user": 0.6185489,
      "system": 0.036747499999999995,
      "min": 0.187504845,
      "max": 0.206229563,
      "times": [
        0.187504845,
        0.193462823,
        0.19643100000000002,
        0.194666853,
        0.206229563,
        0.19400445100000002,
        0.194210623,
        0.18834629800000002,
        0.19396481100000001,
        0.19477628900000002
      ],
      "memory_usage_byte": [
        51167232,
        51167232,
        51167232,
        51167232,
        51167232,
        51167232,
        51167232,
        51167232,
        51167232,
        51167232
      ],
      "exit_codes": [
        1,
        1,
        1,
        1,
        1,
        1,
        1,
        1,
        1,
        1
      ]
    },
    {
      "command": "panache",
      "mean": 0.5250702282,
      "stddev": 0.009078940665354368,
      "median": 0.530755294,
      "user": 1.596093,
      "system": 0.057516199999999996,
      "min": 0.5136328090000001,
      "max": 0.535476893,
      "times": [
        0.513715384,
        0.5136328090000001,
        0.531898233,
        0.5141200850000001,
        0.530436372,
        0.531074216,
        0.531814764,
        0.531182261,
        0.535476893,
        0.5173512650000001
      ],
      "memory_usage_byte": [
        51167232,
        51167232,
        51167232,
        51167232,
        51167232,
        51167232,
        51167232,
        51167232,
        51167232,
        51167232
      ],
      "exit_codes": [
        0,
        0,
        0,
        0,
        0,
        0,
        0,
        0,
        0,
        0
      ]
    },
    {
      "command": "mdsmith-parity",
      "mean": 0.13310329049999997,
      "stddev": 0.0013731425870430077,
      "median": 0.13299047,
      "user": 0.2791899,
      "system": 0.0413142,
      "min": 0.13121227700000002,
      "max": 0.135873363,
      "times": [
        0.13345016,
        0.135873363,
        0.133289297,
        0.132483609,
        0.132691643,
        0.13466703900000002,
        0.132139268,
        0.131852565,
        0.13121227700000002,
        0.13337368400000002
      ],
      "memory_usage_byte": [
        59846656,
        60055552,
        60055552,
        60055552,
        60055552,
        60055552,
        60055552,
        60055552,
        60055552,
        60055552
      ],
      "exit_codes": [
        1,
        1,
        1,
        1,
        1,
        1,
        1,
        1,
        1,
        1
      ]
    },
    {
      "command": "mdsmith",
      "mean": 0.2453261806,
      "stddev": 0.0020360051651376406,
      "median": 0.244983781,
      "user": 0.570281,
      "system": 0.0860917,
      "min": 0.241839769,
      "max": 0.249278253,
      "times": [
        0.241839769,
        0.246910914,
        0.245679412,
        0.24493035000000002,
        0.24675623000000002,
        0.243344303,
        0.24469937100000003,
        0.245037212,
        0.244785992,
        0.249278253
      ],
      "memory_usage_byte": [
        80130048,
        80130048,
        80130048,
        80130048,
        80130048,
        80130048,
        80130048,
        80130048,
        80130048,
        80130048
      ],
      "exit_codes": [
        1,
        1,
        1,
        1,
        1,
        1,
        1,
        1,
        1,
        1
      ]
    }
  ]
}
