{
  "results": [
    {
      "command": "markdownlint-cli2",
      "mean": 3.127231787166666,
      "stddev": 0.07839543719439059,
      "median": 3.1168283629999998,
      "user": 4.670654999999999,
      "system": 0.28786599999999996,
      "min": 3.040468915,
      "max": 3.270863422,
      "times": [
        3.040468915,
        3.270863422,
        3.111517936,
        3.12213879,
        3.080492941,
        3.137908719
      ],
      "memory_usage_byte": [
        389287936,
        389287936,
        389287936,
        389287936,
        389287936,
        389287936
      ],
      "exit_codes": [
        1,
        1,
        1,
        1,
        1,
        1
      ]
    }
  ]
}
