{
  "results": [
    {
      "command": "mado",
      "mean": 0.0527968227,
      "stddev": 0.003178084220577691,
      "median": 0.05234011050000001,
      "user": 0.0801915,
      "system": 0.018835699999999997,
      "min": 0.049062502,
      "max": 0.058773490000000005,
      "times": [
        0.055306069000000006,
        0.054597795000000005,
        0.055046314000000006,
        0.050736209000000004,
        0.058773490000000005,
        0.049062502,
        0.053944012000000006,
        0.049701149,
        0.05044855400000001,
        0.050352133
      ],
      "memory_usage_byte": [
        29163520,
        29163520,
        29163520,
        31383552,
        31383552,
        31383552,
        31383552,
        31383552,
        31383552,
        31383552
      ],
      "exit_codes": [
        1,
        1,
        1,
        1,
        1,
        1,
        1,
        1,
        1,
        1
      ]
    },
    {
      "command": "rumdl",
      "mean": 0.25901954200000005,
      "stddev": 0.02430004025709711,
      "median": 0.2557934805,
      "user": 0.7491458999999999,
      "system": 0.061234899999999995,
      "min": 0.240883273,
      "max": 0.32440109500000003,
      "times": [
        0.24381080800000002,
        0.259497403,
        0.259967899,
        0.254996915,
        0.261433895,
        0.32440109500000003,
        0.256590046,
        0.240883273,
        0.247264595,
        0.24134949100000003
      ],
      "memory_usage_byte": [
        49721344,
        51187712,
        51187712,
        51187712,
        51187712,
        52137984,
        53448704,
        53448704,
        53448704,
        53448704
      ],
      "exit_codes": [
        1,
        1,
        1,
        1,
        1,
        1,
        1,
        1,
        1,
        1
      ]
    },
    {
      "command": "panache",
      "mean": 0.4689974534,
      "stddev": 0.005939475140233612,
      "median": 0.466528592,
      "user": 1.6803812,
      "system": 0.12523829999999997,
      "min": 0.46374762500000005,
      "max": 0.483065962,
      "times": [
        0.46374762500000005,
        0.46418683800000005,
        0.46507792000000003,
        0.471332709,
        0.465766322,
        0.483065962,
        0.465834819,
        0.46722236500000003,
        0.469875223,
        0.47386475100000003
      ],
      "memory_usage_byte": [
        53448704,
        53448704,
        53448704,
        53448704,
        53448704,
        53448704,
        53448704,
        53448704,
        53448704,
        53448704
      ],
      "exit_codes": [
        0,
        0,
        0,
        0,
        0,
        0,
        0,
        0,
        0,
        0
      ]
    },
    {
      "command": "mdsmith-parity",
      "mean": 0.1488203066,
      "stddev": 0.006232312517647671,
      "median": 0.146963921,
      "user": 0.4328468999999999,
      "system": 0.0532782,
      "min": 0.142353226,
      "max": 0.164979642,
      "times": [
        0.151001996,
        0.149092613,
        0.146819828,
        0.14551731,
        0.145386512,
        0.145656759,
        0.147108014,
        0.142353226,
        0.164979642,
        0.150287166
      ],
      "memory_usage_byte": [
        53448704,
        53448704,
        53448704,
        53448704,
        53448704,
        53448704,
        53448704,
        53448704,
        53448704,
        53448704
      ],
      "exit_codes": [
        1,
        1,
        1,
        1,
        1,
        1,
        1,
        1,
        1,
        1
      ]
    },
    {
      "command": "mdsmith",
      "mean": 0.5084164268,
      "stddev": 0.059423547193616234,
      "median": 0.48511932150000003,
      "user": 1.1390865,
      "system": 0.5187558999999999,
      "min": 0.462593385,
      "max": 0.6198043080000001,
      "times": [
        0.483450682,
        0.48395847100000006,
        0.5047317920000001,
        0.618083578,
        0.6198043080000001,
        0.48628899000000003,
        0.46887586800000003,
        0.47009702200000003,
        0.462593385,
        0.486280172
      ],
      "memory_usage_byte": [
        53448704,
        53448704,
        53448704,
        53448704,
        53448704,
        53448704,
        53448704,
        53448704,
        53448704,
        53448704
      ],
      "exit_codes": [
        1,
        1,
        1,
        1,
        1,
        1,
        1,
        1,
        1,
        1
      ]
    }
  ]
}
