{
  "results": [
    {
      "command": "mado",
      "mean": 0.05846621060000001,
      "stddev": 0.004123583132934272,
      "median": 0.057396561500000005,
      "user": 0.08993,
      "system": 0.020564599999999995,
      "min": 0.054594558,
      "max": 0.065932163,
      "times": [
        0.055070135000000006,
        0.054594558,
        0.065932163,
        0.060543768000000005,
        0.059106289000000006,
        0.05473484000000001,
        0.055686834000000004,
        0.05505548800000001,
        0.059941005000000006,
        0.063997026
      ],
      "memory_usage_byte": [
        26750976,
        26750976,
        28860416,
        28864512,
        28864512,
        28864512,
        28864512,
        28864512,
        28868608,
        28868608
      ],
      "exit_codes": [
        1,
        1,
        1,
        1,
        1,
        1,
        1,
        1,
        1,
        1
      ]
    },
    {
      "command": "rumdl",
      "mean": 0.28269404859999997,
      "stddev": 0.007768657131642051,
      "median": 0.2839339515,
      "user": 0.8298456999999999,
      "system": 0.0645878,
      "min": 0.273266608,
      "max": 0.293365879,
      "times": [
        0.274243939,
        0.290437471,
        0.274729114,
        0.273266608,
        0.293365879,
        0.28845328400000003,
        0.285660856,
        0.289466624,
        0.27510966400000003,
        0.28220704700000004
      ],
      "memory_usage_byte": [
        53280768,
        53280768,
        53280768,
        53280768,
        53280768,
        53280768,
        53280768,
        53280768,
        53280768,
        53280768
      ],
      "exit_codes": [
        1,
        1,
        1,
        1,
        1,
        1,
        1,
        1,
        1,
        1
      ]
    },
    {
      "command": "panache",
      "mean": 0.5364987765,
      "stddev": 0.0343347441490174,
      "median": 0.5245970325,
      "user": 1.8860660999999996,
      "system": 0.12907659999999999,
      "min": 0.516902038,
      "max": 0.62916466,
      "times": [
        0.5201808090000001,
        0.5218760450000001,
        0.527951045,
        0.5267255230000001,
        0.5552852610000001,
        0.62916466,
        0.525259198,
        0.523934867,
        0.516902038,
        0.517708319
      ],
      "memory_usage_byte": [
        53280768,
        53280768,
        53280768,
        53280768,
        53280768,
        53280768,
        53280768,
        53280768,
        53280768,
        53280768
      ],
      "exit_codes": [
        0,
        0,
        0,
        0,
        0,
        0,
        0,
        0,
        0,
        0
      ]
    },
    {
      "command": "mdsmith-parity",
      "mean": 0.1621259936,
      "stddev": 0.0024768541502868478,
      "median": 0.162297943,
      "user": 0.4782482999999999,
      "system": 0.060667000000000006,
      "min": 0.158196413,
      "max": 0.16704205300000002,
      "times": [
        0.158196413,
        0.163104154,
        0.16402492800000001,
        0.162159025,
        0.16704205300000002,
        0.16216680900000002,
        0.162429077,
        0.162529575,
        0.159802099,
        0.159805803
      ],
      "memory_usage_byte": [
        53280768,
        53280768,
        53280768,
        53280768,
        53280768,
        53280768,
        53280768,
        53280768,
        53280768,
        53280768
      ],
      "exit_codes": [
        1,
        1,
        1,
        1,
        1,
        1,
        1,
        1,
        1,
        1
      ]
    },
    {
      "command": "mdsmith",
      "mean": 0.5749152992000001,
      "stddev": 0.05763533803733429,
      "median": 0.553950131,
      "user": 1.2750480999999998,
      "system": 0.5318297999999999,
      "min": 0.520148277,
      "max": 0.7136570400000001,
      "times": [
        0.532895286,
        0.548184176,
        0.520148277,
        0.55426372,
        0.5597220940000001,
        0.553636542,
        0.548530685,
        0.586364946,
        0.7136570400000001,
        0.6317502260000001
      ],
      "memory_usage_byte": [
        53280768,
        53280768,
        53280768,
        53280768,
        53280768,
        53280768,
        53280768,
        53280768,
        53280768,
        53280768
      ],
      "exit_codes": [
        1,
        1,
        1,
        1,
        1,
        1,
        1,
        1,
        1,
        1
      ]
    }
  ]
}
