{
  "results": [
    {
      "command": "markdownlint-cli2",
      "mean": 4.145130156166667,
      "stddev": 0.09245519233432992,
      "median": 4.109641809499999,
      "user": 6.2009704999999995,
      "system": 0.40413083333333333,
      "min": 4.056665318,
      "max": 4.283103396,
      "times": [
        4.283103396,
        4.236856052,
        4.111709905,
        4.056665318,
        4.074872552,
        4.107573714
      ],
      "memory_usage_byte": [
        379248640,
        383533056,
        383533056,
        383533056,
        383533056,
        385613824
      ],
      "exit_codes": [
        1,
        1,
        1,
        1,
        1,
        1
      ]
    }
  ]
}
