{
  "results": [
    {
      "command": "markdownlint-cli2",
      "mean": 3.0778871378333332,
      "stddev": 0.08548119669950582,
      "median": 3.073075876,
      "user": 4.5800885,
      "system": 0.3172691666666667,
      "min": 2.957250186,
      "max": 3.178360484,
      "times": [
        3.094832116,
        3.178360484,
        3.165065873,
        3.051319636,
        3.020494532,
        2.957250186
      ],
      "memory_usage_byte": [
        382840832,
        382840832,
        388091904,
        388091904,
        388784128,
        388784128
      ],
      "exit_codes": [
        1,
        1,
        1,
        1,
        1,
        1
      ]
    }
  ]
}
