{
  "results": [
    {
      "command": "mado",
      "mean": 0.048517141900000005,
      "stddev": 0.004533083476057464,
      "median": 0.04646850400000001,
      "user": 0.0768417,
      "system": 0.008822499999999999,
      "min": 0.04565433,
      "max": 0.060180477,
      "times": [
        0.060180477,
        0.045880892,
        0.046292854,
        0.04565433,
        0.046631425000000004,
        0.050920622000000006,
        0.050684215000000005,
        0.046500838,
        0.045989596,
        0.046436170000000006
      ],
      "memory_usage_byte": [
        33857536,
        33857536,
        33857536,
        33857536,
        33857536,
        33857536,
        33857536,
        33857536,
        33857536,
        33857536
      ],
      "exit_codes": [
        1,
        1,
        1,
        1,
        1,
        1,
        1,
        1,
        1,
        1
      ]
    },
    {
      "command": "rumdl",
      "mean": 0.19070375520000002,
      "stddev": 0.0026638734656095494,
      "median": 0.1901471475,
      "user": 0.6225358,
      "system": 0.0374337,
      "min": 0.187971349,
      "max": 0.19783736300000002,
      "times": [
        0.190527159,
        0.18987894500000002,
        0.189144575,
        0.18960269200000002,
        0.191047549,
        0.189740876,
        0.190871694,
        0.19783736300000002,
        0.19041535,
        0.187971349
      ],
      "memory_usage_byte": [
        52166656,
        52166656,
        52166656,
        52166656,
        52166656,
        52166656,
        52166656,
        52166656,
        52166656,
        52166656
      ],
      "exit_codes": [
        1,
        1,
        1,
        1,
        1,
        1,
        1,
        1,
        1,
        1
      ]
    },
    {
      "command": "panache",
      "mean": 0.5262429452,
      "stddev": 0.009246661516136463,
      "median": 0.5310924465,
      "user": 1.5894994,
      "system": 0.06521969999999999,
      "min": 0.513437987,
      "max": 0.5376538080000001,
      "times": [
        0.5376538080000001,
        0.532045929,
        0.513437987,
        0.52251832,
        0.514389875,
        0.5141063060000001,
        0.533486144,
        0.531068768,
        0.531116125,
        0.53260619
      ],
      "memory_usage_byte": [
        52166656,
        52166656,
        52166656,
        52166656,
        52166656,
        52166656,
        52166656,
        52166656,
        52166656,
        52166656
      ],
      "exit_codes": [
        0,
        0,
        0,
        0,
        0,
        0,
        0,
        0,
        0,
        0
      ]
    },
    {
      "command": "mdsmith-parity",
      "mean": 0.13302012470000002,
      "stddev": 0.0010696455027795243,
      "median": 0.13280218300000002,
      "user": 0.2768438,
      "system": 0.041925299999999985,
      "min": 0.131660408,
      "max": 0.13491855700000002,
      "times": [
        0.13491855700000002,
        0.133996725,
        0.13352229000000002,
        0.132821242,
        0.13397871,
        0.132209819,
        0.131660408,
        0.132640489,
        0.13166988300000002,
        0.132783124
      ],
      "memory_usage_byte": [
        60018688,
        61759488,
        61759488,
        61759488,
        61759488,
        61759488,
        61759488,
        61759488,
        61759488,
        61759488
      ],
      "exit_codes": [
        1,
        1,
        1,
        1,
        1,
        1,
        1,
        1,
        1,
        1
      ]
    },
    {
      "command": "mdsmith",
      "mean": 0.24651019999999998,
      "stddev": 0.0030734991868079484,
      "median": 0.24592387400000001,
      "user": 0.5700365,
      "system": 0.08830389999999999,
      "min": 0.240611912,
      "max": 0.25206253500000003,
      "times": [
        0.240611912,
        0.24495850600000002,
        0.246625744,
        0.24715029200000002,
        0.2460073,
        0.24571984600000002,
        0.24577996600000002,
        0.25206253500000003,
        0.24584044800000002,
        0.250345451
      ],
      "memory_usage_byte": [
        80035840,
        80035840,
        80035840,
        80293888,
        80293888,
        80293888,
        80293888,
        80293888,
        82132992,
        82132992
      ],
      "exit_codes": [
        1,
        1,
        1,
        1,
        1,
        1,
        1,
        1,
        1,
        1
      ]
    }
  ]
}
