{
  "results": [
    {
      "command": "mado",
      "mean": 0.049887515400000006,
      "stddev": 0.004157979733488561,
      "median": 0.047464019,
      "user": 0.0777859,
      "system": 0.0104529,
      "min": 0.046952787,
      "max": 0.056992997000000004,
      "times": [
        0.056992997000000004,
        0.053954343,
        0.047177926,
        0.056416030000000006,
        0.047050569,
        0.046952787,
        0.048229556,
        0.047259889000000006,
        0.047668149,
        0.047172908
      ],
      "memory_usage_byte": [
        31043584,
        31043584,
        31043584,
        31043584,
        31043584,
        31043584,
        33415168,
        33415168,
        33415168,
        33415168
      ],
      "exit_codes": [
        1,
        1,
        1,
        1,
        1,
        1,
        1,
        1,
        1,
        1
      ]
    },
    {
      "command": "rumdl",
      "mean": 0.20347119040000003,
      "stddev": 0.008148012934973444,
      "median": 0.20132883950000002,
      "user": 0.6579978,
      "system": 0.0395494,
      "min": 0.19581737500000002,
      "max": 0.22333781700000002,
      "times": [
        0.19581737500000002,
        0.199550311,
        0.203061984,
        0.20067719,
        0.207644493,
        0.20821719900000002,
        0.197656949,
        0.22333781700000002,
        0.201980489,
        0.196768097
      ],
      "memory_usage_byte": [
        49680384,
        49680384,
        49680384,
        49680384,
        51200000,
        51200000,
        51200000,
        51200000,
        51200000,
        51200000
      ],
      "exit_codes": [
        1,
        1,
        1,
        1,
        1,
        1,
        1,
        1,
        1,
        1
      ]
    },
    {
      "command": "panache",
      "mean": 0.5495114959,
      "stddev": 0.018221998470197096,
      "median": 0.5479804505000001,
      "user": 1.6425364999999996,
      "system": 0.05749709999999999,
      "min": 0.5302667790000001,
      "max": 0.574464863,
      "times": [
        0.5702660700000001,
        0.5346276750000001,
        0.5302667790000001,
        0.563781717,
        0.5358101590000001,
        0.530502569,
        0.5322921030000001,
        0.574464863,
        0.562952282,
        0.560150742
      ],
      "memory_usage_byte": [
        51200000,
        51200000,
        51200000,
        51200000,
        51200000,
        51200000,
        51200000,
        51200000,
        51200000,
        51200000
      ],
      "exit_codes": [
        0,
        0,
        0,
        0,
        0,
        0,
        0,
        0,
        0,
        0
      ]
    },
    {
      "command": "mdsmith-parity",
      "mean": 0.172157413,
      "stddev": 0.004594528060425702,
      "median": 0.16988926650000002,
      "user": 0.41923889999999997,
      "system": 0.05053219999999999,
      "min": 0.16826575700000002,
      "max": 0.18096682800000002,
      "times": [
        0.169324413,
        0.16826575700000002,
        0.171891904,
        0.168579001,
        0.169547403,
        0.17023113,
        0.17951591900000002,
        0.17398169200000002,
        0.18096682800000002,
        0.16927008300000002
      ],
      "memory_usage_byte": [
        51200000,
        51200000,
        51200000,
        51200000,
        51200000,
        51200000,
        51200000,
        51200000,
        51200000,
        51200000
      ],
      "exit_codes": [
        1,
        1,
        1,
        1,
        1,
        1,
        1,
        1,
        1,
        1
      ]
    },
    {
      "command": "mdsmith",
      "mean": 0.2970634755,
      "stddev": 0.007176921967362633,
      "median": 0.29458306600000006,
      "user": 0.7707146,
      "system": 0.0862744,
      "min": 0.290623232,
      "max": 0.313815045,
      "times": [
        0.294868202,
        0.302838523,
        0.29429793000000004,
        0.30189808100000004,
        0.313815045,
        0.295335964,
        0.292932134,
        0.291231947,
        0.290623232,
        0.292793697
      ],
      "memory_usage_byte": [
        58732544,
        58732544,
        58818560,
        58818560,
        59060224,
        59060224,
        59060224,
        59060224,
        59060224,
        59060224
      ],
      "exit_codes": [
        1,
        1,
        1,
        1,
        1,
        1,
        1,
        1,
        1,
        1
      ]
    }
  ]
}
