{
  "results": [
    {
      "command": "markdownlint-cli2",
      "mean": 4.058245439833333,
      "stddev": 0.06523108639194011,
      "median": 4.0480459855,
      "user": 6.159676666666666,
      "system": 0.40167783333333335,
      "min": 3.967168459,
      "max": 4.144153072,
      "times": [
        4.051213222,
        4.044878749,
        3.967168459,
        4.020803345,
        4.144153072,
        4.121255792
      ],
      "memory_usage_byte": [
        381931520,
        381931520,
        381931520,
        381931520,
        383504384,
        383504384
      ],
      "exit_codes": [
        1,
        1,
        1,
        1,
        1,
        1
      ]
    }
  ]
}
