{
  "results": [
    {
      "command": "mado",
      "mean": 0.0565835148,
      "stddev": 0.00370688496252344,
      "median": 0.05450410900000001,
      "user": 0.08450369999999999,
      "system": 0.0202616,
      "min": 0.05347251200000001,
      "max": 0.063961236,
      "times": [
        0.058261007000000004,
        0.057975445,
        0.05423316,
        0.053704292,
        0.061496097000000007,
        0.054629578000000005,
        0.054378640000000006,
        0.063961236,
        0.053723181,
        0.05347251200000001
      ],
      "memory_usage_byte": [
        26779648,
        26779648,
        26779648,
        28979200,
        28979200,
        28979200,
        28979200,
        28979200,
        28979200,
        28979200
      ],
      "exit_codes": [
        1,
        1,
        1,
        1,
        1,
        1,
        1,
        1,
        1,
        1
      ]
    },
    {
      "command": "rumdl",
      "mean": 0.26216167830000003,
      "stddev": 0.003701272912388022,
      "median": 0.261976447,
      "user": 0.7681146,
      "system": 0.0723905,
      "min": 0.256565564,
      "max": 0.267823588,
      "times": [
        0.25914132,
        0.267823588,
        0.26327272300000004,
        0.266034309,
        0.256565564,
        0.258622267,
        0.25989685900000004,
        0.26411952,
        0.265460462,
        0.260680171
      ],
      "memory_usage_byte": [
        53116928,
        53116928,
        53116928,
        53116928,
        53116928,
        53116928,
        53116928,
        53116928,
        53116928,
        53116928
      ],
      "exit_codes": [
        1,
        1,
        1,
        1,
        1,
        1,
        1,
        1,
        1,
        1
      ]
    },
    {
      "command": "panache",
      "mean": 0.5017195059,
      "stddev": 0.03360449678841093,
      "median": 0.48720421550000004,
      "user": 1.7323919999999997,
      "system": 0.13641219999999998,
      "min": 0.48412286800000004,
      "max": 0.588152867,
      "times": [
        0.48412286800000004,
        0.48846926500000004,
        0.486233903,
        0.48692233100000004,
        0.48688879100000004,
        0.484395489,
        0.48748610000000003,
        0.588152867,
        0.53230823,
        0.49221521500000004
      ],
      "memory_usage_byte": [
        53116928,
        53116928,
        53116928,
        53116928,
        53116928,
        53116928,
        53116928,
        53116928,
        53116928,
        53116928
      ],
      "exit_codes": [
        0,
        0,
        0,
        0,
        0,
        0,
        0,
        0,
        0,
        0
      ]
    },
    {
      "command": "mdsmith-parity",
      "mean": 0.1536533952,
      "stddev": 0.0024756918649035758,
      "median": 0.1543662305,
      "user": 0.43977089999999996,
      "system": 0.0614741,
      "min": 0.148988573,
      "max": 0.156705945,
      "times": [
        0.15509141,
        0.153822025,
        0.152111625,
        0.150446142,
        0.155556941,
        0.156705945,
        0.15564391300000002,
        0.154910436,
        0.148988573,
        0.153256942
      ],
      "memory_usage_byte": [
        53116928,
        53116928,
        53116928,
        53116928,
        53116928,
        53116928,
        53116928,
        53116928,
        53116928,
        53116928
      ],
      "exit_codes": [
        1,
        1,
        1,
        1,
        1,
        1,
        1,
        1,
        1,
        1
      ]
    },
    {
      "command": "mdsmith",
      "mean": 0.567607178,
      "stddev": 0.05528523371215993,
      "median": 0.5412835245000001,
      "user": 1.2027554999999999,
      "system": 0.5755373,
      "min": 0.525933222,
      "max": 0.70433825,
      "times": [
        0.542376999,
        0.6089692560000001,
        0.70433825,
        0.5796471470000001,
        0.5300498330000001,
        0.525933222,
        0.5325056770000001,
        0.5401900500000001,
        0.534568319,
        0.577493027
      ],
      "memory_usage_byte": [
        53116928,
        53116928,
        53116928,
        53116928,
        53116928,
        53116928,
        53116928,
        53116928,
        53116928,
        53116928
      ],
      "exit_codes": [
        1,
        1,
        1,
        1,
        1,
        1,
        1,
        1,
        1,
        1
      ]
    }
  ]
}
