{
  "results": [
    {
      "command": "mado",
      "mean": 0.0592614306,
      "stddev": 0.003517518947321447,
      "median": 0.057499936,
      "user": 0.0924671,
      "system": 0.019586999999999997,
      "min": 0.056476495,
      "max": 0.065267714,
      "times": [
        0.057931924,
        0.065267714,
        0.058192935,
        0.064945979,
        0.056832385000000006,
        0.057067948,
        0.056476495,
        0.06232075,
        0.056842794,
        0.056735382
      ],
      "memory_usage_byte": [
        29052928,
        29052928,
        29052928,
        30859264,
        30859264,
        30859264,
        30859264,
        30859264,
        30859264,
        30859264
      ],
      "exit_codes": [
        1,
        1,
        1,
        1,
        1,
        1,
        1,
        1,
        1,
        1
      ]
    },
    {
      "command": "rumdl",
      "mean": 0.2936563852000001,
      "stddev": 0.009894227241600365,
      "median": 0.2918999375,
      "user": 0.8828695999999999,
      "system": 0.0661147,
      "min": 0.28361713,
      "max": 0.316508497,
      "times": [
        0.28492532200000004,
        0.316508497,
        0.28361713,
        0.2923506,
        0.296430931,
        0.295477883,
        0.28935350200000004,
        0.291449275,
        0.301750194,
        0.284700518
      ],
      "memory_usage_byte": [
        52797440,
        52797440,
        52797440,
        52797440,
        52797440,
        52797440,
        52797440,
        52797440,
        52797440,
        52797440
      ],
      "exit_codes": [
        1,
        1,
        1,
        1,
        1,
        1,
        1,
        1,
        1,
        1
      ]
    },
    {
      "command": "panache",
      "mean": 0.5488182643,
      "stddev": 0.03721999230498922,
      "median": 0.5375070205000001,
      "user": 1.9336244,
      "system": 0.1327209,
      "min": 0.53350219,
      "max": 0.6545455090000001,
      "times": [
        0.5365132610000001,
        0.5369547720000001,
        0.5341429050000001,
        0.538059269,
        0.535623258,
        0.6545455090000001,
        0.539339978,
        0.538436479,
        0.5410650220000001,
        0.53350219
      ],
      "memory_usage_byte": [
        52797440,
        52797440,
        52797440,
        52797440,
        52797440,
        52797440,
        52797440,
        52797440,
        52797440,
        52797440
      ],
      "exit_codes": [
        0,
        0,
        0,
        0,
        0,
        0,
        0,
        0,
        0,
        0
      ]
    },
    {
      "command": "mdsmith-parity",
      "mean": 0.1649277031,
      "stddev": 0.0024608365837857486,
      "median": 0.1651083705,
      "user": 0.48993349999999997,
      "system": 0.05935839999999999,
      "min": 0.161028038,
      "max": 0.168263567,
      "times": [
        0.168263567,
        0.163916671,
        0.16741050200000002,
        0.165175379,
        0.165041362,
        0.161028038,
        0.165667222,
        0.162849607,
        0.167794087,
        0.16213059600000002
      ],
      "memory_usage_byte": [
        52797440,
        52797440,
        52797440,
        52797440,
        52797440,
        52797440,
        52797440,
        52797440,
        52797440,
        52797440
      ],
      "exit_codes": [
        1,
        1,
        1,
        1,
        1,
        1,
        1,
        1,
        1,
        1
      ]
    },
    {
      "command": "mdsmith",
      "mean": 0.5857659271000001,
      "stddev": 0.05044513030330466,
      "median": 0.5713985965,
      "user": 1.3463956,
      "system": 0.5442433,
      "min": 0.5583956640000001,
      "max": 0.7262039090000001,
      "times": [
        0.7262039090000001,
        0.5933581440000001,
        0.5583956640000001,
        0.56189462,
        0.573797393,
        0.5689998000000001,
        0.577209646,
        0.5648986450000001,
        0.558582907,
        0.5743185430000001
      ],
      "memory_usage_byte": [
        52797440,
        52797440,
        52797440,
        52797440,
        52797440,
        52797440,
        52797440,
        52797440,
        52797440,
        52797440
      ],
      "exit_codes": [
        1,
        1,
        1,
        1,
        1,
        1,
        1,
        1,
        1,
        1
      ]
    }
  ]
}
