{
  "results": [
    {
      "command": "markdownlint-cli2",
      "mean": 3.0856071456666663,
      "stddev": 0.08546448215028736,
      "median": 3.046815483,
      "user": 4.678519666666667,
      "system": 0.26262383333333333,
      "min": 3.015936684,
      "max": 3.243405263,
      "times": [
        3.122640478,
        3.054625144,
        3.039005822,
        3.015936684,
        3.243405263,
        3.038029483
      ],
      "memory_usage_byte": [
        383168512,
        383168512,
        383168512,
        383168512,
        383168512,
        383168512
      ],
      "exit_codes": [
        1,
        1,
        1,
        1,
        1,
        1
      ]
    }
  ]
}
