{
  "results": [
    {
      "command": "markdownlint-cli2",
      "mean": 3.023067757333333,
      "stddev": 0.036532832378984643,
      "median": 3.020835659,
      "user": 4.443598499999999,
      "system": 0.30933633333333327,
      "min": 2.986450686,
      "max": 3.084610476,
      "times": [
        3.037180641,
        2.988493423,
        2.986450686,
        3.029214217,
        3.084610476,
        3.012457101
      ],
      "memory_usage_byte": [
        349212672,
        349212672,
        349212672,
        384667648,
        386715648,
        386715648
      ],
      "exit_codes": [
        1,
        1,
        1,
        1,
        1,
        1
      ]
    }
  ]
}
