{
  "results": [
    {
      "command": "markdownlint-cli2",
      "mean": 4.073637829666667,
      "stddev": 0.05103409658021835,
      "median": 4.0670655374999996,
      "user": 6.223811833333333,
      "system": 0.312471,
      "min": 4.004904867,
      "max": 4.149420064,
      "times": [
        4.041737655,
        4.004904867,
        4.069009711,
        4.065121364,
        4.111633317,
        4.149420064
      ],
      "memory_usage_byte": [
        386580480,
        386580480,
        386580480,
        386580480,
        386580480,
        386580480
      ],
      "exit_codes": [
        1,
        1,
        1,
        1,
        1,
        1
      ]
    }
  ]
}
