{
  "results": [
    {
      "command": "mado",
      "mean": 0.04715043210000001,
      "stddev": 0.002145400992391993,
      "median": 0.04655809550000001,
      "user": 0.0736834,
      "system": 0.009408399999999999,
      "min": 0.045764093000000006,
      "max": 0.053143929000000006,
      "times": [
        0.047091671,
        0.053143929000000006,
        0.046108196000000004,
        0.046755875,
        0.046360316000000006,
        0.046827799,
        0.04635219,
        0.046197222,
        0.045764093000000006,
        0.046903030000000005
      ],
      "memory_usage_byte": [
        31850496,
        31850496,
        31850496,
        31850496,
        31850496,
        31850496,
        31850496,
        31850496,
        31850496,
        31850496
      ],
      "exit_codes": [
        1,
        1,
        1,
        1,
        1,
        1,
        1,
        1,
        1,
        1
      ]
    },
    {
      "command": "rumdl",
      "mean": 0.19824754370000003,
      "stddev": 0.0023280001475207155,
      "median": 0.1983123605,
      "user": 0.655214,
      "system": 0.0368068,
      "min": 0.194389945,
      "max": 0.20187110600000002,
      "times": [
        0.19714298600000002,
        0.20187110600000002,
        0.19899834600000002,
        0.20087955700000001,
        0.20004164300000002,
        0.19695409000000003,
        0.19832929700000002,
        0.19829542400000003,
        0.194389945,
        0.195573043
      ],
      "memory_usage_byte": [
        51388416,
        51388416,
        51388416,
        51388416,
        51388416,
        51388416,
        51859456,
        51859456,
        51859456,
        51859456
      ],
      "exit_codes": [
        1,
        1,
        1,
        1,
        1,
        1,
        1,
        1,
        1,
        1
      ]
    },
    {
      "command": "panache",
      "mean": 0.5423874331,
      "stddev": 0.004604973896141412,
      "median": 0.5427501889999999,
      "user": 1.6382755,
      "system": 0.05242469999999999,
      "min": 0.5304661,
      "max": 0.5477584790000001,
      "times": [
        0.5417211230000001,
        0.542770074,
        0.542357066,
        0.546102278,
        0.544544138,
        0.5304661,
        0.5477584790000001,
        0.5422053130000001,
        0.542730304,
        0.543219456
      ],
      "memory_usage_byte": [
        51859456,
        51859456,
        51859456,
        51859456,
        51859456,
        51859456,
        51859456,
        51859456,
        51859456,
        51859456
      ],
      "exit_codes": [
        0,
        0,
        0,
        0,
        0,
        0,
        0,
        0,
        0,
        0
      ]
    },
    {
      "command": "mdsmith-parity",
      "mean": 0.1772813863,
      "stddev": 0.016824343027390377,
      "median": 0.16959118850000002,
      "user": 0.4026987,
      "system": 0.04779699999999999,
      "min": 0.163305792,
      "max": 0.209047894,
      "times": [
        0.17003072900000002,
        0.163305792,
        0.16986319800000002,
        0.16535956500000001,
        0.167753557,
        0.16572135400000002,
        0.16931917900000001,
        0.189526032,
        0.20288656300000002,
        0.209047894
      ],
      "memory_usage_byte": [
        51859456,
        51859456,
        51859456,
        51859456,
        51859456,
        51859456,
        51859456,
        51859456,
        51859456,
        51859456
      ],
      "exit_codes": [
        1,
        1,
        1,
        1,
        1,
        1,
        1,
        1,
        1,
        1
      ]
    },
    {
      "command": "mdsmith",
      "mean": 0.29163315930000006,
      "stddev": 0.003755639069859709,
      "median": 0.2905682635,
      "user": 0.7530989999999999,
      "system": 0.0833899,
      "min": 0.28715419400000003,
      "max": 0.29932073400000003,
      "times": [
        0.293620469,
        0.28715419400000003,
        0.290611389,
        0.29507320600000003,
        0.293716128,
        0.28806331900000004,
        0.288966626,
        0.290525138,
        0.28928039,
        0.29932073400000003
      ],
      "memory_usage_byte": [
        63774720,
        63774720,
        63774720,
        63774720,
        63774720,
        63774720,
        63774720,
        63774720,
        63774720,
        63774720
      ],
      "exit_codes": [
        1,
        1,
        1,
        1,
        1,
        1,
        1,
        1,
        1,
        1
      ]
    }
  ]
}
