{
  "results": [
    {
      "command": "mado",
      "mean": 0.04446736150000001,
      "stddev": 0.0020140191073702057,
      "median": 0.04358830650000001,
      "user": 0.07028599999999999,
      "system": 0.007291500000000001,
      "min": 0.04302443,
      "max": 0.048946923,
      "times": [
        0.043428411,
        0.048946923,
        0.043911398000000004,
        0.043662863,
        0.043463441000000005,
        0.043513750000000004,
        0.04302443,
        0.043421492000000006,
        0.047454853000000005,
        0.043846054
      ],
      "memory_usage_byte": [
        29839360,
        29839360,
        33693696,
        33693696,
        33693696,
        33693696,
        33693696,
        33693696,
        33693696,
        33693696
      ],
      "exit_codes": [
        1,
        1,
        1,
        1,
        1,
        1,
        1,
        1,
        1,
        1
      ]
    },
    {
      "command": "rumdl",
      "mean": 0.2054105652,
      "stddev": 0.0029326119696621534,
      "median": 0.205091599,
      "user": 0.7152087,
      "system": 0.023563099999999997,
      "min": 0.200816623,
      "max": 0.210807875,
      "times": [
        0.2083461,
        0.210807875,
        0.202847146,
        0.20443060700000001,
        0.207981315,
        0.20336218,
        0.20533060800000003,
        0.200816623,
        0.205132523,
        0.20505067500000002
      ],
      "memory_usage_byte": [
        52584448,
        52584448,
        52584448,
        52584448,
        52584448,
        52584448,
        54550528,
        54550528,
        54550528,
        54550528
      ],
      "exit_codes": [
        1,
        1,
        1,
        1,
        1,
        1,
        1,
        1,
        1,
        1
      ]
    },
    {
      "command": "panache",
      "mean": 0.534789436,
      "stddev": 0.007021469283780314,
      "median": 0.536022224,
      "user": 1.6995407999999999,
      "system": 0.03715349999999999,
      "min": 0.524834865,
      "max": 0.544483314,
      "times": [
        0.539680051,
        0.525114768,
        0.540668801,
        0.540356358,
        0.53250416,
        0.524834865,
        0.539540288,
        0.544483314,
        0.530837381,
        0.529874374
      ],
      "memory_usage_byte": [
        54550528,
        54550528,
        54550528,
        54550528,
        54550528,
        54550528,
        54550528,
        54550528,
        54550528,
        54550528
      ],
      "exit_codes": [
        0,
        0,
        0,
        0,
        0,
        0,
        0,
        0,
        0,
        0
      ]
    },
    {
      "command": "mdsmith-parity",
      "mean": 0.14621490630000003,
      "stddev": 0.0014505282308337078,
      "median": 0.14582802100000003,
      "user": 0.3944796,
      "system": 0.0338062,
      "min": 0.144732845,
      "max": 0.149511095,
      "times": [
        0.14585172000000002,
        0.144732845,
        0.146478026,
        0.145173511,
        0.149511095,
        0.147732197,
        0.146295325,
        0.14484760100000002,
        0.14572242100000002,
        0.14580432200000001
      ],
      "memory_usage_byte": [
        54550528,
        54550528,
        54550528,
        54550528,
        54550528,
        54550528,
        54550528,
        54550528,
        54550528,
        54550528
      ],
      "exit_codes": [
        1,
        1,
        1,
        1,
        1,
        1,
        1,
        1,
        1,
        1
      ]
    },
    {
      "command": "mdsmith",
      "mean": 0.2648027504,
      "stddev": 0.004693683609533018,
      "median": 0.26409795599999997,
      "user": 0.7358228,
      "system": 0.06496049999999999,
      "min": 0.25801139900000003,
      "max": 0.271810818,
      "times": [
        0.26861864,
        0.262634455,
        0.271810818,
        0.265415452,
        0.266812537,
        0.270838574,
        0.26278046,
        0.26171764200000003,
        0.25801139900000003,
        0.259387527
      ],
      "memory_usage_byte": [
        58740736,
        58740736,
        58740736,
        58740736,
        58740736,
        58740736,
        58740736,
        58740736,
        58740736,
        58740736
      ],
      "exit_codes": [
        1,
        1,
        1,
        1,
        1,
        1,
        1,
        1,
        1,
        1
      ]
    }
  ]
}
