{
  "results": [
    {
      "command": "markdownlint-cli2",
      "mean": 3.0739694461666667,
      "stddev": 0.10279226614938622,
      "median": 3.0642630095000003,
      "user": 4.641352833333333,
      "system": 0.3025713333333333,
      "min": 2.958841398,
      "max": 3.198131424,
      "times": [
        3.170369606,
        3.124593414,
        2.98794823,
        2.958841398,
        3.198131424,
        3.003932605
      ],
      "memory_usage_byte": [
        340877312,
        389328896,
        389328896,
        389328896,
        389328896,
        389328896
      ],
      "exit_codes": [
        1,
        1,
        1,
        1,
        1,
        1
      ]
    }
  ]
}
