{
  "results": [
    {
      "command": "mado",
      "mean": 0.061611563300000005,
      "stddev": 0.0038044068170813594,
      "median": 0.059247981000000005,
      "user": 0.09602409999999999,
      "system": 0.0205895,
      "min": 0.05809982700000001,
      "max": 0.066606287,
      "times": [
        0.065850953,
        0.058212308000000004,
        0.05809982700000001,
        0.066378741,
        0.058313837,
        0.059058752000000006,
        0.06509896600000001,
        0.066606287,
        0.05921769,
        0.05927827200000001
      ],
      "memory_usage_byte": [
        28991488,
        28991488,
        28991488,
        29020160,
        29020160,
        29020160,
        29020160,
        29020160,
        29020160,
        29020160
      ],
      "exit_codes": [
        1,
        1,
        1,
        1,
        1,
        1,
        1,
        1,
        1,
        1
      ]
    },
    {
      "command": "rumdl",
      "mean": 0.2959743293,
      "stddev": 0.004121584419860076,
      "median": 0.296664996,
      "user": 0.8986379,
      "system": 0.068552,
      "min": 0.29062744300000004,
      "max": 0.304006936,
      "times": [
        0.304006936,
        0.29824722000000004,
        0.29062744300000004,
        0.29108364600000003,
        0.297373916,
        0.292568543,
        0.293427282,
        0.296497809,
        0.29907831500000004,
        0.296832183
      ],
      "memory_usage_byte": [
        52146176,
        52146176,
        52146176,
        52146176,
        52146176,
        52146176,
        52146176,
        52146176,
        52146176,
        52146176
      ],
      "exit_codes": [
        1,
        1,
        1,
        1,
        1,
        1,
        1,
        1,
        1,
        1
      ]
    },
    {
      "command": "panache",
      "mean": 0.5420383026,
      "stddev": 0.003872420023758557,
      "median": 0.540473952,
      "user": 1.9738765999999999,
      "system": 0.13018409999999997,
      "min": 0.5389912290000001,
      "max": 0.552024858,
      "times": [
        0.540157521,
        0.540393196,
        0.54023254,
        0.54001379,
        0.552024858,
        0.540634044,
        0.5389912290000001,
        0.542526811,
        0.540554708,
        0.5448543290000001
      ],
      "memory_usage_byte": [
        52146176,
        52146176,
        52146176,
        52146176,
        52146176,
        52146176,
        52146176,
        52146176,
        52146176,
        52146176
      ],
      "exit_codes": [
        0,
        0,
        0,
        0,
        0,
        0,
        0,
        0,
        0,
        0
      ]
    },
    {
      "command": "mdsmith-parity",
      "mean": 0.10684236620000001,
      "stddev": 0.0017504837727433352,
      "median": 0.10681873800000001,
      "user": 0.3281218,
      "system": 0.0281065,
      "min": 0.10451376400000001,
      "max": 0.10914383200000001,
      "times": [
        0.105704721,
        0.10914383200000001,
        0.108441296,
        0.10790930900000001,
        0.10749759900000001,
        0.10888663000000001,
        0.10613987700000001,
        0.10452356,
        0.10451376400000001,
        0.10566307400000001
      ],
      "memory_usage_byte": [
        52146176,
        52146176,
        52146176,
        52146176,
        52146176,
        52146176,
        52146176,
        52146176,
        52146176,
        52146176
      ],
      "exit_codes": [
        1,
        1,
        1,
        1,
        1,
        1,
        1,
        1,
        1,
        1
      ]
    },
    {
      "command": "mdsmith",
      "mean": 0.46182904410000003,
      "stddev": 0.01067035672937432,
      "median": 0.464440532,
      "user": 1.0192876,
      "system": 0.5182619,
      "min": 0.444008124,
      "max": 0.47592101200000003,
      "times": [
        0.471658114,
        0.447800448,
        0.47592101200000003,
        0.46957575700000004,
        0.46277411700000004,
        0.45334387800000003,
        0.45816613100000003,
        0.46893591300000004,
        0.46610694700000005,
        0.444008124
      ],
      "memory_usage_byte": [
        77172736,
        77172736,
        77172736,
        77172736,
        77172736,
        77172736,
        77172736,
        77172736,
        77172736,
        77172736
      ],
      "exit_codes": [
        1,
        1,
        1,
        1,
        1,
        1,
        1,
        1,
        1,
        1
      ]
    }
  ]
}
