{
  "results": [
    {
      "command": "markdownlint-cli2",
      "mean": 1.766563883,
      "stddev": 0.05235656299722655,
      "median": 1.7611098205,
      "user": 2.7442091666666664,
      "system": 0.1995685,
      "min": 1.707879441,
      "max": 1.852087095,
      "times": [
        1.7873419730000002,
        1.729855148,
        1.784659885,
        1.707879441,
        1.852087095,
        1.737559756
      ],
      "memory_usage_byte": [
        435290112,
        435290112,
        435290112,
        435290112,
        435290112,
        435290112
      ],
      "exit_codes": [
        1,
        1,
        1,
        1,
        1,
        1
      ]
    }
  ]
}
