{
  "results": [
    {
      "command": "mado",
      "mean": 0.044250256099999996,
      "stddev": 0.0022090926730816414,
      "median": 0.043619973500000006,
      "user": 0.0706975,
      "system": 0.0066021,
      "min": 0.043082637,
      "max": 0.050465049000000005,
      "times": [
        0.043828709,
        0.043422111,
        0.043082637,
        0.043409778,
        0.043634028000000005,
        0.043105737000000005,
        0.044205338000000004,
        0.050465049000000005,
        0.043605919,
        0.043743255
      ],
      "memory_usage_byte": [
        31891456,
        31891456,
        31891456,
        31891456,
        33804288,
        33804288,
        33804288,
        33804288,
        33804288,
        33804288
      ],
      "exit_codes": [
        1,
        1,
        1,
        1,
        1,
        1,
        1,
        1,
        1,
        1
      ]
    },
    {
      "command": "rumdl",
      "mean": 0.2057783083,
      "stddev": 0.0025524920021161024,
      "median": 0.205859545,
      "user": 0.7116311999999999,
      "system": 0.0254222,
      "min": 0.201608809,
      "max": 0.210702739,
      "times": [
        0.20323431500000003,
        0.210702739,
        0.20756548200000002,
        0.207472649,
        0.20610493600000002,
        0.205935226,
        0.20369895000000002,
        0.205783864,
        0.201608809,
        0.20567611300000002
      ],
      "memory_usage_byte": [
        50941952,
        50941952,
        50941952,
        50941952,
        51314688,
        51314688,
        51314688,
        51314688,
        51314688,
        51314688
      ],
      "exit_codes": [
        1,
        1,
        1,
        1,
        1,
        1,
        1,
        1,
        1,
        1
      ]
    },
    {
      "command": "panache",
      "mean": 0.5456451842000001,
      "stddev": 0.013423836422604838,
      "median": 0.5531557385000001,
      "user": 1.6700823,
      "system": 0.0368751,
      "min": 0.525200746,
      "max": 0.557963096,
      "times": [
        0.5532615740000001,
        0.5281040060000001,
        0.5540753860000001,
        0.556086779,
        0.553412707,
        0.553049903,
        0.557963096,
        0.549121465,
        0.52617618,
        0.525200746
      ],
      "memory_usage_byte": [
        51314688,
        51314688,
        51314688,
        51314688,
        51314688,
        51314688,
        51314688,
        51314688,
        51314688,
        51314688
      ],
      "exit_codes": [
        0,
        0,
        0,
        0,
        0,
        0,
        0,
        0,
        0,
        0
      ]
    },
    {
      "command": "mdsmith-parity",
      "mean": 0.14442218050000002,
      "stddev": 0.0020787453593957023,
      "median": 0.144107245,
      "user": 0.3868406999999999,
      "system": 0.0372305,
      "min": 0.14236316400000001,
      "max": 0.149601641,
      "times": [
        0.14449641500000002,
        0.143484577,
        0.144344832,
        0.14236316400000001,
        0.14564844600000001,
        0.14469041500000002,
        0.14316150400000002,
        0.143869658,
        0.142561153,
        0.149601641
      ],
      "memory_usage_byte": [
        51314688,
        51314688,
        51314688,
        51314688,
        51314688,
        51314688,
        51314688,
        51314688,
        51314688,
        51314688
      ],
      "exit_codes": [
        1,
        1,
        1,
        1,
        1,
        1,
        1,
        1,
        1,
        1
      ]
    },
    {
      "command": "mdsmith",
      "mean": 0.2519494776,
      "stddev": 0.001348547946824308,
      "median": 0.2519986135,
      "user": 0.7154224,
      "system": 0.05621269999999999,
      "min": 0.248777197,
      "max": 0.25331563900000004,
      "times": [
        0.252917712,
        0.248777197,
        0.25331563900000004,
        0.251810947,
        0.252813283,
        0.253265986,
        0.251511239,
        0.25182804000000003,
        0.251085546,
        0.252169187
      ],
      "memory_usage_byte": [
        56623104,
        58724352,
        58724352,
        58724352,
        58724352,
        58994688,
        58994688,
        58994688,
        58994688,
        59281408
      ],
      "exit_codes": [
        1,
        1,
        1,
        1,
        1,
        1,
        1,
        1,
        1,
        1
      ]
    }
  ]
}
