{
  "results": [
    {
      "command": "mado",
      "mean": 0.04672104050000001,
      "stddev": 0.004736318505543573,
      "median": 0.0434218995,
      "user": 0.07338599999999999,
      "system": 0.0085367,
      "min": 0.042757372,
      "max": 0.05579084300000001,
      "times": [
        0.042757372,
        0.043310198,
        0.05103006,
        0.049881371,
        0.05579084300000001,
        0.051013657000000004,
        0.043357780000000005,
        0.043225325,
        0.04347882,
        0.043364979000000005
      ],
      "memory_usage_byte": [
        33968128,
        33968128,
        33968128,
        33968128,
        33968128,
        33968128,
        33968128,
        33968128,
        33968128,
        33968128
      ],
      "exit_codes": [
        1,
        1,
        1,
        1,
        1,
        1,
        1,
        1,
        1,
        1
      ]
    },
    {
      "command": "rumdl",
      "mean": 0.20250126910000002,
      "stddev": 0.002732030904833357,
      "median": 0.20255654350000002,
      "user": 0.7055912,
      "system": 0.023580800000000002,
      "min": 0.198961078,
      "max": 0.20836863100000003,
      "times": [
        0.20387697600000002,
        0.203315609,
        0.202257031,
        0.202856056,
        0.198961078,
        0.199642171,
        0.203893344,
        0.202009093,
        0.20836863100000003,
        0.199832702
      ],
      "memory_usage_byte": [
        48582656,
        53743616,
        53743616,
        53743616,
        53743616,
        53743616,
        53743616,
        53743616,
        53743616,
        53743616
      ],
      "exit_codes": [
        1,
        1,
        1,
        1,
        1,
        1,
        1,
        1,
        1,
        1
      ]
    },
    {
      "command": "panache",
      "mean": 0.5321710686000001,
      "stddev": 0.006781456305937629,
      "median": 0.5290035545,
      "user": 1.6971464,
      "system": 0.0402464,
      "min": 0.5253427740000001,
      "max": 0.54088766,
      "times": [
        0.5270673960000001,
        0.5253427740000001,
        0.530939713,
        0.5267239690000001,
        0.54088766,
        0.525899183,
        0.539323599,
        0.526502977,
        0.540864798,
        0.538158617
      ],
      "memory_usage_byte": [
        53743616,
        53743616,
        53743616,
        53743616,
        53743616,
        53743616,
        53743616,
        53743616,
        53743616,
        53743616
      ],
      "exit_codes": [
        0,
        0,
        0,
        0,
        0,
        0,
        0,
        0,
        0,
        0
      ]
    },
    {
      "command": "mdsmith-parity",
      "mean": 0.14214058810000002,
      "stddev": 0.0029166279229263818,
      "median": 0.1416854145,
      "user": 0.3824949999999999,
      "system": 0.031177999999999994,
      "min": 0.13900630900000002,
      "max": 0.149396514,
      "times": [
        0.14209715,
        0.144261248,
        0.141114959,
        0.141868969,
        0.14186816500000002,
        0.141502664,
        0.14005213400000002,
        0.13900630900000002,
        0.140237769,
        0.149396514
      ],
      "memory_usage_byte": [
        53743616,
        53743616,
        53743616,
        53743616,
        53743616,
        53743616,
        53743616,
        53743616,
        53743616,
        53743616
      ],
      "exit_codes": [
        1,
        1,
        1,
        1,
        1,
        1,
        1,
        1,
        1,
        1
      ]
    },
    {
      "command": "mdsmith",
      "mean": 0.2510963364,
      "stddev": 0.0023853337350831704,
      "median": 0.2512555525,
      "user": 0.7082728,
      "system": 0.0577886,
      "min": 0.247876072,
      "max": 0.256406383,
      "times": [
        0.25188711,
        0.249849484,
        0.247876072,
        0.251582291,
        0.251693545,
        0.250928814,
        0.250791211,
        0.256406383,
        0.251875471,
        0.24807298300000002
      ],
      "memory_usage_byte": [
        59047936,
        59109376,
        59109376,
        59109376,
        59228160,
        59228160,
        59228160,
        59228160,
        59228160,
        59228160
      ],
      "exit_codes": [
        1,
        1,
        1,
        1,
        1,
        1,
        1,
        1,
        1,
        1
      ]
    }
  ]
}
