{
  "results": [
    {
      "command": "markdownlint-cli2",
      "mean": 4.132642125833333,
      "stddev": 0.059894450876990996,
      "median": 4.140915004,
      "user": 6.230422333333333,
      "system": 0.2998786666666666,
      "min": 4.043597709,
      "max": 4.218823402,
      "times": [
        4.094070759,
        4.157530877,
        4.043597709,
        4.218823402,
        4.153886596,
        4.127943412
      ],
      "memory_usage_byte": [
        372363264,
        372363264,
        381042688,
        381042688,
        381042688,
        381042688
      ],
      "exit_codes": [
        1,
        1,
        1,
        1,
        1,
        1
      ]
    }
  ]
}
