{
  "results": [
    {
      "command": "markdownlint-cli2",
      "mean": 4.232162686,
      "stddev": 0.039148732565946726,
      "median": 4.221993618,
      "user": 6.422972833333333,
      "system": 0.31993999999999995,
      "min": 4.19054068,
      "max": 4.306266187,
      "times": [
        4.234734604,
        4.21982313,
        4.19054068,
        4.306266187,
        4.224164106,
        4.217447409
      ],
      "memory_usage_byte": [
        368726016,
        376004608,
        391184384,
        391184384,
        391184384,
        391184384
      ],
      "exit_codes": [
        1,
        1,
        1,
        1,
        1,
        1
      ]
    }
  ]
}
