{
  "results": [
    {
      "command": "markdownlint-cli2",
      "mean": 4.125414408666667,
      "stddev": 0.06331918291963304,
      "median": 4.128723598500001,
      "user": 6.198256833333333,
      "system": 0.40165,
      "min": 4.040930287,
      "max": 4.198579188,
      "times": [
        4.198579188,
        4.040930287,
        4.143667909,
        4.113779288,
        4.068282426,
        4.187247354
      ],
      "memory_usage_byte": [
        386322432,
        386322432,
        387977216,
        387977216,
        387977216,
        390983680
      ],
      "exit_codes": [
        1,
        1,
        1,
        1,
        1,
        1
      ]
    }
  ]
}
