{
  "results": [
    {
      "command": "markdownlint-cli2",
      "mean": 4.261913882833333,
      "stddev": 0.14227840377711842,
      "median": 4.2088087195,
      "user": 6.496483333333333,
      "system": 0.2945223333333333,
      "min": 4.163666604,
      "max": 4.541400403,
      "times": [
        4.541400403,
        4.267611869,
        4.181186982,
        4.233917103,
        4.183700336,
        4.163666604
      ],
      "memory_usage_byte": [
        361918464,
        387674112,
        387674112,
        387674112,
        387674112,
        387674112
      ],
      "exit_codes": [
        1,
        1,
        1,
        1,
        1,
        1
      ]
    }
  ]
}
