{
  "results": [
    {
      "command": "markdownlint-cli2",
      "mean": 4.139276709333333,
      "stddev": 0.0731094591672078,
      "median": 4.1335456345,
      "user": 6.309874833333333,
      "system": 0.3233893333333333,
      "min": 4.034231106,
      "max": 4.224055711,
      "times": [
        4.144518902,
        4.122572367,
        4.224055711,
        4.217161383,
        4.093120787,
        4.034231106
      ],
      "memory_usage_byte": [
        384581632,
        384581632,
        386129920,
        386129920,
        386129920,
        386129920
      ],
      "exit_codes": [
        1,
        1,
        1,
        1,
        1,
        1
      ]
    }
  ]
}
