{
  "results": [
    {
      "command": "mado",
      "mean": 0.052127280799999995,
      "stddev": 0.003010463041654549,
      "median": 0.0508608435,
      "user": 0.0805624,
      "system": 0.016170499999999997,
      "min": 0.050311301,
      "max": 0.059932613,
      "times": [
        0.054494518000000006,
        0.050407286,
        0.051302413000000005,
        0.051955757000000005,
        0.050921119,
        0.050696572,
        0.050450661,
        0.050311301,
        0.050800568000000004,
        0.059932613
      ],
      "memory_usage_byte": [
        29192192,
        29192192,
        29192192,
        31023104,
        31023104,
        31023104,
        31023104,
        31023104,
        31023104,
        31023104
      ],
      "exit_codes": [
        1,
        1,
        1,
        1,
        1,
        1,
        1,
        1,
        1,
        1
      ]
    },
    {
      "command": "rumdl",
      "mean": 0.2460952056,
      "stddev": 0.007345251334650499,
      "median": 0.24429096150000001,
      "user": 0.7168642,
      "system": 0.0689002,
      "min": 0.238033178,
      "max": 0.262068269,
      "times": [
        0.24100842100000003,
        0.24509244400000002,
        0.243489479,
        0.239057802,
        0.254017871,
        0.248841673,
        0.24268679,
        0.246656129,
        0.238033178,
        0.262068269
      ],
      "memory_usage_byte": [
        48578560,
        48578560,
        48578560,
        48578560,
        51535872,
        51535872,
        51535872,
        52166656,
        52166656,
        52166656
      ],
      "exit_codes": [
        1,
        1,
        1,
        1,
        1,
        1,
        1,
        1,
        1,
        1
      ]
    },
    {
      "command": "panache",
      "mean": 0.4578072142000001,
      "stddev": 0.0014764750823743709,
      "median": 0.4576061315,
      "user": 1.6474585999999998,
      "system": 0.12471480000000001,
      "min": 0.45523220900000005,
      "max": 0.46033069200000004,
      "times": [
        0.45624484400000004,
        0.457215768,
        0.45857076500000005,
        0.45523220900000005,
        0.45919590600000004,
        0.45878194200000005,
        0.457287753,
        0.457510923,
        0.45770134,
        0.46033069200000004
      ],
      "memory_usage_byte": [
        52166656,
        52166656,
        52166656,
        52166656,
        52166656,
        52166656,
        52166656,
        52166656,
        52166656,
        52166656
      ],
      "exit_codes": [
        0,
        0,
        0,
        0,
        0,
        0,
        0,
        0,
        0,
        0
      ]
    },
    {
      "command": "mdsmith-parity",
      "mean": 0.14460068240000004,
      "stddev": 0.002225213914788279,
      "median": 0.144947654,
      "user": 0.4117255,
      "system": 0.062148300000000004,
      "min": 0.14144678000000002,
      "max": 0.14807852200000002,
      "times": [
        0.14144678000000002,
        0.146860149,
        0.14807852200000002,
        0.146257824,
        0.142642458,
        0.14348835000000001,
        0.14171903,
        0.145618403,
        0.144852691,
        0.145042617
      ],
      "memory_usage_byte": [
        52166656,
        52166656,
        52166656,
        52166656,
        52166656,
        52166656,
        52166656,
        52166656,
        52166656,
        52166656
      ],
      "exit_codes": [
        1,
        1,
        1,
        1,
        1,
        1,
        1,
        1,
        1,
        1
      ]
    },
    {
      "command": "mdsmith",
      "mean": 0.4841273277,
      "stddev": 0.009350176588539112,
      "median": 0.486174957,
      "user": 1.1122222000000002,
      "system": 0.5571533000000001,
      "min": 0.46942538600000006,
      "max": 0.497626938,
      "times": [
        0.46942538600000006,
        0.497626938,
        0.477348688,
        0.47802086000000005,
        0.49224556,
        0.47241637500000006,
        0.487039013,
        0.485310901,
        0.490943444,
        0.49089611200000005
      ],
      "memory_usage_byte": [
        52166656,
        52166656,
        52166656,
        52166656,
        52166656,
        52166656,
        52166656,
        52166656,
        52166656,
        52166656
      ],
      "exit_codes": [
        1,
        1,
        1,
        1,
        1,
        1,
        1,
        1,
        1,
        1
      ]
    }
  ]
}
