{
  "results": [
    {
      "command": "markdownlint-cli2",
      "mean": 4.686762992666667,
      "stddev": 0.10661763974340448,
      "median": 4.6531409660000005,
      "user": 7.031790166666666,
      "system": 0.42814783333333334,
      "min": 4.627617199,
      "max": 4.902797246,
      "times": [
        4.902797246,
        4.650670468,
        4.655611464,
        4.627617199,
        4.655660012,
        4.628221567
      ],
      "memory_usage_byte": [
        388153344,
        388153344,
        400478208,
        400478208,
        400478208,
        400478208
      ],
      "exit_codes": [
        1,
        1,
        1,
        1,
        1,
        1
      ]
    }
  ]
}
