{
  "results": [
    {
      "command": "mado",
      "mean": 0.059747183700000005,
      "stddev": 0.0016211048231086127,
      "median": 0.0595132025,
      "user": 0.0898163,
      "system": 0.022986799999999995,
      "min": 0.057864302000000006,
      "max": 0.062615672,
      "times": [
        0.058154967,
        0.059102060000000005,
        0.059924345000000004,
        0.057968857000000006,
        0.061407259000000006,
        0.060523419,
        0.062615672,
        0.058885893,
        0.057864302000000006,
        0.061025063000000004
      ],
      "memory_usage_byte": [
        29143040,
        29339648,
        29339648,
        29450240,
        29450240,
        29450240,
        29450240,
        29450240,
        29450240,
        29450240
      ],
      "exit_codes": [
        1,
        1,
        1,
        1,
        1,
        1,
        1,
        1,
        1,
        1
      ]
    },
    {
      "command": "rumdl",
      "mean": 0.2834629252,
      "stddev": 0.024973540146659458,
      "median": 0.28214003200000004,
      "user": 0.7725449999999999,
      "system": 0.0633833,
      "min": 0.24958634600000001,
      "max": 0.311667833,
      "times": [
        0.310840508,
        0.301954985,
        0.311608569,
        0.311667833,
        0.29067601400000004,
        0.262210294,
        0.251297838,
        0.24958634600000001,
        0.271182815,
        0.27360405000000004
      ],
      "memory_usage_byte": [
        51580928,
        51580928,
        51580928,
        51580928,
        52080640,
        52080640,
        52080640,
        52080640,
        52080640,
        52080640
      ],
      "exit_codes": [
        1,
        1,
        1,
        1,
        1,
        1,
        1,
        1,
        1,
        1
      ]
    },
    {
      "command": "panache",
      "mean": 0.48142778480000004,
      "stddev": 0.0025937372494549637,
      "median": 0.4805715380000001,
      "user": 1.7373949,
      "system": 0.12396969999999999,
      "min": 0.478868495,
      "max": 0.485742702,
      "times": [
        0.485742702,
        0.48084742100000005,
        0.478868495,
        0.47935523,
        0.47998676500000004,
        0.48029565500000004,
        0.481137095,
        0.48525571900000003,
        0.478879586,
        0.48390918000000005
      ],
      "memory_usage_byte": [
        52080640,
        52080640,
        52080640,
        52080640,
        52080640,
        52080640,
        52080640,
        52080640,
        52080640,
        52080640
      ],
      "exit_codes": [
        0,
        0,
        0,
        0,
        0,
        0,
        0,
        0,
        0,
        0
      ]
    },
    {
      "command": "mdsmith-parity",
      "mean": 0.1528185632,
      "stddev": 0.003978392326067542,
      "median": 0.1523586085,
      "user": 0.45214679999999996,
      "system": 0.054923900000000005,
      "min": 0.149080564,
      "max": 0.16362272900000002,
      "times": [
        0.152565176,
        0.150413226,
        0.15277216500000002,
        0.16362272900000002,
        0.152511846,
        0.15077912300000001,
        0.152262889,
        0.15172358600000002,
        0.149080564,
        0.152454328
      ],
      "memory_usage_byte": [
        52080640,
        52080640,
        52080640,
        52080640,
        52080640,
        52080640,
        52080640,
        52080640,
        52080640,
        52080640
      ],
      "exit_codes": [
        1,
        1,
        1,
        1,
        1,
        1,
        1,
        1,
        1,
        1
      ]
    },
    {
      "command": "mdsmith",
      "mean": 0.491338309,
      "stddev": 0.007655690406303166,
      "median": 0.49210869850000005,
      "user": 1.1699397,
      "system": 0.5349729999999999,
      "min": 0.47626698100000003,
      "max": 0.50120471,
      "times": [
        0.49517478000000004,
        0.492055764,
        0.499098947,
        0.48385037900000005,
        0.49714927600000003,
        0.49116427,
        0.47626698100000003,
        0.49216163300000004,
        0.50120471,
        0.48525635
      ],
      "memory_usage_byte": [
        52080640,
        52080640,
        52080640,
        52080640,
        52080640,
        52080640,
        52080640,
        52080640,
        52080640,
        52080640
      ],
      "exit_codes": [
        1,
        1,
        1,
        1,
        1,
        1,
        1,
        1,
        1,
        1
      ]
    }
  ]
}
