{
  "results": [
    {
      "command": "mado",
      "mean": 0.046867528000000006,
      "stddev": 0.0021297507072526377,
      "median": 0.0459354055,
      "user": 0.07414289999999998,
      "system": 0.0081818,
      "min": 0.0449989,
      "max": 0.051039853,
      "times": [
        0.051039853,
        0.050632651,
        0.046003818,
        0.045809006000000006,
        0.046305702000000004,
        0.0449989,
        0.046470179,
        0.045690308000000006,
        0.045866993,
        0.04585787
      ],
      "memory_usage_byte": [
        29806592,
        29806592,
        29806592,
        29806592,
        29806592,
        29806592,
        33644544,
        33644544,
        33644544,
        33644544
      ],
      "exit_codes": [
        1,
        1,
        1,
        1,
        1,
        1,
        1,
        1,
        1,
        1
      ]
    },
    {
      "command": "rumdl",
      "mean": 0.1898918373,
      "stddev": 0.0018829924203495887,
      "median": 0.1903813745,
      "user": 0.6170543,
      "system": 0.0392886,
      "min": 0.18700296800000002,
      "max": 0.192093949,
      "times": [
        0.189735116,
        0.188714884,
        0.19150514000000002,
        0.192093949,
        0.18700296800000002,
        0.191027633,
        0.19152199,
        0.18779057600000001,
        0.191538961,
        0.18798715600000002
      ],
      "memory_usage_byte": [
        50696192,
        50696192,
        50696192,
        53366784,
        53366784,
        53366784,
        53366784,
        53366784,
        53366784,
        53366784
      ],
      "exit_codes": [
        1,
        1,
        1,
        1,
        1,
        1,
        1,
        1,
        1,
        1
      ]
    },
    {
      "command": "panache",
      "mean": 0.5226083293000001,
      "stddev": 0.010188282795834485,
      "median": 0.5221104190000001,
      "user": 1.5912574,
      "system": 0.06132219999999999,
      "min": 0.5123796300000001,
      "max": 0.53329426,
      "times": [
        0.513276217,
        0.53329426,
        0.531905669,
        0.5127444290000001,
        0.532321459,
        0.5135439700000001,
        0.5123796300000001,
        0.530676868,
        0.533037624,
        0.512903167
      ],
      "memory_usage_byte": [
        53366784,
        53366784,
        53366784,
        53366784,
        53366784,
        53366784,
        53366784,
        53366784,
        53366784,
        53366784
      ],
      "exit_codes": [
        0,
        0,
        0,
        0,
        0,
        0,
        0,
        0,
        0,
        0
      ]
    },
    {
      "command": "mdsmith-parity",
      "mean": 0.1692472269,
      "stddev": 0.002886092769795584,
      "median": 0.16927554,
      "user": 0.37446499999999994,
      "system": 0.06154680000000001,
      "min": 0.164243317,
      "max": 0.17527900600000001,
      "times": [
        0.16980007500000002,
        0.17055909500000002,
        0.170671589,
        0.16899360300000002,
        0.16946813200000002,
        0.167843666,
        0.169082948,
        0.164243317,
        0.17527900600000001,
        0.16653083800000001
      ],
      "memory_usage_byte": [
        53366784,
        53366784,
        53366784,
        53366784,
        53366784,
        53366784,
        53366784,
        53366784,
        53366784,
        53366784
      ],
      "exit_codes": [
        1,
        1,
        1,
        1,
        1,
        1,
        1,
        1,
        1,
        1
      ]
    },
    {
      "command": "mdsmith",
      "mean": 0.29321509330000006,
      "stddev": 0.00441953015555097,
      "median": 0.292807872,
      "user": 0.7071949999999999,
      "system": 0.10124650000000002,
      "min": 0.288045251,
      "max": 0.30447659,
      "times": [
        0.293598505,
        0.294260189,
        0.291995106,
        0.28984907600000004,
        0.29237712000000005,
        0.293238624,
        0.30447659,
        0.288045251,
        0.290537425,
        0.293773047
      ],
      "memory_usage_byte": [
        56635392,
        56635392,
        56635392,
        58773504,
        58773504,
        58773504,
        59056128,
        59056128,
        59056128,
        59056128
      ],
      "exit_codes": [
        1,
        1,
        1,
        1,
        1,
        1,
        1,
        1,
        1,
        1
      ]
    }
  ]
}
