{
  "results": [
    {
      "command": "mado",
      "mean": 0.05357555380000001,
      "stddev": 0.004163145947773946,
      "median": 0.051381485000000005,
      "user": 0.0842445,
      "system": 0.016886599999999998,
      "min": 0.050847089000000005,
      "max": 0.06137349500000001,
      "times": [
        0.051390021,
        0.051055948000000004,
        0.051543467,
        0.050945111,
        0.050847089000000005,
        0.050965399,
        0.06137349500000001,
        0.05564195500000001,
        0.060620104,
        0.051372949
      ],
      "memory_usage_byte": [
        29052928,
        29052928,
        29052928,
        29052928,
        29200384,
        31133696,
        31133696,
        31133696,
        31133696,
        31133696
      ],
      "exit_codes": [
        1,
        1,
        1,
        1,
        1,
        1,
        1,
        1,
        1,
        1
      ]
    },
    {
      "command": "rumdl",
      "mean": 0.24974827050000004,
      "stddev": 0.006189135243992671,
      "median": 0.24851755650000001,
      "user": 0.7591840999999999,
      "system": 0.0603355,
      "min": 0.24482024600000002,
      "max": 0.266202418,
      "times": [
        0.24482024600000002,
        0.266202418,
        0.248763384,
        0.251329819,
        0.24635716000000002,
        0.245607233,
        0.24598087800000001,
        0.24827172900000002,
        0.25078843900000003,
        0.249361399
      ],
      "memory_usage_byte": [
        53514240,
        53514240,
        53514240,
        53514240,
        53514240,
        53514240,
        53514240,
        53514240,
        53514240,
        53514240
      ],
      "exit_codes": [
        1,
        1,
        1,
        1,
        1,
        1,
        1,
        1,
        1,
        1
      ]
    },
    {
      "command": "panache",
      "mean": 0.4888442917999999,
      "stddev": 0.03537560417686154,
      "median": 0.47143601700000004,
      "user": 1.7106313999999998,
      "system": 0.11800429999999999,
      "min": 0.468974113,
      "max": 0.582545324,
      "times": [
        0.48584703100000004,
        0.49095297800000004,
        0.508070027,
        0.582545324,
        0.468974113,
        0.46972271800000004,
        0.47035870100000005,
        0.470129183,
        0.47251333300000004,
        0.46932951
      ],
      "memory_usage_byte": [
        53514240,
        53514240,
        53514240,
        53514240,
        53514240,
        53514240,
        53514240,
        53514240,
        53514240,
        53514240
      ],
      "exit_codes": [
        0,
        0,
        0,
        0,
        0,
        0,
        0,
        0,
        0,
        0
      ]
    },
    {
      "command": "mdsmith-parity",
      "mean": 0.1511913317,
      "stddev": 0.011528847034808217,
      "median": 0.1478499715,
      "user": 0.44439519999999993,
      "system": 0.048915,
      "min": 0.145571467,
      "max": 0.183748443,
      "times": [
        0.148306402,
        0.149285038,
        0.14584549800000002,
        0.14993536300000002,
        0.183748443,
        0.14804429300000002,
        0.146089654,
        0.14743150900000002,
        0.145571467,
        0.14765565
      ],
      "memory_usage_byte": [
        53514240,
        53514240,
        53514240,
        53514240,
        53514240,
        53514240,
        53514240,
        53514240,
        53514240,
        53514240
      ],
      "exit_codes": [
        1,
        1,
        1,
        1,
        1,
        1,
        1,
        1,
        1,
        1
      ]
    },
    {
      "command": "mdsmith",
      "mean": 0.5080448111,
      "stddev": 0.051854516858905145,
      "median": 0.482003866,
      "user": 1.1367473,
      "system": 0.5170099,
      "min": 0.47209465100000003,
      "max": 0.603282004,
      "times": [
        0.478321733,
        0.474969138,
        0.47209465100000003,
        0.47336474900000003,
        0.488909558,
        0.482377068,
        0.48163066400000004,
        0.5243470680000001,
        0.603282004,
        0.601151478
      ],
      "memory_usage_byte": [
        53514240,
        53514240,
        53514240,
        53514240,
        53514240,
        53514240,
        53514240,
        53514240,
        53514240,
        53514240
      ],
      "exit_codes": [
        1,
        1,
        1,
        1,
        1,
        1,
        1,
        1,
        1,
        1
      ]
    }
  ]
}
