{
  "results": [
    {
      "command": "markdownlint-cli2",
      "mean": 4.553455975666666,
      "stddev": 0.13715487299282747,
      "median": 4.52356339,
      "user": 6.9120271666666655,
      "system": 0.431402,
      "min": 4.436139932,
      "max": 4.820783373,
      "times": [
        4.820783373,
        4.545164424,
        4.53499006,
        4.436139932,
        4.51213672,
        4.471521345
      ],
      "memory_usage_byte": [
        393060352,
        393060352,
        393060352,
        393060352,
        393060352,
        395501568
      ],
      "exit_codes": [
        1,
        1,
        1,
        1,
        1,
        1
      ]
    }
  ]
}
