{
  "results": [
    {
      "command": "mado",
      "mean": 0.057510718800000006,
      "stddev": 0.0018278133540096985,
      "median": 0.056818756000000005,
      "user": 0.09023609999999999,
      "system": 0.0188014,
      "min": 0.056498338,
      "max": 0.06255709200000001,
      "times": [
        0.056876640000000006,
        0.06255709200000001,
        0.057546931,
        0.056705817000000006,
        0.056530898,
        0.057784087000000005,
        0.056577706000000005,
        0.056760872000000004,
        0.056498338,
        0.057268807000000005
      ],
      "memory_usage_byte": [
        30896128,
        30896128,
        30896128,
        30896128,
        30896128,
        30896128,
        30896128,
        30896128,
        30896128,
        30896128
      ],
      "exit_codes": [
        1,
        1,
        1,
        1,
        1,
        1,
        1,
        1,
        1,
        1
      ]
    },
    {
      "command": "rumdl",
      "mean": 0.28537966400000003,
      "stddev": 0.003527302319403597,
      "median": 0.284667822,
      "user": 0.8826360000000001,
      "system": 0.0684089,
      "min": 0.28074623000000004,
      "max": 0.29322487,
      "times": [
        0.287764281,
        0.285197179,
        0.29322487,
        0.286531921,
        0.28700253600000003,
        0.283039529,
        0.284138465,
        0.28074623000000004,
        0.282168228,
        0.283983401
      ],
      "memory_usage_byte": [
        52748288,
        52748288,
        52748288,
        52748288,
        52748288,
        52748288,
        52748288,
        52748288,
        52748288,
        52748288
      ],
      "exit_codes": [
        1,
        1,
        1,
        1,
        1,
        1,
        1,
        1,
        1,
        1
      ]
    },
    {
      "command": "panache",
      "mean": 0.5397309305,
      "stddev": 0.006870509420772711,
      "median": 0.538067296,
      "user": 1.9569575000000001,
      "system": 0.129508,
      "min": 0.534943866,
      "max": 0.558980571,
      "times": [
        0.558980571,
        0.538404852,
        0.5381500220000001,
        0.534943866,
        0.537632588,
        0.536463447,
        0.536988675,
        0.538789486,
        0.5389712280000001,
        0.53798457
      ],
      "memory_usage_byte": [
        52748288,
        52748288,
        52748288,
        52748288,
        52748288,
        52748288,
        52748288,
        52748288,
        52748288,
        52748288
      ],
      "exit_codes": [
        0,
        0,
        0,
        0,
        0,
        0,
        0,
        0,
        0,
        0
      ]
    },
    {
      "command": "mdsmith-parity",
      "mean": 0.10456014659999999,
      "stddev": 0.0004532031740894028,
      "median": 0.1046256495,
      "user": 0.32218050000000004,
      "system": 0.027657300000000003,
      "min": 0.10397875000000001,
      "max": 0.10543667100000001,
      "times": [
        0.104855161,
        0.104825762,
        0.10543667100000001,
        0.10403503300000001,
        0.10470997800000001,
        0.10413926300000001,
        0.10430726200000001,
        0.104772265,
        0.10397875000000001,
        0.104541321
      ],
      "memory_usage_byte": [
        52748288,
        52748288,
        52748288,
        52748288,
        52748288,
        52748288,
        52748288,
        52748288,
        52748288,
        52748288
      ],
      "exit_codes": [
        1,
        1,
        1,
        1,
        1,
        1,
        1,
        1,
        1,
        1
      ]
    },
    {
      "command": "mdsmith",
      "mean": 0.46602493,
      "stddev": 0.02490321259278338,
      "median": 0.45861588750000004,
      "user": 1.0178841,
      "system": 0.5124426,
      "min": 0.437403951,
      "max": 0.5243020820000001,
      "times": [
        0.46434764700000003,
        0.49222507000000004,
        0.45664211200000004,
        0.459351673,
        0.457880102,
        0.437403951,
        0.44904747700000003,
        0.5243020820000001,
        0.46677828000000005,
        0.45227090600000003
      ],
      "memory_usage_byte": [
        68120576,
        68120576,
        68120576,
        68120576,
        68120576,
        68120576,
        68120576,
        72093696,
        72093696,
        72093696
      ],
      "exit_codes": [
        1,
        1,
        1,
        1,
        1,
        1,
        1,
        1,
        1,
        1
      ]
    }
  ]
}
