{
  "results": [
    {
      "command": "mado",
      "mean": 0.0564544131,
      "stddev": 0.002932161549585541,
      "median": 0.055451843,
      "user": 0.0872356,
      "system": 0.018855900000000002,
      "min": 0.053274045000000006,
      "max": 0.06050752,
      "times": [
        0.054025163,
        0.06050752,
        0.056569093,
        0.05947492100000001,
        0.053803678,
        0.054334593,
        0.053828695,
        0.059843422,
        0.058883001000000004,
        0.053274045000000006
      ],
      "memory_usage_byte": [
        28962816,
        28962816,
        28962816,
        28962816,
        31047680,
        31047680,
        31047680,
        31047680,
        31047680,
        31047680
      ],
      "exit_codes": [
        1,
        1,
        1,
        1,
        1,
        1,
        1,
        1,
        1,
        1
      ]
    },
    {
      "command": "rumdl",
      "mean": 0.2714202088,
      "stddev": 0.004045246348480949,
      "median": 0.27078213100000004,
      "user": 0.8287941,
      "system": 0.0638033,
      "min": 0.26685140900000004,
      "max": 0.27707931,
      "times": [
        0.26947514,
        0.276603254,
        0.272089122,
        0.26685140900000004,
        0.27707931,
        0.268225987,
        0.267875227,
        0.27636899200000004,
        0.27214920600000003,
        0.267484441
      ],
      "memory_usage_byte": [
        52326400,
        52326400,
        52326400,
        52326400,
        52326400,
        52326400,
        52326400,
        52326400,
        52326400,
        52326400
      ],
      "exit_codes": [
        1,
        1,
        1,
        1,
        1,
        1,
        1,
        1,
        1,
        1
      ]
    },
    {
      "command": "panache",
      "mean": 0.5444518282,
      "stddev": 0.053808740780024435,
      "median": 0.5130898425,
      "user": 1.8083684999999998,
      "system": 0.11903119999999998,
      "min": 0.50273506,
      "max": 0.651187775,
      "times": [
        0.50273506,
        0.503315559,
        0.548953934,
        0.651187775,
        0.604265159,
        0.509921223,
        0.516258462,
        0.504725317,
        0.596122773,
        0.5070330200000001
      ],
      "memory_usage_byte": [
        52326400,
        52326400,
        52326400,
        52326400,
        52326400,
        52326400,
        52326400,
        52326400,
        52326400,
        52326400
      ],
      "exit_codes": [
        0,
        0,
        0,
        0,
        0,
        0,
        0,
        0,
        0,
        0
      ]
    },
    {
      "command": "mdsmith-parity",
      "mean": 0.1598965718,
      "stddev": 0.0024287931377475784,
      "median": 0.160392517,
      "user": 0.4734838,
      "system": 0.0548516,
      "min": 0.15458476200000001,
      "max": 0.162561329,
      "times": [
        0.15821791400000002,
        0.162561329,
        0.160168274,
        0.158318553,
        0.16170029300000002,
        0.16061676,
        0.15458476200000001,
        0.161081982,
        0.15921970500000002,
        0.162496146
      ],
      "memory_usage_byte": [
        52326400,
        52326400,
        52326400,
        52326400,
        52326400,
        52326400,
        52326400,
        52326400,
        52326400,
        52326400
      ],
      "exit_codes": [
        1,
        1,
        1,
        1,
        1,
        1,
        1,
        1,
        1,
        1
      ]
    },
    {
      "command": "mdsmith",
      "mean": 0.5322419443999999,
      "stddev": 0.00973884339837293,
      "median": 0.5315743669999999,
      "user": 1.2298469,
      "system": 0.5253269,
      "min": 0.517329393,
      "max": 0.544716204,
      "times": [
        0.528539824,
        0.517329393,
        0.537729008,
        0.541568807,
        0.53460891,
        0.5274529010000001,
        0.5227189910000001,
        0.5443713880000001,
        0.544716204,
        0.523384018
      ],
      "memory_usage_byte": [
        52326400,
        52326400,
        52326400,
        52326400,
        52326400,
        52326400,
        52326400,
        52326400,
        52326400,
        52326400
      ],
      "exit_codes": [
        1,
        1,
        1,
        1,
        1,
        1,
        1,
        1,
        1,
        1
      ]
    }
  ]
}
