{
  "results": [
    {
      "command": "mado",
      "mean": 0.0483886646,
      "stddev": 0.0039741230891701595,
      "median": 0.0466476225,
      "user": 0.07695309999999998,
      "system": 0.0081759,
      "min": 0.04598151,
      "max": 0.058084441,
      "times": [
        0.046081087,
        0.048359265000000005,
        0.046770722,
        0.04598151,
        0.046316015,
        0.046202252000000006,
        0.046787173,
        0.046524523000000005,
        0.058084441,
        0.052779658
      ],
      "memory_usage_byte": [
        29687808,
        29687808,
        29687808,
        29687808,
        29687808,
        29687808,
        29687808,
        29704192,
        29704192,
        29704192
      ],
      "exit_codes": [
        1,
        1,
        1,
        1,
        1,
        1,
        1,
        1,
        1,
        1
      ]
    },
    {
      "command": "rumdl",
      "mean": 0.1961063078,
      "stddev": 0.003423500547799763,
      "median": 0.19509739,
      "user": 0.6450149000000001,
      "system": 0.0366746,
      "min": 0.19248768800000002,
      "max": 0.204187697,
      "times": [
        0.195407513,
        0.19478726700000001,
        0.204187697,
        0.19929849000000002,
        0.19369792500000002,
        0.19570431800000002,
        0.19714937200000002,
        0.19248768800000002,
        0.194420544,
        0.193922264
      ],
      "memory_usage_byte": [
        50941952,
        50941952,
        50941952,
        50941952,
        50941952,
        50941952,
        50941952,
        50941952,
        50941952,
        50941952
      ],
      "exit_codes": [
        1,
        1,
        1,
        1,
        1,
        1,
        1,
        1,
        1,
        1
      ]
    },
    {
      "command": "panache",
      "mean": 0.5339680807,
      "stddev": 0.007287899278309356,
      "median": 0.538046247,
      "user": 1.6289250999999996,
      "system": 0.05161410000000001,
      "min": 0.522017865,
      "max": 0.5404261690000001,
      "times": [
        0.53847191,
        0.522017865,
        0.5388169850000001,
        0.5365666640000001,
        0.5225951200000001,
        0.537879985,
        0.5382125090000001,
        0.5404261690000001,
        0.526221515,
        0.538472085
      ],
      "memory_usage_byte": [
        50941952,
        50941952,
        50941952,
        50941952,
        50941952,
        50941952,
        50941952,
        50941952,
        50941952,
        50941952
      ],
      "exit_codes": [
        0,
        0,
        0,
        0,
        0,
        0,
        0,
        0,
        0,
        0
      ]
    },
    {
      "command": "mdsmith-parity",
      "mean": 0.1705987737,
      "stddev": 0.014217881472295354,
      "median": 0.1643440765,
      "user": 0.40485699999999997,
      "system": 0.0420503,
      "min": 0.162603264,
      "max": 0.207591682,
      "times": [
        0.164630625,
        0.16895968,
        0.163752577,
        0.163405029,
        0.162603264,
        0.16517496,
        0.164057528,
        0.163764257,
        0.182048135,
        0.207591682
      ],
      "memory_usage_byte": [
        50941952,
        50941952,
        50941952,
        50941952,
        50941952,
        50941952,
        50941952,
        50941952,
        50941952,
        50941952
      ],
      "exit_codes": [
        1,
        1,
        1,
        1,
        1,
        1,
        1,
        1,
        1,
        1
      ]
    },
    {
      "command": "mdsmith",
      "mean": 0.2826299654,
      "stddev": 0.003719146488709427,
      "median": 0.2808121925,
      "user": 0.7418673000000001,
      "system": 0.0727316,
      "min": 0.279651502,
      "max": 0.29056897200000004,
      "times": [
        0.285701613,
        0.280764532,
        0.279651502,
        0.279835649,
        0.28034954500000003,
        0.286534614,
        0.29056897200000004,
        0.282257874,
        0.280859853,
        0.2797755
      ],
      "memory_usage_byte": [
        60862464,
        60862464,
        60862464,
        60862464,
        60862464,
        60862464,
        60862464,
        60862464,
        60862464,
        60862464
      ],
      "exit_codes": [
        1,
        1,
        1,
        1,
        1,
        1,
        1,
        1,
        1,
        1
      ]
    }
  ]
}
