{
  "results": [
    {
      "command": "mado",
      "mean": 0.0539695253,
      "stddev": 0.004614066379100063,
      "median": 0.05160833200000001,
      "user": 0.0814233,
      "system": 0.018598,
      "min": 0.050990877000000004,
      "max": 0.065191892,
      "times": [
        0.065191892,
        0.056116963000000006,
        0.051704582000000006,
        0.051512082,
        0.051258620000000005,
        0.051487936000000005,
        0.052245448,
        0.051147132000000005,
        0.050990877000000004,
        0.058039721
      ],
      "memory_usage_byte": [
        29081600,
        29081600,
        29081600,
        29081600,
        29081600,
        29081600,
        29081600,
        29081600,
        29081600,
        29081600
      ],
      "exit_codes": [
        1,
        1,
        1,
        1,
        1,
        1,
        1,
        1,
        1,
        1
      ]
    },
    {
      "command": "rumdl",
      "mean": 0.24827192750000004,
      "stddev": 0.005985759616821341,
      "median": 0.24689765000000002,
      "user": 0.7220736000000001,
      "system": 0.06780069999999999,
      "min": 0.24177436800000002,
      "max": 0.261738719,
      "times": [
        0.24816189600000002,
        0.24326132900000003,
        0.261738719,
        0.25491012700000004,
        0.248595119,
        0.24531167,
        0.24563340400000003,
        0.24457803400000003,
        0.24875460900000002,
        0.24177436800000002
      ],
      "memory_usage_byte": [
        52535296,
        52535296,
        52535296,
        52535296,
        52535296,
        52535296,
        55029760,
        55029760,
        55029760,
        55029760
      ],
      "exit_codes": [
        1,
        1,
        1,
        1,
        1,
        1,
        1,
        1,
        1,
        1
      ]
    },
    {
      "command": "panache",
      "mean": 0.45968805339999996,
      "stddev": 0.001616376060641427,
      "median": 0.459163549,
      "user": 1.6459968,
      "system": 0.1295215,
      "min": 0.457685182,
      "max": 0.463657841,
      "times": [
        0.46044338900000004,
        0.45887134100000004,
        0.45897056,
        0.457685182,
        0.46039088100000003,
        0.458947922,
        0.459780316,
        0.45877656400000005,
        0.45935653800000004,
        0.463657841
      ],
      "memory_usage_byte": [
        55029760,
        55029760,
        55029760,
        55029760,
        55029760,
        55029760,
        55029760,
        55029760,
        55029760,
        55029760
      ],
      "exit_codes": [
        0,
        0,
        0,
        0,
        0,
        0,
        0,
        0,
        0,
        0
      ]
    },
    {
      "command": "mdsmith-parity",
      "mean": 0.1449734964,
      "stddev": 0.002512347605787512,
      "median": 0.1455748835,
      "user": 0.41018640000000006,
      "system": 0.0652661,
      "min": 0.140293944,
      "max": 0.148279629,
      "times": [
        0.14151817800000002,
        0.140293944,
        0.143865206,
        0.145581173,
        0.148279629,
        0.146790434,
        0.146864466,
        0.146645036,
        0.14432830400000002,
        0.145568594
      ],
      "memory_usage_byte": [
        55029760,
        55029760,
        55029760,
        55029760,
        55029760,
        55029760,
        55029760,
        55029760,
        55029760,
        55029760
      ],
      "exit_codes": [
        1,
        1,
        1,
        1,
        1,
        1,
        1,
        1,
        1,
        1
      ]
    },
    {
      "command": "mdsmith",
      "mean": 0.5015562545000001,
      "stddev": 0.008834771796931758,
      "median": 0.5006070485,
      "user": 1.1483984999999999,
      "system": 0.5817894,
      "min": 0.48481731100000003,
      "max": 0.5127597380000001,
      "times": [
        0.48481731100000003,
        0.49863348300000004,
        0.49698532,
        0.5115049420000001,
        0.494400832,
        0.509074533,
        0.507794944,
        0.5127597380000001,
        0.497010828,
        0.502580614
      ],
      "memory_usage_byte": [
        55029760,
        55029760,
        55029760,
        55029760,
        55029760,
        55029760,
        55029760,
        55029760,
        55029760,
        55029760
      ],
      "exit_codes": [
        1,
        1,
        1,
        1,
        1,
        1,
        1,
        1,
        1,
        1
      ]
    }
  ]
}
