{
  "results": [
    {
      "command": "mado",
      "mean": 0.05703125440000001,
      "stddev": 0.0007096465972975889,
      "median": 0.056774772,
      "user": 0.08725409999999999,
      "system": 0.019243800000000002,
      "min": 0.05630724,
      "max": 0.058724354000000006,
      "times": [
        0.056333890000000005,
        0.056683258,
        0.05738129300000001,
        0.05630724,
        0.056738122,
        0.056811422,
        0.057232859000000004,
        0.057393602,
        0.058724354000000006,
        0.056706504000000005
      ],
      "memory_usage_byte": [
        30932992,
        30932992,
        30932992,
        30932992,
        30932992,
        30932992,
        30932992,
        30932992,
        30932992,
        30932992
      ],
      "exit_codes": [
        1,
        1,
        1,
        1,
        1,
        1,
        1,
        1,
        1,
        1
      ]
    },
    {
      "command": "rumdl",
      "mean": 0.2814389395,
      "stddev": 0.00496544448345018,
      "median": 0.28111733,
      "user": 0.8457376,
      "system": 0.07274889999999999,
      "min": 0.27460864500000004,
      "max": 0.289383543,
      "times": [
        0.27460864500000004,
        0.277725467,
        0.277430801,
        0.28376078200000004,
        0.288409931,
        0.283004378,
        0.28348992300000003,
        0.27734564300000003,
        0.289383543,
        0.279230282
      ],
      "memory_usage_byte": [
        52453376,
        53731328,
        53731328,
        53731328,
        53731328,
        53731328,
        53731328,
        53731328,
        53731328,
        53731328
      ],
      "exit_codes": [
        1,
        1,
        1,
        1,
        1,
        1,
        1,
        1,
        1,
        1
      ]
    },
    {
      "command": "panache",
      "mean": 0.5543004181000001,
      "stddev": 0.06610297604971542,
      "median": 0.5239053155,
      "user": 1.8602330999999999,
      "system": 0.14594349999999998,
      "min": 0.522445903,
      "max": 0.707468781,
      "times": [
        0.5256899890000001,
        0.5230421350000001,
        0.524445307,
        0.524765981,
        0.522445903,
        0.6458078110000001,
        0.707468781,
        0.522657202,
        0.523365324,
        0.523315748
      ],
      "memory_usage_byte": [
        53731328,
        53731328,
        53731328,
        53731328,
        53731328,
        53731328,
        53731328,
        53731328,
        53731328,
        53731328
      ],
      "exit_codes": [
        0,
        0,
        0,
        0,
        0,
        0,
        0,
        0,
        0,
        0
      ]
    },
    {
      "command": "mdsmith-parity",
      "mean": 0.10199652370000001,
      "stddev": 0.0007991403460509672,
      "median": 0.1017515625,
      "user": 0.29958049999999997,
      "system": 0.0342335,
      "min": 0.101123397,
      "max": 0.10391812700000001,
      "times": [
        0.101696017,
        0.102138406,
        0.101426951,
        0.10135848700000001,
        0.101795698,
        0.10391812700000001,
        0.10241905000000001,
        0.101123397,
        0.102381677,
        0.101707427
      ],
      "memory_usage_byte": [
        53731328,
        53731328,
        53731328,
        53731328,
        53731328,
        54878208,
        54878208,
        54878208,
        54878208,
        54878208
      ],
      "exit_codes": [
        1,
        1,
        1,
        1,
        1,
        1,
        1,
        1,
        1,
        1
      ]
    },
    {
      "command": "mdsmith",
      "mean": 0.45005915119999995,
      "stddev": 0.010903337380993843,
      "median": 0.45501729,
      "user": 0.9635724,
      "system": 0.5438430999999999,
      "min": 0.43639237500000005,
      "max": 0.4640831,
      "times": [
        0.455258567,
        0.45477601300000003,
        0.44144304700000003,
        0.4640831,
        0.457348277,
        0.45676166900000004,
        0.436813828,
        0.436886718,
        0.460827918,
        0.43639237500000005
      ],
      "memory_usage_byte": [
        72282112,
        72282112,
        72282112,
        72282112,
        72282112,
        72282112,
        72282112,
        72282112,
        72282112,
        72282112
      ],
      "exit_codes": [
        1,
        1,
        1,
        1,
        1,
        1,
        1,
        1,
        1,
        1
      ]
    }
  ]
}
