{
  "results": [
    {
      "command": "mado",
      "mean": 0.057777731700000015,
      "stddev": 0.002947599642389195,
      "median": 0.056670729,
      "user": 0.08995800000000001,
      "system": 0.0192076,
      "min": 0.055471113,
      "max": 0.06390385300000001,
      "times": [
        0.056780058,
        0.05662045,
        0.062678913,
        0.056767304000000005,
        0.055471113,
        0.056380972,
        0.056438727,
        0.06390385300000001,
        0.056014919,
        0.056721008
      ],
      "memory_usage_byte": [
        29020160,
        29020160,
        29020160,
        29020160,
        29020160,
        29020160,
        29020160,
        29020160,
        29020160,
        29020160
      ],
      "exit_codes": [
        1,
        1,
        1,
        1,
        1,
        1,
        1,
        1,
        1,
        1
      ]
    },
    {
      "command": "rumdl",
      "mean": 0.30035013020000007,
      "stddev": 0.031504065971392756,
      "median": 0.2844759885,
      "user": 0.8640771,
      "system": 0.06837599999999999,
      "min": 0.27627143200000004,
      "max": 0.36191221300000004,
      "times": [
        0.28480150200000004,
        0.319107727,
        0.36191221300000004,
        0.347915807,
        0.284150475,
        0.29166063000000003,
        0.277092606,
        0.27627143200000004,
        0.283720242,
        0.27686866800000004
      ],
      "memory_usage_byte": [
        52678656,
        52678656,
        52678656,
        52678656,
        52678656,
        52678656,
        52678656,
        52678656,
        52678656,
        52678656
      ],
      "exit_codes": [
        1,
        1,
        1,
        1,
        1,
        1,
        1,
        1,
        1,
        1
      ]
    },
    {
      "command": "panache",
      "mean": 0.5314377748,
      "stddev": 0.03310005351356098,
      "median": 0.519826782,
      "user": 1.8724971999999998,
      "system": 0.1322974,
      "min": 0.5176490810000001,
      "max": 0.624940484,
      "times": [
        0.518610886,
        0.519946821,
        0.5249048080000001,
        0.624940484,
        0.5197067430000001,
        0.5176490810000001,
        0.53073269,
        0.518040312,
        0.518249893,
        0.52159603
      ],
      "memory_usage_byte": [
        52678656,
        52678656,
        52678656,
        52678656,
        52678656,
        52678656,
        52678656,
        52678656,
        52678656,
        52678656
      ],
      "exit_codes": [
        0,
        0,
        0,
        0,
        0,
        0,
        0,
        0,
        0,
        0
      ]
    },
    {
      "command": "mdsmith-parity",
      "mean": 0.1611608257,
      "stddev": 0.003363988925997628,
      "median": 0.16165211300000001,
      "user": 0.47869420000000007,
      "system": 0.05624619999999999,
      "min": 0.15455006200000002,
      "max": 0.16579069100000002,
      "times": [
        0.16328324900000002,
        0.16004068300000002,
        0.163494102,
        0.16372017400000002,
        0.16579069100000002,
        0.15694965400000002,
        0.160475416,
        0.16201927900000002,
        0.15455006200000002,
        0.161284947
      ],
      "memory_usage_byte": [
        52678656,
        52678656,
        52678656,
        52678656,
        52678656,
        52678656,
        52678656,
        52678656,
        52678656,
        52678656
      ],
      "exit_codes": [
        1,
        1,
        1,
        1,
        1,
        1,
        1,
        1,
        1,
        1
      ]
    },
    {
      "command": "mdsmith",
      "mean": 0.5387517763,
      "stddev": 0.010041308359783974,
      "median": 0.5410959735,
      "user": 1.2637705000000001,
      "system": 0.5290417999999999,
      "min": 0.524051978,
      "max": 0.554117367,
      "times": [
        0.547586993,
        0.537834844,
        0.541184459,
        0.546989407,
        0.554117367,
        0.528151884,
        0.541007488,
        0.5412220990000001,
        0.525371244,
        0.524051978
      ],
      "memory_usage_byte": [
        52678656,
        52678656,
        52678656,
        52678656,
        52678656,
        52678656,
        52678656,
        52678656,
        52678656,
        52678656
      ],
      "exit_codes": [
        1,
        1,
        1,
        1,
        1,
        1,
        1,
        1,
        1,
        1
      ]
    }
  ]
}
