{
  "results": [
    {
      "command": "mado",
      "mean": 0.0474941574,
      "stddev": 0.003536710551955218,
      "median": 0.04621976,
      "user": 0.07430919999999999,
      "system": 0.009438699999999998,
      "min": 0.04527341,
      "max": 0.056452058000000006,
      "times": [
        0.056452058000000006,
        0.046338764000000005,
        0.046519646000000005,
        0.046202469,
        0.045899844,
        0.046237051,
        0.045361092000000006,
        0.050915254,
        0.045741986000000005,
        0.04527341
      ],
      "memory_usage_byte": [
        31191040,
        31191040,
        31191040,
        31191040,
        31191040,
        31191040,
        31191040,
        31191040,
        31191040,
        31191040
      ],
      "exit_codes": [
        1,
        1,
        1,
        1,
        1,
        1,
        1,
        1,
        1,
        1
      ]
    },
    {
      "command": "rumdl",
      "mean": 0.1888756796,
      "stddev": 0.001966488469542498,
      "median": 0.1883347665,
      "user": 0.6189917,
      "system": 0.03981819999999999,
      "min": 0.186226349,
      "max": 0.192775083,
      "times": [
        0.188305688,
        0.18776943100000001,
        0.18880612100000002,
        0.19127908200000002,
        0.190025686,
        0.192775083,
        0.18714211800000002,
        0.186226349,
        0.18806339300000002,
        0.188363845
      ],
      "memory_usage_byte": [
        50507776,
        50507776,
        50507776,
        50507776,
        50507776,
        50507776,
        50507776,
        50507776,
        50507776,
        53305344
      ],
      "exit_codes": [
        1,
        1,
        1,
        1,
        1,
        1,
        1,
        1,
        1,
        1
      ]
    },
    {
      "command": "panache",
      "mean": 0.5324484125,
      "stddev": 0.017730180976944888,
      "median": 0.533316803,
      "user": 1.5823149,
      "system": 0.05962399999999999,
      "min": 0.513344908,
      "max": 0.552043795,
      "times": [
        0.513344908,
        0.545983997,
        0.552043795,
        0.5155948730000001,
        0.5142416470000001,
        0.547324083,
        0.55098398,
        0.515168351,
        0.549148882,
        0.520649609
      ],
      "memory_usage_byte": [
        53305344,
        53305344,
        53305344,
        53305344,
        53305344,
        53305344,
        53305344,
        53305344,
        53305344,
        53305344
      ],
      "exit_codes": [
        0,
        0,
        0,
        0,
        0,
        0,
        0,
        0,
        0,
        0
      ]
    },
    {
      "command": "mdsmith-parity",
      "mean": 0.16910459270000003,
      "stddev": 0.001954770606284478,
      "median": 0.169696488,
      "user": 0.3817609,
      "system": 0.059633000000000005,
      "min": 0.164793813,
      "max": 0.171458402,
      "times": [
        0.169865273,
        0.16953871,
        0.168441568,
        0.167867033,
        0.167786221,
        0.171458402,
        0.170781142,
        0.17065949900000002,
        0.169854266,
        0.164793813
      ],
      "memory_usage_byte": [
        53305344,
        53305344,
        53305344,
        53305344,
        53305344,
        53305344,
        53305344,
        53305344,
        53305344,
        53305344
      ],
      "exit_codes": [
        1,
        1,
        1,
        1,
        1,
        1,
        1,
        1,
        1,
        1
      ]
    },
    {
      "command": "mdsmith",
      "mean": 0.2887520793000001,
      "stddev": 0.0030266968332444185,
      "median": 0.28790470850000005,
      "user": 0.7132039,
      "system": 0.10092489999999998,
      "min": 0.28597862700000004,
      "max": 0.294622588,
      "times": [
        0.28597862700000004,
        0.287384185,
        0.293285043,
        0.294622588,
        0.287112345,
        0.28842523200000003,
        0.288984165,
        0.286028812,
        0.289579171,
        0.286120625
      ],
      "memory_usage_byte": [
        56545280,
        56545280,
        56913920,
        56913920,
        56913920,
        56913920,
        56913920,
        56913920,
        58671104,
        58671104
      ],
      "exit_codes": [
        1,
        1,
        1,
        1,
        1,
        1,
        1,
        1,
        1,
        1
      ]
    }
  ]
}
