{
  "results": [
    {
      "command": "markdownlint-cli2",
      "mean": 4.0805735143333335,
      "stddev": 0.04623855577166814,
      "median": 4.0660568875,
      "user": 6.2128725,
      "system": 0.3847155,
      "min": 4.026512178,
      "max": 4.15545471,
      "times": [
        4.059582398,
        4.026512178,
        4.056209474,
        4.15545471,
        4.072531377,
        4.113150949
      ],
      "memory_usage_byte": [
        371724288,
        371724288,
        388820992,
        388820992,
        388820992,
        388820992
      ],
      "exit_codes": [
        1,
        1,
        1,
        1,
        1,
        1
      ]
    }
  ]
}
