{
  "results": [
    {
      "command": "markdownlint-cli2",
      "mean": 3.353235992166667,
      "stddev": 0.061583966053889785,
      "median": 3.3639145580000003,
      "user": 5.073410666666667,
      "system": 0.26256299999999994,
      "min": 3.272940961,
      "max": 3.420437842,
      "times": [
        3.290219479,
        3.407988555,
        3.343882632,
        3.272940961,
        3.383946484,
        3.420437842
      ],
      "memory_usage_byte": [
        376504320,
        376504320,
        376504320,
        376504320,
        376504320,
        376504320
      ],
      "exit_codes": [
        1,
        1,
        1,
        1,
        1,
        1
      ]
    }
  ]
}
