{
  "results": [
    {
      "command": "markdownlint-cli2",
      "mean": 3.480673560833333,
      "stddev": 0.027269824452133974,
      "median": 3.4817755034999998,
      "user": 5.3658356666666664,
      "system": 0.30537133333333333,
      "min": 3.437388101,
      "max": 3.507686597,
      "times": [
        3.471352045,
        3.437388101,
        3.507660199,
        3.467755461,
        3.507686597,
        3.492198962
      ],
      "memory_usage_byte": [
        392675328,
        392675328,
        392675328,
        392675328,
        392675328,
        392675328
      ],
      "exit_codes": [
        1,
        1,
        1,
        1,
        1,
        1
      ]
    }
  ]
}
