{
  "results": [
    {
      "command": "markdownlint-cli2",
      "mean": 3.0247140336666667,
      "stddev": 0.08619592360034223,
      "median": 3.015204224,
      "user": 4.554626833333333,
      "system": 0.2605448333333333,
      "min": 2.948178709,
      "max": 3.186120589,
      "times": [
        3.027938848,
        3.003454134,
        3.186120589,
        2.955637608,
        3.026954314,
        2.948178709
      ],
      "memory_usage_byte": [
        382619648,
        385007616,
        391397376,
        391397376,
        391397376,
        391397376
      ],
      "exit_codes": [
        1,
        1,
        1,
        1,
        1,
        1
      ]
    }
  ]
}
