{
  "results": [
    {
      "command": "markdownlint-cli2",
      "mean": 4.303810975666667,
      "stddev": 0.2246814862174114,
      "median": 4.2218051325,
      "user": 6.535489999999999,
      "system": 0.29242816666666666,
      "min": 4.170942112,
      "max": 4.752407925,
      "times": [
        4.752407925,
        4.261162959,
        4.182447306,
        4.170942112,
        4.175710232,
        4.28019532
      ],
      "memory_usage_byte": [
        377659392,
        377659392,
        377659392,
        377659392,
        377659392,
        377659392
      ],
      "exit_codes": [
        1,
        1,
        1,
        1,
        1,
        1
      ]
    }
  ]
}
