{
  "results": [
    {
      "command": "mado",
      "mean": 0.04696766780000001,
      "stddev": 0.0022424500774970726,
      "median": 0.046311119,
      "user": 0.0754157,
      "system": 0.007728299999999998,
      "min": 0.045830386,
      "max": 0.053314952000000006,
      "times": [
        0.046113104,
        0.046598089,
        0.046198403000000006,
        0.053314952000000006,
        0.04637869,
        0.046465703000000004,
        0.04603045,
        0.045830386,
        0.046503353000000004,
        0.046243548
      ],
      "memory_usage_byte": [
        33660928,
        33660928,
        33660928,
        33660928,
        33660928,
        33660928,
        33660928,
        33660928,
        33660928,
        33660928
      ],
      "exit_codes": [
        1,
        1,
        1,
        1,
        1,
        1,
        1,
        1,
        1,
        1
      ]
    },
    {
      "command": "rumdl",
      "mean": 0.19746180200000002,
      "stddev": 0.002175406818043007,
      "median": 0.1974616375,
      "user": 0.6522021999999998,
      "system": 0.034041300000000004,
      "min": 0.19486218400000002,
      "max": 0.20257897300000002,
      "times": [
        0.20257897300000002,
        0.19791054600000002,
        0.198090913,
        0.19486218400000002,
        0.198537036,
        0.197326465,
        0.19759681,
        0.19545235600000002,
        0.195757004,
        0.19650573300000002
      ],
      "memory_usage_byte": [
        50470912,
        50470912,
        50470912,
        50470912,
        50470912,
        50470912,
        50470912,
        50470912,
        50470912,
        50470912
      ],
      "exit_codes": [
        1,
        1,
        1,
        1,
        1,
        1,
        1,
        1,
        1,
        1
      ]
    },
    {
      "command": "panache",
      "mean": 0.5473350124000002,
      "stddev": 0.016528652845110917,
      "median": 0.55712223,
      "user": 1.6240158,
      "system": 0.0554068,
      "min": 0.525629058,
      "max": 0.565100483,
      "times": [
        0.563238973,
        0.5579609320000001,
        0.557395455,
        0.5288482600000001,
        0.531083514,
        0.565100483,
        0.525629058,
        0.5281142990000001,
        0.556849005,
        0.559130145
      ],
      "memory_usage_byte": [
        50470912,
        50470912,
        50470912,
        50470912,
        50470912,
        50470912,
        50470912,
        50470912,
        50470912,
        50470912
      ],
      "exit_codes": [
        0,
        0,
        0,
        0,
        0,
        0,
        0,
        0,
        0,
        0
      ]
    },
    {
      "command": "mdsmith-parity",
      "mean": 0.16551103500000003,
      "stddev": 0.003039027627283914,
      "median": 0.1642549325,
      "user": 0.40390889999999996,
      "system": 0.045216,
      "min": 0.162380834,
      "max": 0.17149002400000002,
      "times": [
        0.16394292900000002,
        0.16260564400000002,
        0.16613086700000002,
        0.163779647,
        0.162380834,
        0.164566936,
        0.17149002400000002,
        0.169375775,
        0.16734862,
        0.163489074
      ],
      "memory_usage_byte": [
        50470912,
        50470912,
        50470912,
        50470912,
        50470912,
        50470912,
        50470912,
        50470912,
        50470912,
        50470912
      ],
      "exit_codes": [
        1,
        1,
        1,
        1,
        1,
        1,
        1,
        1,
        1,
        1
      ]
    },
    {
      "command": "mdsmith",
      "mean": 0.27998090550000004,
      "stddev": 0.00356559473289282,
      "median": 0.2810693295,
      "user": 0.7379005000000001,
      "system": 0.08031219999999999,
      "min": 0.273943004,
      "max": 0.28549888700000003,
      "times": [
        0.28365418600000003,
        0.28549888700000003,
        0.281114303,
        0.276806102,
        0.278971984,
        0.273943004,
        0.27593919100000003,
        0.281313386,
        0.28102435600000003,
        0.28154365600000003
      ],
      "memory_usage_byte": [
        54276096,
        54276096,
        54276096,
        54276096,
        54276096,
        54276096,
        54276096,
        54276096,
        54439936,
        54591488
      ],
      "exit_codes": [
        1,
        1,
        1,
        1,
        1,
        1,
        1,
        1,
        1,
        1
      ]
    }
  ]
}
