{
  "results": [
    {
      "command": "markdownlint-cli2",
      "mean": 3.1036508005,
      "stddev": 0.09014531785123386,
      "median": 3.1080183015,
      "user": 4.673646333333333,
      "system": 0.27168833333333336,
      "min": 3.001972281,
      "max": 3.196484059,
      "times": [
        3.039496244,
        3.001972281,
        3.1819544300000002,
        3.176540359,
        3.02545743,
        3.196484059
      ],
      "memory_usage_byte": [
        374546432,
        382812160,
        384376832,
        384376832,
        384376832,
        386613248
      ],
      "exit_codes": [
        1,
        1,
        1,
        1,
        1,
        1
      ]
    }
  ]
}
