{
  "results": [
    {
      "command": "markdownlint-cli2",
      "mean": 3.0141097113333335,
      "stddev": 0.08776904249050678,
      "median": 2.9798947755,
      "user": 4.489161666666667,
      "system": 0.30987166666666666,
      "min": 2.9405307030000003,
      "max": 3.172661331,
      "times": [
        3.057890319,
        2.985707091,
        3.172661331,
        2.97408246,
        2.953786364,
        2.9405307030000003
      ],
      "memory_usage_byte": [
        387756032,
        387756032,
        400547840,
        400547840,
        400547840,
        400547840
      ],
      "exit_codes": [
        1,
        1,
        1,
        1,
        1,
        1
      ]
    }
  ]
}
