{
  "results": [
    {
      "command": "mado",
      "mean": 0.05627875849999999,
      "stddev": 0.002599275459657012,
      "median": 0.055123265500000004,
      "user": 0.0868823,
      "system": 0.019041999999999996,
      "min": 0.054048569000000005,
      "max": 0.060980940000000004,
      "times": [
        0.059332931000000005,
        0.054180195,
        0.054353867,
        0.055506016000000005,
        0.055546621000000004,
        0.054048569000000005,
        0.054740515000000003,
        0.059457171,
        0.060980940000000004,
        0.054640760000000003
      ],
      "memory_usage_byte": [
        28995584,
        28995584,
        28995584,
        28995584,
        28995584,
        28995584,
        28995584,
        28995584,
        28995584,
        28995584
      ],
      "exit_codes": [
        1,
        1,
        1,
        1,
        1,
        1,
        1,
        1,
        1,
        1
      ]
    },
    {
      "command": "rumdl",
      "mean": 0.28650410460000003,
      "stddev": 0.023226989114989462,
      "median": 0.281328175,
      "user": 0.8249616,
      "system": 0.0636012,
      "min": 0.26404889000000004,
      "max": 0.34966493800000004,
      "times": [
        0.26404889000000004,
        0.278013887,
        0.28113308800000003,
        0.286231139,
        0.34966493800000004,
        0.274240772,
        0.288596593,
        0.277955068,
        0.281523262,
        0.283633409
      ],
      "memory_usage_byte": [
        50397184,
        50397184,
        52998144,
        52998144,
        52998144,
        52998144,
        52998144,
        52998144,
        52998144,
        52998144
      ],
      "exit_codes": [
        1,
        1,
        1,
        1,
        1,
        1,
        1,
        1,
        1,
        1
      ]
    },
    {
      "command": "panache",
      "mean": 0.52828808,
      "stddev": 0.05486625187375181,
      "median": 0.5092027800000001,
      "user": 1.8504005,
      "system": 0.1239941,
      "min": 0.506604536,
      "max": 0.683533417,
      "times": [
        0.510994085,
        0.508336833,
        0.507817038,
        0.527117487,
        0.683533417,
        0.508047926,
        0.509979662,
        0.508425898,
        0.506604536,
        0.512023918
      ],
      "memory_usage_byte": [
        52998144,
        52998144,
        52998144,
        52998144,
        52998144,
        52998144,
        52998144,
        52998144,
        52998144,
        52998144
      ],
      "exit_codes": [
        0,
        0,
        0,
        0,
        0,
        0,
        0,
        0,
        0,
        0
      ]
    },
    {
      "command": "mdsmith-parity",
      "mean": 0.1605729432,
      "stddev": 0.003232177806164577,
      "median": 0.160604759,
      "user": 0.4790672000000001,
      "system": 0.05491679999999999,
      "min": 0.15591939900000001,
      "max": 0.164793184,
      "times": [
        0.16360748900000002,
        0.156967947,
        0.15754716200000002,
        0.161139932,
        0.160069586,
        0.164727534,
        0.15591939900000001,
        0.16211318900000002,
        0.15884401,
        0.164793184
      ],
      "memory_usage_byte": [
        52998144,
        52998144,
        52998144,
        52998144,
        52998144,
        52998144,
        52998144,
        52998144,
        52998144,
        52998144
      ],
      "exit_codes": [
        1,
        1,
        1,
        1,
        1,
        1,
        1,
        1,
        1,
        1
      ]
    },
    {
      "command": "mdsmith",
      "mean": 0.5631218043,
      "stddev": 0.06686635578318449,
      "median": 0.5348832025000001,
      "user": 1.2511271,
      "system": 0.5110329999999998,
      "min": 0.5156673310000001,
      "max": 0.7157990940000001,
      "times": [
        0.5201590650000001,
        0.5204502550000001,
        0.521472653,
        0.5323253370000001,
        0.543745812,
        0.537441068,
        0.5767270210000001,
        0.7157990940000001,
        0.647430407,
        0.5156673310000001
      ],
      "memory_usage_byte": [
        52998144,
        52998144,
        52998144,
        52998144,
        52998144,
        52998144,
        52998144,
        52998144,
        52998144,
        52998144
      ],
      "exit_codes": [
        1,
        1,
        1,
        1,
        1,
        1,
        1,
        1,
        1,
        1
      ]
    }
  ]
}
