{
  "results": [
    {
      "command": "markdownlint-cli2",
      "mean": 3.1865126145,
      "stddev": 0.11827119294048075,
      "median": 3.1669804624999998,
      "user": 4.770540666666666,
      "system": 0.3166418333333333,
      "min": 3.033872651,
      "max": 3.358939024,
      "times": [
        3.152712628,
        3.358939024,
        3.033872651,
        3.181248297,
        3.284340489,
        3.107962598
      ],
      "memory_usage_byte": [
        389545984,
        389545984,
        389545984,
        389545984,
        389545984,
        389545984
      ],
      "exit_codes": [
        1,
        1,
        1,
        1,
        1,
        1
      ]
    }
  ]
}
