{
  "results": [
    {
      "command": "mado",
      "mean": 0.05795307270000001,
      "stddev": 0.0025333237259339346,
      "median": 0.05672242350000001,
      "user": 0.08894229999999999,
      "system": 0.0208696,
      "min": 0.055162842000000004,
      "max": 0.06264923700000001,
      "times": [
        0.056958865000000004,
        0.060970493,
        0.056617427000000005,
        0.056628789000000006,
        0.060849377,
        0.056334039,
        0.056543600000000006,
        0.056816058,
        0.06264923700000001,
        0.055162842000000004
      ],
      "memory_usage_byte": [
        30842880,
        30842880,
        30842880,
        30842880,
        30842880,
        30842880,
        30842880,
        30842880,
        30842880,
        30842880
      ],
      "exit_codes": [
        1,
        1,
        1,
        1,
        1,
        1,
        1,
        1,
        1,
        1
      ]
    },
    {
      "command": "rumdl",
      "mean": 0.2834438467,
      "stddev": 0.008183459095240785,
      "median": 0.280528543,
      "user": 0.8370628,
      "system": 0.0684314,
      "min": 0.273275738,
      "max": 0.297628962,
      "times": [
        0.28018891700000004,
        0.286082762,
        0.297628962,
        0.279010757,
        0.278934754,
        0.280868169,
        0.273275738,
        0.29636566200000003,
        0.27577737900000004,
        0.28630536700000003
      ],
      "memory_usage_byte": [
        52473856,
        52473856,
        52473856,
        52473856,
        52473856,
        53903360,
        53903360,
        53903360,
        53903360,
        53903360
      ],
      "exit_codes": [
        1,
        1,
        1,
        1,
        1,
        1,
        1,
        1,
        1,
        1
      ]
    },
    {
      "command": "panache",
      "mean": 0.5684566701000001,
      "stddev": 0.054143831812532246,
      "median": 0.5330694075,
      "user": 1.8391399999999998,
      "system": 0.1351235,
      "min": 0.521670386,
      "max": 0.6333687560000001,
      "times": [
        0.6244100610000001,
        0.5252852060000001,
        0.521670386,
        0.6328963910000001,
        0.6333687560000001,
        0.52279215,
        0.524749368,
        0.5252192910000001,
        0.540853609,
        0.633321483
      ],
      "memory_usage_byte": [
        53903360,
        53903360,
        53903360,
        53903360,
        53903360,
        53903360,
        53903360,
        53903360,
        53903360,
        53903360
      ],
      "exit_codes": [
        0,
        0,
        0,
        0,
        0,
        0,
        0,
        0,
        0,
        0
      ]
    },
    {
      "command": "mdsmith-parity",
      "mean": 0.1672986884,
      "stddev": 0.007014287096089356,
      "median": 0.16710917600000003,
      "user": 0.48837830000000004,
      "system": 0.05693959999999998,
      "min": 0.155962811,
      "max": 0.18153411900000002,
      "times": [
        0.161884676,
        0.155962811,
        0.166895854,
        0.16732249800000001,
        0.162852864,
        0.163978231,
        0.168736828,
        0.173753384,
        0.18153411900000002,
        0.170065619
      ],
      "memory_usage_byte": [
        53903360,
        53903360,
        53903360,
        53903360,
        53903360,
        53903360,
        53903360,
        53903360,
        53903360,
        53903360
      ],
      "exit_codes": [
        1,
        1,
        1,
        1,
        1,
        1,
        1,
        1,
        1,
        1
      ]
    },
    {
      "command": "mdsmith",
      "mean": 0.5572795804,
      "stddev": 0.01831581309275825,
      "median": 0.552398417,
      "user": 1.2793097,
      "system": 0.5501017,
      "min": 0.536950173,
      "max": 0.603689339,
      "times": [
        0.552534375,
        0.544541273,
        0.5484923890000001,
        0.552262459,
        0.553156343,
        0.536950173,
        0.564382416,
        0.551502589,
        0.565284448,
        0.603689339
      ],
      "memory_usage_byte": [
        53903360,
        53903360,
        53903360,
        53903360,
        53903360,
        53903360,
        53903360,
        53903360,
        53903360,
        53903360
      ],
      "exit_codes": [
        1,
        1,
        1,
        1,
        1,
        1,
        1,
        1,
        1,
        1
      ]
    }
  ]
}
