{
  "results": [
    {
      "command": "markdownlint-cli2",
      "mean": 3.1222179101666665,
      "stddev": 0.03347450632909585,
      "median": 3.1159038944999997,
      "user": 4.61664,
      "system": 0.31503716666666665,
      "min": 3.073497899,
      "max": 3.175226079,
      "times": [
        3.073497899,
        3.114044926,
        3.115874851,
        3.175226079,
        3.115932938,
        3.138730768
      ],
      "memory_usage_byte": [
        381235200,
        382119936,
        382119936,
        382119936,
        382119936,
        382119936
      ],
      "exit_codes": [
        1,
        1,
        1,
        1,
        1,
        1
      ]
    }
  ]
}
