{
  "results": [
    {
      "command": "mado",
      "mean": 0.0461748899,
      "stddev": 0.001466588241565016,
      "median": 0.045978992,
      "user": 0.0708795,
      "system": 0.013301299999999999,
      "min": 0.044744477000000005,
      "max": 0.049680641000000005,
      "times": [
        0.044763537000000006,
        0.045403128,
        0.046175713,
        0.045860723000000006,
        0.044744477000000005,
        0.045169777,
        0.046620028,
        0.046097261,
        0.047233614,
        0.049680641000000005
      ],
      "memory_usage_byte": [
        31416320,
        31416320,
        31416320,
        31416320,
        31416320,
        31416320,
        31416320,
        31416320,
        31416320,
        31416320
      ],
      "exit_codes": [
        1,
        1,
        1,
        1,
        1,
        1,
        1,
        1,
        1,
        1
      ]
    },
    {
      "command": "rumdl",
      "mean": 0.2543033109,
      "stddev": 0.010582280482879446,
      "median": 0.2548103785,
      "user": 0.8269589999999999,
      "system": 0.0399386,
      "min": 0.237818255,
      "max": 0.269704657,
      "times": [
        0.25704096400000004,
        0.25195442700000004,
        0.263559274,
        0.252579793,
        0.269704657,
        0.25732873100000003,
        0.25057744200000004,
        0.237904722,
        0.237818255,
        0.264564844
      ],
      "memory_usage_byte": [
        52158464,
        53321728,
        53321728,
        53321728,
        53321728,
        53321728,
        53321728,
        53321728,
        53321728,
        53321728
      ],
      "exit_codes": [
        1,
        1,
        1,
        1,
        1,
        1,
        1,
        1,
        1,
        1
      ]
    },
    {
      "command": "panache",
      "mean": 0.45947829470000007,
      "stddev": 0.002862573477532764,
      "median": 0.45893609600000007,
      "user": 1.7143644000000002,
      "system": 0.06945519999999998,
      "min": 0.455974829,
      "max": 0.46390094000000004,
      "times": [
        0.46385067,
        0.45642560400000004,
        0.46390094000000004,
        0.45981673900000003,
        0.455974829,
        0.461761485,
        0.45900578500000005,
        0.457130001,
        0.45886640700000003,
        0.458050487
      ],
      "memory_usage_byte": [
        53321728,
        53321728,
        53321728,
        53321728,
        53321728,
        53321728,
        53321728,
        53321728,
        53321728,
        53321728
      ],
      "exit_codes": [
        0,
        0,
        0,
        0,
        0,
        0,
        0,
        0,
        0,
        0
      ]
    },
    {
      "command": "mdsmith-parity",
      "mean": 0.1274947131,
      "stddev": 0.0006236693957183246,
      "median": 0.1275405605,
      "user": 0.4015231999999999,
      "system": 0.03435729999999999,
      "min": 0.125938937,
      "max": 0.128143846,
      "times": [
        0.12785068100000002,
        0.128143846,
        0.125938937,
        0.127299312,
        0.127296074,
        0.127430273,
        0.128065792,
        0.12754495300000002,
        0.12784109500000002,
        0.127536168
      ],
      "memory_usage_byte": [
        53321728,
        53321728,
        53321728,
        53321728,
        53321728,
        53321728,
        53321728,
        53321728,
        53321728,
        53321728
      ],
      "exit_codes": [
        1,
        1,
        1,
        1,
        1,
        1,
        1,
        1,
        1,
        1
      ]
    },
    {
      "command": "mdsmith",
      "mean": 0.40716143679999994,
      "stddev": 0.005452264348377879,
      "median": 0.40606171900000004,
      "user": 1.0739862,
      "system": 0.3448610999999999,
      "min": 0.401076129,
      "max": 0.420136194,
      "times": [
        0.40632196200000004,
        0.403674786,
        0.420136194,
        0.40580147600000005,
        0.41006912700000003,
        0.401980243,
        0.41020665300000003,
        0.406857713,
        0.405490085,
        0.401076129
      ],
      "memory_usage_byte": [
        53321728,
        53321728,
        53321728,
        53321728,
        53321728,
        53321728,
        53321728,
        53321728,
        53321728,
        53321728
      ],
      "exit_codes": [
        1,
        1,
        1,
        1,
        1,
        1,
        1,
        1,
        1,
        1
      ]
    }
  ]
}
