{
  "results": [
    {
      "command": "markdownlint-cli2",
      "mean": 4.027852595833333,
      "stddev": 0.15275925610680666,
      "median": 3.976821761,
      "user": 6.077046833333333,
      "system": 0.40562883333333327,
      "min": 3.878390322,
      "max": 4.268245248,
      "times": [
        4.268245248,
        4.156843669,
        3.878390322,
        3.909992814,
        3.996964201,
        3.956679321
      ],
      "memory_usage_byte": [
        387829760,
        394395648,
        394395648,
        394395648,
        399282176,
        399282176
      ],
      "exit_codes": [
        1,
        1,
        1,
        1,
        1,
        1
      ]
    }
  ]
}
