{
  "results": [
    {
      "command": "markdownlint-cli2",
      "mean": 3.4645625985,
      "stddev": 0.05340571853075714,
      "median": 3.4804022065,
      "user": 5.102914999999999,
      "system": 0.28150783333333335,
      "min": 3.371334997,
      "max": 3.514160289,
      "times": [
        3.514160289,
        3.483660823,
        3.4350759650000002,
        3.47714359,
        3.505999927,
        3.371334997
      ],
      "memory_usage_byte": [
        377102336,
        377102336,
        377102336,
        377102336,
        377102336,
        377102336
      ],
      "exit_codes": [
        1,
        1,
        1,
        1,
        1,
        1
      ]
    }
  ]
}
