{
  "results": [
    {
      "command": "mado",
      "mean": 0.0581126861,
      "stddev": 0.0022928168094377534,
      "median": 0.05746076800000001,
      "user": 0.08984409999999998,
      "system": 0.0181196,
      "min": 0.05687485900000001,
      "max": 0.064522672,
      "times": [
        0.064522672,
        0.056989051000000006,
        0.05687485900000001,
        0.05724250400000001,
        0.05774251800000001,
        0.057679032000000005,
        0.058070433000000005,
        0.056971124000000005,
        0.057108522,
        0.057926146000000005
      ],
      "memory_usage_byte": [
        29044736,
        29044736,
        29044736,
        29044736,
        29044736,
        29044736,
        29044736,
        29044736,
        29044736,
        29044736
      ],
      "exit_codes": [
        1,
        1,
        1,
        1,
        1,
        1,
        1,
        1,
        1,
        1
      ]
    },
    {
      "command": "rumdl",
      "mean": 0.2935232663,
      "stddev": 0.011358463707063487,
      "median": 0.29247539750000007,
      "user": 0.8324488999999999,
      "system": 0.07887559999999998,
      "min": 0.278765137,
      "max": 0.309028248,
      "times": [
        0.29298327900000004,
        0.309028248,
        0.280496552,
        0.29196751600000004,
        0.307724851,
        0.285813957,
        0.278765137,
        0.30116593,
        0.283373239,
        0.30391395400000004
      ],
      "memory_usage_byte": [
        52445184,
        52445184,
        52445184,
        52445184,
        52961280,
        54132736,
        54132736,
        54132736,
        54132736,
        54132736
      ],
      "exit_codes": [
        1,
        1,
        1,
        1,
        1,
        1,
        1,
        1,
        1,
        1
      ]
    },
    {
      "command": "panache",
      "mean": 0.522879849,
      "stddev": 0.0038425402245052345,
      "median": 0.5220356939999999,
      "user": 1.8759912999999997,
      "system": 0.14707200000000004,
      "min": 0.5189161640000001,
      "max": 0.5327383090000001,
      "times": [
        0.5207842220000001,
        0.52199681,
        0.525093681,
        0.5221040720000001,
        0.520925294,
        0.5327383090000001,
        0.5189161640000001,
        0.5234190950000001,
        0.520746265,
        0.522074578
      ],
      "memory_usage_byte": [
        54132736,
        54132736,
        54132736,
        54132736,
        54132736,
        54132736,
        54132736,
        54132736,
        54132736,
        54132736
      ],
      "exit_codes": [
        0,
        0,
        0,
        0,
        0,
        0,
        0,
        0,
        0,
        0
      ]
    },
    {
      "command": "mdsmith-parity",
      "mean": 0.16117350710000003,
      "stddev": 0.0028489649347690593,
      "median": 0.16118773200000003,
      "user": 0.45505199999999996,
      "system": 0.0736513,
      "min": 0.154186972,
      "max": 0.16455139400000002,
      "times": [
        0.16092517,
        0.161715415,
        0.163319495,
        0.16145029400000002,
        0.160753483,
        0.160239857,
        0.154186972,
        0.163749093,
        0.160843898,
        0.16455139400000002
      ],
      "memory_usage_byte": [
        54132736,
        54132736,
        54132736,
        54132736,
        54132736,
        54132736,
        54132736,
        54132736,
        54132736,
        54132736
      ],
      "exit_codes": [
        1,
        1,
        1,
        1,
        1,
        1,
        1,
        1,
        1,
        1
      ]
    },
    {
      "command": "mdsmith",
      "mean": 0.5814211458,
      "stddev": 0.013186755882725823,
      "median": 0.5798173295,
      "user": 1.3133434,
      "system": 0.5962430000000001,
      "min": 0.5661593180000001,
      "max": 0.6106811870000001,
      "times": [
        0.585861135,
        0.5661593180000001,
        0.56690284,
        0.58255215,
        0.5747047160000001,
        0.584988598,
        0.573569282,
        0.591709723,
        0.577082509,
        0.6106811870000001
      ],
      "memory_usage_byte": [
        54132736,
        54132736,
        54132736,
        54132736,
        54132736,
        54132736,
        54132736,
        54132736,
        54132736,
        54132736
      ],
      "exit_codes": [
        1,
        1,
        1,
        1,
        1,
        1,
        1,
        1,
        1,
        1
      ]
    }
  ]
}
