{
  "results": [
    {
      "command": "mado",
      "mean": 0.03911591910000001,
      "stddev": 0.0012079821081584729,
      "median": 0.0387898005,
      "user": 0.057779800000000006,
      "system": 0.014624599999999996,
      "min": 0.038290607000000004,
      "max": 0.042431793,
      "times": [
        0.038842760000000004,
        0.038825344000000005,
        0.038368695,
        0.038754257,
        0.039429605,
        0.042431793,
        0.038967849000000006,
        0.038672193,
        0.038576088,
        0.038290607000000004
      ],
      "memory_usage_byte": [
        28811264,
        28823552,
        29073408,
        29073408,
        29073408,
        29257728,
        29257728,
        29257728,
        29257728,
        29257728
      ],
      "exit_codes": [
        1,
        1,
        1,
        1,
        1,
        1,
        1,
        1,
        1,
        1
      ]
    },
    {
      "command": "rumdl",
      "mean": 0.18835423620000002,
      "stddev": 0.0013106214696583878,
      "median": 0.188678163,
      "user": 0.5632821,
      "system": 0.0503248,
      "min": 0.18579330200000002,
      "max": 0.18976453100000001,
      "times": [
        0.187828181,
        0.18976453100000001,
        0.187149367,
        0.18579330200000002,
        0.18948947600000002,
        0.18929257900000002,
        0.187260685,
        0.18854192800000003,
        0.18881439800000002,
        0.18960791500000002
      ],
      "memory_usage_byte": [
        52166656,
        52166656,
        52981760,
        52981760,
        52981760,
        52981760,
        52981760,
        52981760,
        52981760,
        52981760
      ],
      "exit_codes": [
        1,
        1,
        1,
        1,
        1,
        1,
        1,
        1,
        1,
        1
      ]
    },
    {
      "command": "panache",
      "mean": 0.3573741201000001,
      "stddev": 0.03807897094148994,
      "median": 0.33668704650000003,
      "user": 1.1014526999999998,
      "system": 0.09125009999999999,
      "min": 0.317551444,
      "max": 0.404317091,
      "times": [
        0.319296316,
        0.33038739300000003,
        0.336439566,
        0.329098408,
        0.33693452700000004,
        0.39974168200000004,
        0.317551444,
        0.39984273400000003,
        0.404317091,
        0.40013204
      ],
      "memory_usage_byte": [
        52981760,
        52981760,
        52981760,
        52981760,
        52981760,
        52981760,
        52981760,
        52981760,
        52981760,
        52981760
      ],
      "exit_codes": [
        0,
        0,
        0,
        0,
        0,
        0,
        0,
        0,
        0,
        0
      ]
    },
    {
      "command": "gomarklint",
      "mean": 0.0334412464,
      "stddev": 0.0021006755012318835,
      "median": 0.0338111735,
      "user": 0.0711938,
      "system": 0.017361999999999995,
      "min": 0.030672659,
      "max": 0.037184461,
      "times": [
        0.032986159,
        0.034636188000000005,
        0.030672659,
        0.034770630000000004,
        0.031993332,
        0.037184461,
        0.03148786,
        0.031158232,
        0.034646934000000004,
        0.034876009
      ],
      "memory_usage_byte": [
        52981760,
        52981760,
        52981760,
        52981760,
        52981760,
        52981760,
        52981760,
        52981760,
        52981760,
        52981760
      ],
      "exit_codes": [
        1,
        1,
        1,
        1,
        1,
        1,
        1,
        1,
        1,
        1
      ]
    },
    {
      "command": "mdsmith-parity",
      "mean": 0.03492222230000001,
      "stddev": 0.0005932970283050189,
      "median": 0.034723019,
      "user": 0.0985087,
      "system": 0.0125844,
      "min": 0.03443592,
      "max": 0.036416913,
      "times": [
        0.036416913,
        0.034785097,
        0.03443592,
        0.034685312,
        0.034574414000000005,
        0.034461219,
        0.034760726,
        0.035207869,
        0.035247424,
        0.034647329000000004
      ],
      "memory_usage_byte": [
        52981760,
        52981760,
        52981760,
        52981760,
        52981760,
        52981760,
        52981760,
        52981760,
        52981760,
        52981760
      ],
      "exit_codes": [
        1,
        1,
        1,
        1,
        1,
        1,
        1,
        1,
        1,
        1
      ]
    },
    {
      "command": "mdsmith",
      "mean": 0.098839617,
      "stddev": 0.0014893183177224975,
      "median": 0.09797588500000001,
      "user": 0.2731789,
      "system": 0.0417618,
      "min": 0.09749861500000001,
      "max": 0.102209219,
      "times": [
        0.09792887400000001,
        0.100005441,
        0.102209219,
        0.09916365,
        0.09785947,
        0.09787509300000001,
        0.09796057200000001,
        0.099904038,
        0.09749861500000001,
        0.097991198
      ],
      "memory_usage_byte": [
        54398976,
        54398976,
        54398976,
        54398976,
        54398976,
        54398976,
        54398976,
        54398976,
        54398976,
        54398976
      ],
      "exit_codes": [
        1,
        1,
        1,
        1,
        1,
        1,
        1,
        1,
        1,
        1
      ]
    }
  ]
}
