{
  "results": [
    {
      "command": "mado",
      "mean": 0.056435389,
      "stddev": 0.002737641205620066,
      "median": 0.05549615100000001,
      "user": 0.0896109,
      "system": 0.0166889,
      "min": 0.054320188000000005,
      "max": 0.061615961000000004,
      "times": [
        0.05451509,
        0.061615961000000004,
        0.055419786000000006,
        0.061457264000000005,
        0.055660934,
        0.05525919000000001,
        0.054320188000000005,
        0.05465778600000001,
        0.055572516,
        0.055875175000000006
      ],
      "memory_usage_byte": [
        31133696,
        31133696,
        31133696,
        31133696,
        31133696,
        31133696,
        31133696,
        31133696,
        31133696,
        31133696
      ],
      "exit_codes": [
        1,
        1,
        1,
        1,
        1,
        1,
        1,
        1,
        1,
        1
      ]
    },
    {
      "command": "rumdl",
      "mean": 0.29190942509999995,
      "stddev": 0.006795235034459733,
      "median": 0.28977847850000005,
      "user": 0.8696051999999999,
      "system": 0.06807739999999998,
      "min": 0.28316429000000004,
      "max": 0.30380703600000003,
      "times": [
        0.28316429000000004,
        0.30380703600000003,
        0.291904675,
        0.295201621,
        0.28728473800000004,
        0.287786001,
        0.290110399,
        0.28753182,
        0.302857113,
        0.289446558
      ],
      "memory_usage_byte": [
        51281920,
        51281920,
        51888128,
        51888128,
        51888128,
        51888128,
        51888128,
        51888128,
        51888128,
        51888128
      ],
      "exit_codes": [
        1,
        1,
        1,
        1,
        1,
        1,
        1,
        1,
        1,
        1
      ]
    },
    {
      "command": "panache",
      "mean": 0.5372421558000001,
      "stddev": 0.03263426107859164,
      "median": 0.525818946,
      "user": 1.8957756999999997,
      "system": 0.1327665,
      "min": 0.524268503,
      "max": 0.629682399,
      "times": [
        0.526179662,
        0.524559803,
        0.524268503,
        0.524649274,
        0.525122881,
        0.629682399,
        0.5329418570000001,
        0.5324276530000001,
        0.52545823,
        0.5271312960000001
      ],
      "memory_usage_byte": [
        51888128,
        51888128,
        51888128,
        51888128,
        51888128,
        51888128,
        51888128,
        51888128,
        51888128,
        51888128
      ],
      "exit_codes": [
        0,
        0,
        0,
        0,
        0,
        0,
        0,
        0,
        0,
        0
      ]
    },
    {
      "command": "mdsmith-parity",
      "mean": 0.1636043312,
      "stddev": 0.0031491099891190707,
      "median": 0.16400071500000002,
      "user": 0.48618749999999994,
      "system": 0.0557063,
      "min": 0.159754677,
      "max": 0.168747959,
      "times": [
        0.16538049900000001,
        0.167082015,
        0.159754677,
        0.159852083,
        0.16477850100000002,
        0.168747959,
        0.16519692400000002,
        0.160250539,
        0.16177718600000002,
        0.16322292900000002
      ],
      "memory_usage_byte": [
        51888128,
        51888128,
        51888128,
        51888128,
        51888128,
        51888128,
        51888128,
        51888128,
        51888128,
        51888128
      ],
      "exit_codes": [
        1,
        1,
        1,
        1,
        1,
        1,
        1,
        1,
        1,
        1
      ]
    },
    {
      "command": "mdsmith",
      "mean": 0.5885295672,
      "stddev": 0.05291914902098137,
      "median": 0.5646480005000001,
      "user": 1.3158684999999999,
      "system": 0.5410811000000001,
      "min": 0.539745095,
      "max": 0.7087607340000001,
      "times": [
        0.562428758,
        0.563572351,
        0.653707084,
        0.7087607340000001,
        0.5970413250000001,
        0.557681694,
        0.5532337580000001,
        0.5834012230000001,
        0.56572365,
        0.539745095
      ],
      "memory_usage_byte": [
        51888128,
        51888128,
        51888128,
        51888128,
        51888128,
        51888128,
        51888128,
        51888128,
        51888128,
        51888128
      ],
      "exit_codes": [
        1,
        1,
        1,
        1,
        1,
        1,
        1,
        1,
        1,
        1
      ]
    }
  ]
}
