{
  "results": [
    {
      "command": "mado",
      "mean": 0.06540727539999999,
      "stddev": 0.0014476521157588784,
      "median": 0.0650007945,
      "user": 0.10307499999999999,
      "system": 0.019322,
      "min": 0.06433032300000001,
      "max": 0.069403607,
      "times": [
        0.065001185,
        0.06433032300000001,
        0.064535382,
        0.065136701,
        0.06492690400000001,
        0.064840964,
        0.065371095,
        0.069403607,
        0.065526189,
        0.065000404
      ],
      "memory_usage_byte": [
        28954624,
        28971008,
        28971008,
        28971008,
        28971008,
        28971008,
        28971008,
        28971008,
        28971008,
        28971008
      ],
      "exit_codes": [
        1,
        1,
        1,
        1,
        1,
        1,
        1,
        1,
        1,
        1
      ]
    },
    {
      "command": "rumdl",
      "mean": 0.3220573401000001,
      "stddev": 0.0030618342667955824,
      "median": 0.32265648450000006,
      "user": 0.9865980999999999,
      "system": 0.0774437,
      "min": 0.31736620600000004,
      "max": 0.326863986,
      "times": [
        0.32044627000000003,
        0.32161627800000003,
        0.31736620600000004,
        0.326863986,
        0.32423221100000005,
        0.32369669100000004,
        0.319866735,
        0.324479413,
        0.318159745,
        0.32384586600000004
      ],
      "memory_usage_byte": [
        53161984,
        53161984,
        53161984,
        53161984,
        54239232,
        54239232,
        54239232,
        54239232,
        54239232,
        54239232
      ],
      "exit_codes": [
        1,
        1,
        1,
        1,
        1,
        1,
        1,
        1,
        1,
        1
      ]
    },
    {
      "command": "panache",
      "mean": 0.69239551,
      "stddev": 0.08126773469111687,
      "median": 0.7466209765,
      "user": 2.0728592,
      "system": 0.1488031,
      "min": 0.595745272,
      "max": 0.783971882,
      "times": [
        0.7458256050000001,
        0.75356743,
        0.60154955,
        0.783971882,
        0.74950985,
        0.6021476530000001,
        0.748287444,
        0.595934066,
        0.595745272,
        0.747416348
      ],
      "memory_usage_byte": [
        54239232,
        54239232,
        54239232,
        54239232,
        54239232,
        54239232,
        54239232,
        54239232,
        54239232,
        54239232
      ],
      "exit_codes": [
        0,
        0,
        0,
        0,
        0,
        0,
        0,
        0,
        0,
        0
      ]
    },
    {
      "command": "gomarklint",
      "mean": 0.0588389614,
      "stddev": 0.0052104651965595855,
      "median": 0.0588657385,
      "user": 0.1316425,
      "system": 0.028146199999999993,
      "min": 0.052061305,
      "max": 0.066682736,
      "times": [
        0.066682736,
        0.055613273000000005,
        0.061951388,
        0.062424769000000005,
        0.058876577000000006,
        0.0588549,
        0.05248032800000001,
        0.052061305,
        0.06528700600000001,
        0.054157332
      ],
      "memory_usage_byte": [
        54239232,
        54239232,
        54239232,
        54239232,
        54239232,
        54239232,
        54239232,
        54239232,
        54239232,
        54239232
      ],
      "exit_codes": [
        1,
        1,
        1,
        1,
        1,
        1,
        1,
        1,
        1,
        1
      ]
    },
    {
      "command": "mdsmith-parity",
      "mean": 0.06009011580000001,
      "stddev": 0.0002553192920355038,
      "median": 0.06005803650000001,
      "user": 0.17336210000000002,
      "system": 0.025359700000000002,
      "min": 0.05971578,
      "max": 0.060649105,
      "times": [
        0.060017966000000006,
        0.060649105,
        0.059870378,
        0.060147753000000005,
        0.05971578,
        0.060087651000000006,
        0.05996341300000001,
        0.060329733,
        0.060090957,
        0.060028422000000005
      ],
      "memory_usage_byte": [
        54239232,
        54239232,
        54239232,
        54239232,
        54239232,
        54239232,
        54239232,
        54239232,
        54239232,
        54239232
      ],
      "exit_codes": [
        1,
        1,
        1,
        1,
        1,
        1,
        1,
        1,
        1,
        1
      ]
    },
    {
      "command": "mdsmith",
      "mean": 0.1764130422,
      "stddev": 0.002440597448499528,
      "median": 0.17637105250000001,
      "user": 0.5033449,
      "system": 0.06688039999999999,
      "min": 0.172954733,
      "max": 0.18061734000000002,
      "times": [
        0.179540833,
        0.17384370700000001,
        0.18061734000000002,
        0.17707820300000002,
        0.175665078,
        0.17415101100000002,
        0.176688585,
        0.17605352000000002,
        0.177537412,
        0.172954733
      ],
      "memory_usage_byte": [
        54239232,
        54239232,
        58560512,
        58560512,
        58560512,
        58560512,
        58560512,
        58560512,
        58560512,
        58560512
      ],
      "exit_codes": [
        1,
        1,
        1,
        1,
        1,
        1,
        1,
        1,
        1,
        1
      ]
    }
  ]
}
