{
  "results": [
    {
      "command": "mado",
      "mean": 0.04858307060000001,
      "stddev": 0.0027720069921534874,
      "median": 0.047169375,
      "user": 0.07724230000000001,
      "system": 0.0085966,
      "min": 0.046155569,
      "max": 0.053127270000000004,
      "times": [
        0.052134953000000005,
        0.047011629000000006,
        0.047087863,
        0.047316018,
        0.047250887000000005,
        0.053127270000000004,
        0.052382589,
        0.046155569,
        0.047034002000000005,
        0.046329926
      ],
      "memory_usage_byte": [
        31293440,
        31293440,
        31293440,
        31293440,
        31293440,
        31293440,
        31293440,
        31518720,
        31518720,
        31518720
      ],
      "exit_codes": [
        1,
        1,
        1,
        1,
        1,
        1,
        1,
        1,
        1,
        1
      ]
    },
    {
      "command": "rumdl",
      "mean": 0.2001903194,
      "stddev": 0.004558301411753098,
      "median": 0.19934864600000002,
      "user": 0.6584534,
      "system": 0.034684599999999996,
      "min": 0.195786855,
      "max": 0.20959144700000001,
      "times": [
        0.19732570200000002,
        0.199151622,
        0.196580891,
        0.19955032900000003,
        0.20713853200000001,
        0.19954567,
        0.199811708,
        0.20959144700000001,
        0.197420438,
        0.195786855
      ],
      "memory_usage_byte": [
        51331072,
        51331072,
        51331072,
        51331072,
        51331072,
        51331072,
        51331072,
        51331072,
        51331072,
        51331072
      ],
      "exit_codes": [
        1,
        1,
        1,
        1,
        1,
        1,
        1,
        1,
        1,
        1
      ]
    },
    {
      "command": "panache",
      "mean": 0.5375178952,
      "stddev": 0.008511930737770264,
      "median": 0.5374038855000001,
      "user": 1.6469324,
      "system": 0.0552995,
      "min": 0.528036313,
      "max": 0.548972055,
      "times": [
        0.5466724350000001,
        0.5423120060000001,
        0.5280933800000001,
        0.528036313,
        0.544520837,
        0.5324957650000001,
        0.5442286190000001,
        0.53052779,
        0.529319752,
        0.548972055
      ],
      "memory_usage_byte": [
        51331072,
        51331072,
        51331072,
        51331072,
        51331072,
        51331072,
        51331072,
        51331072,
        51331072,
        51331072
      ],
      "exit_codes": [
        0,
        0,
        0,
        0,
        0,
        0,
        0,
        0,
        0,
        0
      ]
    },
    {
      "command": "mdsmith-parity",
      "mean": 0.16533039309999997,
      "stddev": 0.002451307937593475,
      "median": 0.1650408645,
      "user": 0.40310500000000005,
      "system": 0.045028,
      "min": 0.16210907100000002,
      "max": 0.17017515800000002,
      "times": [
        0.17017515800000002,
        0.16247253,
        0.164754446,
        0.16368185200000002,
        0.16532728300000002,
        0.16757713400000002,
        0.164465575,
        0.165643948,
        0.16210907100000002,
        0.167096934
      ],
      "memory_usage_byte": [
        51331072,
        51331072,
        51331072,
        51331072,
        51331072,
        51331072,
        51331072,
        51331072,
        51331072,
        51331072
      ],
      "exit_codes": [
        1,
        1,
        1,
        1,
        1,
        1,
        1,
        1,
        1,
        1
      ]
    },
    {
      "command": "mdsmith",
      "mean": 0.29090988970000003,
      "stddev": 0.0031591801550432553,
      "median": 0.291269961,
      "user": 0.7487862,
      "system": 0.0841087,
      "min": 0.28615598600000003,
      "max": 0.295119452,
      "times": [
        0.295119452,
        0.294058564,
        0.28796135,
        0.291493212,
        0.28859647800000005,
        0.287596548,
        0.29104671000000004,
        0.28615598600000003,
        0.29307644800000004,
        0.29399414900000004
      ],
      "memory_usage_byte": [
        58855424,
        59047936,
        59047936,
        59047936,
        59047936,
        59047936,
        59047936,
        59047936,
        59047936,
        59047936
      ],
      "exit_codes": [
        1,
        1,
        1,
        1,
        1,
        1,
        1,
        1,
        1,
        1
      ]
    }
  ]
}
