{
  "results": [
    {
      "command": "markdownlint-cli2",
      "mean": 3.030847368,
      "stddev": 0.10462880774726384,
      "median": 3.0165947849999997,
      "user": 4.568949666666667,
      "system": 0.214579,
      "min": 2.944583196,
      "max": 3.229251692,
      "times": [
        3.033458875,
        2.944600875,
        3.022863921,
        3.010325649,
        2.944583196,
        3.229251692
      ],
      "memory_usage_byte": [
        381648896,
        381648896,
        383557632,
        383557632,
        383557632,
        388849664
      ],
      "exit_codes": [
        1,
        1,
        1,
        1,
        1,
        1
      ]
    }
  ]
}
