{
  "results": [
    {
      "command": "markdownlint-cli2",
      "mean": 3.649807018666667,
      "stddev": 0.11662569523839626,
      "median": 3.6203405325,
      "user": 5.644201833333333,
      "system": 0.29289116666666665,
      "min": 3.526608252,
      "max": 3.86697005,
      "times": [
        3.605509113,
        3.594344302,
        3.670238443,
        3.86697005,
        3.635171952,
        3.526608252
      ],
      "memory_usage_byte": [
        392957952,
        392957952,
        392957952,
        394928128,
        394928128,
        394928128
      ],
      "exit_codes": [
        1,
        1,
        1,
        1,
        1,
        1
      ]
    }
  ]
}
