{
  "results": [
    {
      "command": "markdownlint-cli2",
      "mean": 4.020660306166667,
      "stddev": 0.0366664213186313,
      "median": 4.0215327355,
      "user": 6.1288975,
      "system": 0.2831293333333333,
      "min": 3.958007081,
      "max": 4.061012067,
      "times": [
        4.009291754,
        4.024570752,
        3.958007081,
        4.061012067,
        4.052585464,
        4.018494719
      ],
      "memory_usage_byte": [
        405250048,
        405250048,
        405250048,
        405250048,
        405250048,
        405250048
      ],
      "exit_codes": [
        1,
        1,
        1,
        1,
        1,
        1
      ]
    }
  ]
}
