{
  "results": [
    {
      "command": "mado",
      "mean": 0.047923894,
      "stddev": 0.002853987261195933,
      "median": 0.047096665,
      "user": 0.073886,
      "system": 0.010069899999999998,
      "min": 0.046632797000000004,
      "max": 0.056019273,
      "times": [
        0.047208163000000004,
        0.046938531000000006,
        0.046632797000000004,
        0.046931426000000005,
        0.047208694,
        0.047378079000000003,
        0.047213702,
        0.046985167,
        0.046723108000000006,
        0.056019273
      ],
      "memory_usage_byte": [
        29822976,
        33693696,
        33693696,
        33693696,
        33693696,
        33693696,
        33693696,
        33693696,
        33693696,
        33693696
      ],
      "exit_codes": [
        1,
        1,
        1,
        1,
        1,
        1,
        1,
        1,
        1,
        1
      ]
    },
    {
      "command": "rumdl",
      "mean": 0.19194007500000002,
      "stddev": 0.0025105243501866775,
      "median": 0.19221422850000003,
      "user": 0.6195669,
      "system": 0.0405593,
      "min": 0.188025828,
      "max": 0.19537246600000002,
      "times": [
        0.19537246600000002,
        0.192509223,
        0.19381625100000002,
        0.189195099,
        0.193915581,
        0.19191923400000002,
        0.19143237000000002,
        0.188974778,
        0.188025828,
        0.19423992
      ],
      "memory_usage_byte": [
        47243264,
        53374976,
        53374976,
        53374976,
        53374976,
        53374976,
        53374976,
        53374976,
        53374976,
        53374976
      ],
      "exit_codes": [
        1,
        1,
        1,
        1,
        1,
        1,
        1,
        1,
        1,
        1
      ]
    },
    {
      "command": "panache",
      "mean": 0.5300168292,
      "stddev": 0.0069932211472620975,
      "median": 0.5325694455000001,
      "user": 1.5955422000000001,
      "system": 0.060906499999999995,
      "min": 0.517205283,
      "max": 0.5386399110000001,
      "times": [
        0.53255375,
        0.532585141,
        0.528994501,
        0.533623945,
        0.517205283,
        0.517833809,
        0.5329033000000001,
        0.532201683,
        0.5386399110000001,
        0.5336269690000001
      ],
      "memory_usage_byte": [
        53374976,
        53374976,
        53374976,
        53374976,
        53374976,
        53374976,
        53374976,
        53374976,
        53374976,
        53374976
      ],
      "exit_codes": [
        0,
        0,
        0,
        0,
        0,
        0,
        0,
        0,
        0,
        0
      ]
    },
    {
      "command": "mdsmith-parity",
      "mean": 0.13398874649999998,
      "stddev": 0.0008507674407869461,
      "median": 0.134385299,
      "user": 0.27770819999999996,
      "system": 0.042581999999999995,
      "min": 0.13235752,
      "max": 0.13492726000000002,
      "times": [
        0.134416701,
        0.13492726000000002,
        0.133666782,
        0.134543622,
        0.134355579,
        0.134415019,
        0.13372160400000002,
        0.132775218,
        0.13470816000000002,
        0.13235752
      ],
      "memory_usage_byte": [
        59740160,
        59740160,
        59740160,
        59740160,
        59777024,
        59777024,
        59777024,
        59777024,
        59805696,
        59805696
      ],
      "exit_codes": [
        1,
        1,
        1,
        1,
        1,
        1,
        1,
        1,
        1,
        1
      ]
    },
    {
      "command": "mdsmith",
      "mean": 0.25000621980000004,
      "stddev": 0.0041899002955146395,
      "median": 0.24962701,
      "user": 0.5699609999999999,
      "system": 0.0946267,
      "min": 0.24497195400000002,
      "max": 0.258824002,
      "times": [
        0.249720762,
        0.24545773,
        0.250855151,
        0.250971045,
        0.24747200000000003,
        0.24497195400000002,
        0.258824002,
        0.254542459,
        0.24771383700000002,
        0.249533258
      ],
      "memory_usage_byte": [
        82165760,
        82165760,
        82165760,
        82165760,
        82165760,
        82165760,
        82165760,
        82165760,
        82165760,
        82165760
      ],
      "exit_codes": [
        1,
        1,
        1,
        1,
        1,
        1,
        1,
        1,
        1,
        1
      ]
    }
  ]
}
