{
  "results": [
    {
      "command": "markdownlint-cli2",
      "mean": 3.9905104356666663,
      "stddev": 0.04521584908155028,
      "median": 3.9944355675,
      "user": 6.078922666666666,
      "system": 0.3956236666666666,
      "min": 3.933540848,
      "max": 4.06490676,
      "times": [
        3.933540848,
        3.997509538,
        3.991361597,
        3.954711163,
        4.001032708,
        4.06490676
      ],
      "memory_usage_byte": [
        355680256,
        373460992,
        373460992,
        373460992,
        392523776,
        392523776
      ],
      "exit_codes": [
        1,
        1,
        1,
        1,
        1,
        1
      ]
    }
  ]
}
