{
  "results": [
    {
      "command": "mado",
      "mean": 0.06802256380000002,
      "stddev": 0.004434993104547812,
      "median": 0.0669066345,
      "user": 0.10775039999999998,
      "system": 0.021440300000000002,
      "min": 0.063853053,
      "max": 0.075283761,
      "times": [
        0.07508305600000001,
        0.064059457,
        0.06400507600000001,
        0.063853053,
        0.075283761,
        0.066433753,
        0.064231018,
        0.06945664800000001,
        0.07044030000000001,
        0.067379516
      ],
      "memory_usage_byte": [
        28934144,
        31203328,
        31203328,
        31203328,
        31203328,
        31203328,
        31203328,
        31203328,
        31203328,
        31203328
      ],
      "exit_codes": [
        1,
        1,
        1,
        1,
        1,
        1,
        1,
        1,
        1,
        1
      ]
    },
    {
      "command": "rumdl",
      "mean": 0.3276316671,
      "stddev": 0.008416196172269729,
      "median": 0.32425809550000007,
      "user": 1.0016645,
      "system": 0.07729299999999999,
      "min": 0.31931130900000004,
      "max": 0.344931033,
      "times": [
        0.344931033,
        0.33750385,
        0.32415370600000004,
        0.31931130900000004,
        0.33397239700000003,
        0.327015139,
        0.32112619200000003,
        0.322903625,
        0.32436248500000003,
        0.321036935
      ],
      "memory_usage_byte": [
        53616640,
        53616640,
        53616640,
        53616640,
        53616640,
        53616640,
        53616640,
        53616640,
        53616640,
        53616640
      ],
      "exit_codes": [
        1,
        1,
        1,
        1,
        1,
        1,
        1,
        1,
        1,
        1
      ]
    },
    {
      "command": "panache",
      "mean": 0.6897402270999999,
      "stddev": 0.06317621136760374,
      "median": 0.727153666,
      "user": 2.1213992999999998,
      "system": 0.1384436,
      "min": 0.599736731,
      "max": 0.744662547,
      "times": [
        0.651586396,
        0.71639315,
        0.737914182,
        0.740407947,
        0.605729771,
        0.744662547,
        0.61723285,
        0.599736731,
        0.7419175680000001,
        0.7418211290000001
      ],
      "memory_usage_byte": [
        53616640,
        53616640,
        53616640,
        53616640,
        53616640,
        53616640,
        53616640,
        53616640,
        53616640,
        53616640
      ],
      "exit_codes": [
        0,
        0,
        0,
        0,
        0,
        0,
        0,
        0,
        0,
        0
      ]
    },
    {
      "command": "mdsmith-parity",
      "mean": 0.06743288160000001,
      "stddev": 0.0007703625049914576,
      "median": 0.067174276,
      "user": 0.1940805,
      "system": 0.025413099999999994,
      "min": 0.066627517,
      "max": 0.06864376200000001,
      "times": [
        0.06688689,
        0.066870259,
        0.06682292000000001,
        0.067485959,
        0.066627517,
        0.066772196,
        0.0683088,
        0.068448851,
        0.06864376200000001,
        0.067461662
      ],
      "memory_usage_byte": [
        53616640,
        53616640,
        53616640,
        53616640,
        53616640,
        53616640,
        53616640,
        53616640,
        53616640,
        53616640
      ],
      "exit_codes": [
        1,
        1,
        1,
        1,
        1,
        1,
        1,
        1,
        1,
        1
      ]
    },
    {
      "command": "mdsmith",
      "mean": 0.21550252109999998,
      "stddev": 0.005916991921729064,
      "median": 0.21394772350000002,
      "user": 0.6273555,
      "system": 0.0627761,
      "min": 0.210835602,
      "max": 0.2318881,
      "times": [
        0.212490178,
        0.210835602,
        0.21360050600000002,
        0.21494933000000002,
        0.213176045,
        0.21429494100000002,
        0.2318881,
        0.213337816,
        0.21547402000000002,
        0.214978673
      ],
      "memory_usage_byte": [
        58638336,
        58638336,
        58724352,
        58724352,
        58724352,
        58724352,
        58724352,
        58724352,
        58724352,
        58724352
      ],
      "exit_codes": [
        1,
        1,
        1,
        1,
        1,
        1,
        1,
        1,
        1,
        1
      ]
    }
  ]
}
