{
  "results": [
    {
      "command": "markdownlint-cli2",
      "mean": 4.2084034545,
      "stddev": 0.05675599485951487,
      "median": 4.1999462485,
      "user": 6.371109333333332,
      "system": 0.31190466666666666,
      "min": 4.14166548,
      "max": 4.296038498,
      "times": [
        4.2493364,
        4.14166548,
        4.163487852,
        4.296038498,
        4.208204294,
        4.191688203
      ],
      "memory_usage_byte": [
        387166208,
        391798784,
        391798784,
        391798784,
        391798784,
        391798784
      ],
      "exit_codes": [
        1,
        1,
        1,
        1,
        1,
        1
      ]
    }
  ]
}
