{
  "results": [
    {
      "command": "markdownlint-cli2",
      "mean": 4.013556942666667,
      "stddev": 0.04746241248259035,
      "median": 4.0078387289999995,
      "user": 6.094759166666667,
      "system": 0.2999538333333333,
      "min": 3.950483855,
      "max": 4.095106221,
      "times": [
        4.095106221,
        4.017145759,
        3.998531699,
        3.996408284,
        4.023665838,
        3.950483855
      ],
      "memory_usage_byte": [
        386174976,
        391450624,
        391450624,
        391450624,
        391450624,
        391450624
      ],
      "exit_codes": [
        1,
        1,
        1,
        1,
        1,
        1
      ]
    }
  ]
}
