{
  "results": [
    {
      "command": "mado",
      "mean": 0.0487611165,
      "stddev": 0.0010904376517096507,
      "median": 0.0484988495,
      "user": 0.0729987,
      "system": 0.0180582,
      "min": 0.047764959,
      "max": 0.051677900000000006,
      "times": [
        0.047764959,
        0.048538032,
        0.048459667000000005,
        0.048562156,
        0.048982615,
        0.048944144,
        0.048260447000000005,
        0.048413096,
        0.048008149,
        0.051677900000000006
      ],
      "memory_usage_byte": [
        29167616,
        29167616,
        29167616,
        29167616,
        29167616,
        29167616,
        29171712,
        31232000,
        31232000,
        31232000
      ],
      "exit_codes": [
        1,
        1,
        1,
        1,
        1,
        1,
        1,
        1,
        1,
        1
      ]
    },
    {
      "command": "rumdl",
      "mean": 0.2372574438,
      "stddev": 0.006385588748517746,
      "median": 0.23539823,
      "user": 0.7095602,
      "system": 0.055485799999999995,
      "min": 0.230431611,
      "max": 0.251294528,
      "times": [
        0.234865228,
        0.2350449,
        0.23365075700000001,
        0.236195713,
        0.242122515,
        0.23575156000000003,
        0.24260124200000002,
        0.230431611,
        0.230616384,
        0.251294528
      ],
      "memory_usage_byte": [
        48717824,
        48717824,
        48717824,
        48717824,
        51851264,
        51851264,
        51851264,
        51851264,
        51851264,
        51851264
      ],
      "exit_codes": [
        1,
        1,
        1,
        1,
        1,
        1,
        1,
        1,
        1,
        1
      ]
    },
    {
      "command": "panache",
      "mean": 0.44054234270000003,
      "stddev": 0.003229658698813037,
      "median": 0.43900403,
      "user": 1.5796238,
      "system": 0.11206559999999999,
      "min": 0.43694065800000004,
      "max": 0.44681530500000005,
      "times": [
        0.438440037,
        0.44681530500000005,
        0.44214132,
        0.438047954,
        0.43694065800000004,
        0.439198431,
        0.44455763600000003,
        0.44213850200000004,
        0.43880962900000003,
        0.43833395500000005
      ],
      "memory_usage_byte": [
        51851264,
        51851264,
        51851264,
        51851264,
        51851264,
        51851264,
        51851264,
        51851264,
        51851264,
        51851264
      ],
      "exit_codes": [
        0,
        0,
        0,
        0,
        0,
        0,
        0,
        0,
        0,
        0
      ]
    },
    {
      "command": "mdsmith-parity",
      "mean": 0.1352579777,
      "stddev": 0.001724266420263738,
      "median": 0.13530101900000002,
      "user": 0.40477679999999994,
      "system": 0.0456287,
      "min": 0.132335735,
      "max": 0.137957448,
      "times": [
        0.137346674,
        0.135696789,
        0.137957448,
        0.13636783300000002,
        0.13527127900000002,
        0.133253122,
        0.13452692500000002,
        0.135330759,
        0.134493213,
        0.132335735
      ],
      "memory_usage_byte": [
        51851264,
        51851264,
        51851264,
        51851264,
        51851264,
        51851264,
        51851264,
        51851264,
        51851264,
        51851264
      ],
      "exit_codes": [
        1,
        1,
        1,
        1,
        1,
        1,
        1,
        1,
        1,
        1
      ]
    },
    {
      "command": "mdsmith",
      "mean": 0.4621173217999999,
      "stddev": 0.04851331491235522,
      "median": 0.4390450615,
      "user": 1.0355733,
      "system": 0.4786505,
      "min": 0.421248848,
      "max": 0.555143179,
      "times": [
        0.43714460600000005,
        0.440945517,
        0.43697930900000004,
        0.421248848,
        0.475417633,
        0.555143179,
        0.54290001,
        0.456678501,
        0.42573572800000004,
        0.428979887
      ],
      "memory_usage_byte": [
        51851264,
        51851264,
        51851264,
        51851264,
        51851264,
        51851264,
        51851264,
        51851264,
        51851264,
        51851264
      ],
      "exit_codes": [
        1,
        1,
        1,
        1,
        1,
        1,
        1,
        1,
        1,
        1
      ]
    }
  ]
}
