{
  "results": [
    {
      "command": "mado",
      "mean": 0.0490417894,
      "stddev": 0.0028932874098431573,
      "median": 0.0489524655,
      "user": 0.0780546,
      "system": 0.0089412,
      "min": 0.045511970000000006,
      "max": 0.052633338,
      "times": [
        0.046654111000000005,
        0.051259814,
        0.05125082,
        0.046648429000000005,
        0.046533576,
        0.045511970000000006,
        0.052633338,
        0.046355023,
        0.051478965,
        0.052091848
      ],
      "memory_usage_byte": [
        29704192,
        29704192,
        29704192,
        29704192,
        29704192,
        31543296,
        31543296,
        31543296,
        31543296,
        31543296
      ],
      "exit_codes": [
        1,
        1,
        1,
        1,
        1,
        1,
        1,
        1,
        1,
        1
      ]
    },
    {
      "command": "rumdl",
      "mean": 0.1968340423,
      "stddev": 0.004018126365356565,
      "median": 0.19685910700000003,
      "user": 0.6482085999999999,
      "system": 0.0347217,
      "min": 0.19150628800000002,
      "max": 0.204421876,
      "times": [
        0.19722014000000002,
        0.19649807400000002,
        0.19312229,
        0.204421876,
        0.198155764,
        0.194702759,
        0.192984082,
        0.19150628800000002,
        0.19815737700000002,
        0.201571773
      ],
      "memory_usage_byte": [
        49205248,
        49205248,
        49205248,
        49205248,
        49205248,
        49205248,
        50069504,
        51683328,
        51683328,
        51683328
      ],
      "exit_codes": [
        1,
        1,
        1,
        1,
        1,
        1,
        1,
        1,
        1,
        1
      ]
    },
    {
      "command": "panache",
      "mean": 0.5324648961999999,
      "stddev": 0.008091275320787312,
      "median": 0.5360092375000001,
      "user": 1.6359143,
      "system": 0.051124499999999996,
      "min": 0.520590658,
      "max": 0.5406304670000001,
      "times": [
        0.534665469,
        0.521719464,
        0.520590658,
        0.538462026,
        0.5392101890000001,
        0.540430264,
        0.537353006,
        0.527101954,
        0.5406304670000001,
        0.524485465
      ],
      "memory_usage_byte": [
        51683328,
        51683328,
        51683328,
        51683328,
        51683328,
        51683328,
        51683328,
        51683328,
        51683328,
        51683328
      ],
      "exit_codes": [
        0,
        0,
        0,
        0,
        0,
        0,
        0,
        0,
        0,
        0
      ]
    },
    {
      "command": "mdsmith-parity",
      "mean": 0.16480531569999998,
      "stddev": 0.002371458835872413,
      "median": 0.164620473,
      "user": 0.4063593,
      "system": 0.04285399999999999,
      "min": 0.16032976300000001,
      "max": 0.168652871,
      "times": [
        0.165169446,
        0.16360513000000002,
        0.16329220700000002,
        0.16700609100000002,
        0.163395018,
        0.16589002,
        0.166641111,
        0.16032976300000001,
        0.1640715,
        0.168652871
      ],
      "memory_usage_byte": [
        51683328,
        51683328,
        51683328,
        51683328,
        51683328,
        51683328,
        51683328,
        51683328,
        51683328,
        51683328
      ],
      "exit_codes": [
        1,
        1,
        1,
        1,
        1,
        1,
        1,
        1,
        1,
        1
      ]
    },
    {
      "command": "mdsmith",
      "mean": 0.2845845044,
      "stddev": 0.0031072362831312344,
      "median": 0.28542283900000004,
      "user": 0.7437578,
      "system": 0.0762661,
      "min": 0.279105936,
      "max": 0.28934792800000003,
      "times": [
        0.28541492300000004,
        0.279895047,
        0.285888048,
        0.28543075500000004,
        0.285908145,
        0.28934792800000003,
        0.285407157,
        0.279105936,
        0.282903399,
        0.286543706
      ],
      "memory_usage_byte": [
        56586240,
        56586240,
        58236928,
        58236928,
        58236928,
        58236928,
        58236928,
        58236928,
        58654720,
        58654720
      ],
      "exit_codes": [
        1,
        1,
        1,
        1,
        1,
        1,
        1,
        1,
        1,
        1
      ]
    }
  ]
}
