{
  "results": [
    {
      "command": "markdownlint-cli2",
      "mean": 3.1040575809999997,
      "stddev": 0.07613219039974398,
      "median": 3.107563073,
      "user": 4.674992,
      "system": 0.27459433333333333,
      "min": 3.0120431,
      "max": 3.203801635,
      "times": [
        3.0120431,
        3.1017226940000002,
        3.024702679,
        3.168671926,
        3.203801635,
        3.113403452
      ],
      "memory_usage_byte": [
        360189952,
        360189952,
        395411456,
        395411456,
        395411456,
        395411456
      ],
      "exit_codes": [
        1,
        1,
        1,
        1,
        1,
        1
      ]
    }
  ]
}
