{
  "results": [
    {
      "command": "markdownlint-cli2",
      "mean": 3.306679665833333,
      "stddev": 0.07680236240053927,
      "median": 3.308364553,
      "user": 4.967782,
      "system": 0.33036449999999995,
      "min": 3.187375544,
      "max": 3.390156866,
      "times": [
        3.279965566,
        3.390156866,
        3.267475027,
        3.187375544,
        3.378341452,
        3.33676354
      ],
      "memory_usage_byte": [
        371257344,
        386134016,
        386134016,
        386134016,
        386134016,
        392986624
      ],
      "exit_codes": [
        1,
        1,
        1,
        1,
        1,
        1
      ]
    }
  ]
}
