{
  "results": [
    {
      "command": "mado",
      "mean": 0.057945751700000006,
      "stddev": 0.001972286500763914,
      "median": 0.057219818500000005,
      "user": 0.0890938,
      "system": 0.0188633,
      "min": 0.056385591000000006,
      "max": 0.061657477,
      "times": [
        0.056976482,
        0.061657477,
        0.057294912,
        0.05750588,
        0.05652465,
        0.061605089,
        0.057067799,
        0.057277345,
        0.057162292,
        0.056385591000000006
      ],
      "memory_usage_byte": [
        28999680,
        28999680,
        28999680,
        28999680,
        28999680,
        28999680,
        28999680,
        28999680,
        28999680,
        28999680
      ],
      "exit_codes": [
        1,
        1,
        1,
        1,
        1,
        1,
        1,
        1,
        1,
        1
      ]
    },
    {
      "command": "rumdl",
      "mean": 0.2873897961,
      "stddev": 0.005995861838994552,
      "median": 0.286662356,
      "user": 0.8446075999999998,
      "system": 0.07526899999999999,
      "min": 0.278816715,
      "max": 0.29669765400000003,
      "times": [
        0.286623422,
        0.283572549,
        0.28670129,
        0.278816715,
        0.28395513,
        0.281571207,
        0.296018624,
        0.28729160000000004,
        0.29264977000000003,
        0.29669765400000003
      ],
      "memory_usage_byte": [
        52465664,
        52543488,
        52543488,
        52543488,
        52543488,
        52543488,
        52543488,
        52543488,
        52543488,
        52543488
      ],
      "exit_codes": [
        1,
        1,
        1,
        1,
        1,
        1,
        1,
        1,
        1,
        1
      ]
    },
    {
      "command": "panache",
      "mean": 0.5449181816000002,
      "stddev": 0.043114087556341135,
      "median": 0.5246122745,
      "user": 1.8829867,
      "system": 0.14446009999999998,
      "min": 0.522126399,
      "max": 0.6446743460000001,
      "times": [
        0.523970657,
        0.524539615,
        0.525270436,
        0.524684934,
        0.522997862,
        0.522126399,
        0.5241208940000001,
        0.6446743460000001,
        0.6044087330000001,
        0.53238794
      ],
      "memory_usage_byte": [
        52543488,
        52543488,
        52543488,
        52543488,
        52543488,
        52543488,
        52543488,
        52543488,
        52543488,
        52543488
      ],
      "exit_codes": [
        0,
        0,
        0,
        0,
        0,
        0,
        0,
        0,
        0,
        0
      ]
    },
    {
      "command": "mdsmith-parity",
      "mean": 0.10305797080000001,
      "stddev": 0.0018695642538320608,
      "median": 0.102657358,
      "user": 0.3008807,
      "system": 0.0336175,
      "min": 0.10143012900000001,
      "max": 0.10774767900000001,
      "times": [
        0.10263219400000001,
        0.102035371,
        0.10163881300000001,
        0.101612698,
        0.10386297500000001,
        0.10143012900000001,
        0.10268252200000001,
        0.103045548,
        0.10774767900000001,
        0.103891779
      ],
      "memory_usage_byte": [
        54980608,
        54980608,
        54980608,
        54980608,
        54980608,
        54980608,
        54980608,
        54980608,
        54980608,
        54980608
      ],
      "exit_codes": [
        1,
        1,
        1,
        1,
        1,
        1,
        1,
        1,
        1,
        1
      ]
    },
    {
      "command": "mdsmith",
      "mean": 0.4670708147999999,
      "stddev": 0.01164234401368544,
      "median": 0.46623855950000004,
      "user": 0.9641451999999999,
      "system": 0.5519224999999999,
      "min": 0.45187607,
      "max": 0.49033998,
      "times": [
        0.47456892,
        0.46604696300000004,
        0.49033998,
        0.45545385600000005,
        0.46643015600000004,
        0.46264739600000004,
        0.47561964300000004,
        0.45187607,
        0.47227966600000004,
        0.455445498
      ],
      "memory_usage_byte": [
        68337664,
        68337664,
        68337664,
        68337664,
        68337664,
        68337664,
        68337664,
        68337664,
        68337664,
        68337664
      ],
      "exit_codes": [
        1,
        1,
        1,
        1,
        1,
        1,
        1,
        1,
        1,
        1
      ]
    }
  ]
}
