{
  "results": [
    {
      "command": "markdownlint-cli2",
      "mean": 3.1870215673333333,
      "stddev": 0.1336400740599622,
      "median": 3.146517613,
      "user": 4.813289166666666,
      "system": 0.28121616666666666,
      "min": 3.096624007,
      "max": 3.450873111,
      "times": [
        3.169523103,
        3.123512123,
        3.102744576,
        3.096624007,
        3.178852484,
        3.450873111
      ],
      "memory_usage_byte": [
        389931008,
        389931008,
        389931008,
        389931008,
        389931008,
        389931008
      ],
      "exit_codes": [
        1,
        1,
        1,
        1,
        1,
        1
      ]
    }
  ]
}
