{
  "results": [
    {
      "command": "markdownlint-cli2",
      "mean": 3.933173227833333,
      "stddev": 0.17026072725789862,
      "median": 3.8671250434999997,
      "user": 5.969199833333334,
      "system": 0.2967128333333333,
      "min": 3.773403886,
      "max": 4.254296309,
      "times": [
        4.254296309,
        3.978294918,
        3.858794167,
        3.773403886,
        3.865647975,
        3.868602112
      ],
      "memory_usage_byte": [
        384909312,
        384909312,
        384909312,
        384909312,
        384909312,
        384909312
      ],
      "exit_codes": [
        1,
        1,
        1,
        1,
        1,
        1
      ]
    }
  ]
}
