{
  "results": [
    {
      "command": "markdownlint-cli2",
      "mean": 3.0979555426666665,
      "stddev": 0.07388761363432239,
      "median": 3.1173192105,
      "user": 4.6917366666666664,
      "system": 0.25591566666666665,
      "min": 3.005233868,
      "max": 3.172478092,
      "times": [
        3.154441341,
        3.156354622,
        3.019028253,
        3.172478092,
        3.08019708,
        3.005233868
      ],
      "memory_usage_byte": [
        386506752,
        386506752,
        386506752,
        386506752,
        386506752,
        386506752
      ],
      "exit_codes": [
        1,
        1,
        1,
        1,
        1,
        1
      ]
    }
  ]
}
