{
  "results": [
    {
      "command": "markdownlint-cli2",
      "mean": 3.1007786186666664,
      "stddev": 0.07464901424119291,
      "median": 3.094279336,
      "user": 4.705438833333333,
      "system": 0.261535,
      "min": 3.027886579,
      "max": 3.182704879,
      "times": [
        3.182704879,
        3.146209203,
        3.042349469,
        3.027886579,
        3.030818267,
        3.174703315
      ],
      "memory_usage_byte": [
        386617344,
        386617344,
        386617344,
        386617344,
        386617344,
        386715648
      ],
      "exit_codes": [
        1,
        1,
        1,
        1,
        1,
        1
      ]
    }
  ]
}
