{
  "results": [
    {
      "command": "markdownlint-cli2",
      "mean": 4.8920648185,
      "stddev": 0.17611811784837259,
      "median": 4.823253989,
      "user": 7.402371666666667,
      "system": 0.31828833333333334,
      "min": 4.756340001,
      "max": 5.213881497,
      "times": [
        4.962920002,
        4.870008087,
        4.772739433,
        4.756340001,
        4.776499891,
        5.213881497
      ],
      "memory_usage_byte": [
        389603328,
        389603328,
        410013696,
        410013696,
        410013696,
        410013696
      ],
      "exit_codes": [
        1,
        1,
        1,
        1,
        1,
        1
      ]
    }
  ]
}
