{
  "results": [
    {
      "command": "mado",
      "mean": 0.04676820550000001,
      "stddev": 0.0015195355573818707,
      "median": 0.046275132000000004,
      "user": 0.0737073,
      "system": 0.008382899999999999,
      "min": 0.045854316000000006,
      "max": 0.050932347,
      "times": [
        0.046409569000000005,
        0.046094618000000004,
        0.046140695,
        0.046483657000000005,
        0.047301444000000005,
        0.046433794,
        0.046116229,
        0.050932347,
        0.045854316000000006,
        0.045915386
      ],
      "memory_usage_byte": [
        31674368,
        31674368,
        31858688,
        31858688,
        31858688,
        31858688,
        31858688,
        31858688,
        31858688,
        31858688
      ],
      "exit_codes": [
        1,
        1,
        1,
        1,
        1,
        1,
        1,
        1,
        1,
        1
      ]
    },
    {
      "command": "rumdl",
      "mean": 0.19153536050000003,
      "stddev": 0.002870973346498022,
      "median": 0.19111942050000003,
      "user": 0.6168045999999999,
      "system": 0.03912,
      "min": 0.18824237500000002,
      "max": 0.196548841,
      "times": [
        0.18824237500000002,
        0.19363322500000002,
        0.191321441,
        0.195176533,
        0.192483132,
        0.19091740000000001,
        0.189186778,
        0.196548841,
        0.189068224,
        0.18877565600000001
      ],
      "memory_usage_byte": [
        51183616,
        51183616,
        51183616,
        51183616,
        51183616,
        51183616,
        51183616,
        51277824,
        51277824,
        51277824
      ],
      "exit_codes": [
        1,
        1,
        1,
        1,
        1,
        1,
        1,
        1,
        1,
        1
      ]
    },
    {
      "command": "panache",
      "mean": 0.5283722535,
      "stddev": 0.007701378232980546,
      "median": 0.531374652,
      "user": 1.5863489999999998,
      "system": 0.06273730000000001,
      "min": 0.5132963890000001,
      "max": 0.533725612,
      "times": [
        0.5132963890000001,
        0.5304610790000001,
        0.53362491,
        0.5149558820000001,
        0.529351912,
        0.532958838,
        0.533607849,
        0.533725612,
        0.5322882250000001,
        0.529451839
      ],
      "memory_usage_byte": [
        51277824,
        51277824,
        51277824,
        51277824,
        51277824,
        51277824,
        51277824,
        51277824,
        51277824,
        51277824
      ],
      "exit_codes": [
        0,
        0,
        0,
        0,
        0,
        0,
        0,
        0,
        0,
        0
      ]
    },
    {
      "command": "mdsmith-parity",
      "mean": 0.1719175283,
      "stddev": 0.004193910391213696,
      "median": 0.1710204345,
      "user": 0.3834934,
      "system": 0.0619444,
      "min": 0.167368609,
      "max": 0.179427781,
      "times": [
        0.173260672,
        0.16976997700000002,
        0.168033082,
        0.179427781,
        0.175174678,
        0.172270892,
        0.167368609,
        0.176876685,
        0.16919065500000002,
        0.167802252
      ],
      "memory_usage_byte": [
        51277824,
        51277824,
        51277824,
        51277824,
        51277824,
        51277824,
        51277824,
        51277824,
        51277824,
        51277824
      ],
      "exit_codes": [
        1,
        1,
        1,
        1,
        1,
        1,
        1,
        1,
        1,
        1
      ]
    },
    {
      "command": "mdsmith",
      "mean": 0.29665871520000003,
      "stddev": 0.003193571146972436,
      "median": 0.296342648,
      "user": 0.7140791,
      "system": 0.10783329999999999,
      "min": 0.29266499100000004,
      "max": 0.30392151500000003,
      "times": [
        0.29653450600000003,
        0.29872845800000003,
        0.29799769800000003,
        0.295031125,
        0.30392151500000003,
        0.29681332200000005,
        0.29266499100000004,
        0.295716654,
        0.29302809300000004,
        0.29615079
      ],
      "memory_usage_byte": [
        58609664,
        58609664,
        58609664,
        58609664,
        58609664,
        58609664,
        58834944,
        58834944,
        58834944,
        58834944
      ],
      "exit_codes": [
        1,
        1,
        1,
        1,
        1,
        1,
        1,
        1,
        1,
        1
      ]
    }
  ]
}
