{
  "results": [
    {
      "command": "mado",
      "mean": 0.048451087500000004,
      "stddev": 0.002753698295858226,
      "median": 0.047161531500000006,
      "user": 0.0765465,
      "system": 0.0090499,
      "min": 0.045447917000000004,
      "max": 0.05271847,
      "times": [
        0.046111496,
        0.046398812000000005,
        0.047694401000000004,
        0.05271847,
        0.046157252,
        0.050444585,
        0.051173214,
        0.045447917000000004,
        0.046628662,
        0.051736066000000004
      ],
      "memory_usage_byte": [
        31109120,
        31109120,
        31109120,
        31703040,
        31858688,
        31858688,
        31858688,
        31858688,
        31858688,
        31858688
      ],
      "exit_codes": [
        1,
        1,
        1,
        1,
        1,
        1,
        1,
        1,
        1,
        1
      ]
    },
    {
      "command": "rumdl",
      "mean": 0.19938111070000003,
      "stddev": 0.009836575884518459,
      "median": 0.19616436400000004,
      "user": 0.6549693999999999,
      "system": 0.0338015,
      "min": 0.194468143,
      "max": 0.22693595500000002,
      "times": [
        0.195987869,
        0.19599085500000002,
        0.19677835500000002,
        0.19455775,
        0.194857956,
        0.194468143,
        0.197486127,
        0.19633787300000002,
        0.22693595500000002,
        0.20041022400000003
      ],
      "memory_usage_byte": [
        50737152,
        50737152,
        50737152,
        50737152,
        50737152,
        50737152,
        50737152,
        50737152,
        50737152,
        50737152
      ],
      "exit_codes": [
        1,
        1,
        1,
        1,
        1,
        1,
        1,
        1,
        1,
        1
      ]
    },
    {
      "command": "panache",
      "mean": 0.5366299648000001,
      "stddev": 0.008610135081105067,
      "median": 0.541854339,
      "user": 1.6397679,
      "system": 0.0542043,
      "min": 0.524902108,
      "max": 0.5450511060000001,
      "times": [
        0.530149879,
        0.5450511060000001,
        0.5440724100000001,
        0.525414603,
        0.54089475,
        0.5428139280000001,
        0.526837177,
        0.524902108,
        0.5430383470000001,
        0.54312534
      ],
      "memory_usage_byte": [
        50737152,
        50737152,
        50737152,
        50737152,
        50737152,
        50737152,
        50737152,
        50737152,
        50737152,
        50737152
      ],
      "exit_codes": [
        0,
        0,
        0,
        0,
        0,
        0,
        0,
        0,
        0,
        0
      ]
    },
    {
      "command": "mdsmith-parity",
      "mean": 0.16589458840000001,
      "stddev": 0.0020345359287948605,
      "median": 0.1662061245,
      "user": 0.4004321999999999,
      "system": 0.0487451,
      "min": 0.161464102,
      "max": 0.16824053,
      "times": [
        0.166576454,
        0.16452144800000001,
        0.16824053,
        0.16756854000000002,
        0.167479081,
        0.164374675,
        0.165564023,
        0.161464102,
        0.165835795,
        0.167321236
      ],
      "memory_usage_byte": [
        50737152,
        50737152,
        50737152,
        50737152,
        50737152,
        50737152,
        50737152,
        50737152,
        50737152,
        50737152
      ],
      "exit_codes": [
        1,
        1,
        1,
        1,
        1,
        1,
        1,
        1,
        1,
        1
      ]
    },
    {
      "command": "mdsmith",
      "mean": 0.2843571564,
      "stddev": 0.002878022734955534,
      "median": 0.284247606,
      "user": 0.7344255000000001,
      "system": 0.07942869999999999,
      "min": 0.280843997,
      "max": 0.288625723,
      "times": [
        0.288323849,
        0.288625723,
        0.28382855700000004,
        0.28142832700000003,
        0.287020013,
        0.281932809,
        0.281920275,
        0.284666655,
        0.280843997,
        0.28498135900000005
      ],
      "memory_usage_byte": [
        59027456,
        59027456,
        59027456,
        59027456,
        59027456,
        59027456,
        59027456,
        59027456,
        59027456,
        59027456
      ],
      "exit_codes": [
        1,
        1,
        1,
        1,
        1,
        1,
        1,
        1,
        1,
        1
      ]
    }
  ]
}
