{
  "results": [
    {
      "command": "markdownlint-cli2",
      "mean": 3.363113691,
      "stddev": 0.08447614829586146,
      "median": 3.3569855155,
      "user": 5.1879428333333335,
      "system": 0.29463633333333333,
      "min": 3.260960394,
      "max": 3.503570805,
      "times": [
        3.503570805,
        3.390202494,
        3.326283514,
        3.3099774220000002,
        3.387687517,
        3.260960394
      ],
      "memory_usage_byte": [
        391462912,
        391462912,
        391462912,
        391462912,
        391462912,
        391462912
      ],
      "exit_codes": [
        1,
        1,
        1,
        1,
        1,
        1
      ]
    }
  ]
}
