{
  "results": [
    {
      "command": "markdownlint-cli2",
      "mean": 4.117792807333333,
      "stddev": 0.06863839322557493,
      "median": 4.099332507,
      "user": 6.213815666666666,
      "system": 0.3124908333333334,
      "min": 4.064465978,
      "max": 4.253837418,
      "times": [
        4.253837418,
        4.110002409,
        4.064465978,
        4.079786025,
        4.1022894579999996,
        4.096375556
      ],
      "memory_usage_byte": [
        357400576,
        380973056,
        380973056,
        380973056,
        380973056,
        380973056
      ],
      "exit_codes": [
        1,
        1,
        1,
        1,
        1,
        1
      ]
    }
  ]
}
