{
  "results": [
    {
      "command": "markdownlint-cli2",
      "mean": 3.035321761666667,
      "stddev": 0.060210441976381215,
      "median": 3.03268447,
      "user": 4.490455333333333,
      "system": 0.2606603333333333,
      "min": 2.965577717,
      "max": 3.132733649,
      "times": [
        3.030167394,
        3.065933433,
        3.132733649,
        2.9823168310000003,
        3.035201546,
        2.965577717
      ],
      "memory_usage_byte": [
        384442368,
        384442368,
        389464064,
        389464064,
        389464064,
        389464064
      ],
      "exit_codes": [
        1,
        1,
        1,
        1,
        1,
        1
      ]
    }
  ]
}
