{
  "results": [
    {
      "command": "markdownlint-cli2",
      "mean": 3.565850259500001,
      "stddev": 0.13799624699492377,
      "median": 3.4991472225,
      "user": 5.459978500000001,
      "system": 0.3813425,
      "min": 3.475252799,
      "max": 3.826874715,
      "times": [
        3.826874715,
        3.481181443,
        3.475252799,
        3.515509282,
        3.482785163,
        3.6134981550000003
      ],
      "memory_usage_byte": [
        393166848,
        393166848,
        393166848,
        393166848,
        393166848,
        393166848
      ],
      "exit_codes": [
        1,
        1,
        1,
        1,
        1,
        1
      ]
    }
  ]
}
