{
  "results": [
    {
      "command": "mado",
      "mean": 0.048520807000000006,
      "stddev": 0.004226167403968045,
      "median": 0.046631825,
      "user": 0.0763233,
      "system": 0.0088132,
      "min": 0.04622193,
      "max": 0.057456468000000004,
      "times": [
        0.046738993,
        0.046331511000000006,
        0.04695324,
        0.046257172000000006,
        0.04622193,
        0.057456468000000004,
        0.046886752000000004,
        0.046524657000000004,
        0.046341006000000004,
        0.055496341000000005
      ],
      "memory_usage_byte": [
        29794304,
        29794304,
        29794304,
        29794304,
        29794304,
        31748096,
        31748096,
        31748096,
        31748096,
        31748096
      ],
      "exit_codes": [
        1,
        1,
        1,
        1,
        1,
        1,
        1,
        1,
        1,
        1
      ]
    },
    {
      "command": "rumdl",
      "mean": 0.1927983243,
      "stddev": 0.0027476758890090745,
      "median": 0.1915380375,
      "user": 0.6251833,
      "system": 0.038034200000000004,
      "min": 0.19033722800000002,
      "max": 0.19942420300000002,
      "times": [
        0.19942420300000002,
        0.19033722800000002,
        0.194917946,
        0.191501008,
        0.190677271,
        0.19131333,
        0.19415104300000002,
        0.19157506700000002,
        0.19260934500000002,
        0.191476802
      ],
      "memory_usage_byte": [
        50044928,
        50892800,
        52342784,
        52342784,
        52342784,
        52342784,
        52342784,
        52342784,
        52342784,
        52342784
      ],
      "exit_codes": [
        1,
        1,
        1,
        1,
        1,
        1,
        1,
        1,
        1,
        1
      ]
    },
    {
      "command": "panache",
      "mean": 0.5285667133,
      "stddev": 0.009752689933679603,
      "median": 0.5327710704999999,
      "user": 1.5946777,
      "system": 0.0645686,
      "min": 0.514132778,
      "max": 0.5387511,
      "times": [
        0.534427055,
        0.532153993,
        0.51721017,
        0.5387511,
        0.533388148,
        0.514132778,
        0.5232236530000001,
        0.5373343150000001,
        0.516638408,
        0.538407513
      ],
      "memory_usage_byte": [
        52342784,
        52342784,
        52342784,
        52342784,
        52342784,
        52342784,
        52342784,
        52342784,
        52342784,
        52342784
      ],
      "exit_codes": [
        0,
        0,
        0,
        0,
        0,
        0,
        0,
        0,
        0,
        0
      ]
    },
    {
      "command": "mdsmith-parity",
      "mean": 0.17143106810000003,
      "stddev": 0.004142730684477478,
      "median": 0.17082537000000003,
      "user": 0.3813121,
      "system": 0.06086130000000001,
      "min": 0.164115263,
      "max": 0.177549438,
      "times": [
        0.17588745900000002,
        0.17538303300000002,
        0.177549438,
        0.164115263,
        0.167627299,
        0.168825,
        0.17059860400000001,
        0.16992654000000001,
        0.17105213600000002,
        0.17334590900000002
      ],
      "memory_usage_byte": [
        52342784,
        52342784,
        52342784,
        52342784,
        52342784,
        52342784,
        52342784,
        52342784,
        52342784,
        52342784
      ],
      "exit_codes": [
        1,
        1,
        1,
        1,
        1,
        1,
        1,
        1,
        1,
        1
      ]
    },
    {
      "command": "mdsmith",
      "mean": 0.29267057350000003,
      "stddev": 0.003447630260197682,
      "median": 0.291754373,
      "user": 0.7192920999999999,
      "system": 0.0977101,
      "min": 0.28821324400000004,
      "max": 0.29680078800000004,
      "times": [
        0.29660432800000003,
        0.2930704,
        0.29680078800000004,
        0.28821324400000004,
        0.29021096900000004,
        0.289114468,
        0.290438346,
        0.295656747,
        0.29005545,
        0.29654099500000003
      ],
      "memory_usage_byte": [
        59060224,
        59162624,
        59162624,
        59162624,
        59240448,
        59240448,
        59240448,
        59240448,
        59240448,
        59240448
      ],
      "exit_codes": [
        1,
        1,
        1,
        1,
        1,
        1,
        1,
        1,
        1,
        1
      ]
    }
  ]
}
