{
  "results": [
    {
      "command": "markdownlint-cli2",
      "mean": 3.0690376563333337,
      "stddev": 0.06656429086858522,
      "median": 3.053898587,
      "user": 4.5477245,
      "system": 0.3280123333333333,
      "min": 3.00204064,
      "max": 3.185299158,
      "times": [
        3.027533044,
        3.08026413,
        3.00204064,
        3.092100434,
        3.026988532,
        3.185299158
      ],
      "memory_usage_byte": [
        363528192,
        387469312,
        387469312,
        387469312,
        387469312,
        387469312
      ],
      "exit_codes": [
        1,
        1,
        1,
        1,
        1,
        1
      ]
    }
  ]
}
