{
  "results": [
    {
      "command": "markdownlint-cli2",
      "mean": 3.0046792635,
      "stddev": 0.01942654987651766,
      "median": 3.0034421015,
      "user": 4.443369166666666,
      "system": 0.3047411666666667,
      "min": 2.9798680810000002,
      "max": 3.03309443,
      "times": [
        3.03309443,
        2.9974792580000003,
        2.990165822,
        3.018063045,
        2.9798680810000002,
        3.009404945
      ],
      "memory_usage_byte": [
        390385664,
        390385664,
        390385664,
        390385664,
        390385664,
        390385664
      ],
      "exit_codes": [
        1,
        1,
        1,
        1,
        1,
        1
      ]
    }
  ]
}
