{
  "results": [
    {
      "command": "mado",
      "mean": 0.04667536640000001,
      "stddev": 0.0022002403130175078,
      "median": 0.0456145565,
      "user": 0.07461969999999998,
      "system": 0.0078382,
      "min": 0.045135648,
      "max": 0.051348389,
      "times": [
        0.045663255,
        0.04522964,
        0.045406768,
        0.045565858,
        0.046911272000000004,
        0.046098123000000005,
        0.050034984000000005,
        0.045359727,
        0.051348389,
        0.045135648
      ],
      "memory_usage_byte": [
        29929472,
        31096832,
        31096832,
        31096832,
        31096832,
        31096832,
        31096832,
        31096832,
        31096832,
        31096832
      ],
      "exit_codes": [
        1,
        1,
        1,
        1,
        1,
        1,
        1,
        1,
        1,
        1
      ]
    },
    {
      "command": "rumdl",
      "mean": 0.1899997057,
      "stddev": 0.0038665657458609934,
      "median": 0.18947851850000003,
      "user": 0.6160313,
      "system": 0.03944589999999999,
      "min": 0.185674779,
      "max": 0.196980589,
      "times": [
        0.19082932100000002,
        0.186622381,
        0.186063687,
        0.185674779,
        0.18809218400000002,
        0.18899812300000002,
        0.189958914,
        0.19094758,
        0.196980589,
        0.19582949900000002
      ],
      "memory_usage_byte": [
        52174848,
        52174848,
        52174848,
        52174848,
        52174848,
        52174848,
        52174848,
        52174848,
        52174848,
        52174848
      ],
      "exit_codes": [
        1,
        1,
        1,
        1,
        1,
        1,
        1,
        1,
        1,
        1
      ]
    },
    {
      "command": "panache",
      "mean": 0.5341268353,
      "stddev": 0.016118707235677217,
      "median": 0.5438226835,
      "user": 1.5730960999999999,
      "system": 0.0621907,
      "min": 0.512616712,
      "max": 0.550058374,
      "times": [
        0.5136059350000001,
        0.548868409,
        0.5144721950000001,
        0.522486004,
        0.543623297,
        0.5445476140000001,
        0.512616712,
        0.550058374,
        0.54402207,
        0.5469677430000001
      ],
      "memory_usage_byte": [
        52174848,
        52174848,
        52174848,
        52174848,
        52174848,
        52174848,
        52174848,
        52174848,
        52174848,
        52174848
      ],
      "exit_codes": [
        0,
        0,
        0,
        0,
        0,
        0,
        0,
        0,
        0,
        0
      ]
    },
    {
      "command": "mdsmith-parity",
      "mean": 0.1652167071,
      "stddev": 0.0019298770374452175,
      "median": 0.1656139775,
      "user": 0.3744592,
      "system": 0.058297299999999996,
      "min": 0.161446644,
      "max": 0.167680516,
      "times": [
        0.161446644,
        0.166932516,
        0.163988345,
        0.163744617,
        0.16664826600000002,
        0.165848366,
        0.167680516,
        0.163810497,
        0.16537958900000002,
        0.16668771500000001
      ],
      "memory_usage_byte": [
        52174848,
        52174848,
        52174848,
        52174848,
        52174848,
        52174848,
        52174848,
        52174848,
        52174848,
        52174848
      ],
      "exit_codes": [
        1,
        1,
        1,
        1,
        1,
        1,
        1,
        1,
        1,
        1
      ]
    },
    {
      "command": "mdsmith",
      "mean": 0.28172567730000003,
      "stddev": 0.0035369705447807517,
      "median": 0.2806631435,
      "user": 0.706668,
      "system": 0.09424370000000001,
      "min": 0.27757503,
      "max": 0.288322425,
      "times": [
        0.288322425,
        0.280938894,
        0.280316704,
        0.27757503,
        0.279906133,
        0.27794308100000004,
        0.28662158800000004,
        0.28116450800000004,
        0.284081017,
        0.28038739300000004
      ],
      "memory_usage_byte": [
        54267904,
        54267904,
        54267904,
        54267904,
        54267904,
        54267904,
        54267904,
        54267904,
        54267904,
        54267904
      ],
      "exit_codes": [
        1,
        1,
        1,
        1,
        1,
        1,
        1,
        1,
        1,
        1
      ]
    }
  ]
}
