{
  "results": [
    {
      "command": "mado",
      "mean": 0.058597340200000014,
      "stddev": 0.00317458707446107,
      "median": 0.060577561,
      "user": 0.08998609999999999,
      "system": 0.020195700000000004,
      "min": 0.054243298,
      "max": 0.061585190000000005,
      "times": [
        0.060831449,
        0.061007891,
        0.056145963,
        0.06106505500000001,
        0.061585190000000005,
        0.060323673,
        0.061266513,
        0.05440499,
        0.05509938,
        0.054243298
      ],
      "memory_usage_byte": [
        28905472,
        28905472,
        28905472,
        28991488,
        28991488,
        28991488,
        28991488,
        28991488,
        28991488,
        28991488
      ],
      "exit_codes": [
        1,
        1,
        1,
        1,
        1,
        1,
        1,
        1,
        1,
        1
      ]
    },
    {
      "command": "rumdl",
      "mean": 0.29574819420000004,
      "stddev": 0.025672631195961686,
      "median": 0.2891408985,
      "user": 0.8358729,
      "system": 0.06813249999999998,
      "min": 0.269662569,
      "max": 0.34066970100000005,
      "times": [
        0.34066970100000005,
        0.305493746,
        0.273385213,
        0.269662569,
        0.334924,
        0.305795307,
        0.289702073,
        0.27803292,
        0.28857972400000004,
        0.27123668900000003
      ],
      "memory_usage_byte": [
        50151424,
        50151424,
        50151424,
        50151424,
        50151424,
        51490816,
        51490816,
        51490816,
        51490816,
        51490816
      ],
      "exit_codes": [
        1,
        1,
        1,
        1,
        1,
        1,
        1,
        1,
        1,
        1
      ]
    },
    {
      "command": "panache",
      "mean": 0.5233085524000001,
      "stddev": 0.032748247596292177,
      "median": 0.5134237505,
      "user": 1.8454205,
      "system": 0.13041959999999997,
      "min": 0.510972736,
      "max": 0.616445706,
      "times": [
        0.51356813,
        0.512149127,
        0.512350681,
        0.511441278,
        0.514301344,
        0.510972736,
        0.616445706,
        0.513279371,
        0.5137511100000001,
        0.5148260410000001
      ],
      "memory_usage_byte": [
        51490816,
        51490816,
        51490816,
        51490816,
        51490816,
        51490816,
        51490816,
        51490816,
        51490816,
        51490816
      ],
      "exit_codes": [
        0,
        0,
        0,
        0,
        0,
        0,
        0,
        0,
        0,
        0
      ]
    },
    {
      "command": "mdsmith-parity",
      "mean": 0.1644263109,
      "stddev": 0.003039395230789557,
      "median": 0.165855969,
      "user": 0.48355869999999995,
      "system": 0.05465949999999999,
      "min": 0.15838279400000002,
      "max": 0.167697543,
      "times": [
        0.164054206,
        0.165588028,
        0.16635248500000002,
        0.167697543,
        0.16612391,
        0.16026582,
        0.15838279400000002,
        0.166182155,
        0.166699121,
        0.162917047
      ],
      "memory_usage_byte": [
        51490816,
        51490816,
        51490816,
        51490816,
        51490816,
        51490816,
        51490816,
        51490816,
        51490816,
        51490816
      ],
      "exit_codes": [
        1,
        1,
        1,
        1,
        1,
        1,
        1,
        1,
        1,
        1
      ]
    },
    {
      "command": "mdsmith",
      "mean": 0.5390351630000001,
      "stddev": 0.010217211487477475,
      "median": 0.539087897,
      "user": 1.2440856999999999,
      "system": 0.5389875,
      "min": 0.523842991,
      "max": 0.5531837820000001,
      "times": [
        0.5531837820000001,
        0.537702611,
        0.532668449,
        0.528170869,
        0.530627528,
        0.550479924,
        0.550471971,
        0.523842991,
        0.540473183,
        0.542730322
      ],
      "memory_usage_byte": [
        51490816,
        51490816,
        51490816,
        51490816,
        51490816,
        51490816,
        51490816,
        51490816,
        51490816,
        51490816
      ],
      "exit_codes": [
        1,
        1,
        1,
        1,
        1,
        1,
        1,
        1,
        1,
        1
      ]
    }
  ]
}
