{
  "results": [
    {
      "command": "mado",
      "mean": 0.048157314500000006,
      "stddev": 0.003205860687287174,
      "median": 0.047240007,
      "user": 0.07509079999999999,
      "system": 0.0093525,
      "min": 0.046347958,
      "max": 0.05715213,
      "times": [
        0.046395038,
        0.047240633000000004,
        0.046347958,
        0.047670040000000004,
        0.046945198,
        0.047239381000000004,
        0.047465182,
        0.05715213,
        0.046999009,
        0.048118576
      ],
      "memory_usage_byte": [
        29786112,
        29786112,
        31313920,
        31313920,
        31313920,
        31313920,
        31313920,
        31313920,
        31313920,
        31313920
      ],
      "exit_codes": [
        1,
        1,
        1,
        1,
        1,
        1,
        1,
        1,
        1,
        1
      ]
    },
    {
      "command": "rumdl",
      "mean": 0.20019477810000003,
      "stddev": 0.002873475981158963,
      "median": 0.199785072,
      "user": 0.6393819000000001,
      "system": 0.0437525,
      "min": 0.196267551,
      "max": 0.20507344100000002,
      "times": [
        0.19884643700000001,
        0.196267551,
        0.20067810700000002,
        0.196608354,
        0.198688219,
        0.20507344100000002,
        0.20360776200000003,
        0.20260776600000002,
        0.200005114,
        0.19956503
      ],
      "memory_usage_byte": [
        50597888,
        50597888,
        50597888,
        50597888,
        50597888,
        50999296,
        50999296,
        50999296,
        50999296,
        50999296
      ],
      "exit_codes": [
        1,
        1,
        1,
        1,
        1,
        1,
        1,
        1,
        1,
        1
      ]
    },
    {
      "command": "panache",
      "mean": 0.5361977933000002,
      "stddev": 0.01293053121574618,
      "median": 0.5361296275,
      "user": 1.5908840999999998,
      "system": 0.07135489999999999,
      "min": 0.5156526840000001,
      "max": 0.5538334730000001,
      "times": [
        0.544618421,
        0.5450315530000001,
        0.5538334730000001,
        0.549964235,
        0.538439302,
        0.5338199530000001,
        0.516502675,
        0.5156526840000001,
        0.5324802350000001,
        0.531635402
      ],
      "memory_usage_byte": [
        50999296,
        50999296,
        50999296,
        50999296,
        50999296,
        50999296,
        50999296,
        50999296,
        50999296,
        50999296
      ],
      "exit_codes": [
        0,
        0,
        0,
        0,
        0,
        0,
        0,
        0,
        0,
        0
      ]
    },
    {
      "command": "mdsmith-parity",
      "mean": 0.1663696422,
      "stddev": 0.002379517264032853,
      "median": 0.16652163550000001,
      "user": 0.3732008,
      "system": 0.055887,
      "min": 0.162457233,
      "max": 0.170862235,
      "times": [
        0.16695152300000002,
        0.167312768,
        0.162457233,
        0.16766281500000002,
        0.16599766600000002,
        0.16776252500000002,
        0.170862235,
        0.166091748,
        0.16334056800000002,
        0.165257341
      ],
      "memory_usage_byte": [
        50999296,
        50999296,
        50999296,
        50999296,
        50999296,
        50999296,
        50999296,
        50999296,
        50999296,
        50999296
      ],
      "exit_codes": [
        1,
        1,
        1,
        1,
        1,
        1,
        1,
        1,
        1,
        1
      ]
    },
    {
      "command": "mdsmith",
      "mean": 0.2866929777,
      "stddev": 0.003241621329647692,
      "median": 0.28671583900000003,
      "user": 0.6985932,
      "system": 0.09891829999999997,
      "min": 0.282275209,
      "max": 0.293611968,
      "times": [
        0.28778537000000004,
        0.282275209,
        0.287914334,
        0.285646308,
        0.284478222,
        0.283586239,
        0.284979918,
        0.293611968,
        0.288863494,
        0.28778871500000003
      ],
      "memory_usage_byte": [
        58548224,
        58548224,
        58548224,
        58548224,
        58548224,
        58548224,
        58548224,
        58548224,
        58548224,
        58548224
      ],
      "exit_codes": [
        1,
        1,
        1,
        1,
        1,
        1,
        1,
        1,
        1,
        1
      ]
    }
  ]
}
