{
  "results": [
    {
      "command": "mado",
      "mean": 0.054740958900000004,
      "stddev": 0.002574183326722453,
      "median": 0.053817474500000004,
      "user": 0.0835937,
      "system": 0.0183539,
      "min": 0.053019202,
      "max": 0.061376524,
      "times": [
        0.054383438000000006,
        0.054730127,
        0.053953604,
        0.05335833,
        0.053031441000000006,
        0.053019202,
        0.053226012,
        0.053681345000000005,
        0.061376524,
        0.056649566000000005
      ],
      "memory_usage_byte": [
        30818304,
        30818304,
        30818304,
        30818304,
        30818304,
        30818304,
        30818304,
        30818304,
        30818304,
        30818304
      ],
      "exit_codes": [
        1,
        1,
        1,
        1,
        1,
        1,
        1,
        1,
        1,
        1
      ]
    },
    {
      "command": "rumdl",
      "mean": 0.260554214,
      "stddev": 0.004065441054138738,
      "median": 0.2590701455,
      "user": 0.7836798999999999,
      "system": 0.0667304,
      "min": 0.255345961,
      "max": 0.267973457,
      "times": [
        0.25791609600000004,
        0.258029785,
        0.26563536000000004,
        0.267973457,
        0.261331847,
        0.263890303,
        0.25727904,
        0.255345961,
        0.259600661,
        0.25853963
      ],
      "memory_usage_byte": [
        51159040,
        51159040,
        51159040,
        51302400,
        51302400,
        51302400,
        51302400,
        51302400,
        51302400,
        51302400
      ],
      "exit_codes": [
        1,
        1,
        1,
        1,
        1,
        1,
        1,
        1,
        1,
        1
      ]
    },
    {
      "command": "panache",
      "mean": 0.5364630959000001,
      "stddev": 0.05639146820354129,
      "median": 0.494813384,
      "user": 1.7429133999999997,
      "system": 0.1367889,
      "min": 0.49179661,
      "max": 0.6214748250000001,
      "times": [
        0.49179661,
        0.49353667,
        0.49321067100000004,
        0.587796144,
        0.493407146,
        0.603228212,
        0.49609009800000003,
        0.5922730810000001,
        0.6214748250000001,
        0.491817502
      ],
      "memory_usage_byte": [
        51302400,
        51302400,
        51302400,
        51302400,
        51302400,
        51302400,
        51302400,
        51302400,
        51302400,
        51302400
      ],
      "exit_codes": [
        0,
        0,
        0,
        0,
        0,
        0,
        0,
        0,
        0,
        0
      ]
    },
    {
      "command": "mdsmith-parity",
      "mean": 0.1561806473,
      "stddev": 0.003797863242983207,
      "median": 0.1558185835,
      "user": 0.44945599999999997,
      "system": 0.05981749999999999,
      "min": 0.151632827,
      "max": 0.162061278,
      "times": [
        0.156509434,
        0.15532346600000002,
        0.151632827,
        0.156313701,
        0.16022328300000002,
        0.15241808,
        0.162061278,
        0.16110966200000001,
        0.153063898,
        0.153150844
      ],
      "memory_usage_byte": [
        51302400,
        51302400,
        51302400,
        51302400,
        51302400,
        51302400,
        51302400,
        51302400,
        51302400,
        51302400
      ],
      "exit_codes": [
        1,
        1,
        1,
        1,
        1,
        1,
        1,
        1,
        1,
        1
      ]
    },
    {
      "command": "mdsmith",
      "mean": 0.5290304577,
      "stddev": 0.008186307164436843,
      "median": 0.5284379335,
      "user": 1.1785803,
      "system": 0.5692785,
      "min": 0.5137287110000001,
      "max": 0.541676511,
      "times": [
        0.541676511,
        0.5326249430000001,
        0.5266442490000001,
        0.5302316180000001,
        0.5391531070000001,
        0.533261942,
        0.525123058,
        0.523108247,
        0.5137287110000001,
        0.524752191
      ],
      "memory_usage_byte": [
        51302400,
        51302400,
        51302400,
        51302400,
        51302400,
        51302400,
        51302400,
        51302400,
        51302400,
        51302400
      ],
      "exit_codes": [
        1,
        1,
        1,
        1,
        1,
        1,
        1,
        1,
        1,
        1
      ]
    }
  ]
}
