{
  "results": [
    {
      "command": "mado",
      "mean": 0.047574894500000006,
      "stddev": 0.0031756193937005697,
      "median": 0.04594200500000001,
      "user": 0.0760935,
      "system": 0.0080374,
      "min": 0.045508428000000004,
      "max": 0.05508460900000001,
      "times": [
        0.045731907,
        0.05508460900000001,
        0.045529379,
        0.046060299000000006,
        0.045823711,
        0.046296084,
        0.045508428000000004,
        0.045681072,
        0.050073867,
        0.049959589000000006
      ],
      "memory_usage_byte": [
        29716480,
        29716480,
        29716480,
        29716480,
        35516416,
        35516416,
        35516416,
        35516416,
        35516416,
        35516416
      ],
      "exit_codes": [
        1,
        1,
        1,
        1,
        1,
        1,
        1,
        1,
        1,
        1
      ]
    },
    {
      "command": "rumdl",
      "mean": 0.1913864335,
      "stddev": 0.0031238476329329447,
      "median": 0.191020339,
      "user": 0.6165554999999999,
      "system": 0.0402226,
      "min": 0.187160726,
      "max": 0.19710611800000002,
      "times": [
        0.19638132500000002,
        0.189832427,
        0.187160726,
        0.19098277400000002,
        0.18893036400000002,
        0.18950862100000002,
        0.191057904,
        0.19710611800000002,
        0.191289855,
        0.191614221
      ],
      "memory_usage_byte": [
        49889280,
        49889280,
        51281920,
        51281920,
        51281920,
        51281920,
        51281920,
        51281920,
        51281920,
        51924992
      ],
      "exit_codes": [
        1,
        1,
        1,
        1,
        1,
        1,
        1,
        1,
        1,
        1
      ]
    },
    {
      "command": "panache",
      "mean": 0.5282315523000001,
      "stddev": 0.0069548919770786545,
      "median": 0.531287273,
      "user": 1.5903728000000001,
      "system": 0.0587213,
      "min": 0.513751111,
      "max": 0.533416772,
      "times": [
        0.530900532,
        0.513751111,
        0.516692416,
        0.531849644,
        0.531709958,
        0.533416772,
        0.531743959,
        0.531603522,
        0.5309710240000001,
        0.529676585
      ],
      "memory_usage_byte": [
        51924992,
        51924992,
        51924992,
        51924992,
        51924992,
        51924992,
        51924992,
        51924992,
        51924992,
        51924992
      ],
      "exit_codes": [
        0,
        0,
        0,
        0,
        0,
        0,
        0,
        0,
        0,
        0
      ]
    },
    {
      "command": "mdsmith-parity",
      "mean": 0.1330622634,
      "stddev": 0.0012469152374900737,
      "median": 0.13290839650000003,
      "user": 0.2764267,
      "system": 0.0434021,
      "min": 0.131544976,
      "max": 0.135107423,
      "times": [
        0.13308176100000002,
        0.13491475,
        0.132735032,
        0.13163576000000002,
        0.132441792,
        0.133176771,
        0.135107423,
        0.132118588,
        0.131544976,
        0.13386578100000002
      ],
      "memory_usage_byte": [
        59412480,
        59412480,
        59650048,
        59650048,
        59650048,
        60030976,
        60030976,
        60030976,
        60030976,
        60030976
      ],
      "exit_codes": [
        1,
        1,
        1,
        1,
        1,
        1,
        1,
        1,
        1,
        1
      ]
    },
    {
      "command": "mdsmith",
      "mean": 0.24719992030000001,
      "stddev": 0.0023963135952996648,
      "median": 0.24766920650000002,
      "user": 0.5726009000000001,
      "system": 0.0854232,
      "min": 0.24283167300000003,
      "max": 0.25047357400000003,
      "times": [
        0.24283167300000003,
        0.245906113,
        0.24615267400000002,
        0.25047357400000003,
        0.247563574,
        0.248366893,
        0.24438904700000003,
        0.248633083,
        0.24990773300000002,
        0.24777483900000002
      ],
      "memory_usage_byte": [
        81870848,
        81870848,
        81870848,
        81870848,
        81870848,
        82132992,
        82132992,
        82165760,
        82165760,
        82165760
      ],
      "exit_codes": [
        1,
        1,
        1,
        1,
        1,
        1,
        1,
        1,
        1,
        1
      ]
    }
  ]
}
