{
  "results": [
    {
      "command": "markdownlint-cli2",
      "mean": 3.1288985324999996,
      "stddev": 0.08686583416169501,
      "median": 3.0971463449999996,
      "user": 4.704786333333334,
      "system": 0.3142223333333333,
      "min": 3.04786032,
      "max": 3.246750227,
      "times": [
        3.110382401,
        3.056952828,
        3.04786032,
        3.246750227,
        3.22753513,
        3.083910289
      ],
      "memory_usage_byte": [
        381071360,
        381071360,
        381071360,
        381071360,
        387125248,
        387125248
      ],
      "exit_codes": [
        1,
        1,
        1,
        1,
        1,
        1
      ]
    }
  ]
}
