{
  "results": [
    {
      "command": "markdownlint-cli2",
      "mean": 3.0859955200000004,
      "stddev": 0.06327681922507211,
      "median": 3.0631223185,
      "user": 4.595795333333333,
      "system": 0.2558473333333333,
      "min": 3.019546223,
      "max": 3.189243519,
      "times": [
        3.133207438,
        3.053007016,
        3.073237621,
        3.019546223,
        3.189243519,
        3.047731303
      ],
      "memory_usage_byte": [
        368168960,
        368168960,
        368168960,
        376143872,
        380444672,
        380444672
      ],
      "exit_codes": [
        1,
        1,
        1,
        1,
        1,
        1
      ]
    }
  ]
}
