{
  "results": [
    {
      "command": "mado",
      "mean": 0.0532076377,
      "stddev": 0.0036538713007138704,
      "median": 0.0519722995,
      "user": 0.08416109999999999,
      "system": 0.014029400000000001,
      "min": 0.051393673,
      "max": 0.06355851500000001,
      "times": [
        0.051903064000000006,
        0.052574197,
        0.051946345000000005,
        0.051885206,
        0.051923639,
        0.051393673,
        0.052529868,
        0.052363616,
        0.06355851500000001,
        0.051998254
      ],
      "memory_usage_byte": [
        29122560,
        31080448,
        31080448,
        31080448,
        31080448,
        31080448,
        31080448,
        31080448,
        31080448,
        31080448
      ],
      "exit_codes": [
        1,
        1,
        1,
        1,
        1,
        1,
        1,
        1,
        1,
        1
      ]
    },
    {
      "command": "rumdl",
      "mean": 0.2961369735,
      "stddev": 0.005268428959508602,
      "median": 0.295624331,
      "user": 0.9674025,
      "system": 0.0420663,
      "min": 0.290591653,
      "max": 0.307689571,
      "times": [
        0.291449279,
        0.300507138,
        0.295314511,
        0.290591653,
        0.307689571,
        0.29593415100000003,
        0.29869673,
        0.297275197,
        0.292659486,
        0.29125201900000003
      ],
      "memory_usage_byte": [
        53727232,
        53727232,
        53727232,
        54308864,
        54308864,
        54308864,
        54308864,
        54308864,
        54308864,
        54308864
      ],
      "exit_codes": [
        1,
        1,
        1,
        1,
        1,
        1,
        1,
        1,
        1,
        1
      ]
    },
    {
      "command": "panache",
      "mean": 0.5514043587999999,
      "stddev": 0.03928297173144619,
      "median": 0.5381560415000001,
      "user": 2.0206504,
      "system": 0.08584539999999999,
      "min": 0.535920806,
      "max": 0.662830413,
      "times": [
        0.662830413,
        0.537066243,
        0.535920806,
        0.546147084,
        0.5382182480000001,
        0.540641002,
        0.5380938350000001,
        0.5367940870000001,
        0.542306704,
        0.536025166
      ],
      "memory_usage_byte": [
        54308864,
        54308864,
        54308864,
        54308864,
        54308864,
        54308864,
        54308864,
        54308864,
        54308864,
        54308864
      ],
      "exit_codes": [
        0,
        0,
        0,
        0,
        0,
        0,
        0,
        0,
        0,
        0
      ]
    },
    {
      "command": "mdsmith-parity",
      "mean": 0.0998903922,
      "stddev": 0.001016650698811084,
      "median": 0.09954604850000001,
      "user": 0.32026709999999997,
      "system": 0.0251973,
      "min": 0.09914170800000001,
      "max": 0.102567425,
      "times": [
        0.09960702,
        0.10051040800000001,
        0.09916562500000001,
        0.09945295500000001,
        0.099679562,
        0.099485077,
        0.09914170800000001,
        0.102567425,
        0.099464483,
        0.099829659
      ],
      "memory_usage_byte": [
        54308864,
        54308864,
        54308864,
        54308864,
        54308864,
        54308864,
        54308864,
        54308864,
        54308864,
        54308864
      ],
      "exit_codes": [
        1,
        1,
        1,
        1,
        1,
        1,
        1,
        1,
        1,
        1
      ]
    },
    {
      "command": "mdsmith",
      "mean": 0.39836058900000004,
      "stddev": 0.007041918641492169,
      "median": 0.398805207,
      "user": 0.9756161000000001,
      "system": 0.3645972,
      "min": 0.390256565,
      "max": 0.410739937,
      "times": [
        0.39179610600000003,
        0.40379415900000004,
        0.40042345300000004,
        0.390256565,
        0.390559472,
        0.40538676700000004,
        0.40082946500000005,
        0.397186961,
        0.39263300500000003,
        0.410739937
      ],
      "memory_usage_byte": [
        73195520,
        73195520,
        73195520,
        75276288,
        75276288,
        75276288,
        75276288,
        75276288,
        75276288,
        75276288
      ],
      "exit_codes": [
        1,
        1,
        1,
        1,
        1,
        1,
        1,
        1,
        1,
        1
      ]
    }
  ]
}
