{
  "results": [
    {
      "command": "mado",
      "mean": 0.0556230199,
      "stddev": 0.0021565059001483794,
      "median": 0.05505576250000001,
      "user": 0.08613959999999998,
      "system": 0.0187928,
      "min": 0.054373967,
      "max": 0.061639028000000005,
      "times": [
        0.054552349,
        0.054373967,
        0.055299280000000006,
        0.061639028000000005,
        0.054848243000000005,
        0.055374972,
        0.055646230000000005,
        0.055263282000000004,
        0.054488359,
        0.054744489
      ],
      "memory_usage_byte": [
        30957568,
        30957568,
        30957568,
        30957568,
        30957568,
        30957568,
        30957568,
        30957568,
        30957568,
        30957568
      ],
      "exit_codes": [
        1,
        1,
        1,
        1,
        1,
        1,
        1,
        1,
        1,
        1
      ]
    },
    {
      "command": "rumdl",
      "mean": 0.277540769,
      "stddev": 0.004488956464820074,
      "median": 0.277066796,
      "user": 0.8335965999999999,
      "system": 0.0631979,
      "min": 0.27125312500000004,
      "max": 0.285263074,
      "times": [
        0.27125312500000004,
        0.27520173800000003,
        0.285263074,
        0.278958339,
        0.278437736,
        0.272394289,
        0.275695856,
        0.274743294,
        0.282466953,
        0.280993286
      ],
      "memory_usage_byte": [
        52899840,
        52899840,
        52899840,
        52899840,
        52899840,
        52899840,
        52899840,
        52899840,
        52899840,
        52899840
      ],
      "exit_codes": [
        1,
        1,
        1,
        1,
        1,
        1,
        1,
        1,
        1,
        1
      ]
    },
    {
      "command": "panache",
      "mean": 0.5368861258,
      "stddev": 0.04263859069970792,
      "median": 0.5141464265,
      "user": 1.8435878999999997,
      "system": 0.12666719999999998,
      "min": 0.509068476,
      "max": 0.615304037,
      "times": [
        0.51552065,
        0.5484744300000001,
        0.5144799910000001,
        0.509068476,
        0.5134155970000001,
        0.614566072,
        0.513812862,
        0.615304037,
        0.512908488,
        0.5113106550000001
      ],
      "memory_usage_byte": [
        52899840,
        52899840,
        52899840,
        52899840,
        52899840,
        52899840,
        52899840,
        52899840,
        52899840,
        52899840
      ],
      "exit_codes": [
        0,
        0,
        0,
        0,
        0,
        0,
        0,
        0,
        0,
        0
      ]
    },
    {
      "command": "mdsmith-parity",
      "mean": 0.16331772640000003,
      "stddev": 0.004829803295908947,
      "median": 0.1619598465,
      "user": 0.47975129999999994,
      "system": 0.0551632,
      "min": 0.15746457,
      "max": 0.175724822,
      "times": [
        0.15746457,
        0.164205929,
        0.175724822,
        0.161288969,
        0.161884949,
        0.164171445,
        0.160248881,
        0.16427665100000002,
        0.161876304,
        0.162034744
      ],
      "memory_usage_byte": [
        52899840,
        52899840,
        52899840,
        52899840,
        52899840,
        52899840,
        52899840,
        52899840,
        52899840,
        52899840
      ],
      "exit_codes": [
        1,
        1,
        1,
        1,
        1,
        1,
        1,
        1,
        1,
        1
      ]
    },
    {
      "command": "mdsmith",
      "mean": 0.5662814322999999,
      "stddev": 0.053391101499825934,
      "median": 0.5444086850000001,
      "user": 1.2439181,
      "system": 0.5290033000000001,
      "min": 0.518072145,
      "max": 0.681760017,
      "times": [
        0.548499709,
        0.5460559930000001,
        0.518072145,
        0.593135555,
        0.681760017,
        0.634244043,
        0.530894806,
        0.532796213,
        0.5345944650000001,
        0.542761377
      ],
      "memory_usage_byte": [
        52899840,
        52899840,
        52899840,
        52899840,
        52899840,
        52899840,
        52899840,
        52899840,
        52899840,
        52899840
      ],
      "exit_codes": [
        1,
        1,
        1,
        1,
        1,
        1,
        1,
        1,
        1,
        1
      ]
    }
  ]
}
