{
  "results": [
    {
      "command": "markdownlint-cli2",
      "mean": 3.1125006106666664,
      "stddev": 0.09187167303713845,
      "median": 3.102401798,
      "user": 4.715912333333333,
      "system": 0.2652371666666667,
      "min": 3.007967225,
      "max": 3.274544917,
      "times": [
        3.102969844,
        3.048480557,
        3.101833752,
        3.007967225,
        3.274544917,
        3.139207369
      ],
      "memory_usage_byte": [
        389791744,
        389791744,
        389791744,
        389791744,
        389791744,
        389791744
      ],
      "exit_codes": [
        1,
        1,
        1,
        1,
        1,
        1
      ]
    }
  ]
}
