{
  "results": [
    {
      "command": "markdownlint-cli2",
      "mean": 3.1384939336666666,
      "stddev": 0.03895141410427191,
      "median": 3.125590757,
      "user": 4.637636166666667,
      "system": 0.2680296666666666,
      "min": 3.106898809,
      "max": 3.211111338,
      "times": [
        3.151550523,
        3.106898809,
        3.123168941,
        3.110221418,
        3.211111338,
        3.128012573
      ],
      "memory_usage_byte": [
        382001152,
        382001152,
        382001152,
        382001152,
        382001152,
        382001152
      ],
      "exit_codes": [
        1,
        1,
        1,
        1,
        1,
        1
      ]
    }
  ]
}
