{
  "results": [
    {
      "command": "markdownlint-cli2",
      "mean": 1.8468336431666668,
      "stddev": 0.03829039760169102,
      "median": 1.8357664814999999,
      "user": 2.857488333333333,
      "system": 0.21206083333333334,
      "min": 1.817262392,
      "max": 1.9200166850000002,
      "times": [
        1.828287674,
        1.843245289,
        1.852111872,
        1.9200166850000002,
        1.8200779470000001,
        1.817262392
      ],
      "memory_usage_byte": [
        464445440,
        464445440,
        464445440,
        464445440,
        464445440,
        464445440
      ],
      "exit_codes": [
        1,
        1,
        1,
        1,
        1,
        1
      ]
    }
  ]
}
