{
  "results": [
    {
      "command": "mado",
      "mean": 0.047762342900000004,
      "stddev": 0.003245893885466014,
      "median": 0.0459763,
      "user": 0.0767822,
      "system": 0.0080041,
      "min": 0.045459179,
      "max": 0.053365155000000004,
      "times": [
        0.045585256000000005,
        0.046355482,
        0.045459179,
        0.045546543,
        0.045637614,
        0.052447884,
        0.053365155000000004,
        0.051368794,
        0.046314986,
        0.045542536
      ],
      "memory_usage_byte": [
        29642752,
        31727616,
        31727616,
        31727616,
        33685504,
        33685504,
        33685504,
        33685504,
        33685504,
        33685504
      ],
      "exit_codes": [
        1,
        1,
        1,
        1,
        1,
        1,
        1,
        1,
        1,
        1
      ]
    },
    {
      "command": "rumdl",
      "mean": 0.19543019820000002,
      "stddev": 0.0018529180250870271,
      "median": 0.1954087055,
      "user": 0.6506550999999999,
      "system": 0.0341215,
      "min": 0.19310168900000002,
      "max": 0.19961651200000002,
      "times": [
        0.19531673800000002,
        0.19661208000000002,
        0.194682498,
        0.195531281,
        0.19624975,
        0.19961651200000002,
        0.195500673,
        0.193475481,
        0.19310168900000002,
        0.19421528000000002
      ],
      "memory_usage_byte": [
        49516544,
        51032064,
        51032064,
        51032064,
        51032064,
        53362688,
        53362688,
        53362688,
        53362688,
        53362688
      ],
      "exit_codes": [
        1,
        1,
        1,
        1,
        1,
        1,
        1,
        1,
        1,
        1
      ]
    },
    {
      "command": "panache",
      "mean": 0.5380940858000001,
      "stddev": 0.009104033786148477,
      "median": 0.539637243,
      "user": 1.6346433999999999,
      "system": 0.0534941,
      "min": 0.5227762930000001,
      "max": 0.554590264,
      "times": [
        0.539569626,
        0.541828618,
        0.554590264,
        0.5381119590000001,
        0.5243709670000001,
        0.536246376,
        0.5397048600000001,
        0.5227762930000001,
        0.541550045,
        0.54219185
      ],
      "memory_usage_byte": [
        53362688,
        53362688,
        53362688,
        53362688,
        53362688,
        53362688,
        53362688,
        53362688,
        53362688,
        53362688
      ],
      "exit_codes": [
        0,
        0,
        0,
        0,
        0,
        0,
        0,
        0,
        0,
        0
      ]
    },
    {
      "command": "mdsmith-parity",
      "mean": 0.1644273652,
      "stddev": 0.0031995587241935527,
      "median": 0.164053136,
      "user": 0.40180109999999997,
      "system": 0.044845399999999994,
      "min": 0.16023427,
      "max": 0.169038703,
      "times": [
        0.16135237900000002,
        0.165390124,
        0.162716148,
        0.161692949,
        0.167495256,
        0.16819624100000002,
        0.169038703,
        0.16023427,
        0.162000213,
        0.166157369
      ],
      "memory_usage_byte": [
        53362688,
        53362688,
        53362688,
        53362688,
        53362688,
        53362688,
        53362688,
        53362688,
        53362688,
        53362688
      ],
      "exit_codes": [
        1,
        1,
        1,
        1,
        1,
        1,
        1,
        1,
        1,
        1
      ]
    },
    {
      "command": "mdsmith",
      "mean": 0.28358658180000007,
      "stddev": 0.0034609178715757525,
      "median": 0.2834958665,
      "user": 0.7346752,
      "system": 0.08159079999999999,
      "min": 0.27808499200000003,
      "max": 0.29036262500000004,
      "times": [
        0.286503008,
        0.279904496,
        0.29036262500000004,
        0.28525981300000003,
        0.28363561400000004,
        0.27808499200000003,
        0.284349036,
        0.283356119,
        0.281132153,
        0.283277962
      ],
      "memory_usage_byte": [
        58839040,
        58839040,
        58839040,
        58839040,
        58839040,
        58839040,
        58839040,
        58839040,
        58839040,
        58929152
      ],
      "exit_codes": [
        1,
        1,
        1,
        1,
        1,
        1,
        1,
        1,
        1,
        1
      ]
    }
  ]
}
