{
  "results": [
    {
      "command": "markdownlint-cli2",
      "mean": 4.2840639175,
      "stddev": 0.06863456646720864,
      "median": 4.2833892460000005,
      "user": 6.552444166666667,
      "system": 0.315951,
      "min": 4.18859977,
      "max": 4.363293217,
      "times": [
        4.261789305,
        4.233382464,
        4.352329562,
        4.363293217,
        4.18859977,
        4.304989187
      ],
      "memory_usage_byte": [
        373768192,
        373768192,
        378093568,
        378093568,
        378093568,
        383143936
      ],
      "exit_codes": [
        1,
        1,
        1,
        1,
        1,
        1
      ]
    }
  ]
}
