{
  "results": [
    {
      "command": "mado",
      "mean": 0.0470723165,
      "stddev": 0.0028063507004903593,
      "median": 0.045141716,
      "user": 0.07491649999999998,
      "system": 0.008919199999999999,
      "min": 0.044789079,
      "max": 0.05211935400000001,
      "times": [
        0.044942507,
        0.04513798,
        0.050396342000000004,
        0.044789079,
        0.048699884000000006,
        0.045145452,
        0.045085821000000005,
        0.05211935400000001,
        0.044909306,
        0.049497440000000004
      ],
      "memory_usage_byte": [
        33628160,
        33628160,
        33628160,
        33628160,
        33628160,
        33628160,
        33628160,
        33628160,
        33628160,
        33628160
      ],
      "exit_codes": [
        1,
        1,
        1,
        1,
        1,
        1,
        1,
        1,
        1,
        1
      ]
    },
    {
      "command": "rumdl",
      "mean": 0.1942536621,
      "stddev": 0.0030676350285326944,
      "median": 0.19295422450000002,
      "user": 0.6447615,
      "system": 0.035923699999999996,
      "min": 0.19049922600000002,
      "max": 0.19887005400000002,
      "times": [
        0.192274628,
        0.19790780400000002,
        0.192127648,
        0.192791981,
        0.19049922600000002,
        0.19887005400000002,
        0.19884647300000002,
        0.19331035800000002,
        0.19295197900000002,
        0.19295647000000002
      ],
      "memory_usage_byte": [
        51187712,
        51187712,
        51187712,
        51187712,
        51187712,
        51187712,
        51187712,
        51187712,
        51187712,
        51187712
      ],
      "exit_codes": [
        1,
        1,
        1,
        1,
        1,
        1,
        1,
        1,
        1,
        1
      ]
    },
    {
      "command": "panache",
      "mean": 0.5436239256000001,
      "stddev": 0.013863524480734631,
      "median": 0.5513336025000001,
      "user": 1.6022523999999998,
      "system": 0.0537991,
      "min": 0.521783992,
      "max": 0.554564226,
      "times": [
        0.553435949,
        0.5511062990000001,
        0.554564226,
        0.522183177,
        0.5514822020000001,
        0.551768861,
        0.5271256480000001,
        0.5511850030000001,
        0.521783992,
        0.5516038990000001
      ],
      "memory_usage_byte": [
        51187712,
        51187712,
        51187712,
        51187712,
        51187712,
        51187712,
        51187712,
        51187712,
        51187712,
        51187712
      ],
      "exit_codes": [
        0,
        0,
        0,
        0,
        0,
        0,
        0,
        0,
        0,
        0
      ]
    },
    {
      "command": "mdsmith-parity",
      "mean": 0.18877302840000004,
      "stddev": 0.0012038419119456403,
      "median": 0.1885084445,
      "user": 0.5130556,
      "system": 0.0425267,
      "min": 0.187208339,
      "max": 0.190631087,
      "times": [
        0.187208339,
        0.188541082,
        0.19038823300000002,
        0.188230434,
        0.18996599,
        0.18738653800000002,
        0.18847580700000002,
        0.190631087,
        0.18897322500000002,
        0.187929549
      ],
      "memory_usage_byte": [
        51187712,
        51187712,
        51187712,
        51187712,
        51187712,
        51187712,
        51187712,
        51187712,
        51187712,
        51187712
      ],
      "exit_codes": [
        1,
        1,
        1,
        1,
        1,
        1,
        1,
        1,
        1,
        1
      ]
    },
    {
      "command": "mdsmith",
      "mean": 0.2984116329,
      "stddev": 0.0016207892903300442,
      "median": 0.2989622115,
      "user": 0.8330781,
      "system": 0.0667825,
      "min": 0.295304418,
      "max": 0.30049632200000004,
      "times": [
        0.297776979,
        0.30049632200000004,
        0.295968169,
        0.298951876,
        0.295304418,
        0.29863146300000004,
        0.29918557,
        0.29897254700000003,
        0.29937349900000004,
        0.299455486
      ],
      "memory_usage_byte": [
        52023296,
        52023296,
        52232192,
        52232192,
        53968896,
        54259712,
        54259712,
        54259712,
        54259712,
        54259712
      ],
      "exit_codes": [
        1,
        1,
        1,
        1,
        1,
        1,
        1,
        1,
        1,
        1
      ]
    }
  ]
}
