{
  "results": [
    {
      "command": "mado",
      "mean": 0.0462984791,
      "stddev": 0.001992424468065167,
      "median": 0.0455924845,
      "user": 0.0719479,
      "system": 0.0097759,
      "min": 0.045480739000000006,
      "max": 0.051935215,
      "times": [
        0.046172402,
        0.045480739000000006,
        0.045523523,
        0.045618533,
        0.045511965,
        0.045838218,
        0.045824453,
        0.045566436,
        0.045513307,
        0.051935215
      ],
      "memory_usage_byte": [
        28938240,
        31059968,
        31059968,
        31059968,
        31059968,
        31059968,
        31059968,
        31059968,
        31059968,
        31059968
      ],
      "exit_codes": [
        1,
        1,
        1,
        1,
        1,
        1,
        1,
        1,
        1,
        1
      ]
    },
    {
      "command": "rumdl",
      "mean": 0.1907456419,
      "stddev": 0.002912517632255159,
      "median": 0.19086443000000003,
      "user": 0.6174565999999999,
      "system": 0.0382644,
      "min": 0.18678470900000002,
      "max": 0.1974943,
      "times": [
        0.191251898,
        0.191843432,
        0.190621746,
        0.19110711400000002,
        0.187546911,
        0.18999790400000002,
        0.191517722,
        0.18929068300000002,
        0.18678470900000002,
        0.1974943
      ],
      "memory_usage_byte": [
        54169600,
        54169600,
        54169600,
        54169600,
        54169600,
        54169600,
        54169600,
        54169600,
        54169600,
        54169600
      ],
      "exit_codes": [
        1,
        1,
        1,
        1,
        1,
        1,
        1,
        1,
        1,
        1
      ]
    },
    {
      "command": "panache",
      "mean": 0.5494669949000001,
      "stddev": 0.014197485327047824,
      "median": 0.549193093,
      "user": 1.5694502,
      "system": 0.06369749999999999,
      "min": 0.51662842,
      "max": 0.5717615690000001,
      "times": [
        0.549184966,
        0.544470117,
        0.5717615690000001,
        0.5637486850000001,
        0.548135715,
        0.551169009,
        0.51662842,
        0.548786722,
        0.54920122,
        0.551583526
      ],
      "memory_usage_byte": [
        54169600,
        54169600,
        54169600,
        54169600,
        54169600,
        54169600,
        54169600,
        54169600,
        54169600,
        54169600
      ],
      "exit_codes": [
        0,
        0,
        0,
        0,
        0,
        0,
        0,
        0,
        0,
        0
      ]
    },
    {
      "command": "mdsmith-parity",
      "mean": 0.16957133259999999,
      "stddev": 0.0028212584476017986,
      "median": 0.16942433,
      "user": 0.38036449999999994,
      "system": 0.0614216,
      "min": 0.164356799,
      "max": 0.17409517400000002,
      "times": [
        0.168150246,
        0.167657778,
        0.17409517400000002,
        0.16790141900000002,
        0.170074311,
        0.16955177800000001,
        0.169296882,
        0.17257031,
        0.164356799,
        0.17205862900000002
      ],
      "memory_usage_byte": [
        54169600,
        54169600,
        54169600,
        54169600,
        54169600,
        54169600,
        54169600,
        54169600,
        54169600,
        54169600
      ],
      "exit_codes": [
        1,
        1,
        1,
        1,
        1,
        1,
        1,
        1,
        1,
        1
      ]
    },
    {
      "command": "mdsmith",
      "mean": 0.2951421458,
      "stddev": 0.012566745784976489,
      "median": 0.29232027450000003,
      "user": 0.7293040999999999,
      "system": 0.0969823,
      "min": 0.284961304,
      "max": 0.330121659,
      "times": [
        0.291069052,
        0.29329436200000003,
        0.284961304,
        0.29342770900000004,
        0.330121659,
        0.293842212,
        0.29301850900000004,
        0.29162204,
        0.289622074,
        0.290442537
      ],
      "memory_usage_byte": [
        58597376,
        58597376,
        58597376,
        58597376,
        58597376,
        58597376,
        58597376,
        58597376,
        58597376,
        58597376
      ],
      "exit_codes": [
        1,
        1,
        1,
        1,
        1,
        1,
        1,
        1,
        1,
        1
      ]
    }
  ]
}
