{
  "results": [
    {
      "command": "mado",
      "mean": 0.0567702405,
      "stddev": 0.002506325573806903,
      "median": 0.055490225500000004,
      "user": 0.08836059999999998,
      "system": 0.0181816,
      "min": 0.054592084000000006,
      "max": 0.061692313000000006,
      "times": [
        0.05639559,
        0.055221464000000005,
        0.061692313000000006,
        0.058320903,
        0.054933367000000004,
        0.055325570000000004,
        0.060415908000000004,
        0.054592084000000006,
        0.055150325,
        0.055654881
      ],
      "memory_usage_byte": [
        29007872,
        29007872,
        31006720,
        31006720,
        31006720,
        31006720,
        31006720,
        31006720,
        31006720,
        31006720
      ],
      "exit_codes": [
        1,
        1,
        1,
        1,
        1,
        1,
        1,
        1,
        1,
        1
      ]
    },
    {
      "command": "rumdl",
      "mean": 0.28724914310000005,
      "stddev": 0.007863517487045443,
      "median": 0.28487233850000004,
      "user": 0.8720779999999999,
      "system": 0.06510550000000001,
      "min": 0.279185954,
      "max": 0.30538648,
      "times": [
        0.287043669,
        0.279185954,
        0.28053877,
        0.30538648,
        0.296069687,
        0.28376775000000004,
        0.285576068,
        0.284168609,
        0.287407701,
        0.283346743
      ],
      "memory_usage_byte": [
        52183040,
        54571008,
        54571008,
        54571008,
        54571008,
        54571008,
        54571008,
        54571008,
        54571008,
        54571008
      ],
      "exit_codes": [
        1,
        1,
        1,
        1,
        1,
        1,
        1,
        1,
        1,
        1
      ]
    },
    {
      "command": "panache",
      "mean": 0.5565565552,
      "stddev": 0.05351176003596785,
      "median": 0.528228863,
      "user": 1.8867912999999998,
      "system": 0.1266369,
      "min": 0.521101079,
      "max": 0.6709499130000001,
      "times": [
        0.6284710520000001,
        0.521101079,
        0.5231410470000001,
        0.523928484,
        0.531673407,
        0.584623222,
        0.6709499130000001,
        0.5221604040000001,
        0.524784319,
        0.5347326250000001
      ],
      "memory_usage_byte": [
        54571008,
        54571008,
        54571008,
        54571008,
        54571008,
        54571008,
        54571008,
        54571008,
        54571008,
        54571008
      ],
      "exit_codes": [
        0,
        0,
        0,
        0,
        0,
        0,
        0,
        0,
        0,
        0
      ]
    },
    {
      "command": "mdsmith-parity",
      "mean": 0.1646580138,
      "stddev": 0.0021284944608818295,
      "median": 0.164187621,
      "user": 0.4920178,
      "system": 0.051290999999999996,
      "min": 0.162449326,
      "max": 0.168984298,
      "times": [
        0.168984298,
        0.165238926,
        0.16453521000000002,
        0.162633789,
        0.163392946,
        0.165488896,
        0.16719055800000002,
        0.162826157,
        0.162449326,
        0.163840032
      ],
      "memory_usage_byte": [
        54571008,
        54571008,
        54571008,
        54571008,
        54571008,
        54571008,
        54571008,
        54571008,
        54571008,
        54571008
      ],
      "exit_codes": [
        1,
        1,
        1,
        1,
        1,
        1,
        1,
        1,
        1,
        1
      ]
    },
    {
      "command": "mdsmith",
      "mean": 0.5923619008000001,
      "stddev": 0.05320232798682542,
      "median": 0.5630950485,
      "user": 1.3203287,
      "system": 0.5288544999999999,
      "min": 0.5480989310000001,
      "max": 0.7148293560000001,
      "times": [
        0.5955204580000001,
        0.5605191460000001,
        0.564391406,
        0.554190661,
        0.559663876,
        0.561798691,
        0.5480989310000001,
        0.62684066,
        0.7148293560000001,
        0.6377658230000001
      ],
      "memory_usage_byte": [
        54571008,
        54571008,
        54571008,
        54571008,
        54571008,
        54571008,
        54571008,
        54571008,
        54571008,
        54571008
      ],
      "exit_codes": [
        1,
        1,
        1,
        1,
        1,
        1,
        1,
        1,
        1,
        1
      ]
    }
  ]
}
