{
  "results": [
    {
      "command": "mado",
      "mean": 0.06599810069999999,
      "stddev": 0.001758585242948183,
      "median": 0.06529245950000001,
      "user": 0.1006273,
      "system": 0.021739999999999995,
      "min": 0.064309692,
      "max": 0.068685933,
      "times": [
        0.06479284,
        0.064309692,
        0.068685933,
        0.06547109400000001,
        0.064350133,
        0.064727622,
        0.068573098,
        0.065113825,
        0.065891265,
        0.068065505
      ],
      "memory_usage_byte": [
        29069312,
        29069312,
        31010816,
        31010816,
        31010816,
        31010816,
        31010816,
        31010816,
        31010816,
        31010816
      ],
      "exit_codes": [
        1,
        1,
        1,
        1,
        1,
        1,
        1,
        1,
        1,
        1
      ]
    },
    {
      "command": "rumdl",
      "mean": 0.30656777589999995,
      "stddev": 0.02999926500336273,
      "median": 0.289815536,
      "user": 0.8334645999999999,
      "system": 0.0708226,
      "min": 0.275745264,
      "max": 0.35173596900000004,
      "times": [
        0.34811361500000004,
        0.32534259000000004,
        0.35173596900000004,
        0.335094373,
        0.28061522,
        0.288205562,
        0.275745264,
        0.281194094,
        0.290618092,
        0.28901298000000003
      ],
      "memory_usage_byte": [
        48877568,
        48930816,
        49688576,
        50184192,
        50184192,
        50184192,
        50184192,
        50184192,
        52117504,
        52117504
      ],
      "exit_codes": [
        1,
        1,
        1,
        1,
        1,
        1,
        1,
        1,
        1,
        1
      ]
    },
    {
      "command": "panache",
      "mean": 0.5519698900000001,
      "stddev": 0.052963821515835556,
      "median": 0.5213275880000001,
      "user": 1.8206945999999995,
      "system": 0.14439229999999997,
      "min": 0.5140209450000001,
      "max": 0.6296447270000001,
      "times": [
        0.6296447270000001,
        0.517049206,
        0.628697889,
        0.6272689330000001,
        0.5203419610000001,
        0.522313215,
        0.519132958,
        0.514615212,
        0.526613854,
        0.5140209450000001
      ],
      "memory_usage_byte": [
        52117504,
        52117504,
        52117504,
        52117504,
        52117504,
        52117504,
        52117504,
        52117504,
        52117504,
        52117504
      ],
      "exit_codes": [
        0,
        0,
        0,
        0,
        0,
        0,
        0,
        0,
        0,
        0
      ]
    },
    {
      "command": "mdsmith-parity",
      "mean": 0.1603070255,
      "stddev": 0.00446364687629716,
      "median": 0.1604321915,
      "user": 0.4607339,
      "system": 0.06492479999999999,
      "min": 0.15462129900000002,
      "max": 0.16889547000000002,
      "times": [
        0.16889547000000002,
        0.162105821,
        0.155153798,
        0.15803065800000002,
        0.165655762,
        0.160527896,
        0.15462129900000002,
        0.160489097,
        0.15721516800000002,
        0.160375286
      ],
      "memory_usage_byte": [
        52117504,
        52117504,
        52117504,
        52117504,
        52117504,
        52117504,
        52117504,
        52117504,
        52117504,
        52117504
      ],
      "exit_codes": [
        1,
        1,
        1,
        1,
        1,
        1,
        1,
        1,
        1,
        1
      ]
    },
    {
      "command": "mdsmith",
      "mean": 0.5545168537,
      "stddev": 0.00573016498085827,
      "median": 0.5542603100000001,
      "user": 1.2598217,
      "system": 0.5826298999999999,
      "min": 0.542852086,
      "max": 0.5622371780000001,
      "times": [
        0.5622371780000001,
        0.557186202,
        0.55324807,
        0.542852086,
        0.557323329,
        0.5492415660000001,
        0.561747553,
        0.5528119330000001,
        0.554461942,
        0.5540586780000001
      ],
      "memory_usage_byte": [
        52117504,
        52117504,
        52117504,
        52117504,
        52117504,
        52117504,
        52117504,
        52117504,
        52117504,
        52117504
      ],
      "exit_codes": [
        1,
        1,
        1,
        1,
        1,
        1,
        1,
        1,
        1,
        1
      ]
    }
  ]
}
