{
  "results": [
    {
      "command": "markdownlint-cli2",
      "mean": 4.263840156,
      "stddev": 0.09178287685699844,
      "median": 4.241475449,
      "user": 6.470981333333332,
      "system": 0.4022105,
      "min": 4.179865821,
      "max": 4.423719683,
      "times": [
        4.423719683,
        4.185409303,
        4.179865821,
        4.249302622,
        4.233648276,
        4.311095231
      ],
      "memory_usage_byte": [
        384552960,
        384552960,
        384552960,
        384552960,
        384552960,
        384552960
      ],
      "exit_codes": [
        1,
        1,
        1,
        1,
        1,
        1
      ]
    }
  ]
}
