{
  "results": [
    {
      "command": "markdownlint-cli2",
      "mean": 3.097782924,
      "stddev": 0.09227060927966615,
      "median": 3.102315156,
      "user": 4.641831166666667,
      "system": 0.316549,
      "min": 2.984096435,
      "max": 3.191912389,
      "times": [
        3.162129947,
        3.042500365,
        3.020771666,
        3.191912389,
        2.984096435,
        3.185286742
      ],
      "memory_usage_byte": [
        383700992,
        383700992,
        383700992,
        383815680,
        383815680,
        383815680
      ],
      "exit_codes": [
        1,
        1,
        1,
        1,
        1,
        1
      ]
    }
  ]
}
