{
  "results": [
    {
      "command": "markdownlint-cli2",
      "mean": 3.3263484088333333,
      "stddev": 0.08740518689935735,
      "median": 3.3610207405,
      "user": 5.064289166666666,
      "system": 0.2678635,
      "min": 3.203927297,
      "max": 3.4020561430000003,
      "times": [
        3.382101639,
        3.231574673,
        3.339939842,
        3.203927297,
        3.398490859,
        3.4020561430000003
      ],
      "memory_usage_byte": [
        366149632,
        377253888,
        377253888,
        377253888,
        377253888,
        377253888
      ],
      "exit_codes": [
        1,
        1,
        1,
        1,
        1,
        1
      ]
    }
  ]
}
