{
  "results": [
    {
      "command": "mado",
      "mean": 0.0469248142,
      "stddev": 0.0020807998523357306,
      "median": 0.0460920385,
      "user": 0.07500960000000001,
      "system": 0.007593399999999998,
      "min": 0.045354391,
      "max": 0.050849467,
      "times": [
        0.045470987000000004,
        0.050849467,
        0.046466408,
        0.046660912000000006,
        0.050737758,
        0.045913124,
        0.045686262000000005,
        0.045837880000000004,
        0.046270953000000004,
        0.045354391
      ],
      "memory_usage_byte": [
        29712384,
        29712384,
        29712384,
        29712384,
        29712384,
        29712384,
        29712384,
        29712384,
        29712384,
        29712384
      ],
      "exit_codes": [
        1,
        1,
        1,
        1,
        1,
        1,
        1,
        1,
        1,
        1
      ]
    },
    {
      "command": "rumdl",
      "mean": 0.19083517690000001,
      "stddev": 0.0018307004364792791,
      "median": 0.19051308850000004,
      "user": 0.6197528,
      "system": 0.0388287,
      "min": 0.18834778300000002,
      "max": 0.194881365,
      "times": [
        0.19042186100000003,
        0.194881365,
        0.190315901,
        0.19121573700000002,
        0.19269965500000003,
        0.18920172100000002,
        0.189935227,
        0.190728203,
        0.18834778300000002,
        0.19060431600000002
      ],
      "memory_usage_byte": [
        49025024,
        49025024,
        49025024,
        52183040,
        52183040,
        52183040,
        52183040,
        52183040,
        52183040,
        52183040
      ],
      "exit_codes": [
        1,
        1,
        1,
        1,
        1,
        1,
        1,
        1,
        1,
        1
      ]
    },
    {
      "command": "panache",
      "mean": 0.536608306,
      "stddev": 0.016755759739208894,
      "median": 0.545403586,
      "user": 1.5782487,
      "system": 0.06299479999999999,
      "min": 0.516045047,
      "max": 0.555619113,
      "times": [
        0.544755819,
        0.5491074810000001,
        0.553373113,
        0.5460513530000001,
        0.5186711070000001,
        0.547103189,
        0.518431015,
        0.516925823,
        0.555619113,
        0.516045047
      ],
      "memory_usage_byte": [
        52183040,
        52183040,
        52183040,
        52183040,
        52183040,
        52183040,
        52183040,
        52183040,
        52183040,
        52183040
      ],
      "exit_codes": [
        0,
        0,
        0,
        0,
        0,
        0,
        0,
        0,
        0,
        0
      ]
    },
    {
      "command": "mdsmith-parity",
      "mean": 0.19540017730000003,
      "stddev": 0.0020147092695043853,
      "median": 0.1952591675,
      "user": 0.4913003000000001,
      "system": 0.0596888,
      "min": 0.19255313200000002,
      "max": 0.199619976,
      "times": [
        0.19255313200000002,
        0.19428170800000003,
        0.193816767,
        0.194056368,
        0.19750420600000002,
        0.19553942400000002,
        0.199619976,
        0.19543600900000002,
        0.196111857,
        0.195082326
      ],
      "memory_usage_byte": [
        52183040,
        52183040,
        52183040,
        52183040,
        52183040,
        52183040,
        52183040,
        52183040,
        52183040,
        52183040
      ],
      "exit_codes": [
        1,
        1,
        1,
        1,
        1,
        1,
        1,
        1,
        1,
        1
      ]
    },
    {
      "command": "mdsmith",
      "mean": 0.3115975831000001,
      "stddev": 0.007253150164200121,
      "median": 0.309878248,
      "user": 0.818122,
      "system": 0.09542479999999999,
      "min": 0.30633703500000004,
      "max": 0.331457302,
      "times": [
        0.31174819200000004,
        0.306448463,
        0.310434101,
        0.309322395,
        0.30843104200000004,
        0.312018059,
        0.30633703500000004,
        0.310959093,
        0.30882014900000004,
        0.331457302
      ],
      "memory_usage_byte": [
        54153216,
        54153216,
        54153216,
        54591488,
        54591488,
        54591488,
        54591488,
        54591488,
        54591488,
        54591488
      ],
      "exit_codes": [
        1,
        1,
        1,
        1,
        1,
        1,
        1,
        1,
        1,
        1
      ]
    }
  ]
}
