{
  "results": [
    {
      "command": "mado",
      "mean": 0.0695408385,
      "stddev": 0.0038485946281851514,
      "median": 0.0675521735,
      "user": 0.111013,
      "system": 0.021451099999999994,
      "min": 0.06676662900000001,
      "max": 0.077411296,
      "times": [
        0.06708148600000001,
        0.067345468,
        0.07280819300000001,
        0.067782813,
        0.067285537,
        0.06775887900000001,
        0.074365057,
        0.077411296,
        0.066803027,
        0.06676662900000001
      ],
      "memory_usage_byte": [
        29696000,
        29696000,
        31174656,
        31174656,
        31174656,
        31174656,
        31174656,
        31174656,
        31174656,
        31174656
      ],
      "exit_codes": [
        1,
        1,
        1,
        1,
        1,
        1,
        1,
        1,
        1,
        1
      ]
    },
    {
      "command": "rumdl",
      "mean": 0.3462729982,
      "stddev": 0.005768964479831068,
      "median": 0.3453430365,
      "user": 1.0561861999999997,
      "system": 0.07976579999999998,
      "min": 0.33883065700000004,
      "max": 0.355874972,
      "times": [
        0.33883065700000004,
        0.342355624,
        0.33993841700000005,
        0.349314249,
        0.34564968,
        0.341777015,
        0.352097127,
        0.355874972,
        0.345036393,
        0.351855848
      ],
      "memory_usage_byte": [
        49328128,
        50503680,
        50503680,
        50503680,
        50503680,
        50503680,
        53444608,
        53444608,
        53444608,
        53444608
      ],
      "exit_codes": [
        1,
        1,
        1,
        1,
        1,
        1,
        1,
        1,
        1,
        1
      ]
    },
    {
      "command": "panache",
      "mean": 0.7082338146,
      "stddev": 0.07426182990352502,
      "median": 0.713939109,
      "user": 2.2186723999999995,
      "system": 0.1440138,
      "min": 0.6277088580000001,
      "max": 0.7870517380000001,
      "times": [
        0.643627171,
        0.7870517380000001,
        0.654528322,
        0.632722915,
        0.778885936,
        0.773349896,
        0.775871034,
        0.632396847,
        0.6277088580000001,
        0.776195429
      ],
      "memory_usage_byte": [
        53444608,
        53444608,
        53444608,
        53444608,
        53444608,
        53444608,
        53444608,
        53444608,
        53444608,
        53444608
      ],
      "exit_codes": [
        0,
        0,
        0,
        0,
        0,
        0,
        0,
        0,
        0,
        0
      ]
    },
    {
      "command": "gomarklint",
      "mean": 0.06257320470000001,
      "stddev": 0.010336439792666074,
      "median": 0.05596949250000001,
      "user": 0.14202370000000003,
      "system": 0.024261200000000004,
      "min": 0.053596579000000005,
      "max": 0.079856125,
      "times": [
        0.054915188000000004,
        0.054773688,
        0.053596579000000005,
        0.067539287,
        0.079856125,
        0.056944479000000006,
        0.054994506000000005,
        0.054833756000000004,
        0.07742520500000001,
        0.070853234
      ],
      "memory_usage_byte": [
        53444608,
        53444608,
        53444608,
        53444608,
        53444608,
        53444608,
        53444608,
        53444608,
        53444608,
        53444608
      ],
      "exit_codes": [
        1,
        1,
        1,
        1,
        1,
        1,
        1,
        1,
        1,
        1
      ]
    },
    {
      "command": "mdsmith-parity",
      "mean": 0.06592083750000002,
      "stddev": 0.0006607397618093184,
      "median": 0.0658795625,
      "user": 0.19926989999999997,
      "system": 0.0227484,
      "min": 0.06469364500000001,
      "max": 0.06701293900000001,
      "times": [
        0.06547199100000001,
        0.066433368,
        0.06635808800000001,
        0.065901666,
        0.066349235,
        0.06469364500000001,
        0.065306142,
        0.06701293900000001,
        0.06582384200000001,
        0.06585745900000001
      ],
      "memory_usage_byte": [
        53444608,
        53444608,
        53444608,
        53444608,
        53444608,
        53444608,
        53444608,
        53444608,
        53444608,
        53444608
      ],
      "exit_codes": [
        1,
        1,
        1,
        1,
        1,
        1,
        1,
        1,
        1,
        1
      ]
    },
    {
      "command": "mdsmith",
      "mean": 0.18861816000000003,
      "stddev": 0.0035488249318069575,
      "median": 0.1884248815,
      "user": 0.5547041000000001,
      "system": 0.059440799999999995,
      "min": 0.183631173,
      "max": 0.194021924,
      "times": [
        0.189127875,
        0.185564697,
        0.187721888,
        0.192538708,
        0.191328827,
        0.18593494800000002,
        0.18511075600000002,
        0.191200804,
        0.194021924,
        0.183631173
      ],
      "memory_usage_byte": [
        58494976,
        58494976,
        58494976,
        58494976,
        58494976,
        58494976,
        58494976,
        58494976,
        58494976,
        58494976
      ],
      "exit_codes": [
        1,
        1,
        1,
        1,
        1,
        1,
        1,
        1,
        1,
        1
      ]
    }
  ]
}
