{
  "results": [
    {
      "command": "markdownlint-cli2",
      "mean": 4.209803404833333,
      "stddev": 0.1129302364050738,
      "median": 4.152387514,
      "user": 6.3361030000000005,
      "system": 0.30900733333333336,
      "min": 4.1450896010000005,
      "max": 4.430599601,
      "times": [
        4.430599601,
        4.148957193,
        4.1450896010000005,
        4.230164958,
        4.155817835,
        4.148191241
      ],
      "memory_usage_byte": [
        393515008,
        393515008,
        393515008,
        393515008,
        393515008,
        393515008
      ],
      "exit_codes": [
        1,
        1,
        1,
        1,
        1,
        1
      ]
    }
  ]
}
