{
  "results": [
    {
      "command": "markdownlint-cli2",
      "mean": 4.4134778345,
      "stddev": 0.16921578686410113,
      "median": 4.342467877,
      "user": 6.643364499999998,
      "system": 0.33015849999999997,
      "min": 4.288373658,
      "max": 4.726159083,
      "times": [
        4.34021865,
        4.344717104,
        4.4871788420000005,
        4.726159083,
        4.29421967,
        4.288373658
      ],
      "memory_usage_byte": [
        371224576,
        371224576,
        379375616,
        379375616,
        387506176,
        387506176
      ],
      "exit_codes": [
        1,
        1,
        1,
        1,
        1,
        1
      ]
    }
  ]
}
