{
  "results": [
    {
      "command": "mado",
      "mean": 0.0483312268,
      "stddev": 0.004467863606888762,
      "median": 0.04588940500000001,
      "user": 0.07642399999999999,
      "system": 0.0092261,
      "min": 0.04533274,
      "max": 0.057141033,
      "times": [
        0.051086921,
        0.04533274,
        0.045486767000000004,
        0.045557013,
        0.046243226000000005,
        0.046164352000000006,
        0.045591976000000006,
        0.057141033,
        0.055093782,
        0.045614458000000004
      ],
      "memory_usage_byte": [
        29728768,
        29728768,
        29728768,
        31064064,
        31657984,
        31657984,
        31657984,
        31657984,
        31657984,
        31657984
      ],
      "exit_codes": [
        1,
        1,
        1,
        1,
        1,
        1,
        1,
        1,
        1,
        1
      ]
    },
    {
      "command": "rumdl",
      "mean": 0.19458935370000002,
      "stddev": 0.003030555401813526,
      "median": 0.19436319200000002,
      "user": 0.6473633999999999,
      "system": 0.0345544,
      "min": 0.190385143,
      "max": 0.20194276100000003,
      "times": [
        0.19330022700000002,
        0.195465669,
        0.20194276100000003,
        0.19230592500000002,
        0.194945002,
        0.190385143,
        0.195304318,
        0.19330417500000002,
        0.193781382,
        0.195158935
      ],
      "memory_usage_byte": [
        51482624,
        51482624,
        51482624,
        52793344,
        52793344,
        52793344,
        52793344,
        52793344,
        52793344,
        52793344
      ],
      "exit_codes": [
        1,
        1,
        1,
        1,
        1,
        1,
        1,
        1,
        1,
        1
      ]
    },
    {
      "command": "panache",
      "mean": 0.5357635774,
      "stddev": 0.015315243275320321,
      "median": 0.5262554475000001,
      "user": 1.6258126999999998,
      "system": 0.05134159999999999,
      "min": 0.521495684,
      "max": 0.556123283,
      "times": [
        0.5530108880000001,
        0.527021021,
        0.5238840880000001,
        0.549182995,
        0.5240003560000001,
        0.555091899,
        0.525489874,
        0.521495684,
        0.522335686,
        0.556123283
      ],
      "memory_usage_byte": [
        52793344,
        52793344,
        52793344,
        52793344,
        52793344,
        52793344,
        52793344,
        52793344,
        52793344,
        52793344
      ],
      "exit_codes": [
        0,
        0,
        0,
        0,
        0,
        0,
        0,
        0,
        0,
        0
      ]
    },
    {
      "command": "mdsmith-parity",
      "mean": 0.18271992350000002,
      "stddev": 0.0018424509793395867,
      "median": 0.18326465050000001,
      "user": 0.4865632,
      "system": 0.042054900000000006,
      "min": 0.179453423,
      "max": 0.18486812400000002,
      "times": [
        0.18066057600000002,
        0.179453423,
        0.18409934600000002,
        0.18408148200000002,
        0.18243468100000002,
        0.18486812400000002,
        0.184300352,
        0.18365330600000002,
        0.18077195000000001,
        0.182875995
      ],
      "memory_usage_byte": [
        52793344,
        52793344,
        52793344,
        52793344,
        52793344,
        52793344,
        52793344,
        52793344,
        52793344,
        52793344
      ],
      "exit_codes": [
        1,
        1,
        1,
        1,
        1,
        1,
        1,
        1,
        1,
        1
      ]
    },
    {
      "command": "mdsmith",
      "mean": 0.34235205669999996,
      "stddev": 0.0038597861501655562,
      "median": 0.3428731785,
      "user": 0.9873194999999999,
      "system": 0.07424220000000001,
      "min": 0.335474975,
      "max": 0.34759528,
      "times": [
        0.34271,
        0.344859069,
        0.34759528,
        0.34609178500000004,
        0.345505076,
        0.339830297,
        0.340297144,
        0.338120584,
        0.335474975,
        0.343036357
      ],
      "memory_usage_byte": [
        58191872,
        58191872,
        58191872,
        58191872,
        58191872,
        58191872,
        58191872,
        58191872,
        58191872,
        58191872
      ],
      "exit_codes": [
        1,
        1,
        1,
        1,
        1,
        1,
        1,
        1,
        1,
        1
      ]
    }
  ]
}
