{
  "results": [
    {
      "command": "markdownlint-cli2",
      "mean": 3.9664841965,
      "stddev": 0.04282737730669635,
      "median": 3.9582242360000004,
      "user": 5.947837999999998,
      "system": 0.3894873333333333,
      "min": 3.9187747550000003,
      "max": 4.041328312,
      "times": [
        3.984239485,
        3.938114155,
        3.953950749,
        3.9624977230000002,
        4.041328312,
        3.9187747550000003
      ],
      "memory_usage_byte": [
        381083648,
        390991872,
        390991872,
        390991872,
        390991872,
        390991872
      ],
      "exit_codes": [
        1,
        1,
        1,
        1,
        1,
        1
      ]
    }
  ]
}
