{
  "results": [
    {
      "command": "markdownlint-cli2",
      "mean": 3.4430146115000007,
      "stddev": 0.11956717908380103,
      "median": 3.3747441285,
      "user": 5.2572605,
      "system": 0.3917996666666666,
      "min": 3.3683073820000002,
      "max": 3.659808117,
      "times": [
        3.37669195,
        3.659808117,
        3.509366035,
        3.371117878,
        3.3683073820000002,
        3.372796307
      ],
      "memory_usage_byte": [
        368775168,
        401367040,
        401367040,
        401367040,
        401367040,
        401367040
      ],
      "exit_codes": [
        1,
        1,
        1,
        1,
        1,
        1
      ]
    }
  ]
}
