{
  "results": [
    {
      "command": "markdownlint-cli2",
      "mean": 3.173255908666667,
      "stddev": 0.12926614253270238,
      "median": 3.169787824,
      "user": 4.807934166666667,
      "system": 0.322579,
      "min": 3.036121764,
      "max": 3.316108442,
      "times": [
        3.25593761,
        3.083638038,
        3.316108442,
        3.052481748,
        3.29524785,
        3.036121764
      ],
      "memory_usage_byte": [
        391487488,
        391487488,
        391487488,
        391487488,
        391487488,
        391487488
      ],
      "exit_codes": [
        1,
        1,
        1,
        1,
        1,
        1
      ]
    }
  ]
}
