{
  "results": [
    {
      "command": "markdownlint-cli2",
      "mean": 3.8810118845,
      "stddev": 0.12813804062750742,
      "median": 3.816096944,
      "user": 5.974478666666666,
      "system": 0.3208646666666667,
      "min": 3.78534234,
      "max": 4.101435018,
      "times": [
        3.972097268,
        4.101435018,
        3.78534234,
        3.795002793,
        3.82695415,
        3.805239738
      ],
      "memory_usage_byte": [
        379375616,
        379375616,
        381296640,
        381296640,
        381296640,
        387874816
      ],
      "exit_codes": [
        1,
        1,
        1,
        1,
        1,
        1
      ]
    }
  ]
}
