{
  "results": [
    {
      "command": "mado",
      "mean": 0.0458239479,
      "stddev": 0.0033585600660230516,
      "median": 0.044425589,
      "user": 0.0684282,
      "system": 0.0167896,
      "min": 0.043598790000000005,
      "max": 0.054353702000000004,
      "times": [
        0.043598790000000005,
        0.044100161000000006,
        0.044835487,
        0.045000871000000005,
        0.044293461000000006,
        0.049020230000000005,
        0.044275839000000004,
        0.044557717000000004,
        0.054353702000000004,
        0.044203221
      ],
      "memory_usage_byte": [
        29667328,
        31006720,
        31006720,
        31006720,
        31006720,
        31006720,
        31006720,
        31006720,
        31006720,
        31006720
      ],
      "exit_codes": [
        1,
        1,
        1,
        1,
        1,
        1,
        1,
        1,
        1,
        1
      ]
    },
    {
      "command": "rumdl",
      "mean": 0.2236936387,
      "stddev": 0.0062940607981018274,
      "median": 0.22096930800000003,
      "user": 0.6630128,
      "system": 0.052444899999999996,
      "min": 0.21777558500000002,
      "max": 0.235523265,
      "times": [
        0.21917159400000003,
        0.23430077200000002,
        0.21777558500000002,
        0.21925371800000001,
        0.22452648100000003,
        0.22017294,
        0.22040748500000001,
        0.224273416,
        0.22153113100000002,
        0.235523265
      ],
      "memory_usage_byte": [
        52490240,
        52490240,
        52490240,
        52490240,
        52490240,
        52490240,
        52490240,
        52490240,
        52490240,
        52490240
      ],
      "exit_codes": [
        1,
        1,
        1,
        1,
        1,
        1,
        1,
        1,
        1,
        1
      ]
    },
    {
      "command": "panache",
      "mean": 0.40927980230000005,
      "stddev": 0.0033785122979879444,
      "median": 0.407637269,
      "user": 1.4717224999999996,
      "system": 0.10289149999999998,
      "min": 0.40648723600000003,
      "max": 0.414937333,
      "times": [
        0.407356918,
        0.40791762000000004,
        0.40713103500000003,
        0.41409651900000005,
        0.40715369700000004,
        0.414937333,
        0.40648723600000003,
        0.40651868900000004,
        0.413238127,
        0.407960849
      ],
      "memory_usage_byte": [
        52490240,
        52490240,
        52490240,
        52490240,
        52490240,
        52490240,
        52490240,
        52490240,
        52490240,
        52490240
      ],
      "exit_codes": [
        0,
        0,
        0,
        0,
        0,
        0,
        0,
        0,
        0,
        0
      ]
    },
    {
      "command": "mdsmith-parity",
      "mean": 0.11512680519999999,
      "stddev": 0.0011140360330974563,
      "median": 0.11534856200000002,
      "user": 0.34027290000000004,
      "system": 0.041929499999999995,
      "min": 0.113487605,
      "max": 0.11693220500000001,
      "times": [
        0.11693220500000001,
        0.11622106300000001,
        0.113705026,
        0.11552885,
        0.115373231,
        0.11532389300000001,
        0.115520985,
        0.113487605,
        0.113878264,
        0.11529693
      ],
      "memory_usage_byte": [
        52490240,
        52490240,
        52490240,
        52490240,
        52490240,
        52490240,
        52490240,
        52490240,
        52490240,
        52490240
      ],
      "exit_codes": [
        1,
        1,
        1,
        1,
        1,
        1,
        1,
        1,
        1,
        1
      ]
    },
    {
      "command": "mdsmith",
      "mean": 0.5165969977,
      "stddev": 0.01450316290886031,
      "median": 0.516937602,
      "user": 1.2056502,
      "system": 0.4941171,
      "min": 0.498452893,
      "max": 0.545831925,
      "times": [
        0.519213546,
        0.498452893,
        0.513385061,
        0.520695447,
        0.516401464,
        0.503170148,
        0.51747374,
        0.531364128,
        0.545831925,
        0.49998162500000004
      ],
      "memory_usage_byte": [
        52490240,
        52490240,
        52490240,
        52490240,
        52490240,
        52490240,
        52490240,
        52490240,
        52490240,
        52490240
      ],
      "exit_codes": [
        1,
        1,
        1,
        1,
        1,
        1,
        1,
        1,
        1,
        1
      ]
    }
  ]
}
