{
  "results": [
    {
      "command": "markdownlint-cli2",
      "mean": 3.139578853,
      "stddev": 0.07291244387350959,
      "median": 3.1762556435000002,
      "user": 4.847701833333334,
      "system": 0.22551200000000002,
      "min": 3.02895453,
      "max": 3.196243103,
      "times": [
        3.065726716,
        3.172917234,
        3.196243103,
        3.194037482,
        3.02895453,
        3.179594053
      ],
      "memory_usage_byte": [
        367923200,
        377311232,
        388591616,
        395362304,
        395362304,
        395362304
      ],
      "exit_codes": [
        1,
        1,
        1,
        1,
        1,
        1
      ]
    }
  ]
}
