{
  "results": [
    {
      "command": "markdownlint-cli2",
      "mean": 3.9781662976666663,
      "stddev": 0.11238952595192682,
      "median": 3.978960348,
      "user": 6.021769333333332,
      "system": 0.30260566666666666,
      "min": 3.790226347,
      "max": 4.13873585,
      "times": [
        4.13873585,
        4.020200208,
        3.982184938,
        3.790226347,
        3.961914685,
        3.975735758
      ],
      "memory_usage_byte": [
        393441280,
        393441280,
        393441280,
        393441280,
        393441280,
        393441280
      ],
      "exit_codes": [
        1,
        1,
        1,
        1,
        1,
        1
      ]
    }
  ]
}
