{
  "results": [
    {
      "command": "mado",
      "mean": 0.0468995752,
      "stddev": 0.002613659560435555,
      "median": 0.045805280000000004,
      "user": 0.07453329999999998,
      "system": 0.0082833,
      "min": 0.045193824,
      "max": 0.052058037,
      "times": [
        0.045521187000000005,
        0.046154632,
        0.045674728000000005,
        0.051588539,
        0.045193824,
        0.045376099,
        0.052058037,
        0.045935832,
        0.045510992,
        0.045981882
      ],
      "memory_usage_byte": [
        28831744,
        29446144,
        29446144,
        29446144,
        29446144,
        29446144,
        30990336,
        30990336,
        30990336,
        30990336
      ],
      "exit_codes": [
        1,
        1,
        1,
        1,
        1,
        1,
        1,
        1,
        1,
        1
      ]
    },
    {
      "command": "rumdl",
      "mean": 0.19153398270000002,
      "stddev": 0.001695530187346924,
      "median": 0.191341688,
      "user": 0.6216862999999999,
      "system": 0.040603499999999994,
      "min": 0.188322189,
      "max": 0.19430967000000002,
      "times": [
        0.19430967000000002,
        0.190948907,
        0.19265114100000003,
        0.190833112,
        0.191148587,
        0.188322189,
        0.191534789,
        0.193078184,
        0.19001468500000002,
        0.192498563
      ],
      "memory_usage_byte": [
        52043776,
        52043776,
        52043776,
        52043776,
        52043776,
        52043776,
        52043776,
        52043776,
        52043776,
        52043776
      ],
      "exit_codes": [
        1,
        1,
        1,
        1,
        1,
        1,
        1,
        1,
        1,
        1
      ]
    },
    {
      "command": "panache",
      "mean": 0.5410618222999999,
      "stddev": 0.018249448824529238,
      "median": 0.5497323350000001,
      "user": 1.5758387999999997,
      "system": 0.06300359999999999,
      "min": 0.51463393,
      "max": 0.5624257140000001,
      "times": [
        0.550380286,
        0.51463393,
        0.555401331,
        0.5165235770000001,
        0.550936259,
        0.5458140960000001,
        0.54935382,
        0.51503836,
        0.55011085,
        0.5624257140000001
      ],
      "memory_usage_byte": [
        52043776,
        52043776,
        52043776,
        52043776,
        52043776,
        52043776,
        52043776,
        52043776,
        52043776,
        52043776
      ],
      "exit_codes": [
        0,
        0,
        0,
        0,
        0,
        0,
        0,
        0,
        0,
        0
      ]
    },
    {
      "command": "mdsmith-parity",
      "mean": 0.20285722690000005,
      "stddev": 0.004024130173765521,
      "median": 0.20202721750000002,
      "user": 0.5088334999999999,
      "system": 0.06415509999999999,
      "min": 0.19810690900000003,
      "max": 0.21147986000000002,
      "times": [
        0.199438216,
        0.202590443,
        0.19810690900000003,
        0.200091824,
        0.203748268,
        0.20710888600000002,
        0.21147986000000002,
        0.20028168000000002,
        0.201463992,
        0.204262191
      ],
      "memory_usage_byte": [
        52043776,
        52043776,
        52043776,
        52043776,
        52043776,
        52043776,
        52043776,
        52043776,
        52043776,
        52043776
      ],
      "exit_codes": [
        1,
        1,
        1,
        1,
        1,
        1,
        1,
        1,
        1,
        1
      ]
    },
    {
      "command": "mdsmith",
      "mean": 0.33906757719999997,
      "stddev": 0.0023148936650169236,
      "median": 0.33995084900000005,
      "user": 0.9184365,
      "system": 0.09971619999999999,
      "min": 0.33466370900000003,
      "max": 0.341647074,
      "times": [
        0.336856472,
        0.33989926600000003,
        0.341647074,
        0.337275062,
        0.33760386800000003,
        0.340002432,
        0.340549727,
        0.34106894800000004,
        0.341109214,
        0.33466370900000003
      ],
      "memory_usage_byte": [
        52965376,
        54591488,
        54591488,
        54591488,
        54591488,
        54743040,
        54743040,
        54743040,
        54743040,
        54743040
      ],
      "exit_codes": [
        1,
        1,
        1,
        1,
        1,
        1,
        1,
        1,
        1,
        1
      ]
    }
  ]
}
