{
  "results": [
    {
      "command": "mado",
      "mean": 0.0479901145,
      "stddev": 0.0037519556538013685,
      "median": 0.046073511500000004,
      "user": 0.0768732,
      "system": 0.008157500000000002,
      "min": 0.045514879,
      "max": 0.056652207,
      "times": [
        0.050685939000000006,
        0.045651176,
        0.046508801,
        0.046285080000000006,
        0.045514879,
        0.056652207,
        0.045861943,
        0.051464967,
        0.045518726,
        0.045757427
      ],
      "memory_usage_byte": [
        31879168,
        31879168,
        31879168,
        35663872,
        35663872,
        35663872,
        35663872,
        35663872,
        35663872,
        35663872
      ],
      "exit_codes": [
        1,
        1,
        1,
        1,
        1,
        1,
        1,
        1,
        1,
        1
      ]
    },
    {
      "command": "rumdl",
      "mean": 0.19404085769999999,
      "stddev": 0.002544100726322454,
      "median": 0.193584219,
      "user": 0.6501636000000002,
      "system": 0.0319866,
      "min": 0.19063422800000002,
      "max": 0.200016249,
      "times": [
        0.191770338,
        0.19352481200000002,
        0.192766965,
        0.19063422800000002,
        0.193643626,
        0.19306721000000002,
        0.195179088,
        0.194835174,
        0.194970887,
        0.200016249
      ],
      "memory_usage_byte": [
        52416512,
        52416512,
        52416512,
        52416512,
        52416512,
        52416512,
        52416512,
        52416512,
        52416512,
        52416512
      ],
      "exit_codes": [
        1,
        1,
        1,
        1,
        1,
        1,
        1,
        1,
        1,
        1
      ]
    },
    {
      "command": "panache",
      "mean": 0.5371570842000001,
      "stddev": 0.005695829786705444,
      "median": 0.539294947,
      "user": 1.6347434999999997,
      "system": 0.050618399999999994,
      "min": 0.528191936,
      "max": 0.5437889020000001,
      "times": [
        0.539747018,
        0.528570619,
        0.528191936,
        0.5437889020000001,
        0.538842876,
        0.531304027,
        0.542176065,
        0.5409994690000001,
        0.540303238,
        0.537646692
      ],
      "memory_usage_byte": [
        52416512,
        52416512,
        52416512,
        52416512,
        52416512,
        52416512,
        52416512,
        52416512,
        52416512,
        52416512
      ],
      "exit_codes": [
        0,
        0,
        0,
        0,
        0,
        0,
        0,
        0,
        0,
        0
      ]
    },
    {
      "command": "mdsmith-parity",
      "mean": 0.16348827040000002,
      "stddev": 0.0026611701613205216,
      "median": 0.163942038,
      "user": 0.3981393,
      "system": 0.04448799999999999,
      "min": 0.159216773,
      "max": 0.167307912,
      "times": [
        0.16221137300000002,
        0.16106425300000002,
        0.160528353,
        0.166375086,
        0.163826475,
        0.167307912,
        0.16472569,
        0.159216773,
        0.164057601,
        0.165569188
      ],
      "memory_usage_byte": [
        52416512,
        52416512,
        52416512,
        52416512,
        52416512,
        52416512,
        52416512,
        52416512,
        52416512,
        52416512
      ],
      "exit_codes": [
        1,
        1,
        1,
        1,
        1,
        1,
        1,
        1,
        1,
        1
      ]
    },
    {
      "command": "mdsmith",
      "mean": 0.2831280598,
      "stddev": 0.002760906929848198,
      "median": 0.28318873,
      "user": 0.7333010999999999,
      "system": 0.0782419,
      "min": 0.278717253,
      "max": 0.28674776500000004,
      "times": [
        0.284423415,
        0.283086196,
        0.286568629,
        0.28674776500000004,
        0.28577133600000004,
        0.28147104100000003,
        0.28329126400000004,
        0.280656778,
        0.278717253,
        0.280546921
      ],
      "memory_usage_byte": [
        61210624,
        61210624,
        61210624,
        61231104,
        61231104,
        61231104,
        61231104,
        61231104,
        61231104,
        61231104
      ],
      "exit_codes": [
        1,
        1,
        1,
        1,
        1,
        1,
        1,
        1,
        1,
        1
      ]
    }
  ]
}
