{
  "results": [
    {
      "command": "markdownlint-cli2",
      "mean": 3.0419755538333333,
      "stddev": 0.04748613180516574,
      "median": 3.0438579995,
      "user": 4.561186,
      "system": 0.2561816666666667,
      "min": 2.992636631,
      "max": 3.101957992,
      "times": [
        3.101957992,
        2.992636631,
        3.074919879,
        2.994622822,
        3.074742821,
        3.012973178
      ],
      "memory_usage_byte": [
        395821056,
        395821056,
        395821056,
        395821056,
        395821056,
        395821056
      ],
      "exit_codes": [
        1,
        1,
        1,
        1,
        1,
        1
      ]
    }
  ]
}
