{
  "results": [
    {
      "command": "mado",
      "mean": 0.0479650624,
      "stddev": 0.0031801273760388286,
      "median": 0.0477130575,
      "user": 0.0760313,
      "system": 0.0089889,
      "min": 0.044712567,
      "max": 0.051729276000000005,
      "times": [
        0.049884408000000005,
        0.050786015000000004,
        0.045029387000000004,
        0.044935212,
        0.045541707,
        0.051109049000000004,
        0.051729276000000005,
        0.044715451,
        0.051207552,
        0.044712567
      ],
      "memory_usage_byte": [
        31285248,
        31285248,
        31285248,
        31285248,
        31285248,
        31285248,
        31285248,
        31285248,
        31285248,
        31285248
      ],
      "exit_codes": [
        1,
        1,
        1,
        1,
        1,
        1,
        1,
        1,
        1,
        1
      ]
    },
    {
      "command": "rumdl",
      "mean": 0.1989355529,
      "stddev": 0.013844118726095776,
      "median": 0.195299489,
      "user": 0.642065,
      "system": 0.0376908,
      "min": 0.19197569,
      "max": 0.238015569,
      "times": [
        0.196412056,
        0.19197569,
        0.192724097,
        0.238015569,
        0.195549572,
        0.196313762,
        0.195049406,
        0.196908895,
        0.192484873,
        0.19392160900000002
      ],
      "memory_usage_byte": [
        50388992,
        50388992,
        50388992,
        50388992,
        50388992,
        50388992,
        50388992,
        50388992,
        50388992,
        50388992
      ],
      "exit_codes": [
        1,
        1,
        1,
        1,
        1,
        1,
        1,
        1,
        1,
        1
      ]
    },
    {
      "command": "panache",
      "mean": 0.5362812738,
      "stddev": 0.010030867354858352,
      "median": 0.5400804925,
      "user": 1.6318846999999999,
      "system": 0.05209509999999999,
      "min": 0.522390763,
      "max": 0.549992299,
      "times": [
        0.522826757,
        0.5373515790000001,
        0.5463135640000001,
        0.540005532,
        0.522390763,
        0.5229205140000001,
        0.549992299,
        0.5403108040000001,
        0.540545473,
        0.540155453
      ],
      "memory_usage_byte": [
        50388992,
        50388992,
        50388992,
        50388992,
        50388992,
        50388992,
        50388992,
        50388992,
        50388992,
        50388992
      ],
      "exit_codes": [
        0,
        0,
        0,
        0,
        0,
        0,
        0,
        0,
        0,
        0
      ]
    },
    {
      "command": "mdsmith-parity",
      "mean": 0.1661117544,
      "stddev": 0.004891425189557204,
      "median": 0.1647794455,
      "user": 0.39619480000000007,
      "system": 0.0453243,
      "min": 0.160933357,
      "max": 0.17852415800000002,
      "times": [
        0.16376541900000002,
        0.164109152,
        0.160933357,
        0.16249396100000002,
        0.16479305,
        0.17852415800000002,
        0.16745045,
        0.165660355,
        0.16476584100000002,
        0.16862180100000002
      ],
      "memory_usage_byte": [
        50388992,
        50388992,
        50388992,
        50388992,
        50388992,
        50388992,
        50388992,
        50388992,
        50388992,
        50388992
      ],
      "exit_codes": [
        1,
        1,
        1,
        1,
        1,
        1,
        1,
        1,
        1,
        1
      ]
    },
    {
      "command": "mdsmith",
      "mean": 0.2862028351,
      "stddev": 0.0018737922295617225,
      "median": 0.2860004675,
      "user": 0.7278576999999999,
      "system": 0.0792688,
      "min": 0.282980469,
      "max": 0.289438115,
      "times": [
        0.28692943400000004,
        0.28558958,
        0.285245381,
        0.285273959,
        0.282980469,
        0.28456314,
        0.28745094800000004,
        0.28814597000000003,
        0.28641135500000003,
        0.289438115
      ],
      "memory_usage_byte": [
        56365056,
        56692736,
        56692736,
        56692736,
        56692736,
        56692736,
        56692736,
        58322944,
        58322944,
        58322944
      ],
      "exit_codes": [
        1,
        1,
        1,
        1,
        1,
        1,
        1,
        1,
        1,
        1
      ]
    }
  ]
}
