{
  "results": [
    {
      "command": "mado",
      "mean": 0.04403510149999999,
      "stddev": 0.0018353741079883562,
      "median": 0.0433126345,
      "user": 0.0657991,
      "system": 0.0151781,
      "min": 0.042433570000000004,
      "max": 0.048182897,
      "times": [
        0.046554784,
        0.043058584000000004,
        0.043344327,
        0.043667622,
        0.043280942,
        0.043742925,
        0.042972829000000004,
        0.043112535,
        0.042433570000000004,
        0.048182897
      ],
      "memory_usage_byte": [
        29114368,
        35364864,
        35364864,
        35364864,
        35364864,
        35364864,
        35364864,
        35364864,
        35364864,
        35364864
      ],
      "exit_codes": [
        1,
        1,
        1,
        1,
        1,
        1,
        1,
        1,
        1,
        1
      ]
    },
    {
      "command": "rumdl",
      "mean": 0.21389465420000003,
      "stddev": 0.006173308505146738,
      "median": 0.21100368600000002,
      "user": 0.6264510999999999,
      "system": 0.0522702,
      "min": 0.207357224,
      "max": 0.22336298000000002,
      "times": [
        0.21518157400000001,
        0.221579834,
        0.208643233,
        0.207357224,
        0.21098138600000002,
        0.22336298000000002,
        0.209742012,
        0.22197645900000001,
        0.20909585400000003,
        0.21102598600000003
      ],
      "memory_usage_byte": [
        52494336,
        52494336,
        52494336,
        52494336,
        52494336,
        52637696,
        52637696,
        52637696,
        52637696,
        52637696
      ],
      "exit_codes": [
        1,
        1,
        1,
        1,
        1,
        1,
        1,
        1,
        1,
        1
      ]
    },
    {
      "command": "panache",
      "mean": 0.41612811909999997,
      "stddev": 0.039916383912221756,
      "median": 0.3929218145,
      "user": 1.3808040000000001,
      "system": 0.1052101,
      "min": 0.388607949,
      "max": 0.47563896400000005,
      "times": [
        0.38963530100000004,
        0.47563896400000005,
        0.395308241,
        0.472449826,
        0.38953311500000004,
        0.395649497,
        0.473497237,
        0.39053538800000004,
        0.388607949,
        0.39042567300000003
      ],
      "memory_usage_byte": [
        52637696,
        52637696,
        52637696,
        52637696,
        52637696,
        52637696,
        52637696,
        52637696,
        52637696,
        52637696
      ],
      "exit_codes": [
        0,
        0,
        0,
        0,
        0,
        0,
        0,
        0,
        0,
        0
      ]
    },
    {
      "command": "mdsmith-parity",
      "mean": 0.12289110730000001,
      "stddev": 0.0021809575565401476,
      "median": 0.1229526115,
      "user": 0.3480586,
      "system": 0.04885909999999999,
      "min": 0.12027548800000001,
      "max": 0.127723143,
      "times": [
        0.127723143,
        0.121591559,
        0.12344204700000001,
        0.122756944,
        0.12027548800000001,
        0.12078496700000001,
        0.12353664500000001,
        0.12451147200000001,
        0.12314827900000001,
        0.12114052900000001
      ],
      "memory_usage_byte": [
        52637696,
        52637696,
        52637696,
        52637696,
        52637696,
        52637696,
        52637696,
        52637696,
        52637696,
        52637696
      ],
      "exit_codes": [
        1,
        1,
        1,
        1,
        1,
        1,
        1,
        1,
        1,
        1
      ]
    },
    {
      "command": "mdsmith",
      "mean": 0.41445058030000004,
      "stddev": 0.003739389546587733,
      "median": 0.41499214900000003,
      "user": 0.9365007999999999,
      "system": 0.4357481999999999,
      "min": 0.406272864,
      "max": 0.41906770600000004,
      "times": [
        0.416858581,
        0.41388610000000003,
        0.412117736,
        0.41218171200000003,
        0.41346911000000003,
        0.41906770600000004,
        0.41808104700000004,
        0.41609819800000003,
        0.406272864,
        0.41647274900000003
      ],
      "memory_usage_byte": [
        52637696,
        52637696,
        52637696,
        52637696,
        52637696,
        52637696,
        52637696,
        52637696,
        52637696,
        52637696
      ],
      "exit_codes": [
        1,
        1,
        1,
        1,
        1,
        1,
        1,
        1,
        1,
        1
      ]
    }
  ]
}
