{
  "results": [
    {
      "command": "mado",
      "mean": 0.053472697400000005,
      "stddev": 0.004068830537371208,
      "median": 0.054159648500000004,
      "user": 0.08160019999999998,
      "system": 0.018914499999999997,
      "min": 0.048539823,
      "max": 0.059631189,
      "times": [
        0.050028104000000004,
        0.049087627,
        0.053978234,
        0.059631189,
        0.054341063,
        0.048539823,
        0.049090152000000005,
        0.05843219,
        0.055849712,
        0.05574888
      ],
      "memory_usage_byte": [
        31068160,
        31068160,
        31068160,
        31068160,
        31068160,
        31068160,
        31068160,
        31068160,
        31068160,
        31068160
      ],
      "exit_codes": [
        1,
        1,
        1,
        1,
        1,
        1,
        1,
        1,
        1,
        1
      ]
    },
    {
      "command": "rumdl",
      "mean": 0.24840445279999995,
      "stddev": 0.01954192522398729,
      "median": 0.241994692,
      "user": 0.7189658,
      "system": 0.06225709999999999,
      "min": 0.23482640500000002,
      "max": 0.300665181,
      "times": [
        0.23979751800000002,
        0.247956317,
        0.244191866,
        0.300665181,
        0.25696704600000003,
        0.238310191,
        0.23482640500000002,
        0.24687265300000003,
        0.23621528800000002,
        0.238242063
      ],
      "memory_usage_byte": [
        51580928,
        51580928,
        52088832,
        52088832,
        52088832,
        52088832,
        52088832,
        52088832,
        52088832,
        52088832
      ],
      "exit_codes": [
        1,
        1,
        1,
        1,
        1,
        1,
        1,
        1,
        1,
        1
      ]
    },
    {
      "command": "panache",
      "mean": 0.44882833410000006,
      "stddev": 0.005151678156746471,
      "median": 0.4474817685,
      "user": 1.613889,
      "system": 0.12170670000000001,
      "min": 0.44560332100000005,
      "max": 0.463327645,
      "times": [
        0.44803791800000003,
        0.447485336,
        0.44665206,
        0.44787154700000004,
        0.447280434,
        0.463327645,
        0.447478201,
        0.44801273100000005,
        0.44560332100000005,
        0.446534148
      ],
      "memory_usage_byte": [
        52088832,
        52088832,
        52088832,
        52088832,
        52088832,
        52088832,
        52088832,
        52088832,
        52088832,
        52088832
      ],
      "exit_codes": [
        0,
        0,
        0,
        0,
        0,
        0,
        0,
        0,
        0,
        0
      ]
    },
    {
      "command": "mdsmith-parity",
      "mean": 0.1399228965,
      "stddev": 0.0013839078924691847,
      "median": 0.14037842500000003,
      "user": 0.42366390000000004,
      "system": 0.04244289999999999,
      "min": 0.137590605,
      "max": 0.14157403000000002,
      "times": [
        0.14048122300000002,
        0.137590605,
        0.140275627,
        0.140687014,
        0.14157403000000002,
        0.13908368200000001,
        0.141456151,
        0.13830145200000002,
        0.140976906,
        0.138802275
      ],
      "memory_usage_byte": [
        52088832,
        52088832,
        52088832,
        52088832,
        52088832,
        52088832,
        52088832,
        52088832,
        52088832,
        52088832
      ],
      "exit_codes": [
        1,
        1,
        1,
        1,
        1,
        1,
        1,
        1,
        1,
        1
      ]
    },
    {
      "command": "mdsmith",
      "mean": 0.4606608945,
      "stddev": 0.01566210728325731,
      "median": 0.45635012250000007,
      "user": 1.0899587999999998,
      "system": 0.5077725,
      "min": 0.447711197,
      "max": 0.502516998,
      "times": [
        0.502516998,
        0.45100898,
        0.45178234500000003,
        0.46644191900000004,
        0.457764382,
        0.461404435,
        0.458350183,
        0.45493586300000005,
        0.447711197,
        0.454692643
      ],
      "memory_usage_byte": [
        52088832,
        52088832,
        52088832,
        52088832,
        52088832,
        52088832,
        52088832,
        52088832,
        52088832,
        52088832
      ],
      "exit_codes": [
        1,
        1,
        1,
        1,
        1,
        1,
        1,
        1,
        1,
        1
      ]
    }
  ]
}
