{
  "results": [
    {
      "command": "markdownlint-cli2",
      "mean": 3.807856591166667,
      "stddev": 0.039462696668142394,
      "median": 3.8045132610000003,
      "user": 5.923877,
      "system": 0.30060933333333334,
      "min": 3.763471256,
      "max": 3.871231473,
      "times": [
        3.820463697,
        3.763471256,
        3.871231473,
        3.8261307440000003,
        3.788562825,
        3.777279552
      ],
      "memory_usage_byte": [
        385593344,
        385593344,
        385593344,
        385593344,
        386617344,
        386617344
      ],
      "exit_codes": [
        1,
        1,
        1,
        1,
        1,
        1
      ]
    }
  ]
}
