{
  "results": [
    {
      "command": "markdownlint-cli2",
      "mean": 3.0083221388333334,
      "stddev": 0.02816685514196526,
      "median": 3.015232395,
      "user": 4.466368666666667,
      "system": 0.31392899999999996,
      "min": 2.954675023,
      "max": 3.03195274,
      "times": [
        3.006515883,
        3.02256701,
        3.03195274,
        3.026324397,
        2.954675023,
        3.00789778
      ],
      "memory_usage_byte": [
        387624960,
        387624960,
        389402624,
        389402624,
        389402624,
        389402624
      ],
      "exit_codes": [
        1,
        1,
        1,
        1,
        1,
        1
      ]
    }
  ]
}
