{
  "results": [
    {
      "command": "mado",
      "mean": 0.0488303365,
      "stddev": 0.004235585538546819,
      "median": 0.0477584095,
      "user": 0.0739394,
      "system": 0.009502899999999998,
      "min": 0.043659363,
      "max": 0.056747610000000004,
      "times": [
        0.04671546,
        0.048500656,
        0.046740366000000005,
        0.054621013,
        0.050998976,
        0.049108767000000005,
        0.047016163,
        0.056747610000000004,
        0.044194991,
        0.043659363
      ],
      "memory_usage_byte": [
        29929472,
        33918976,
        33918976,
        33918976,
        33918976,
        33918976,
        33918976,
        33918976,
        33918976,
        33918976
      ],
      "exit_codes": [
        1,
        1,
        1,
        1,
        1,
        1,
        1,
        1,
        1,
        1
      ]
    },
    {
      "command": "rumdl",
      "mean": 0.20382493450000005,
      "stddev": 0.0025942368249205015,
      "median": 0.203484142,
      "user": 0.7059763,
      "system": 0.024893599999999995,
      "min": 0.199930497,
      "max": 0.207406578,
      "times": [
        0.20600467400000003,
        0.207406578,
        0.20232728200000002,
        0.205625319,
        0.20694258000000001,
        0.202749529,
        0.20092942700000002,
        0.202114704,
        0.204218755,
        0.199930497
      ],
      "memory_usage_byte": [
        50069504,
        50069504,
        50069504,
        50069504,
        51146752,
        51146752,
        51146752,
        51146752,
        51146752,
        51146752
      ],
      "exit_codes": [
        1,
        1,
        1,
        1,
        1,
        1,
        1,
        1,
        1,
        1
      ]
    },
    {
      "command": "panache",
      "mean": 0.5456438140000001,
      "stddev": 0.013944488623406609,
      "median": 0.5524714725,
      "user": 1.666294,
      "system": 0.0373584,
      "min": 0.52364162,
      "max": 0.5583969630000001,
      "times": [
        0.555461455,
        0.55335223,
        0.5501734380000001,
        0.52364162,
        0.555068902,
        0.551590715,
        0.5583969630000001,
        0.5551759430000001,
        0.526130262,
        0.527446612
      ],
      "memory_usage_byte": [
        51146752,
        51146752,
        51146752,
        51146752,
        51146752,
        51146752,
        51146752,
        51146752,
        51146752,
        51146752
      ],
      "exit_codes": [
        0,
        0,
        0,
        0,
        0,
        0,
        0,
        0,
        0,
        0
      ]
    },
    {
      "command": "mdsmith-parity",
      "mean": 0.1794850178,
      "stddev": 0.004154896272549553,
      "median": 0.17805935950000001,
      "user": 0.5318086,
      "system": 0.0314807,
      "min": 0.176417483,
      "max": 0.189399008,
      "times": [
        0.176578741,
        0.176417483,
        0.177654691,
        0.17678897200000002,
        0.18000317700000001,
        0.178544648,
        0.189399008,
        0.183989118,
        0.17846402800000002,
        0.177010312
      ],
      "memory_usage_byte": [
        51146752,
        51146752,
        51146752,
        51146752,
        51146752,
        51146752,
        51146752,
        51146752,
        51146752,
        51146752
      ],
      "exit_codes": [
        1,
        1,
        1,
        1,
        1,
        1,
        1,
        1,
        1,
        1
      ]
    },
    {
      "command": "mdsmith",
      "mean": 0.282998138,
      "stddev": 0.003832524788615676,
      "median": 0.2818543925,
      "user": 0.8420460999999999,
      "system": 0.053889,
      "min": 0.278383088,
      "max": 0.29090185100000004,
      "times": [
        0.281440952,
        0.284567411,
        0.279097818,
        0.278383088,
        0.28744479500000003,
        0.28194319500000004,
        0.28176559,
        0.283752273,
        0.280684407,
        0.29090185100000004
      ],
      "memory_usage_byte": [
        54038528,
        54038528,
        54038528,
        54038528,
        54038528,
        54038528,
        54038528,
        54038528,
        54038528,
        54038528
      ],
      "exit_codes": [
        1,
        1,
        1,
        1,
        1,
        1,
        1,
        1,
        1,
        1
      ]
    }
  ]
}
