{
  "results": [
    {
      "command": "mado",
      "mean": 0.0476640106,
      "stddev": 0.000442026125039685,
      "median": 0.0476215035,
      "user": 0.07327549999999998,
      "system": 0.013524100000000002,
      "min": 0.047115529,
      "max": 0.048734666,
      "times": [
        0.047486017000000005,
        0.047657177,
        0.047610903,
        0.047632104,
        0.047377600000000006,
        0.048734666,
        0.047115529,
        0.047892944,
        0.047813925,
        0.047319241000000005
      ],
      "memory_usage_byte": [
        28930048,
        28930048,
        28930048,
        28930048,
        28930048,
        31162368,
        31162368,
        31162368,
        31162368,
        31162368
      ],
      "exit_codes": [
        1,
        1,
        1,
        1,
        1,
        1,
        1,
        1,
        1,
        1
      ]
    },
    {
      "command": "rumdl",
      "mean": 0.26667349690000003,
      "stddev": 0.003180064028621801,
      "median": 0.2658417475,
      "user": 0.8642096,
      "system": 0.0397836,
      "min": 0.26090788800000003,
      "max": 0.27245088500000003,
      "times": [
        0.264687502,
        0.265949425,
        0.26573407,
        0.26547186500000003,
        0.270054296,
        0.265698778,
        0.26090788800000003,
        0.27245088500000003,
        0.268953059,
        0.266827201
      ],
      "memory_usage_byte": [
        51871744,
        51871744,
        52269056,
        52269056,
        52498432,
        52498432,
        52498432,
        52498432,
        52498432,
        52498432
      ],
      "exit_codes": [
        1,
        1,
        1,
        1,
        1,
        1,
        1,
        1,
        1,
        1
      ]
    },
    {
      "command": "panache",
      "mean": 0.520444856,
      "stddev": 0.0691673783362933,
      "median": 0.48884565300000005,
      "user": 1.7995781999999998,
      "system": 0.08145019999999999,
      "min": 0.48235921600000004,
      "max": 0.651987791,
      "times": [
        0.48485591000000006,
        0.651067407,
        0.651987791,
        0.48937099600000006,
        0.48832031000000004,
        0.484855668,
        0.48699693800000005,
        0.49443769400000004,
        0.49019663,
        0.48235921600000004
      ],
      "memory_usage_byte": [
        52498432,
        52498432,
        52498432,
        52498432,
        52498432,
        52498432,
        52498432,
        52498432,
        52498432,
        52498432
      ],
      "exit_codes": [
        0,
        0,
        0,
        0,
        0,
        0,
        0,
        0,
        0,
        0
      ]
    },
    {
      "command": "mdsmith-parity",
      "mean": 0.14538475979999999,
      "stddev": 0.004552376968587044,
      "median": 0.1449252015,
      "user": 0.44618639999999987,
      "system": 0.0414983,
      "min": 0.141450332,
      "max": 0.15726193000000002,
      "times": [
        0.142026181,
        0.146139775,
        0.144996238,
        0.145414168,
        0.146564731,
        0.15726193000000002,
        0.142096094,
        0.144854165,
        0.143043984,
        0.141450332
      ],
      "memory_usage_byte": [
        52498432,
        52498432,
        52498432,
        52498432,
        52498432,
        52498432,
        52498432,
        52498432,
        52498432,
        52498432
      ],
      "exit_codes": [
        1,
        1,
        1,
        1,
        1,
        1,
        1,
        1,
        1,
        1
      ]
    },
    {
      "command": "mdsmith",
      "mean": 0.48749168000000004,
      "stddev": 0.060249229253121483,
      "median": 0.45534454550000003,
      "user": 1.1634489000000001,
      "system": 0.3653295,
      "min": 0.44558608600000005,
      "max": 0.609769247,
      "times": [
        0.452182193,
        0.448353331,
        0.45273614900000003,
        0.46449852700000005,
        0.446298613,
        0.44558608600000005,
        0.522624047,
        0.609769247,
        0.574915665,
        0.45795294200000003
      ],
      "memory_usage_byte": [
        52498432,
        52498432,
        52498432,
        52498432,
        52498432,
        52498432,
        52498432,
        52498432,
        52498432,
        52498432
      ],
      "exit_codes": [
        1,
        1,
        1,
        1,
        1,
        1,
        1,
        1,
        1,
        1
      ]
    }
  ]
}
