{
  "results": [
    {
      "command": "mado",
      "mean": 0.0551290103,
      "stddev": 0.0032296552641259157,
      "median": 0.053711737,
      "user": 0.0841138,
      "system": 0.0192743,
      "min": 0.053060535000000006,
      "max": 0.061327467000000004,
      "times": [
        0.061106333000000006,
        0.0539159,
        0.053060535000000006,
        0.053278955,
        0.05343718200000001,
        0.053354957,
        0.054131925000000004,
        0.053507574,
        0.054169275,
        0.061327467000000004
      ],
      "memory_usage_byte": [
        28667904,
        30945280,
        30945280,
        30945280,
        30945280,
        30945280,
        30945280,
        30945280,
        30945280,
        30953472
      ],
      "exit_codes": [
        1,
        1,
        1,
        1,
        1,
        1,
        1,
        1,
        1,
        1
      ]
    },
    {
      "command": "rumdl",
      "mean": 0.2704748653000001,
      "stddev": 0.006184679180735014,
      "median": 0.2708641745,
      "user": 0.8022948,
      "system": 0.06342079999999999,
      "min": 0.260574287,
      "max": 0.278581157,
      "times": [
        0.260574287,
        0.266472802,
        0.269919571,
        0.278581157,
        0.276800539,
        0.278000749,
        0.266853461,
        0.272288066,
        0.263449243,
        0.27180877800000003
      ],
      "memory_usage_byte": [
        54951936,
        54951936,
        54951936,
        54951936,
        54951936,
        54951936,
        54951936,
        54951936,
        54951936,
        54951936
      ],
      "exit_codes": [
        1,
        1,
        1,
        1,
        1,
        1,
        1,
        1,
        1,
        1
      ]
    },
    {
      "command": "panache",
      "mean": 0.5075397343,
      "stddev": 0.03310521503904034,
      "median": 0.496529463,
      "user": 1.7869676,
      "system": 0.1271752,
      "min": 0.49449181200000003,
      "max": 0.6015450360000001,
      "times": [
        0.49662115500000004,
        0.49948923300000003,
        0.494884939,
        0.495164814,
        0.6015450360000001,
        0.500298792,
        0.500477707,
        0.496437771,
        0.49449181200000003,
        0.49598608400000005
      ],
      "memory_usage_byte": [
        54951936,
        54951936,
        54951936,
        54951936,
        54951936,
        54951936,
        54951936,
        54951936,
        54951936,
        54951936
      ],
      "exit_codes": [
        0,
        0,
        0,
        0,
        0,
        0,
        0,
        0,
        0,
        0
      ]
    },
    {
      "command": "mdsmith-parity",
      "mean": 0.16023058799999998,
      "stddev": 0.0011860234044524132,
      "median": 0.160477682,
      "user": 0.47043,
      "system": 0.05399929999999999,
      "min": 0.158443721,
      "max": 0.162275561,
      "times": [
        0.16110374400000002,
        0.16097529800000002,
        0.160982902,
        0.159110471,
        0.15918800700000002,
        0.158443721,
        0.160385036,
        0.159270812,
        0.160570328,
        0.162275561
      ],
      "memory_usage_byte": [
        54951936,
        54951936,
        54951936,
        54951936,
        54951936,
        54951936,
        54951936,
        54951936,
        54951936,
        54951936
      ],
      "exit_codes": [
        1,
        1,
        1,
        1,
        1,
        1,
        1,
        1,
        1,
        1
      ]
    },
    {
      "command": "mdsmith",
      "mean": 0.5230098167,
      "stddev": 0.012742021583754039,
      "median": 0.5214258250000001,
      "user": 1.2049865,
      "system": 0.5244788,
      "min": 0.505885318,
      "max": 0.548060356,
      "times": [
        0.517173226,
        0.5258725590000001,
        0.505885318,
        0.509947836,
        0.530845063,
        0.5223606630000001,
        0.5204909870000001,
        0.5359893020000001,
        0.548060356,
        0.513472857
      ],
      "memory_usage_byte": [
        54951936,
        54951936,
        54951936,
        54951936,
        54951936,
        54951936,
        54951936,
        54951936,
        54951936,
        54951936
      ],
      "exit_codes": [
        1,
        1,
        1,
        1,
        1,
        1,
        1,
        1,
        1,
        1
      ]
    }
  ]
}
