{
  "results": [
    {
      "command": "mado",
      "mean": 0.048158642700000004,
      "stddev": 0.0038229573216152107,
      "median": 0.046652253500000004,
      "user": 0.0759382,
      "system": 0.0095438,
      "min": 0.045849287,
      "max": 0.057721682,
      "times": [
        0.046490804000000004,
        0.046638125,
        0.046256486,
        0.052187584,
        0.045849287,
        0.057721682,
        0.04685327,
        0.046666382000000006,
        0.046700014000000005,
        0.046222793000000005
      ],
      "memory_usage_byte": [
        29609984,
        29609984,
        29609984,
        29609984,
        29671424,
        29671424,
        31789056,
        31789056,
        31789056,
        31789056
      ],
      "exit_codes": [
        1,
        1,
        1,
        1,
        1,
        1,
        1,
        1,
        1,
        1
      ]
    },
    {
      "command": "rumdl",
      "mean": 0.20122163080000002,
      "stddev": 0.004302824606457868,
      "median": 0.20058354850000001,
      "user": 0.6557546999999999,
      "system": 0.03851999999999999,
      "min": 0.195680776,
      "max": 0.208448297,
      "times": [
        0.202220531,
        0.20105060600000002,
        0.195680776,
        0.20231104000000003,
        0.200116491,
        0.195727814,
        0.208448297,
        0.207791889,
        0.198920016,
        0.199948848
      ],
      "memory_usage_byte": [
        47407104,
        47407104,
        47407104,
        47407104,
        47407104,
        47648768,
        48406528,
        49635328,
        51724288,
        51724288
      ],
      "exit_codes": [
        1,
        1,
        1,
        1,
        1,
        1,
        1,
        1,
        1,
        1
      ]
    },
    {
      "command": "panache",
      "mean": 0.5451969165,
      "stddev": 0.017353638782535177,
      "median": 0.55367485,
      "user": 1.6220421999999999,
      "system": 0.05438979999999999,
      "min": 0.5241870750000001,
      "max": 0.5654019730000001,
      "times": [
        0.525395491,
        0.5654019730000001,
        0.5241870750000001,
        0.5635203980000001,
        0.5259252520000001,
        0.552954668,
        0.555030299,
        0.5543950320000001,
        0.526669547,
        0.5584894300000001
      ],
      "memory_usage_byte": [
        51724288,
        51724288,
        51724288,
        51724288,
        51724288,
        51724288,
        51724288,
        51724288,
        51724288,
        51724288
      ],
      "exit_codes": [
        0,
        0,
        0,
        0,
        0,
        0,
        0,
        0,
        0,
        0
      ]
    },
    {
      "command": "mdsmith-parity",
      "mean": 0.16463633360000002,
      "stddev": 0.0020921319722711487,
      "median": 0.164015966,
      "user": 0.4017071,
      "system": 0.0495324,
      "min": 0.162342123,
      "max": 0.16829728900000002,
      "times": [
        0.16258941500000001,
        0.16829728900000002,
        0.163048452,
        0.163863655,
        0.164519188,
        0.163986357,
        0.165619134,
        0.164045575,
        0.168052148,
        0.162342123
      ],
      "memory_usage_byte": [
        51724288,
        51724288,
        51724288,
        51724288,
        51724288,
        51724288,
        51724288,
        51724288,
        51724288,
        51724288
      ],
      "exit_codes": [
        1,
        1,
        1,
        1,
        1,
        1,
        1,
        1,
        1,
        1
      ]
    },
    {
      "command": "mdsmith",
      "mean": 0.2786501049,
      "stddev": 0.0022164442235905408,
      "median": 0.27888089000000005,
      "user": 0.7385884999999999,
      "system": 0.0735996,
      "min": 0.275014935,
      "max": 0.282036291,
      "times": [
        0.282036291,
        0.278586926,
        0.27917485400000003,
        0.276327496,
        0.276503595,
        0.27924387300000003,
        0.280696537,
        0.278153505,
        0.275014935,
        0.280763037
      ],
      "memory_usage_byte": [
        54476800,
        54476800,
        54476800,
        54476800,
        54476800,
        54476800,
        54476800,
        54476800,
        54476800,
        54476800
      ],
      "exit_codes": [
        1,
        1,
        1,
        1,
        1,
        1,
        1,
        1,
        1,
        1
      ]
    }
  ]
}
