{
  "results": [
    {
      "command": "mado",
      "mean": 0.046161083000000006,
      "stddev": 0.00039571735277060837,
      "median": 0.04616880400000001,
      "user": 0.07217979999999999,
      "system": 0.008528499999999998,
      "min": 0.045583588,
      "max": 0.046813984,
      "times": [
        0.046243967000000004,
        0.046813984,
        0.045900116000000005,
        0.04636392,
        0.045583588,
        0.045892875,
        0.045702654,
        0.046453131,
        0.046093641000000005,
        0.046562954000000004
      ],
      "memory_usage_byte": [
        31993856,
        31993856,
        31993856,
        31993856,
        31993856,
        31993856,
        31993856,
        31993856,
        31993856,
        31993856
      ],
      "exit_codes": [
        1,
        1,
        1,
        1,
        1,
        1,
        1,
        1,
        1,
        1
      ]
    },
    {
      "command": "rumdl",
      "mean": 0.1905011722,
      "stddev": 0.0027076054193728182,
      "median": 0.189255513,
      "user": 0.6213835999999999,
      "system": 0.038514299999999994,
      "min": 0.188366357,
      "max": 0.196124015,
      "times": [
        0.188826282,
        0.188694718,
        0.191811528,
        0.188366357,
        0.194318299,
        0.188944261,
        0.18975460200000002,
        0.196124015,
        0.189566765,
        0.18860489500000002
      ],
      "memory_usage_byte": [
        51003392,
        52596736,
        52596736,
        52596736,
        52596736,
        52596736,
        52596736,
        52596736,
        52596736,
        52596736
      ],
      "exit_codes": [
        1,
        1,
        1,
        1,
        1,
        1,
        1,
        1,
        1,
        1
      ]
    },
    {
      "command": "panache",
      "mean": 0.5335134736,
      "stddev": 0.0262793392095279,
      "median": 0.5315694125,
      "user": 1.6013100999999998,
      "system": 0.0581603,
      "min": 0.513869694,
      "max": 0.604554327,
      "times": [
        0.532116229,
        0.604554327,
        0.5177957550000001,
        0.531022596,
        0.517836516,
        0.533029988,
        0.5353106280000001,
        0.532750964,
        0.513869694,
        0.516848039
      ],
      "memory_usage_byte": [
        52596736,
        52596736,
        52596736,
        52596736,
        52596736,
        52596736,
        52596736,
        52596736,
        52596736,
        52596736
      ],
      "exit_codes": [
        0,
        0,
        0,
        0,
        0,
        0,
        0,
        0,
        0,
        0
      ]
    },
    {
      "command": "mdsmith-parity",
      "mean": 0.1720070186,
      "stddev": 0.003930360234070158,
      "median": 0.1715554555,
      "user": 0.3821848,
      "system": 0.061123600000000014,
      "min": 0.16767173200000002,
      "max": 0.181887921,
      "times": [
        0.16767173200000002,
        0.17293350200000002,
        0.170384375,
        0.16911235800000002,
        0.172726536,
        0.16964568500000002,
        0.181887921,
        0.17282192200000002,
        0.17273507400000002,
        0.170151081
      ],
      "memory_usage_byte": [
        52596736,
        52596736,
        52596736,
        52596736,
        52596736,
        52596736,
        52596736,
        52596736,
        52596736,
        52596736
      ],
      "exit_codes": [
        1,
        1,
        1,
        1,
        1,
        1,
        1,
        1,
        1,
        1
      ]
    },
    {
      "command": "mdsmith",
      "mean": 0.2922394257,
      "stddev": 0.0035404743088391804,
      "median": 0.2924603585000001,
      "user": 0.7190146000000001,
      "system": 0.10066160000000002,
      "min": 0.28738436,
      "max": 0.29771506000000003,
      "times": [
        0.29303009700000004,
        0.288984597,
        0.29189062000000005,
        0.28767196500000003,
        0.295077935,
        0.28738436,
        0.29771506000000003,
        0.290655147,
        0.294175252,
        0.29580922400000004
      ],
      "memory_usage_byte": [
        61145088,
        61145088,
        61145088,
        61145088,
        61145088,
        61145088,
        61145088,
        61145088,
        61145088,
        61145088
      ],
      "exit_codes": [
        1,
        1,
        1,
        1,
        1,
        1,
        1,
        1,
        1,
        1
      ]
    }
  ]
}
