{
  "results": [
    {
      "command": "mado",
      "mean": 0.0498904577,
      "stddev": 0.00240439862525636,
      "median": 0.049943059500000005,
      "user": 0.07744199999999998,
      "system": 0.0116311,
      "min": 0.047199962000000005,
      "max": 0.052552897,
      "times": [
        0.052552897,
        0.051436273000000005,
        0.051909999000000005,
        0.047634368,
        0.048449846000000005,
        0.047625135000000006,
        0.047335568,
        0.052457807,
        0.047199962000000005,
        0.052302722
      ],
      "memory_usage_byte": [
        31551488,
        31551488,
        31551488,
        31551488,
        31551488,
        31551488,
        31551488,
        31551488,
        31551488,
        31551488
      ],
      "exit_codes": [
        1,
        1,
        1,
        1,
        1,
        1,
        1,
        1,
        1,
        1
      ]
    },
    {
      "command": "rumdl",
      "mean": 0.23180702150000004,
      "stddev": 0.006599007215678794,
      "median": 0.22894099900000003,
      "user": 0.7142680999999999,
      "system": 0.037624899999999996,
      "min": 0.225068396,
      "max": 0.24524822200000002,
      "times": [
        0.22904236200000003,
        0.225068396,
        0.24524822200000002,
        0.23076966200000001,
        0.228839636,
        0.24218829200000003,
        0.22863360000000002,
        0.227503019,
        0.228397014,
        0.23238001200000002
      ],
      "memory_usage_byte": [
        52248576,
        52248576,
        52248576,
        52248576,
        52248576,
        52248576,
        52248576,
        52248576,
        52248576,
        52248576
      ],
      "exit_codes": [
        1,
        1,
        1,
        1,
        1,
        1,
        1,
        1,
        1,
        1
      ]
    },
    {
      "command": "panache",
      "mean": 0.40029525470000005,
      "stddev": 0.0016818704013765995,
      "median": 0.40028190500000005,
      "user": 1.4839673999999998,
      "system": 0.0737445,
      "min": 0.397663319,
      "max": 0.40278356400000004,
      "times": [
        0.401985358,
        0.397663319,
        0.40060286300000003,
        0.39833095900000004,
        0.398868478,
        0.400016633,
        0.400387062,
        0.400176748,
        0.40213756300000003,
        0.40278356400000004
      ],
      "memory_usage_byte": [
        52248576,
        52248576,
        52248576,
        52248576,
        52248576,
        52248576,
        52248576,
        52248576,
        52248576,
        52248576
      ],
      "exit_codes": [
        0,
        0,
        0,
        0,
        0,
        0,
        0,
        0,
        0,
        0
      ]
    },
    {
      "command": "mdsmith-parity",
      "mean": 0.1084506443,
      "stddev": 0.007227440567275758,
      "median": 0.10622804700000002,
      "user": 0.3104982,
      "system": 0.0313765,
      "min": 0.10278898900000001,
      "max": 0.12613277,
      "times": [
        0.103338365,
        0.103235871,
        0.10278898900000001,
        0.12613277,
        0.11534074100000001,
        0.10573942300000001,
        0.105190394,
        0.10671667100000001,
        0.109283685,
        0.10673953400000001
      ],
      "memory_usage_byte": [
        52248576,
        52248576,
        52248576,
        52248576,
        52248576,
        52248576,
        52248576,
        52248576,
        52248576,
        52248576
      ],
      "exit_codes": [
        1,
        1,
        1,
        1,
        1,
        1,
        1,
        1,
        1,
        1
      ]
    },
    {
      "command": "mdsmith",
      "mean": 0.4597146529000001,
      "stddev": 0.005759229020140392,
      "median": 0.459129549,
      "user": 1.2046909000000001,
      "system": 0.3367419,
      "min": 0.45016311000000003,
      "max": 0.467425721,
      "times": [
        0.453389123,
        0.45016311000000003,
        0.46595122600000005,
        0.45609276600000004,
        0.467425721,
        0.456800015,
        0.459426131,
        0.45883296700000004,
        0.46444018600000003,
        0.464625284
      ],
      "memory_usage_byte": [
        52248576,
        52248576,
        52248576,
        52248576,
        52248576,
        52248576,
        52248576,
        52248576,
        52248576,
        52248576
      ],
      "exit_codes": [
        1,
        1,
        1,
        1,
        1,
        1,
        1,
        1,
        1,
        1
      ]
    }
  ]
}
