{
  "results": [
    {
      "command": "mado",
      "mean": 0.047673961,
      "stddev": 0.004191008859073433,
      "median": 0.046195727500000006,
      "user": 0.0759008,
      "system": 0.007864,
      "min": 0.045480215000000004,
      "max": 0.059249597,
      "times": [
        0.046092032000000005,
        0.045480215000000004,
        0.046233184000000004,
        0.049167045000000006,
        0.045885612000000006,
        0.046271943,
        0.046158271,
        0.045935017,
        0.059249597,
        0.046266694000000004
      ],
      "memory_usage_byte": [
        29724672,
        31227904,
        31227904,
        31227904,
        31227904,
        31227904,
        31227904,
        31920128,
        31920128,
        31920128
      ],
      "exit_codes": [
        1,
        1,
        1,
        1,
        1,
        1,
        1,
        1,
        1,
        1
      ]
    },
    {
      "command": "rumdl",
      "mean": 0.19255430420000003,
      "stddev": 0.0027906937425709846,
      "median": 0.19145580950000002,
      "user": 0.6264472,
      "system": 0.0395619,
      "min": 0.190161468,
      "max": 0.19951633000000002,
      "times": [
        0.19951633000000002,
        0.19343886400000002,
        0.19085168300000002,
        0.194427026,
        0.19072454300000002,
        0.190161468,
        0.191544593,
        0.19266550400000002,
        0.190846005,
        0.19136702600000002
      ],
      "memory_usage_byte": [
        49344512,
        49344512,
        49344512,
        49659904,
        49659904,
        53284864,
        53284864,
        53284864,
        53284864,
        53284864
      ],
      "exit_codes": [
        1,
        1,
        1,
        1,
        1,
        1,
        1,
        1,
        1,
        1
      ]
    },
    {
      "command": "panache",
      "mean": 0.5251200016,
      "stddev": 0.008463486582306225,
      "median": 0.529370964,
      "user": 1.5880476,
      "system": 0.0654193,
      "min": 0.5140030870000001,
      "max": 0.533908735,
      "times": [
        0.532780424,
        0.533908735,
        0.531328307,
        0.5304549620000001,
        0.514909366,
        0.516140883,
        0.528286966,
        0.5140030870000001,
        0.516855084,
        0.5325322020000001
      ],
      "memory_usage_byte": [
        53284864,
        53284864,
        53284864,
        53284864,
        53284864,
        53284864,
        53284864,
        53284864,
        53284864,
        53284864
      ],
      "exit_codes": [
        0,
        0,
        0,
        0,
        0,
        0,
        0,
        0,
        0,
        0
      ]
    },
    {
      "command": "mdsmith-parity",
      "mean": 0.13350054070000003,
      "stddev": 0.0014376201754112024,
      "median": 0.13376262500000002,
      "user": 0.2751801,
      "system": 0.043922199999999995,
      "min": 0.13113269600000002,
      "max": 0.135464061,
      "times": [
        0.13398553400000002,
        0.135464061,
        0.13429021100000002,
        0.13439297,
        0.133539716,
        0.13525271900000002,
        0.13255391700000002,
        0.1319558,
        0.13113269600000002,
        0.132437783
      ],
      "memory_usage_byte": [
        59973632,
        59973632,
        59973632,
        59973632,
        59973632,
        59973632,
        59973632,
        59973632,
        59973632,
        59985920
      ],
      "exit_codes": [
        1,
        1,
        1,
        1,
        1,
        1,
        1,
        1,
        1,
        1
      ]
    },
    {
      "command": "mdsmith",
      "mean": 0.24341903130000003,
      "stddev": 0.0021125516493150152,
      "median": 0.2436331455,
      "user": 0.5667167,
      "system": 0.08439210000000001,
      "min": 0.24038795100000002,
      "max": 0.24682492900000003,
      "times": [
        0.24351978800000001,
        0.24564653200000003,
        0.24426012300000002,
        0.24038795100000002,
        0.243746503,
        0.24107214600000001,
        0.242671874,
        0.24493066200000002,
        0.24682492900000003,
        0.241129805
      ],
      "memory_usage_byte": [
        80044032,
        82276352,
        82276352,
        82276352,
        82276352,
        82276352,
        82276352,
        82276352,
        82276352,
        82276352
      ],
      "exit_codes": [
        1,
        1,
        1,
        1,
        1,
        1,
        1,
        1,
        1,
        1
      ]
    }
  ]
}
