{
  "results": [
    {
      "command": "markdownlint-cli2",
      "mean": 3.1171803271666665,
      "stddev": 0.09257917424163802,
      "median": 3.104629418,
      "user": 4.705938833333334,
      "system": 0.2728405,
      "min": 3.027150106,
      "max": 3.24182454,
      "times": [
        3.166646847,
        3.027150106,
        3.042611989,
        3.187124584,
        3.24182454,
        3.037723897
      ],
      "memory_usage_byte": [
        376938496,
        376938496,
        376938496,
        391340032,
        391340032,
        391340032
      ],
      "exit_codes": [
        1,
        1,
        1,
        1,
        1,
        1
      ]
    }
  ]
}
