{
  "results": [
    {
      "command": "markdownlint-cli2",
      "mean": 3.7370926071666664,
      "stddev": 0.13212569314536132,
      "median": 3.699318909,
      "user": 5.719424499999999,
      "system": 0.31416333333333335,
      "min": 3.621033942,
      "max": 3.991780347,
      "times": [
        3.7507760990000003,
        3.991780347,
        3.6603274370000003,
        3.702208677,
        3.621033942,
        3.6964291410000003
      ],
      "memory_usage_byte": [
        382177280,
        382177280,
        392806400,
        392806400,
        392806400,
        393084928
      ],
      "exit_codes": [
        1,
        1,
        1,
        1,
        1,
        1
      ]
    }
  ]
}
