{
  "results": [
    {
      "command": "markdownlint-cli2",
      "mean": 3.1568210491666666,
      "stddev": 0.08466652558791506,
      "median": 3.1574634105,
      "user": 4.737682166666667,
      "system": 0.2609766666666667,
      "min": 3.056915542,
      "max": 3.281679237,
      "times": [
        3.207093905,
        3.08031079,
        3.188199548,
        3.126727273,
        3.281679237,
        3.056915542
      ],
      "memory_usage_byte": [
        386486272,
        386486272,
        386486272,
        386486272,
        386486272,
        386486272
      ],
      "exit_codes": [
        1,
        1,
        1,
        1,
        1,
        1
      ]
    }
  ]
}
