{
  "results": [
    {
      "command": "markdownlint-cli2",
      "mean": 3.6319849741666665,
      "stddev": 0.10732944599825196,
      "median": 3.590160164,
      "user": 5.566160166666666,
      "system": 0.3846963333333333,
      "min": 3.5519056940000002,
      "max": 3.826524902,
      "times": [
        3.826524902,
        3.5519056940000002,
        3.553127546,
        3.5645282,
        3.615792128,
        3.680031375
      ],
      "memory_usage_byte": [
        378236928,
        390832128,
        390832128,
        390832128,
        390832128,
        390832128
      ],
      "exit_codes": [
        1,
        1,
        1,
        1,
        1,
        1
      ]
    }
  ]
}
