{
  "results": [
    {
      "command": "markdownlint-cli2",
      "mean": 3.0971869568333332,
      "stddev": 0.11866419318779133,
      "median": 3.043678285,
      "user": 4.7004295,
      "system": 0.2559668333333333,
      "min": 3.005535565,
      "max": 3.301204216,
      "times": [
        3.301204216,
        3.013311167,
        3.175714223,
        3.005535565,
        3.070649552,
        3.016707018
      ],
      "memory_usage_byte": [
        377077760,
        377077760,
        389791744,
        389791744,
        389791744,
        389791744
      ],
      "exit_codes": [
        1,
        1,
        1,
        1,
        1,
        1
      ]
    }
  ]
}
