{
  "results": [
    {
      "command": "mado",
      "mean": 0.0453543525,
      "stddev": 0.0030217201697532864,
      "median": 0.044438538,
      "user": 0.0679331,
      "system": 0.0157435,
      "min": 0.044050706,
      "max": 0.053928040000000003,
      "times": [
        0.053928040000000003,
        0.044443866000000005,
        0.04443321,
        0.044521082000000003,
        0.044101743000000006,
        0.044228313000000005,
        0.044788172,
        0.044050706,
        0.044700010000000005,
        0.044348383000000005
      ],
      "memory_usage_byte": [
        28991488,
        28991488,
        29052928,
        29052928,
        29052928,
        29052928,
        29052928,
        29052928,
        29126656,
        29126656
      ],
      "exit_codes": [
        1,
        1,
        1,
        1,
        1,
        1,
        1,
        1,
        1,
        1
      ]
    },
    {
      "command": "rumdl",
      "mean": 0.2170216355,
      "stddev": 0.006281846827733988,
      "median": 0.215618396,
      "user": 0.6419422,
      "system": 0.055778799999999996,
      "min": 0.21022331000000002,
      "max": 0.231069875,
      "times": [
        0.21022331000000002,
        0.212553184,
        0.214860404,
        0.214828446,
        0.21696472,
        0.224457237,
        0.216376388,
        0.21700196600000002,
        0.231069875,
        0.21188082500000002
      ],
      "memory_usage_byte": [
        51843072,
        51843072,
        51843072,
        51843072,
        51843072,
        51843072,
        51843072,
        51843072,
        51843072,
        51843072
      ],
      "exit_codes": [
        1,
        1,
        1,
        1,
        1,
        1,
        1,
        1,
        1,
        1
      ]
    },
    {
      "command": "panache",
      "mean": 0.4344990557,
      "stddev": 0.04213510042931451,
      "median": 0.407713455,
      "user": 1.400631,
      "system": 0.10450309999999999,
      "min": 0.397561351,
      "max": 0.485343371,
      "times": [
        0.40361726800000003,
        0.39933587800000003,
        0.481965584,
        0.483973158,
        0.397561351,
        0.40215562000000005,
        0.485343371,
        0.39763440600000005,
        0.41180964200000003,
        0.481594279
      ],
      "memory_usage_byte": [
        51843072,
        51843072,
        51843072,
        51843072,
        51843072,
        51843072,
        51843072,
        51843072,
        51843072,
        51843072
      ],
      "exit_codes": [
        0,
        0,
        0,
        0,
        0,
        0,
        0,
        0,
        0,
        0
      ]
    },
    {
      "command": "mdsmith-parity",
      "mean": 0.1253642371,
      "stddev": 0.0020184800255937606,
      "median": 0.1256652205,
      "user": 0.3533885,
      "system": 0.05184419999999999,
      "min": 0.122278672,
      "max": 0.129178962,
      "times": [
        0.124123437,
        0.12591335,
        0.129178962,
        0.126344121,
        0.12332414000000001,
        0.12395125700000001,
        0.125417091,
        0.122278672,
        0.125925629,
        0.127185712
      ],
      "memory_usage_byte": [
        51843072,
        51843072,
        51843072,
        51843072,
        51843072,
        51843072,
        51843072,
        51843072,
        51843072,
        51843072
      ],
      "exit_codes": [
        1,
        1,
        1,
        1,
        1,
        1,
        1,
        1,
        1,
        1
      ]
    },
    {
      "command": "mdsmith",
      "mean": 0.43720584819999997,
      "stddev": 0.008449235036457703,
      "median": 0.43824955400000004,
      "user": 0.9906168,
      "system": 0.4482029999999999,
      "min": 0.420294135,
      "max": 0.449858923,
      "times": [
        0.44543976,
        0.420294135,
        0.449858923,
        0.43656325300000004,
        0.432404243,
        0.441763558,
        0.434623193,
        0.42988681100000004,
        0.43993585500000004,
        0.44128875100000003
      ],
      "memory_usage_byte": [
        51843072,
        51843072,
        51843072,
        51843072,
        51843072,
        51843072,
        51843072,
        51843072,
        51843072,
        51843072
      ],
      "exit_codes": [
        1,
        1,
        1,
        1,
        1,
        1,
        1,
        1,
        1,
        1
      ]
    }
  ]
}
