{
  "results": [
    {
      "command": "markdownlint-cli2",
      "mean": 3.071635339666667,
      "stddev": 0.07774426667873839,
      "median": 3.050417168,
      "user": 4.645434166666666,
      "system": 0.24557566666666664,
      "min": 2.996948738,
      "max": 3.220470698,
      "times": [
        3.048457858,
        3.220470698,
        3.032542689,
        2.996948738,
        3.079015577,
        3.0523764780000002
      ],
      "memory_usage_byte": [
        380788736,
        380788736,
        380788736,
        380788736,
        382713856,
        382713856
      ],
      "exit_codes": [
        1,
        1,
        1,
        1,
        1,
        1
      ]
    }
  ]
}
