{
  "results": [
    {
      "command": "mado",
      "mean": 0.0466103394,
      "stddev": 0.001198897436698236,
      "median": 0.046171226,
      "user": 0.06988799999999998,
      "system": 0.016271799999999996,
      "min": 0.045752278,
      "max": 0.049842436000000004,
      "times": [
        0.045916637,
        0.046829976,
        0.046493888000000004,
        0.049842436000000004,
        0.046909557000000005,
        0.045938400000000004,
        0.046179844000000005,
        0.045752278,
        0.046162608,
        0.046077770000000004
      ],
      "memory_usage_byte": [
        29237248,
        29237248,
        29237248,
        29237248,
        33210368,
        33210368,
        33210368,
        33210368,
        33210368,
        33210368
      ],
      "exit_codes": [
        1,
        1,
        1,
        1,
        1,
        1,
        1,
        1,
        1,
        1
      ]
    },
    {
      "command": "rumdl",
      "mean": 0.23030972589999998,
      "stddev": 0.006513887983865918,
      "median": 0.232632306,
      "user": 0.6531362,
      "system": 0.060658199999999995,
      "min": 0.218663571,
      "max": 0.236656055,
      "times": [
        0.236656055,
        0.218663571,
        0.22035105000000002,
        0.233248208,
        0.225618535,
        0.23266202300000002,
        0.23137309600000003,
        0.23638182100000002,
        0.23260258900000003,
        0.235540311
      ],
      "memory_usage_byte": [
        52961280,
        52961280,
        52961280,
        52961280,
        52961280,
        52961280,
        52961280,
        52961280,
        53235712,
        53235712
      ],
      "exit_codes": [
        1,
        1,
        1,
        1,
        1,
        1,
        1,
        1,
        1,
        1
      ]
    },
    {
      "command": "panache",
      "mean": 0.42966261910000003,
      "stddev": 0.03939641418127036,
      "median": 0.4160719865,
      "user": 1.4740402000000001,
      "system": 0.12516739999999998,
      "min": 0.41231758500000004,
      "max": 0.540671675,
      "times": [
        0.41397207900000005,
        0.422540036,
        0.43043544,
        0.540671675,
        0.414552595,
        0.413227141,
        0.417591378,
        0.41800080500000003,
        0.413317457,
        0.41231758500000004
      ],
      "memory_usage_byte": [
        53235712,
        53235712,
        53235712,
        53235712,
        53235712,
        53235712,
        53235712,
        53235712,
        53235712,
        53235712
      ],
      "exit_codes": [
        0,
        0,
        0,
        0,
        0,
        0,
        0,
        0,
        0,
        0
      ]
    },
    {
      "command": "mdsmith-parity",
      "mean": 0.13232545289999997,
      "stddev": 0.001289300712922962,
      "median": 0.131930488,
      "user": 0.3902588,
      "system": 0.049137999999999994,
      "min": 0.130613596,
      "max": 0.134709773,
      "times": [
        0.131343506,
        0.130613596,
        0.132050311,
        0.133471998,
        0.13145942500000002,
        0.131319239,
        0.132852164,
        0.134709773,
        0.13181066500000002,
        0.13362385200000002
      ],
      "memory_usage_byte": [
        53235712,
        53235712,
        53235712,
        53235712,
        53235712,
        53235712,
        53235712,
        53235712,
        53235712,
        53235712
      ],
      "exit_codes": [
        1,
        1,
        1,
        1,
        1,
        1,
        1,
        1,
        1,
        1
      ]
    },
    {
      "command": "mdsmith",
      "mean": 0.45283575480000005,
      "stddev": 0.0109464047003091,
      "median": 0.450292221,
      "user": 1.0407958000000002,
      "system": 0.5232701999999999,
      "min": 0.440910411,
      "max": 0.47804493000000003,
      "times": [
        0.45822179500000004,
        0.452469887,
        0.44780408000000005,
        0.447628831,
        0.454108491,
        0.460133451,
        0.448114555,
        0.440910411,
        0.44092111700000003,
        0.47804493000000003
      ],
      "memory_usage_byte": [
        53235712,
        53235712,
        53235712,
        53235712,
        53235712,
        53235712,
        53235712,
        53235712,
        53235712,
        53235712
      ],
      "exit_codes": [
        1,
        1,
        1,
        1,
        1,
        1,
        1,
        1,
        1,
        1
      ]
    }
  ]
}
