{
  "results": [
    {
      "command": "mado",
      "mean": 0.0468563378,
      "stddev": 0.001723070647817552,
      "median": 0.04644968000000001,
      "user": 0.0736493,
      "system": 0.0094374,
      "min": 0.045816989,
      "max": 0.05164473,
      "times": [
        0.046536322000000005,
        0.05164473,
        0.046627689,
        0.046363038,
        0.045816989,
        0.046227455,
        0.046920278,
        0.045919319,
        0.045860059,
        0.046647499
      ],
      "memory_usage_byte": [
        29511680,
        29511680,
        29511680,
        29511680,
        29716480,
        29716480,
        29716480,
        29716480,
        29716480,
        31399936
      ],
      "exit_codes": [
        1,
        1,
        1,
        1,
        1,
        1,
        1,
        1,
        1,
        1
      ]
    },
    {
      "command": "rumdl",
      "mean": 0.1983349802,
      "stddev": 0.003143686287074312,
      "median": 0.197215927,
      "user": 0.6531472999999999,
      "system": 0.0361439,
      "min": 0.194592027,
      "max": 0.20370154000000001,
      "times": [
        0.19952077000000001,
        0.201055266,
        0.196882775,
        0.194592027,
        0.20370154000000001,
        0.202294994,
        0.19752770400000003,
        0.19532770700000002,
        0.19690415,
        0.195542869
      ],
      "memory_usage_byte": [
        48734208,
        50647040,
        50647040,
        50647040,
        52314112,
        52314112,
        52314112,
        52314112,
        52314112,
        52314112
      ],
      "exit_codes": [
        1,
        1,
        1,
        1,
        1,
        1,
        1,
        1,
        1,
        1
      ]
    },
    {
      "command": "panache",
      "mean": 0.5510491273,
      "stddev": 0.016325452163325788,
      "median": 0.5581890435000001,
      "user": 1.6243192,
      "system": 0.0538211,
      "min": 0.525133818,
      "max": 0.565435378,
      "times": [
        0.528346196,
        0.559263744,
        0.5570115320000001,
        0.525133818,
        0.565435378,
        0.529929501,
        0.56450411,
        0.563169439,
        0.5571143430000001,
        0.560583212
      ],
      "memory_usage_byte": [
        52314112,
        52314112,
        52314112,
        52314112,
        52314112,
        52314112,
        52314112,
        52314112,
        52314112,
        52314112
      ],
      "exit_codes": [
        0,
        0,
        0,
        0,
        0,
        0,
        0,
        0,
        0,
        0
      ]
    },
    {
      "command": "mdsmith-parity",
      "mean": 0.197874084,
      "stddev": 0.0021449187241546295,
      "median": 0.19803328950000001,
      "user": 0.5357253,
      "system": 0.045801699999999994,
      "min": 0.194694642,
      "max": 0.20134432500000002,
      "times": [
        0.200501162,
        0.194770926,
        0.20134432500000002,
        0.19718707500000002,
        0.198945379,
        0.198026893,
        0.19829333100000002,
        0.19803968600000002,
        0.194694642,
        0.196937421
      ],
      "memory_usage_byte": [
        52314112,
        52314112,
        52314112,
        52314112,
        52314112,
        52314112,
        52314112,
        52314112,
        52314112,
        52314112
      ],
      "exit_codes": [
        1,
        1,
        1,
        1,
        1,
        1,
        1,
        1,
        1,
        1
      ]
    },
    {
      "command": "mdsmith",
      "mean": 0.30867584289999994,
      "stddev": 0.002491027350661234,
      "median": 0.3083629725,
      "user": 0.8516625,
      "system": 0.076676,
      "min": 0.30481355200000004,
      "max": 0.31322294100000003,
      "times": [
        0.309929212,
        0.30729744800000003,
        0.30749260300000003,
        0.31322294100000003,
        0.30481355200000004,
        0.305988335,
        0.31044312100000004,
        0.310845272,
        0.308103713,
        0.308622232
      ],
      "memory_usage_byte": [
        52314112,
        52314112,
        54030336,
        54030336,
        54030336,
        54030336,
        54030336,
        54030336,
        54030336,
        54030336
      ],
      "exit_codes": [
        1,
        1,
        1,
        1,
        1,
        1,
        1,
        1,
        1,
        1
      ]
    }
  ]
}
