{
  "results": [
    {
      "command": "mado",
      "mean": 0.04745702810000001,
      "stddev": 0.002861045109873058,
      "median": 0.045526853500000006,
      "user": 0.0764456,
      "system": 0.008107099999999999,
      "min": 0.044811775000000005,
      "max": 0.051595584,
      "times": [
        0.050851406,
        0.045431611000000004,
        0.045394633000000004,
        0.044811775000000005,
        0.045417886000000005,
        0.051595584,
        0.050844743000000005,
        0.049604268,
        0.044996279,
        0.045622096
      ],
      "memory_usage_byte": [
        29417472,
        29675520,
        29675520,
        29675520,
        29675520,
        31178752,
        31178752,
        31178752,
        31178752,
        31178752
      ],
      "exit_codes": [
        1,
        1,
        1,
        1,
        1,
        1,
        1,
        1,
        1,
        1
      ]
    },
    {
      "command": "rumdl",
      "mean": 0.1958417711,
      "stddev": 0.0029818813454805314,
      "median": 0.19509079000000001,
      "user": 0.6485078000000001,
      "system": 0.03449789999999999,
      "min": 0.191807527,
      "max": 0.19992959400000002,
      "times": [
        0.19932949500000002,
        0.192943087,
        0.19513475700000002,
        0.193079742,
        0.197396497,
        0.195046823,
        0.199440171,
        0.191807527,
        0.194310018,
        0.19992959400000002
      ],
      "memory_usage_byte": [
        49623040,
        49623040,
        49623040,
        49623040,
        50208768,
        50208768,
        50302976,
        50302976,
        50302976,
        50302976
      ],
      "exit_codes": [
        1,
        1,
        1,
        1,
        1,
        1,
        1,
        1,
        1,
        1
      ]
    },
    {
      "command": "panache",
      "mean": 0.5390882491000001,
      "stddev": 0.016288144525147867,
      "median": 0.5392232955,
      "user": 1.6227003,
      "system": 0.0478269,
      "min": 0.5216034150000001,
      "max": 0.559200617,
      "times": [
        0.527747214,
        0.52264284,
        0.5234199890000001,
        0.523739897,
        0.550699377,
        0.559200617,
        0.554542356,
        0.553550875,
        0.5537359110000001,
        0.5216034150000001
      ],
      "memory_usage_byte": [
        50302976,
        50302976,
        50302976,
        50302976,
        50302976,
        50302976,
        50302976,
        50302976,
        50302976,
        50302976
      ],
      "exit_codes": [
        0,
        0,
        0,
        0,
        0,
        0,
        0,
        0,
        0,
        0
      ]
    },
    {
      "command": "mdsmith-parity",
      "mean": 0.1779698581,
      "stddev": 0.0011262802275647083,
      "median": 0.17746504500000002,
      "user": 0.46731799999999996,
      "system": 0.045897499999999994,
      "min": 0.17706073800000002,
      "max": 0.18025986100000002,
      "times": [
        0.178118567,
        0.179637857,
        0.17706912600000002,
        0.177181736,
        0.17723735300000001,
        0.178203253,
        0.177400034,
        0.17706073800000002,
        0.17753005600000002,
        0.18025986100000002
      ],
      "memory_usage_byte": [
        50302976,
        50302976,
        50302976,
        50302976,
        50302976,
        50302976,
        50302976,
        50302976,
        50302976,
        50302976
      ],
      "exit_codes": [
        1,
        1,
        1,
        1,
        1,
        1,
        1,
        1,
        1,
        1
      ]
    },
    {
      "command": "mdsmith",
      "mean": 0.3382640027,
      "stddev": 0.0033848557764399757,
      "median": 0.337877377,
      "user": 0.9714893,
      "system": 0.0755677,
      "min": 0.33290034500000004,
      "max": 0.34471141,
      "times": [
        0.34471141,
        0.33627501600000004,
        0.33652374500000004,
        0.337410816,
        0.335267435,
        0.338343938,
        0.33290034500000004,
        0.34098326300000004,
        0.33914915100000004,
        0.341074908
      ],
      "memory_usage_byte": [
        54607872,
        54607872,
        54607872,
        54607872,
        54607872,
        54607872,
        54607872,
        54607872,
        54607872,
        54607872
      ],
      "exit_codes": [
        1,
        1,
        1,
        1,
        1,
        1,
        1,
        1,
        1,
        1
      ]
    }
  ]
}
