{
  "results": [
    {
      "command": "markdownlint-cli2",
      "mean": 3.2565450106666667,
      "stddev": 0.12346218058069021,
      "median": 3.2072729165,
      "user": 4.952599500000001,
      "system": 0.3685715,
      "min": 3.153102463,
      "max": 3.49675883,
      "times": [
        3.49675883,
        3.270751259,
        3.153102463,
        3.205698081,
        3.204111679,
        3.208847752
      ],
      "memory_usage_byte": [
        353517568,
        353517568,
        353517568,
        375631872,
        375631872,
        375631872
      ],
      "exit_codes": [
        1,
        1,
        1,
        1,
        1,
        1
      ]
    }
  ]
}
