{
  "results": [
    {
      "command": "markdownlint-cli2",
      "mean": 4.021755062833334,
      "stddev": 0.18991862778102728,
      "median": 4.0172142775,
      "user": 6.060703333333333,
      "system": 0.30413016666666665,
      "min": 3.71369714,
      "max": 4.302756053,
      "times": [
        4.302756053,
        4.016161702,
        3.71369714,
        4.018266853,
        3.986029628,
        4.093619001
      ],
      "memory_usage_byte": [
        386408448,
        386408448,
        386408448,
        386408448,
        386408448,
        386408448
      ],
      "exit_codes": [
        1,
        1,
        1,
        1,
        1,
        1
      ]
    }
  ]
}
