{
  "results": [
    {
      "command": "mado",
      "mean": 0.04714398250000001,
      "stddev": 0.002196437750266871,
      "median": 0.046237242,
      "user": 0.07444809999999999,
      "system": 0.008381499999999998,
      "min": 0.045747425,
      "max": 0.051318512000000004,
      "times": [
        0.051244250000000005,
        0.045953060000000004,
        0.051318512000000004,
        0.045981276,
        0.046459456,
        0.045779733,
        0.046390182,
        0.045747425,
        0.046481629000000003,
        0.046084302
      ],
      "memory_usage_byte": [
        29618176,
        29618176,
        29765632,
        29765632,
        29765632,
        29765632,
        29765632,
        29765632,
        33394688,
        33394688
      ],
      "exit_codes": [
        1,
        1,
        1,
        1,
        1,
        1,
        1,
        1,
        1,
        1
      ]
    },
    {
      "command": "rumdl",
      "mean": 0.18739288300000007,
      "stddev": 0.0017093911806884147,
      "median": 0.18733926450000002,
      "user": 0.6168217,
      "system": 0.03869840000000001,
      "min": 0.185198032,
      "max": 0.191209327,
      "times": [
        0.18761017200000002,
        0.18844675100000002,
        0.18561042300000002,
        0.191209327,
        0.185198032,
        0.18596702,
        0.18805576200000002,
        0.18748868900000001,
        0.18718984000000002,
        0.187152814
      ],
      "memory_usage_byte": [
        51281920,
        51281920,
        51281920,
        52715520,
        52715520,
        52715520,
        53235712,
        53235712,
        53235712,
        53235712
      ],
      "exit_codes": [
        1,
        1,
        1,
        1,
        1,
        1,
        1,
        1,
        1,
        1
      ]
    },
    {
      "command": "panache",
      "mean": 0.5360475031,
      "stddev": 0.016106171578598984,
      "median": 0.5464947645,
      "user": 1.5778263,
      "system": 0.06055380000000001,
      "min": 0.5151762010000001,
      "max": 0.5524857830000001,
      "times": [
        0.548283771,
        0.5211976110000001,
        0.547068372,
        0.5151762010000001,
        0.546167967,
        0.517503123,
        0.5495398770000001,
        0.516230764,
        0.5524857830000001,
        0.546821562
      ],
      "memory_usage_byte": [
        53235712,
        53235712,
        53235712,
        53235712,
        53235712,
        53235712,
        53235712,
        53235712,
        53235712,
        53235712
      ],
      "exit_codes": [
        0,
        0,
        0,
        0,
        0,
        0,
        0,
        0,
        0,
        0
      ]
    },
    {
      "command": "mdsmith-parity",
      "mean": 0.2013067363,
      "stddev": 0.004065595662182442,
      "median": 0.19986706,
      "user": 0.5056263999999999,
      "system": 0.0654298,
      "min": 0.1971486,
      "max": 0.207068192,
      "times": [
        0.197488942,
        0.207044407,
        0.198127552,
        0.207068192,
        0.205722238,
        0.19989930800000003,
        0.20312907700000002,
        0.199834812,
        0.19760423500000002,
        0.1971486
      ],
      "memory_usage_byte": [
        53235712,
        53235712,
        53235712,
        53235712,
        53235712,
        53235712,
        53235712,
        53235712,
        53235712,
        53235712
      ],
      "exit_codes": [
        1,
        1,
        1,
        1,
        1,
        1,
        1,
        1,
        1,
        1
      ]
    },
    {
      "command": "mdsmith",
      "mean": 0.3143183504,
      "stddev": 0.00322124126239582,
      "median": 0.314266374,
      "user": 0.8316190999999999,
      "system": 0.0946641,
      "min": 0.308410151,
      "max": 0.32095776600000003,
      "times": [
        0.313619286,
        0.31412571300000003,
        0.31521951400000003,
        0.311461461,
        0.31623725,
        0.315148307,
        0.32095776600000003,
        0.308410151,
        0.314407035,
        0.31359702100000003
      ],
      "memory_usage_byte": [
        54542336,
        54542336,
        54542336,
        54542336,
        54542336,
        54542336,
        54542336,
        54542336,
        54542336,
        54542336
      ],
      "exit_codes": [
        1,
        1,
        1,
        1,
        1,
        1,
        1,
        1,
        1,
        1
      ]
    }
  ]
}
