{
  "results": [
    {
      "command": "mado",
      "mean": 0.04795645860000001,
      "stddev": 0.0024716185969773465,
      "median": 0.046791006,
      "user": 0.0766311,
      "system": 0.007791400000000001,
      "min": 0.045977743,
      "max": 0.053287298000000004,
      "times": [
        0.046835945000000004,
        0.049521709000000004,
        0.047099902000000006,
        0.053287298000000004,
        0.046127665000000005,
        0.046746067,
        0.050976944,
        0.046554487000000006,
        0.046436826,
        0.045977743
      ],
      "memory_usage_byte": [
        29777920,
        29777920,
        29777920,
        29777920,
        29777920,
        31748096,
        31748096,
        31748096,
        31748096,
        31748096
      ],
      "exit_codes": [
        1,
        1,
        1,
        1,
        1,
        1,
        1,
        1,
        1,
        1
      ]
    },
    {
      "command": "rumdl",
      "mean": 0.19677423990000004,
      "stddev": 0.0017277805860362169,
      "median": 0.196265203,
      "user": 0.6522306999999999,
      "system": 0.034726200000000006,
      "min": 0.195086689,
      "max": 0.200705404,
      "times": [
        0.200705404,
        0.19620578200000002,
        0.19819328400000003,
        0.196324624,
        0.195086689,
        0.19561197900000002,
        0.19557736,
        0.19521596500000002,
        0.19736309500000002,
        0.19745821700000002
      ],
      "memory_usage_byte": [
        48701440,
        48701440,
        49799168,
        49799168,
        52547584,
        52547584,
        52547584,
        52547584,
        52547584,
        52547584
      ],
      "exit_codes": [
        1,
        1,
        1,
        1,
        1,
        1,
        1,
        1,
        1,
        1
      ]
    },
    {
      "command": "panache",
      "mean": 0.5391994997,
      "stddev": 0.005436894242158919,
      "median": 0.541243167,
      "user": 1.6365253,
      "system": 0.0516182,
      "min": 0.530472263,
      "max": 0.5454507940000001,
      "times": [
        0.5431114330000001,
        0.53191458,
        0.532742233,
        0.5424241430000001,
        0.5454507940000001,
        0.541586321,
        0.543849208,
        0.540900013,
        0.539544009,
        0.530472263
      ],
      "memory_usage_byte": [
        52547584,
        52547584,
        52547584,
        52547584,
        52547584,
        52547584,
        52547584,
        52547584,
        52547584,
        52547584
      ],
      "exit_codes": [
        0,
        0,
        0,
        0,
        0,
        0,
        0,
        0,
        0,
        0
      ]
    },
    {
      "command": "mdsmith-parity",
      "mean": 0.16571365000000002,
      "stddev": 0.000991348939538559,
      "median": 0.165732518,
      "user": 0.3998136,
      "system": 0.0467265,
      "min": 0.163919804,
      "max": 0.167580328,
      "times": [
        0.16643300400000002,
        0.167580328,
        0.16555767300000002,
        0.163919804,
        0.16508693100000002,
        0.165511289,
        0.164882639,
        0.16634594900000002,
        0.165907363,
        0.16591152
      ],
      "memory_usage_byte": [
        52547584,
        52547584,
        52547584,
        52547584,
        52547584,
        52547584,
        52547584,
        52547584,
        52547584,
        52547584
      ],
      "exit_codes": [
        1,
        1,
        1,
        1,
        1,
        1,
        1,
        1,
        1,
        1
      ]
    },
    {
      "command": "mdsmith",
      "mean": 0.2832743847,
      "stddev": 0.002889496024540432,
      "median": 0.282821221,
      "user": 0.7359147,
      "system": 0.07976300000000001,
      "min": 0.27878955,
      "max": 0.28937992900000004,
      "times": [
        0.282589231,
        0.28539775700000003,
        0.284218375,
        0.280560017,
        0.282959666,
        0.282682776,
        0.28937992900000004,
        0.27878955,
        0.28167045300000004,
        0.284496093
      ],
      "memory_usage_byte": [
        59043840,
        59043840,
        59146240,
        59146240,
        59146240,
        59146240,
        59146240,
        59146240,
        59383808,
        59383808
      ],
      "exit_codes": [
        1,
        1,
        1,
        1,
        1,
        1,
        1,
        1,
        1,
        1
      ]
    }
  ]
}
