{
  "results": [
    {
      "command": "mado",
      "mean": 0.0480072165,
      "stddev": 0.0033999391659338485,
      "median": 0.0462418835,
      "user": 0.07742389999999999,
      "system": 0.007206799999999999,
      "min": 0.045561575,
      "max": 0.05563958200000001,
      "times": [
        0.045561575,
        0.046153259,
        0.05563958200000001,
        0.046197677,
        0.04628609,
        0.050856781000000004,
        0.051218949,
        0.045891984000000004,
        0.045821348000000005,
        0.04644492
      ],
      "memory_usage_byte": [
        27959296,
        31137792,
        31137792,
        31137792,
        31137792,
        31137792,
        31137792,
        31137792,
        31137792,
        31137792
      ],
      "exit_codes": [
        1,
        1,
        1,
        1,
        1,
        1,
        1,
        1,
        1,
        1
      ]
    },
    {
      "command": "rumdl",
      "mean": 0.1906106675,
      "stddev": 0.0015888561256314248,
      "median": 0.1906318085,
      "user": 0.6232972,
      "system": 0.037271000000000006,
      "min": 0.187946298,
      "max": 0.19329795900000002,
      "times": [
        0.190774244,
        0.187946298,
        0.191265497,
        0.189031319,
        0.191272728,
        0.19048937300000002,
        0.18998308700000002,
        0.19329795900000002,
        0.192483017,
        0.189563153
      ],
      "memory_usage_byte": [
        50388992,
        50388992,
        51249152,
        51249152,
        51249152,
        51249152,
        51249152,
        51249152,
        51249152,
        51249152
      ],
      "exit_codes": [
        1,
        1,
        1,
        1,
        1,
        1,
        1,
        1,
        1,
        1
      ]
    },
    {
      "command": "panache",
      "mean": 0.5439137631000002,
      "stddev": 0.01955633012824063,
      "median": 0.554793124,
      "user": 1.5691811,
      "system": 0.0625189,
      "min": 0.5144733960000001,
      "max": 0.559789728,
      "times": [
        0.517376417,
        0.55504502,
        0.5501625400000001,
        0.5594225620000001,
        0.554541228,
        0.555654469,
        0.5157213930000001,
        0.5144733960000001,
        0.556950878,
        0.559789728
      ],
      "memory_usage_byte": [
        51249152,
        51249152,
        51249152,
        51249152,
        51249152,
        51249152,
        51249152,
        51249152,
        51249152,
        51249152
      ],
      "exit_codes": [
        0,
        0,
        0,
        0,
        0,
        0,
        0,
        0,
        0,
        0
      ]
    },
    {
      "command": "gomarklint",
      "mean": 0.0298197553,
      "stddev": 0.0006645568253931919,
      "median": 0.029717331500000003,
      "user": 0.07145589999999999,
      "system": 0.013168400000000002,
      "min": 0.028865905,
      "max": 0.031285371,
      "times": [
        0.029898174000000003,
        0.030032698000000004,
        0.030028672000000003,
        0.029514926,
        0.02933911,
        0.029536489000000003,
        0.029392070000000003,
        0.030304138,
        0.028865905,
        0.031285371
      ],
      "memory_usage_byte": [
        51249152,
        51249152,
        51249152,
        51249152,
        51249152,
        51249152,
        51249152,
        51249152,
        51249152,
        51249152
      ],
      "exit_codes": [
        1,
        1,
        1,
        1,
        1,
        1,
        1,
        1,
        1,
        1
      ]
    },
    {
      "command": "mdsmith-parity",
      "mean": 0.052967724800000004,
      "stddev": 0.0006829372051079242,
      "median": 0.052823464,
      "user": 0.14635719999999997,
      "system": 0.0128957,
      "min": 0.052063285,
      "max": 0.054508299,
      "times": [
        0.053113472,
        0.052769613,
        0.05286718000000001,
        0.054508299,
        0.052063285,
        0.052464922000000004,
        0.052425032,
        0.052779748,
        0.053153703000000004,
        0.053531994000000006
      ],
      "memory_usage_byte": [
        51249152,
        51249152,
        51249152,
        51249152,
        51249152,
        51249152,
        51249152,
        51249152,
        51249152,
        51249152
      ],
      "exit_codes": [
        1,
        1,
        1,
        1,
        1,
        1,
        1,
        1,
        1,
        1
      ]
    },
    {
      "command": "mdsmith",
      "mean": 0.14465043560000002,
      "stddev": 0.00570468718249741,
      "median": 0.1419901965,
      "user": 0.4176638,
      "system": 0.0360506,
      "min": 0.141295381,
      "max": 0.157301035,
      "times": [
        0.157301035,
        0.14191241400000001,
        0.142691981,
        0.153265332,
        0.141543156,
        0.142067979,
        0.141862533,
        0.141295381,
        0.142888588,
        0.14167595700000002
      ],
      "memory_usage_byte": [
        51703808,
        51703808,
        51703808,
        51703808,
        51703808,
        51703808,
        51703808,
        51703808,
        51703808,
        51703808
      ],
      "exit_codes": [
        1,
        1,
        1,
        1,
        1,
        1,
        1,
        1,
        1,
        1
      ]
    }
  ]
}
