{
  "results": [
    {
      "command": "mado",
      "mean": 0.05165003490000001,
      "stddev": 0.0024752470661990014,
      "median": 0.051093056500000004,
      "user": 0.0803557,
      "system": 0.0167684,
      "min": 0.049132849000000006,
      "max": 0.055481784000000006,
      "times": [
        0.054813074,
        0.052054989,
        0.049189555,
        0.050131124000000006,
        0.049352990000000006,
        0.049638754,
        0.049132849000000006,
        0.055481784000000006,
        0.053839455,
        0.052865775000000004
      ],
      "memory_usage_byte": [
        33415168,
        33415168,
        33415168,
        33415168,
        33415168,
        33415168,
        33415168,
        33415168,
        33415168,
        33415168
      ],
      "exit_codes": [
        1,
        1,
        1,
        1,
        1,
        1,
        1,
        1,
        1,
        1
      ]
    },
    {
      "command": "rumdl",
      "mean": 0.25523104350000003,
      "stddev": 0.016017806723725596,
      "median": 0.248404211,
      "user": 0.7298241999999999,
      "system": 0.0604881,
      "min": 0.238537618,
      "max": 0.292081716,
      "times": [
        0.292081716,
        0.262201069,
        0.269011859,
        0.259026429,
        0.24921938400000002,
        0.247589038,
        0.238537618,
        0.24331581000000002,
        0.24574288100000002,
        0.24558463100000003
      ],
      "memory_usage_byte": [
        50274304,
        50274304,
        50274304,
        50274304,
        50274304,
        50274304,
        50274304,
        50274304,
        51384320,
        51384320
      ],
      "exit_codes": [
        1,
        1,
        1,
        1,
        1,
        1,
        1,
        1,
        1,
        1
      ]
    },
    {
      "command": "panache",
      "mean": 0.44962787750000005,
      "stddev": 0.0024720414560633584,
      "median": 0.45008072250000003,
      "user": 1.6212947,
      "system": 0.11544600000000001,
      "min": 0.445784249,
      "max": 0.45310780500000003,
      "times": [
        0.452080786,
        0.449285211,
        0.45310780500000003,
        0.445784249,
        0.448175918,
        0.446990182,
        0.45130208000000005,
        0.45087623400000004,
        0.45138589700000004,
        0.44729041300000005
      ],
      "memory_usage_byte": [
        51384320,
        51384320,
        51384320,
        51384320,
        51384320,
        51384320,
        51384320,
        51384320,
        51384320,
        51384320
      ],
      "exit_codes": [
        0,
        0,
        0,
        0,
        0,
        0,
        0,
        0,
        0,
        0
      ]
    },
    {
      "command": "mdsmith-parity",
      "mean": 0.1410855112,
      "stddev": 0.0010179473006549102,
      "median": 0.14113700350000002,
      "user": 0.4217346,
      "system": 0.0475867,
      "min": 0.13889315900000002,
      "max": 0.142372792,
      "times": [
        0.13889315900000002,
        0.142372792,
        0.14179465700000002,
        0.14120823400000002,
        0.141065773,
        0.140741634,
        0.140118029,
        0.142122254,
        0.141540817,
        0.140997763
      ],
      "memory_usage_byte": [
        51384320,
        51384320,
        51384320,
        51384320,
        51384320,
        51384320,
        51384320,
        51384320,
        51384320,
        51384320
      ],
      "exit_codes": [
        1,
        1,
        1,
        1,
        1,
        1,
        1,
        1,
        1,
        1
      ]
    },
    {
      "command": "mdsmith",
      "mean": 0.45135798020000006,
      "stddev": 0.00847945473895973,
      "median": 0.45283015600000004,
      "user": 1.0679439,
      "system": 0.49951049999999997,
      "min": 0.43503029000000004,
      "max": 0.46132001400000006,
      "times": [
        0.452012944,
        0.44021884600000005,
        0.43503029000000004,
        0.447424841,
        0.457277431,
        0.45364736800000005,
        0.46132001400000006,
        0.45990866100000005,
        0.45022275900000003,
        0.456516648
      ],
      "memory_usage_byte": [
        51384320,
        51384320,
        51384320,
        51384320,
        51384320,
        51384320,
        51384320,
        51384320,
        51384320,
        51384320
      ],
      "exit_codes": [
        1,
        1,
        1,
        1,
        1,
        1,
        1,
        1,
        1,
        1
      ]
    }
  ]
}
