{
  "results": [
    {
      "command": "mado",
      "mean": 0.0596917068,
      "stddev": 0.005417909930446219,
      "median": 0.058596357,
      "user": 0.09251069999999999,
      "system": 0.019759699999999998,
      "min": 0.054372361,
      "max": 0.07241520600000001,
      "times": [
        0.062920501,
        0.07241520600000001,
        0.055398066,
        0.055832877,
        0.05737542700000001,
        0.06227138300000001,
        0.06091190900000001,
        0.055602051000000006,
        0.059817287000000004,
        0.054372361
      ],
      "memory_usage_byte": [
        30863360,
        30863360,
        30863360,
        30863360,
        30863360,
        30863360,
        30863360,
        30863360,
        30863360,
        30863360
      ],
      "exit_codes": [
        1,
        1,
        1,
        1,
        1,
        1,
        1,
        1,
        1,
        1
      ]
    },
    {
      "command": "rumdl",
      "mean": 0.27107815090000004,
      "stddev": 0.006202505572680705,
      "median": 0.26935888100000005,
      "user": 0.8272468,
      "system": 0.0633542,
      "min": 0.264293361,
      "max": 0.283885257,
      "times": [
        0.272167796,
        0.283885257,
        0.26799960300000003,
        0.264807281,
        0.26912741,
        0.279326,
        0.271894911,
        0.267689538,
        0.264293361,
        0.26959035200000003
      ],
      "memory_usage_byte": [
        50925568,
        51269632,
        51269632,
        51269632,
        51269632,
        51269632,
        51269632,
        51269632,
        51269632,
        51269632
      ],
      "exit_codes": [
        1,
        1,
        1,
        1,
        1,
        1,
        1,
        1,
        1,
        1
      ]
    },
    {
      "command": "panache",
      "mean": 0.5572345466,
      "stddev": 0.053677769234161316,
      "median": 0.535419675,
      "user": 1.8169038999999998,
      "system": 0.12452270000000001,
      "min": 0.50621494,
      "max": 0.633529766,
      "times": [
        0.50905137,
        0.511079645,
        0.558032037,
        0.633529766,
        0.50621494,
        0.6100936370000001,
        0.512807313,
        0.6109357360000001,
        0.612188638,
        0.508412384
      ],
      "memory_usage_byte": [
        51269632,
        51269632,
        51269632,
        51269632,
        51269632,
        51269632,
        51269632,
        51269632,
        51269632,
        51269632
      ],
      "exit_codes": [
        0,
        0,
        0,
        0,
        0,
        0,
        0,
        0,
        0,
        0
      ]
    },
    {
      "command": "mdsmith-parity",
      "mean": 0.16072350420000003,
      "stddev": 0.0029541297197200156,
      "median": 0.16084289950000003,
      "user": 0.4717744,
      "system": 0.06048349999999999,
      "min": 0.15511528000000002,
      "max": 0.16640379500000002,
      "times": [
        0.16116075600000002,
        0.15962880100000001,
        0.15845430700000002,
        0.162439935,
        0.15511528000000002,
        0.16640379500000002,
        0.15940837800000002,
        0.160525043,
        0.162214149,
        0.16188459800000002
      ],
      "memory_usage_byte": [
        51269632,
        51269632,
        51269632,
        51269632,
        51269632,
        51269632,
        51269632,
        51269632,
        51269632,
        51269632
      ],
      "exit_codes": [
        1,
        1,
        1,
        1,
        1,
        1,
        1,
        1,
        1,
        1
      ]
    },
    {
      "command": "mdsmith",
      "mean": 0.5318180167000001,
      "stddev": 0.010156191853378736,
      "median": 0.5315075855,
      "user": 1.2255083,
      "system": 0.5224863000000001,
      "min": 0.515923221,
      "max": 0.54767959,
      "times": [
        0.5415142700000001,
        0.534550937,
        0.529994009,
        0.5313011200000001,
        0.515994378,
        0.5398227210000001,
        0.54767959,
        0.515923221,
        0.531714051,
        0.52968587
      ],
      "memory_usage_byte": [
        51269632,
        51269632,
        51269632,
        51269632,
        51269632,
        51269632,
        51269632,
        51269632,
        51269632,
        51269632
      ],
      "exit_codes": [
        1,
        1,
        1,
        1,
        1,
        1,
        1,
        1,
        1,
        1
      ]
    }
  ]
}
