{
  "results": [
    {
      "command": "markdownlint-cli2",
      "mean": 3.1269787146666665,
      "stddev": 0.09343767053887043,
      "median": 3.0972581545,
      "user": 4.700277166666667,
      "system": 0.2590368333333333,
      "min": 3.031315867,
      "max": 3.28798784,
      "times": [
        3.176627936,
        3.28798784,
        3.072161193,
        3.122355116,
        3.071424336,
        3.031315867
      ],
      "memory_usage_byte": [
        372895744,
        372895744,
        372895744,
        372895744,
        372895744,
        372895744
      ],
      "exit_codes": [
        1,
        1,
        1,
        1,
        1,
        1
      ]
    }
  ]
}
