{
  "results": [
    {
      "command": "markdownlint-cli2",
      "mean": 4.8953946408333335,
      "stddev": 0.11495375684149434,
      "median": 4.885792482,
      "user": 7.333271333333332,
      "system": 0.41767083333333327,
      "min": 4.738344545,
      "max": 5.089708355,
      "times": [
        5.089708355,
        4.8670551710000005,
        4.738344545,
        4.92241796,
        4.850312021,
        4.904529793
      ],
      "memory_usage_byte": [
        387080192,
        387080192,
        387080192,
        387293184,
        390238208,
        390238208
      ],
      "exit_codes": [
        1,
        1,
        1,
        1,
        1,
        1
      ]
    }
  ]
}
