{
  "results": [
    {
      "command": "markdownlint-cli2",
      "mean": 3.925470131833334,
      "stddev": 0.05716982125036787,
      "median": 3.928041362,
      "user": 6.028502333333333,
      "system": 0.30002033333333333,
      "min": 3.8464770880000003,
      "max": 4.006263521,
      "times": [
        3.880517383,
        4.006263521,
        3.8464770880000003,
        3.93496024,
        3.963480075,
        3.921122484
      ],
      "memory_usage_byte": [
        377229312,
        377229312,
        377229312,
        379121664,
        379121664,
        379121664
      ],
      "exit_codes": [
        1,
        1,
        1,
        1,
        1,
        1
      ]
    }
  ]
}
