{
  "results": [
    {
      "command": "mado",
      "mean": 0.04722425200000001,
      "stddev": 0.003972046085028694,
      "median": 0.045083264500000005,
      "user": 0.07557149999999999,
      "system": 0.0083597,
      "min": 0.044301793000000006,
      "max": 0.054751149000000006,
      "times": [
        0.044977639,
        0.044301793000000006,
        0.045128033000000005,
        0.05300055,
        0.054751149000000006,
        0.045038496000000004,
        0.044767707000000004,
        0.045159808,
        0.044501334000000003,
        0.050616011
      ],
      "memory_usage_byte": [
        33271808,
        33271808,
        33271808,
        33271808,
        33271808,
        33271808,
        33271808,
        33271808,
        33271808,
        33271808
      ],
      "exit_codes": [
        1,
        1,
        1,
        1,
        1,
        1,
        1,
        1,
        1,
        1
      ]
    },
    {
      "command": "rumdl",
      "mean": 0.19472436900000004,
      "stddev": 0.0024461843481937764,
      "median": 0.194763336,
      "user": 0.6492902,
      "system": 0.0323229,
      "min": 0.190629603,
      "max": 0.199575211,
      "times": [
        0.196271768,
        0.19423414400000003,
        0.19630593100000002,
        0.194756432,
        0.19477024,
        0.190629603,
        0.192631551,
        0.199575211,
        0.19279235800000002,
        0.19527645200000002
      ],
      "memory_usage_byte": [
        50495488,
        50495488,
        50495488,
        50495488,
        50495488,
        50495488,
        52076544,
        52076544,
        52076544,
        52076544
      ],
      "exit_codes": [
        1,
        1,
        1,
        1,
        1,
        1,
        1,
        1,
        1,
        1
      ]
    },
    {
      "command": "panache",
      "mean": 0.5521990726,
      "stddev": 0.011126592148933481,
      "median": 0.5539453025000001,
      "user": 1.5986597,
      "system": 0.0527925,
      "min": 0.522150333,
      "max": 0.562109953,
      "times": [
        0.554661481,
        0.553229124,
        0.522150333,
        0.5568887260000001,
        0.55171342,
        0.558171035,
        0.559096565,
        0.562109953,
        0.5524167,
        0.5515533890000001
      ],
      "memory_usage_byte": [
        52076544,
        52076544,
        52076544,
        52076544,
        52076544,
        52076544,
        52076544,
        52076544,
        52076544,
        52076544
      ],
      "exit_codes": [
        0,
        0,
        0,
        0,
        0,
        0,
        0,
        0,
        0,
        0
      ]
    },
    {
      "command": "mdsmith-parity",
      "mean": 0.1820355567,
      "stddev": 0.002036205490077782,
      "median": 0.18146773000000002,
      "user": 0.48653649999999987,
      "system": 0.0406442,
      "min": 0.179338237,
      "max": 0.185022288,
      "times": [
        0.182904002,
        0.179338237,
        0.180619091,
        0.184626684,
        0.179916866,
        0.18417387600000001,
        0.180819063,
        0.185022288,
        0.18098887000000002,
        0.18194659000000002
      ],
      "memory_usage_byte": [
        52076544,
        52076544,
        52076544,
        52076544,
        52076544,
        52076544,
        52076544,
        52076544,
        52076544,
        52076544
      ],
      "exit_codes": [
        1,
        1,
        1,
        1,
        1,
        1,
        1,
        1,
        1,
        1
      ]
    },
    {
      "command": "mdsmith",
      "mean": 0.3398919168,
      "stddev": 0.001958931141358055,
      "median": 0.33972345800000003,
      "user": 0.9774821000000001,
      "system": 0.0791815,
      "min": 0.336475585,
      "max": 0.344185884,
      "times": [
        0.344185884,
        0.339256388,
        0.338596019,
        0.341135342,
        0.33969509000000003,
        0.33975182600000003,
        0.339243524,
        0.340254121,
        0.34032538900000003,
        0.336475585
      ],
      "memory_usage_byte": [
        54534144,
        54534144,
        54534144,
        54534144,
        54534144,
        54534144,
        54534144,
        54534144,
        54534144,
        54534144
      ],
      "exit_codes": [
        1,
        1,
        1,
        1,
        1,
        1,
        1,
        1,
        1,
        1
      ]
    }
  ]
}
