{
  "results": [
    {
      "command": "mado",
      "mean": 0.053609487700000014,
      "stddev": 0.0004438922496369908,
      "median": 0.053665273,
      "user": 0.0804717,
      "system": 0.0192907,
      "min": 0.052849397000000006,
      "max": 0.054526025000000006,
      "times": [
        0.053699679,
        0.052849397000000006,
        0.053386167000000005,
        0.054526025000000006,
        0.053598058000000004,
        0.053136930000000006,
        0.053630867000000006,
        0.053711456000000005,
        0.053834667,
        0.053721631000000006
      ],
      "memory_usage_byte": [
        29077504,
        29077504,
        29077504,
        29077504,
        29077504,
        29077504,
        29077504,
        29077504,
        29077504,
        29077504
      ],
      "exit_codes": [
        1,
        1,
        1,
        1,
        1,
        1,
        1,
        1,
        1,
        1
      ]
    },
    {
      "command": "rumdl",
      "mean": 0.2666858431000001,
      "stddev": 0.013082822554819549,
      "median": 0.262967184,
      "user": 0.7753603,
      "system": 0.0690421,
      "min": 0.254730985,
      "max": 0.30048763100000003,
      "times": [
        0.259119806,
        0.260824365,
        0.26052742700000003,
        0.254730985,
        0.273032165,
        0.258060426,
        0.269354652,
        0.26561097100000003,
        0.30048763100000003,
        0.26511000300000004
      ],
      "memory_usage_byte": [
        51081216,
        51081216,
        51081216,
        51081216,
        52047872,
        52047872,
        52047872,
        52047872,
        52047872,
        52047872
      ],
      "exit_codes": [
        1,
        1,
        1,
        1,
        1,
        1,
        1,
        1,
        1,
        1
      ]
    },
    {
      "command": "panache",
      "mean": 0.5324894308999999,
      "stddev": 0.04875268019536847,
      "median": 0.501398168,
      "user": 1.7396527,
      "system": 0.13838820000000002,
      "min": 0.497855425,
      "max": 0.609857367,
      "times": [
        0.609857367,
        0.521878438,
        0.497855425,
        0.49868152000000004,
        0.498451436,
        0.501304335,
        0.498787831,
        0.501492001,
        0.603887042,
        0.5926989140000001
      ],
      "memory_usage_byte": [
        52047872,
        52047872,
        52047872,
        52047872,
        52047872,
        52047872,
        52047872,
        52047872,
        52047872,
        52047872
      ],
      "exit_codes": [
        0,
        0,
        0,
        0,
        0,
        0,
        0,
        0,
        0,
        0
      ]
    },
    {
      "command": "mdsmith-parity",
      "mean": 0.15681199120000003,
      "stddev": 0.0022415129810470875,
      "median": 0.15714818900000002,
      "user": 0.4318166,
      "system": 0.06666439999999998,
      "min": 0.15206956900000002,
      "max": 0.159492625,
      "times": [
        0.15739154200000002,
        0.15690483600000002,
        0.15445228600000002,
        0.159320812,
        0.15635506600000001,
        0.15630335,
        0.15838171,
        0.157448116,
        0.159492625,
        0.15206956900000002
      ],
      "memory_usage_byte": [
        52047872,
        52047872,
        52047872,
        52047872,
        52047872,
        52047872,
        52047872,
        52047872,
        52047872,
        52047872
      ],
      "exit_codes": [
        1,
        1,
        1,
        1,
        1,
        1,
        1,
        1,
        1,
        1
      ]
    },
    {
      "command": "mdsmith",
      "mean": 0.5244163027000002,
      "stddev": 0.01041605434147915,
      "median": 0.521361647,
      "user": 1.156337,
      "system": 0.5569487,
      "min": 0.509884352,
      "max": 0.5422867690000001,
      "times": [
        0.521210606,
        0.5311289410000001,
        0.5422867690000001,
        0.519357916,
        0.5154598690000001,
        0.509884352,
        0.5247871080000001,
        0.5399711500000001,
        0.5215126880000001,
        0.518563628
      ],
      "memory_usage_byte": [
        52047872,
        52047872,
        52047872,
        52047872,
        52047872,
        52047872,
        52047872,
        52047872,
        52047872,
        52047872
      ],
      "exit_codes": [
        1,
        1,
        1,
        1,
        1,
        1,
        1,
        1,
        1,
        1
      ]
    }
  ]
}
