{
  "results": [
    {
      "command": "mado",
      "mean": 0.0458291482,
      "stddev": 0.0016343957600382687,
      "median": 0.04529543700000001,
      "user": 0.07230679999999999,
      "system": 0.008651099999999998,
      "min": 0.044796743,
      "max": 0.050380215000000006,
      "times": [
        0.045157048000000005,
        0.045340558,
        0.044796743,
        0.050380215000000006,
        0.045474316,
        0.045250316000000006,
        0.045776881000000005,
        0.044990484000000004,
        0.045925400000000005,
        0.045199521
      ],
      "memory_usage_byte": [
        29458432,
        29458432,
        29458432,
        29458432,
        29458432,
        29458432,
        33632256,
        33632256,
        33632256,
        33632256
      ],
      "exit_codes": [
        1,
        1,
        1,
        1,
        1,
        1,
        1,
        1,
        1,
        1
      ]
    },
    {
      "command": "rumdl",
      "mean": 0.19098385170000004,
      "stddev": 0.002758315566384316,
      "median": 0.19092328600000003,
      "user": 0.61287,
      "system": 0.0388395,
      "min": 0.186626382,
      "max": 0.19475951100000002,
      "times": [
        0.190679237,
        0.19116733500000002,
        0.19422894100000002,
        0.186626382,
        0.19475951100000002,
        0.193766079,
        0.190027517,
        0.188326033,
        0.18820614600000002,
        0.19205133600000002
      ],
      "memory_usage_byte": [
        49889280,
        49889280,
        49889280,
        49889280,
        49889280,
        49889280,
        49889280,
        49889280,
        49889280,
        50298880
      ],
      "exit_codes": [
        1,
        1,
        1,
        1,
        1,
        1,
        1,
        1,
        1,
        1
      ]
    },
    {
      "command": "panache",
      "mean": 0.5443966615,
      "stddev": 0.01159110374803956,
      "median": 0.5460442750000001,
      "user": 1.5609600999999997,
      "system": 0.061737799999999995,
      "min": 0.5129599930000001,
      "max": 0.554658171,
      "times": [
        0.546641904,
        0.554658171,
        0.5439124160000001,
        0.548132908,
        0.5445795480000001,
        0.5129599930000001,
        0.549770949,
        0.552483598,
        0.545446646,
        0.545380482
      ],
      "memory_usage_byte": [
        50298880,
        50298880,
        50298880,
        50298880,
        50298880,
        50298880,
        50298880,
        50298880,
        50298880,
        50298880
      ],
      "exit_codes": [
        0,
        0,
        0,
        0,
        0,
        0,
        0,
        0,
        0,
        0
      ]
    },
    {
      "command": "mdsmith-parity",
      "mean": 0.16590304620000002,
      "stddev": 0.0025389479324783282,
      "median": 0.166257491,
      "user": 0.3659951,
      "system": 0.06515689999999999,
      "min": 0.162689899,
      "max": 0.17109227500000002,
      "times": [
        0.167539241,
        0.16699122400000002,
        0.17109227500000002,
        0.162689899,
        0.16687167800000002,
        0.163519421,
        0.164905463,
        0.166424329,
        0.166090653,
        0.16290627900000001
      ],
      "memory_usage_byte": [
        50298880,
        50298880,
        50298880,
        50298880,
        50298880,
        50298880,
        50298880,
        50298880,
        50298880,
        50298880
      ],
      "exit_codes": [
        1,
        1,
        1,
        1,
        1,
        1,
        1,
        1,
        1,
        1
      ]
    },
    {
      "command": "mdsmith",
      "mean": 0.30505090870000007,
      "stddev": 0.030604270726337462,
      "median": 0.287507028,
      "user": 0.7086671999999999,
      "system": 0.09840799999999998,
      "min": 0.283674298,
      "max": 0.357964098,
      "times": [
        0.349117889,
        0.33938501000000004,
        0.357964098,
        0.289366501,
        0.283674298,
        0.285505114,
        0.285647555,
        0.290940839,
        0.284475758,
        0.28443202500000003
      ],
      "memory_usage_byte": [
        58789888,
        59162624,
        62644224,
        62644224,
        62644224,
        62644224,
        62644224,
        62644224,
        62644224,
        62644224
      ],
      "exit_codes": [
        1,
        1,
        1,
        1,
        1,
        1,
        1,
        1,
        1,
        1
      ]
    }
  ]
}
