{
  "results": [
    {
      "command": "mado",
      "mean": 0.048884739600000005,
      "stddev": 0.003543694347406083,
      "median": 0.04874687900000001,
      "user": 0.0777147,
      "system": 0.009075699999999999,
      "min": 0.045111754000000004,
      "max": 0.053625981,
      "times": [
        0.053625981,
        0.045571206,
        0.045542972,
        0.045862011,
        0.045755128000000006,
        0.045111754000000004,
        0.052162131,
        0.051631747000000006,
        0.051919677000000004,
        0.051664789
      ],
      "memory_usage_byte": [
        34037760,
        34037760,
        34037760,
        34037760,
        34037760,
        34037760,
        34037760,
        34037760,
        34037760,
        34037760
      ],
      "exit_codes": [
        1,
        1,
        1,
        1,
        1,
        1,
        1,
        1,
        1,
        1
      ]
    },
    {
      "command": "rumdl",
      "mean": 0.20041117490000002,
      "stddev": 0.015083787375178953,
      "median": 0.195360044,
      "user": 0.6482543999999999,
      "system": 0.035327300000000006,
      "min": 0.192194034,
      "max": 0.24234865200000003,
      "times": [
        0.24234865200000003,
        0.196073193,
        0.192194034,
        0.19569148600000003,
        0.19502860200000002,
        0.19836871,
        0.19415879100000002,
        0.203432838,
        0.194061789,
        0.19275365400000002
      ],
      "memory_usage_byte": [
        51712000,
        51712000,
        51712000,
        51712000,
        51712000,
        51712000,
        51712000,
        51712000,
        51712000,
        51712000
      ],
      "exit_codes": [
        1,
        1,
        1,
        1,
        1,
        1,
        1,
        1,
        1,
        1
      ]
    },
    {
      "command": "panache",
      "mean": 0.5360582906,
      "stddev": 0.008779219354033248,
      "median": 0.5402026185000001,
      "user": 1.6351159,
      "system": 0.0529274,
      "min": 0.521935535,
      "max": 0.543166601,
      "times": [
        0.538680397,
        0.5410622660000001,
        0.5416821190000001,
        0.523568363,
        0.5393429710000001,
        0.543166601,
        0.525205341,
        0.521935535,
        0.542825811,
        0.5431135020000001
      ],
      "memory_usage_byte": [
        51712000,
        51712000,
        51712000,
        51712000,
        51712000,
        51712000,
        51712000,
        51712000,
        51712000,
        51712000
      ],
      "exit_codes": [
        0,
        0,
        0,
        0,
        0,
        0,
        0,
        0,
        0,
        0
      ]
    },
    {
      "command": "mdsmith-parity",
      "mean": 0.16735556150000003,
      "stddev": 0.002378648798242638,
      "median": 0.16660556650000002,
      "user": 0.4057634,
      "system": 0.04872839999999999,
      "min": 0.164860257,
      "max": 0.17300082,
      "times": [
        0.165711263,
        0.166938837,
        0.166272296,
        0.166222202,
        0.17300082,
        0.164860257,
        0.16548832200000002,
        0.16756684800000002,
        0.168540833,
        0.168953937
      ],
      "memory_usage_byte": [
        51712000,
        51712000,
        51712000,
        51712000,
        51712000,
        51712000,
        51712000,
        51712000,
        51712000,
        51712000
      ],
      "exit_codes": [
        1,
        1,
        1,
        1,
        1,
        1,
        1,
        1,
        1,
        1
      ]
    },
    {
      "command": "mdsmith",
      "mean": 0.28827165760000006,
      "stddev": 0.00532016125762461,
      "median": 0.2867781285,
      "user": 0.7405925000000001,
      "system": 0.07917779999999999,
      "min": 0.283178567,
      "max": 0.300876464,
      "times": [
        0.29062176300000003,
        0.300876464,
        0.283877989,
        0.286404286,
        0.288581213,
        0.292342792,
        0.284579776,
        0.283178567,
        0.287151971,
        0.285101755
      ],
      "memory_usage_byte": [
        56791040,
        56799232,
        56799232,
        56799232,
        56799232,
        56799232,
        57032704,
        57032704,
        57032704,
        58736640
      ],
      "exit_codes": [
        1,
        1,
        1,
        1,
        1,
        1,
        1,
        1,
        1,
        1
      ]
    }
  ]
}
