{
  "results": [
    {
      "command": "mado",
      "mean": 0.0567232345,
      "stddev": 0.0031436182747592786,
      "median": 0.055630396500000005,
      "user": 0.0869195,
      "system": 0.0185323,
      "min": 0.054739867000000005,
      "max": 0.064612601,
      "times": [
        0.055010305,
        0.059858813000000004,
        0.056054407,
        0.055101050000000006,
        0.055584243000000005,
        0.055676550000000005,
        0.054739867000000005,
        0.055777198,
        0.054817311,
        0.064612601
      ],
      "memory_usage_byte": [
        29032448,
        29032448,
        29032448,
        29032448,
        29032448,
        29032448,
        29032448,
        29032448,
        29032448,
        29032448
      ],
      "exit_codes": [
        1,
        1,
        1,
        1,
        1,
        1,
        1,
        1,
        1,
        1
      ]
    },
    {
      "command": "rumdl",
      "mean": 0.27457946590000004,
      "stddev": 0.006442024824498907,
      "median": 0.27512357100000007,
      "user": 0.7940408999999999,
      "system": 0.067705,
      "min": 0.26339708500000003,
      "max": 0.28268898400000003,
      "times": [
        0.28268898400000003,
        0.272812245,
        0.26339708500000003,
        0.27742851900000004,
        0.27519796500000004,
        0.27133191900000003,
        0.27504917700000003,
        0.28101964900000004,
        0.265812231,
        0.28105688500000003
      ],
      "memory_usage_byte": [
        50978816,
        51597312,
        51597312,
        51597312,
        51597312,
        51597312,
        52457472,
        52457472,
        52457472,
        52457472
      ],
      "exit_codes": [
        1,
        1,
        1,
        1,
        1,
        1,
        1,
        1,
        1,
        1
      ]
    },
    {
      "command": "panache",
      "mean": 0.5517350339000001,
      "stddev": 0.054978412694308594,
      "median": 0.5161039425,
      "user": 1.7669149000000002,
      "system": 0.1386394,
      "min": 0.5026879860000001,
      "max": 0.6170256070000001,
      "times": [
        0.509154514,
        0.5204872540000001,
        0.61533505,
        0.5026879860000001,
        0.507032935,
        0.6170256070000001,
        0.615722881,
        0.511720631,
        0.613399003,
        0.504784478
      ],
      "memory_usage_byte": [
        52457472,
        52457472,
        52457472,
        52457472,
        52457472,
        52457472,
        52457472,
        52457472,
        52457472,
        52457472
      ],
      "exit_codes": [
        0,
        0,
        0,
        0,
        0,
        0,
        0,
        0,
        0,
        0
      ]
    },
    {
      "command": "mdsmith-parity",
      "mean": 0.1588657688,
      "stddev": 0.0019368772247973368,
      "median": 0.15874862100000003,
      "user": 0.45296269999999994,
      "system": 0.06772009999999998,
      "min": 0.155984978,
      "max": 0.162469249,
      "times": [
        0.15929926700000002,
        0.162469249,
        0.15832352900000002,
        0.15733385800000002,
        0.15756635200000002,
        0.155984978,
        0.157853615,
        0.16146126800000002,
        0.15917371300000002,
        0.15919185900000002
      ],
      "memory_usage_byte": [
        52457472,
        52457472,
        52457472,
        52457472,
        52457472,
        52457472,
        52457472,
        52457472,
        52457472,
        52457472
      ],
      "exit_codes": [
        1,
        1,
        1,
        1,
        1,
        1,
        1,
        1,
        1,
        1
      ]
    },
    {
      "command": "mdsmith",
      "mean": 0.5499424592000001,
      "stddev": 0.007368353344960498,
      "median": 0.5482724700000001,
      "user": 1.231158,
      "system": 0.588111,
      "min": 0.541751858,
      "max": 0.5627486110000001,
      "times": [
        0.5627486110000001,
        0.5481643900000001,
        0.548227474,
        0.548643548,
        0.562620652,
        0.5483174660000001,
        0.541751858,
        0.551619158,
        0.545211173,
        0.5421202620000001
      ],
      "memory_usage_byte": [
        52457472,
        52457472,
        52457472,
        52457472,
        52457472,
        52457472,
        52457472,
        52457472,
        52457472,
        52457472
      ],
      "exit_codes": [
        1,
        1,
        1,
        1,
        1,
        1,
        1,
        1,
        1,
        1
      ]
    }
  ]
}
