{
  "results": [
    {
      "command": "markdownlint-cli2",
      "mean": 3.333867722166667,
      "stddev": 0.04835371139982794,
      "median": 3.3293885355,
      "user": 5.058931,
      "system": 0.3316116666666667,
      "min": 3.273368189,
      "max": 3.409406745,
      "times": [
        3.409406745,
        3.364437811,
        3.327641803,
        3.297216517,
        3.273368189,
        3.331135268
      ],
      "memory_usage_byte": [
        413024256,
        413786112,
        413786112,
        413786112,
        413786112,
        413786112
      ],
      "exit_codes": [
        1,
        1,
        1,
        1,
        1,
        1
      ]
    }
  ]
}
