{
  "results": [
    {
      "command": "markdownlint-cli2",
      "mean": 4.409298923,
      "stddev": 0.156860040298287,
      "median": 4.3416545045,
      "user": 6.592753000000001,
      "system": 0.41118049999999995,
      "min": 4.308150347,
      "max": 4.719203919,
      "times": [
        4.719203919,
        4.308150347,
        4.3243123180000005,
        4.330557779,
        4.35275123,
        4.420817945
      ],
      "memory_usage_byte": [
        386985984,
        386985984,
        386985984,
        386985984,
        404434944,
        404434944
      ],
      "exit_codes": [
        1,
        1,
        1,
        1,
        1,
        1
      ]
    }
  ]
}
