{
  "results": [
    {
      "command": "markdownlint-cli2",
      "mean": 3.2223062893333334,
      "stddev": 0.11467505453031154,
      "median": 3.2134307189999998,
      "user": 4.848372499999999,
      "system": 0.34537949999999995,
      "min": 3.061501489,
      "max": 3.347357981,
      "times": [
        3.347357981,
        3.152681885,
        3.061501489,
        3.258652156,
        3.168209282,
        3.345434943
      ],
      "memory_usage_byte": [
        386011136,
        386011136,
        386011136,
        386011136,
        386011136,
        399130624
      ],
      "exit_codes": [
        1,
        1,
        1,
        1,
        1,
        1
      ]
    }
  ]
}
