{
  "results": [
    {
      "command": "markdownlint-cli2",
      "mean": 4.2128159705,
      "stddev": 0.07987752356213947,
      "median": 4.1837736405,
      "user": 6.349378166666667,
      "system": 0.3920848333333333,
      "min": 4.145435494,
      "max": 4.339431583,
      "times": [
        4.339431583,
        4.276814325,
        4.145435494,
        4.158245435,
        4.14766714,
        4.209301846
      ],
      "memory_usage_byte": [
        374677504,
        374677504,
        374677504,
        374677504,
        382152704,
        382152704
      ],
      "exit_codes": [
        1,
        1,
        1,
        1,
        1,
        1
      ]
    }
  ]
}
