{
  "results": [
    {
      "command": "markdownlint-cli2",
      "mean": 3.1725443880000004,
      "stddev": 0.10178694918997748,
      "median": 3.1287969985000004,
      "user": 4.827009666666666,
      "system": 0.3713303333333333,
      "min": 3.107881077,
      "max": 3.371365442,
      "times": [
        3.186698694,
        3.371365442,
        3.107881077,
        3.142306383,
        3.111727118,
        3.115287614
      ],
      "memory_usage_byte": [
        383275008,
        383275008,
        383275008,
        383275008,
        383275008,
        383275008
      ],
      "exit_codes": [
        1,
        1,
        1,
        1,
        1,
        1
      ]
    }
  ]
}
