{
  "results": [
    {
      "command": "markdownlint-cli2",
      "mean": 3.1279477500000006,
      "stddev": 0.07223546133567284,
      "median": 3.1089883595,
      "user": 4.641752666666667,
      "system": 0.3267596666666666,
      "min": 3.060216085,
      "max": 3.236447146,
      "times": [
        3.064038641,
        3.236447146,
        3.189007909,
        3.084509003,
        3.060216085,
        3.133467716
      ],
      "memory_usage_byte": [
        390967296,
        390967296,
        390967296,
        390967296,
        390967296,
        390967296
      ],
      "exit_codes": [
        1,
        1,
        1,
        1,
        1,
        1
      ]
    }
  ]
}
