{
  "results": [
    {
      "command": "markdownlint-cli2",
      "mean": 3.0518335728333335,
      "stddev": 0.053918173974540184,
      "median": 3.0446966445,
      "user": 4.568663833333333,
      "system": 0.3151311666666667,
      "min": 2.987828119,
      "max": 3.128617067,
      "times": [
        3.005491219,
        3.128617067,
        3.099671743,
        2.987828119,
        3.04304308,
        3.046350209
      ],
      "memory_usage_byte": [
        343068672,
        386301952,
        386301952,
        386301952,
        386301952,
        386301952
      ],
      "exit_codes": [
        1,
        1,
        1,
        1,
        1,
        1
      ]
    }
  ]
}
