{
  "results": [
    {
      "command": "markdownlint-cli2",
      "mean": 3.176501460666666,
      "stddev": 0.05231608195273254,
      "median": 3.1636918175,
      "user": 4.772307666666666,
      "system": 0.2508073333333333,
      "min": 3.122796584,
      "max": 3.253703729,
      "times": [
        3.122796584,
        3.163251758,
        3.130077433,
        3.253703729,
        3.164131877,
        3.225047383
      ],
      "memory_usage_byte": [
        372080640,
        372080640,
        372080640,
        372080640,
        373555200,
        373555200
      ],
      "exit_codes": [
        1,
        1,
        1,
        1,
        1,
        1
      ]
    }
  ]
}
