{
  "results": [
    {
      "command": "markdownlint-cli2",
      "mean": 3.031154948833333,
      "stddev": 0.027328525887203824,
      "median": 3.028082888,
      "user": 4.468490666666667,
      "system": 0.3078773333333333,
      "min": 2.999151981,
      "max": 3.070280114,
      "times": [
        3.070280114,
        2.999151981,
        3.012402873,
        3.012387591,
        3.043762903,
        3.048944231
      ],
      "memory_usage_byte": [
        389210112,
        389210112,
        389210112,
        389210112,
        389210112,
        389210112
      ],
      "exit_codes": [
        1,
        1,
        1,
        1,
        1,
        1
      ]
    }
  ]
}
