{
  "results": [
    {
      "command": "mado",
      "mean": 0.049181902799999996,
      "stddev": 0.00048308086177754255,
      "median": 0.04902648550000001,
      "user": 0.0750405,
      "system": 0.0146985,
      "min": 0.048747689000000004,
      "max": 0.050334355000000004,
      "times": [
        0.049017410000000004,
        0.048747689000000004,
        0.049068915000000005,
        0.048801493,
        0.049458145,
        0.049010043,
        0.049541253,
        0.049035561000000005,
        0.048804164000000004,
        0.050334355000000004
      ],
      "memory_usage_byte": [
        29065216,
        29065216,
        29065216,
        29065216,
        29097984,
        29097984,
        29097984,
        29097984,
        29097984,
        29097984
      ],
      "exit_codes": [
        1,
        1,
        1,
        1,
        1,
        1,
        1,
        1,
        1,
        1
      ]
    },
    {
      "command": "rumdl",
      "mean": 0.2778389794000001,
      "stddev": 0.009993784312876258,
      "median": 0.279468414,
      "user": 0.8982512,
      "system": 0.0400168,
      "min": 0.264902219,
      "max": 0.294879337,
      "times": [
        0.264902219,
        0.268555139,
        0.279876332,
        0.26819412200000003,
        0.26816753800000004,
        0.294879337,
        0.279060496,
        0.287626547,
        0.284402596,
        0.28272546800000004
      ],
      "memory_usage_byte": [
        51687424,
        51687424,
        51687424,
        51765248,
        51765248,
        51765248,
        51765248,
        51765248,
        51888128,
        54599680
      ],
      "exit_codes": [
        1,
        1,
        1,
        1,
        1,
        1,
        1,
        1,
        1,
        1
      ]
    },
    {
      "command": "panache",
      "mean": 0.5263583795000001,
      "stddev": 0.04248946596786318,
      "median": 0.501129634,
      "user": 1.8407191,
      "system": 0.07511749999999999,
      "min": 0.498302809,
      "max": 0.592959463,
      "times": [
        0.588154841,
        0.582294493,
        0.499888396,
        0.49901773400000005,
        0.499002875,
        0.500679446,
        0.5015798220000001,
        0.592959463,
        0.498302809,
        0.5017039160000001
      ],
      "memory_usage_byte": [
        54599680,
        54599680,
        54599680,
        54599680,
        54599680,
        54599680,
        54599680,
        54599680,
        54599680,
        54599680
      ],
      "exit_codes": [
        0,
        0,
        0,
        0,
        0,
        0,
        0,
        0,
        0,
        0
      ]
    },
    {
      "command": "mdsmith-parity",
      "mean": 0.1474759564,
      "stddev": 0.001154993799442154,
      "median": 0.14732899300000002,
      "user": 0.46199770000000007,
      "system": 0.04110799999999999,
      "min": 0.146215233,
      "max": 0.149923949,
      "times": [
        0.14760224100000002,
        0.146687474,
        0.146215233,
        0.147424455,
        0.14684376700000001,
        0.147804236,
        0.148780182,
        0.146244496,
        0.149923949,
        0.147233531
      ],
      "memory_usage_byte": [
        54599680,
        54599680,
        54599680,
        54599680,
        54599680,
        54599680,
        54599680,
        54599680,
        54599680,
        54599680
      ],
      "exit_codes": [
        1,
        1,
        1,
        1,
        1,
        1,
        1,
        1,
        1,
        1
      ]
    },
    {
      "command": "mdsmith",
      "mean": 0.46917451030000007,
      "stddev": 0.008098759382224027,
      "median": 0.46663360200000004,
      "user": 1.2015476,
      "system": 0.36114209999999997,
      "min": 0.460242747,
      "max": 0.48220788000000003,
      "times": [
        0.48220788000000003,
        0.47580569800000005,
        0.465857183,
        0.460242747,
        0.46123601000000003,
        0.480027574,
        0.460834126,
        0.473072988,
        0.465050876,
        0.467410021
      ],
      "memory_usage_byte": [
        54599680,
        54599680,
        54599680,
        54599680,
        54599680,
        54599680,
        54599680,
        54599680,
        54599680,
        54599680
      ],
      "exit_codes": [
        1,
        1,
        1,
        1,
        1,
        1,
        1,
        1,
        1,
        1
      ]
    }
  ]
}
