{
  "results": [
    {
      "command": "markdownlint-cli2",
      "mean": 3.046328873166667,
      "stddev": 0.047447833389103244,
      "median": 3.0597485515000002,
      "user": 4.4778986666666665,
      "system": 0.321476,
      "min": 2.987955485,
      "max": 3.095034576,
      "times": [
        3.095034576,
        3.064634778,
        2.988137456,
        3.087348619,
        3.054862325,
        2.987955485
      ],
      "memory_usage_byte": [
        372875264,
        390696960,
        390696960,
        390696960,
        390696960,
        390696960
      ],
      "exit_codes": [
        1,
        1,
        1,
        1,
        1,
        1
      ]
    }
  ]
}
