{
  "results": [
    {
      "command": "markdownlint-cli2",
      "mean": 3.2527361003333333,
      "stddev": 0.07145670680738953,
      "median": 3.2448458915,
      "user": 4.901479833333334,
      "system": 0.27166683333333336,
      "min": 3.138398333,
      "max": 3.354185216,
      "times": [
        3.250251473,
        3.138398333,
        3.354185216,
        3.239040763,
        3.295100507,
        3.23944031
      ],
      "memory_usage_byte": [
        377954304,
        377954304,
        377954304,
        377954304,
        377954304,
        377954304
      ],
      "exit_codes": [
        1,
        1,
        1,
        1,
        1,
        1
      ]
    }
  ]
}
