{
  "results": [
    {
      "command": "markdownlint-cli2",
      "mean": 4.190223688,
      "stddev": 0.049044037240929754,
      "median": 4.1773433099999995,
      "user": 6.31876,
      "system": 0.4150008333333333,
      "min": 4.129248323,
      "max": 4.266919736,
      "times": [
        4.266919736,
        4.164898013,
        4.225589436,
        4.187402505,
        4.167284115,
        4.129248323
      ],
      "memory_usage_byte": [
        384729088,
        384729088,
        394153984,
        394153984,
        394153984,
        395505664
      ],
      "exit_codes": [
        1,
        1,
        1,
        1,
        1,
        1
      ]
    }
  ]
}
