{
  "results": [
    {
      "command": "markdownlint-cli2",
      "mean": 3.1402408660000005,
      "stddev": 0.05624756976318889,
      "median": 3.1332629955,
      "user": 4.7302558333333335,
      "system": 0.2734068333333333,
      "min": 3.083514582,
      "max": 3.231119597,
      "times": [
        3.155737203,
        3.231119597,
        3.169069468,
        3.110788788,
        3.091215558,
        3.083514582
      ],
      "memory_usage_byte": [
        383324160,
        387178496,
        387997696,
        387997696,
        387997696,
        387997696
      ],
      "exit_codes": [
        1,
        1,
        1,
        1,
        1,
        1
      ]
    }
  ]
}
