{
  "results": [
    {
      "command": "mado",
      "mean": 0.05913676019999999,
      "stddev": 0.0038808838072980187,
      "median": 0.057198409500000005,
      "user": 0.0938004,
      "system": 0.0182406,
      "min": 0.055921984,
      "max": 0.066531902,
      "times": [
        0.055921984,
        0.056502637,
        0.066531902,
        0.056571335,
        0.056632309000000006,
        0.062213282,
        0.057481482,
        0.06478067800000001,
        0.056915337,
        0.057816656
      ],
      "memory_usage_byte": [
        28884992,
        28884992,
        28884992,
        28930048,
        28930048,
        28930048,
        28930048,
        31088640,
        31088640,
        31088640
      ],
      "exit_codes": [
        1,
        1,
        1,
        1,
        1,
        1,
        1,
        1,
        1,
        1
      ]
    },
    {
      "command": "rumdl",
      "mean": 0.2906550672,
      "stddev": 0.007093304265174216,
      "median": 0.28823385300000004,
      "user": 0.8828843999999998,
      "system": 0.064037,
      "min": 0.28223029,
      "max": 0.301946561,
      "times": [
        0.28991320000000004,
        0.301946561,
        0.28223029,
        0.285823518,
        0.288670828,
        0.284032016,
        0.28779687800000003,
        0.29893181700000004,
        0.300259052,
        0.28694651200000004
      ],
      "memory_usage_byte": [
        53415936,
        53415936,
        53415936,
        53415936,
        53415936,
        53415936,
        53415936,
        53415936,
        53415936,
        53415936
      ],
      "exit_codes": [
        1,
        1,
        1,
        1,
        1,
        1,
        1,
        1,
        1,
        1
      ]
    },
    {
      "command": "panache",
      "mean": 0.5565733210000001,
      "stddev": 0.043029590830407555,
      "median": 0.536188992,
      "user": 1.9141822999999998,
      "system": 0.12965339999999997,
      "min": 0.5329512740000001,
      "max": 0.641337404,
      "times": [
        0.537355818,
        0.641337404,
        0.5350221660000001,
        0.634692592,
        0.534683855,
        0.5341648880000001,
        0.540249545,
        0.5407777,
        0.534497968,
        0.5329512740000001
      ],
      "memory_usage_byte": [
        53415936,
        53415936,
        53415936,
        53415936,
        53415936,
        53415936,
        53415936,
        53415936,
        53415936,
        53415936
      ],
      "exit_codes": [
        0,
        0,
        0,
        0,
        0,
        0,
        0,
        0,
        0,
        0
      ]
    },
    {
      "command": "mdsmith-parity",
      "mean": 0.16523180310000002,
      "stddev": 0.0022732655288716505,
      "median": 0.1648066145,
      "user": 0.4883527999999999,
      "system": 0.0570691,
      "min": 0.161147275,
      "max": 0.168858325,
      "times": [
        0.16404152200000002,
        0.16690284,
        0.168858325,
        0.161147275,
        0.16658229000000002,
        0.164721481,
        0.164204776,
        0.163352725,
        0.16761504900000002,
        0.164891748
      ],
      "memory_usage_byte": [
        53415936,
        53415936,
        53415936,
        53415936,
        53415936,
        53415936,
        53415936,
        53415936,
        53415936,
        53415936
      ],
      "exit_codes": [
        1,
        1,
        1,
        1,
        1,
        1,
        1,
        1,
        1,
        1
      ]
    },
    {
      "command": "mdsmith",
      "mean": 0.5642161008999999,
      "stddev": 0.009408568430512985,
      "median": 0.5624662775,
      "user": 1.3276151999999999,
      "system": 0.5380874999999999,
      "min": 0.54973773,
      "max": 0.584426494,
      "times": [
        0.568777347,
        0.5716540880000001,
        0.565663614,
        0.54973773,
        0.5648746520000001,
        0.559587943,
        0.558988334,
        0.560057903,
        0.5583929040000001,
        0.584426494
      ],
      "memory_usage_byte": [
        53415936,
        53415936,
        53415936,
        53415936,
        53415936,
        53415936,
        53415936,
        53415936,
        53415936,
        53415936
      ],
      "exit_codes": [
        1,
        1,
        1,
        1,
        1,
        1,
        1,
        1,
        1,
        1
      ]
    }
  ]
}
