{
  "results": [
    {
      "command": "mado",
      "mean": 0.0675339011,
      "stddev": 0.003039722445255832,
      "median": 0.06621028450000001,
      "user": 0.10358529999999999,
      "system": 0.0232209,
      "min": 0.065731646,
      "max": 0.074588422,
      "times": [
        0.06615868700000001,
        0.065930524,
        0.065731646,
        0.071686883,
        0.066129503,
        0.066013078,
        0.06657267900000001,
        0.06626570700000001,
        0.06626188200000001,
        0.074588422
      ],
      "memory_usage_byte": [
        29827072,
        29827072,
        29827072,
        29827072,
        29827072,
        29827072,
        31752192,
        31752192,
        31752192,
        31752192
      ],
      "exit_codes": [
        1,
        1,
        1,
        1,
        1,
        1,
        1,
        1,
        1,
        1
      ]
    },
    {
      "command": "rumdl",
      "mean": 0.33828298440000004,
      "stddev": 0.022046162127075157,
      "median": 0.33099975000000004,
      "user": 1.0047229999999998,
      "system": 0.07933459999999999,
      "min": 0.323513247,
      "max": 0.397946497,
      "times": [
        0.347395198,
        0.330372322,
        0.397946497,
        0.336092907,
        0.32592796500000004,
        0.323513247,
        0.33489370500000004,
        0.32931127800000004,
        0.331627178,
        0.32574954700000003
      ],
      "memory_usage_byte": [
        52121600,
        52121600,
        52314112,
        52314112,
        52314112,
        52314112,
        52858880,
        52858880,
        53481472,
        53481472
      ],
      "exit_codes": [
        1,
        1,
        1,
        1,
        1,
        1,
        1,
        1,
        1,
        1
      ]
    },
    {
      "command": "panache",
      "mean": 0.7166950821000001,
      "stddev": 0.07158634322969037,
      "median": 0.7590532575000001,
      "user": 2.0928987999999995,
      "system": 0.1474951,
      "min": 0.611878272,
      "max": 0.769870789,
      "times": [
        0.760596314,
        0.769870789,
        0.759896444,
        0.75888855,
        0.760390525,
        0.7590043040000001,
        0.7591022110000001,
        0.6150359390000001,
        0.6122874730000001,
        0.611878272
      ],
      "memory_usage_byte": [
        53481472,
        53481472,
        53481472,
        53481472,
        53481472,
        53481472,
        53481472,
        53481472,
        53481472,
        53481472
      ],
      "exit_codes": [
        0,
        0,
        0,
        0,
        0,
        0,
        0,
        0,
        0,
        0
      ]
    },
    {
      "command": "gomarklint",
      "mean": 0.05652053460000002,
      "stddev": 0.0031785121233956198,
      "median": 0.05613705100000001,
      "user": 0.1267404,
      "system": 0.0294637,
      "min": 0.053031129,
      "max": 0.064353693,
      "times": [
        0.055719266,
        0.054954077000000004,
        0.057010024000000006,
        0.055056009,
        0.056554836000000004,
        0.064353693,
        0.053031129,
        0.053558360000000006,
        0.058283908,
        0.056684044
      ],
      "memory_usage_byte": [
        53481472,
        53481472,
        53481472,
        53481472,
        53481472,
        53481472,
        53481472,
        53481472,
        53481472,
        53481472
      ],
      "exit_codes": [
        1,
        1,
        1,
        1,
        1,
        1,
        1,
        1,
        1,
        1
      ]
    },
    {
      "command": "mdsmith-parity",
      "mean": 0.061207959699999995,
      "stddev": 0.003018773155319043,
      "median": 0.0605224085,
      "user": 0.1771273,
      "system": 0.0238215,
      "min": 0.05912426900000001,
      "max": 0.069441213,
      "times": [
        0.061055109,
        0.069441213,
        0.060634857,
        0.059918461000000006,
        0.05912426900000001,
        0.059434024,
        0.061947499,
        0.060725894,
        0.059388311000000006,
        0.060409960000000006
      ],
      "memory_usage_byte": [
        53481472,
        53481472,
        53481472,
        53481472,
        53481472,
        53481472,
        53481472,
        53481472,
        53481472,
        53481472
      ],
      "exit_codes": [
        1,
        1,
        1,
        1,
        1,
        1,
        1,
        1,
        1,
        1
      ]
    },
    {
      "command": "mdsmith",
      "mean": 0.1778647307,
      "stddev": 0.0016620396625403756,
      "median": 0.17764035,
      "user": 0.5138303000000001,
      "system": 0.0644021,
      "min": 0.17540195800000002,
      "max": 0.180424531,
      "times": [
        0.177178737,
        0.180424531,
        0.17608942000000002,
        0.17933478400000002,
        0.17779414100000002,
        0.17540195800000002,
        0.17748655900000002,
        0.178120691,
        0.176726598,
        0.180089888
      ],
      "memory_usage_byte": [
        54104064,
        54104064,
        54104064,
        56467456,
        56467456,
        56467456,
        56467456,
        56467456,
        56467456,
        56467456
      ],
      "exit_codes": [
        1,
        1,
        1,
        1,
        1,
        1,
        1,
        1,
        1,
        1
      ]
    }
  ]
}
