{
  "results": [
    {
      "command": "mado",
      "mean": 0.050295350100000004,
      "stddev": 0.004956741827409176,
      "median": 0.047272069,
      "user": 0.08071849999999998,
      "system": 0.008575500000000002,
      "min": 0.046390879,
      "max": 0.059877592,
      "times": [
        0.059877592,
        0.04668692,
        0.04693407,
        0.046718278,
        0.051542848,
        0.047606992,
        0.05287683000000001,
        0.046937146000000006,
        0.057381946,
        0.046390879
      ],
      "memory_usage_byte": [
        31621120,
        31621120,
        31621120,
        31621120,
        31621120,
        31621120,
        31621120,
        31621120,
        31621120,
        31621120
      ],
      "exit_codes": [
        1,
        1,
        1,
        1,
        1,
        1,
        1,
        1,
        1,
        1
      ]
    },
    {
      "command": "rumdl",
      "mean": 0.19728414360000004,
      "stddev": 0.0012875832953386543,
      "median": 0.1975393095,
      "user": 0.6556697,
      "system": 0.0346843,
      "min": 0.19394860200000003,
      "max": 0.198493831,
      "times": [
        0.198493831,
        0.196708868,
        0.19749091400000002,
        0.19834674800000002,
        0.19775862300000002,
        0.19394860200000003,
        0.197587705,
        0.19737299500000002,
        0.197151773,
        0.19798137700000001
      ],
      "memory_usage_byte": [
        50520064,
        50520064,
        50520064,
        50520064,
        51826688,
        51826688,
        51826688,
        51826688,
        51826688,
        51826688
      ],
      "exit_codes": [
        1,
        1,
        1,
        1,
        1,
        1,
        1,
        1,
        1,
        1
      ]
    },
    {
      "command": "panache",
      "mean": 0.5394408626,
      "stddev": 0.007467828205755687,
      "median": 0.5421881580000001,
      "user": 1.6363681999999997,
      "system": 0.0564172,
      "min": 0.525144811,
      "max": 0.549512796,
      "times": [
        0.525144811,
        0.52822484,
        0.549512796,
        0.5425134340000001,
        0.536613964,
        0.5419973330000001,
        0.5429779180000001,
        0.540762311,
        0.542378983,
        0.544282236
      ],
      "memory_usage_byte": [
        51826688,
        51826688,
        51826688,
        51826688,
        51826688,
        51826688,
        51826688,
        51826688,
        51826688,
        51826688
      ],
      "exit_codes": [
        0,
        0,
        0,
        0,
        0,
        0,
        0,
        0,
        0,
        0
      ]
    },
    {
      "command": "mdsmith-parity",
      "mean": 0.16808911810000002,
      "stddev": 0.004835069942524776,
      "median": 0.16682452200000003,
      "user": 0.4024745,
      "system": 0.046235399999999996,
      "min": 0.163224366,
      "max": 0.180164649,
      "times": [
        0.168038657,
        0.180164649,
        0.163224366,
        0.166776047,
        0.16687299700000002,
        0.165722797,
        0.16419408100000002,
        0.171261126,
        0.165631482,
        0.169004979
      ],
      "memory_usage_byte": [
        51826688,
        51826688,
        51826688,
        51826688,
        51826688,
        51826688,
        51826688,
        51826688,
        51826688,
        51826688
      ],
      "exit_codes": [
        1,
        1,
        1,
        1,
        1,
        1,
        1,
        1,
        1,
        1
      ]
    },
    {
      "command": "mdsmith",
      "mean": 0.2901423175,
      "stddev": 0.0029942247869554632,
      "median": 0.289623212,
      "user": 0.7513671999999999,
      "system": 0.07990789999999999,
      "min": 0.2868024,
      "max": 0.295993589,
      "times": [
        0.29194083600000004,
        0.28865997200000004,
        0.2868024,
        0.290104554,
        0.287531729,
        0.295993589,
        0.28914187,
        0.29049382900000004,
        0.29367966700000003,
        0.28707472900000003
      ],
      "memory_usage_byte": [
        58957824,
        58957824,
        59019264,
        59019264,
        59019264,
        59031552,
        61046784,
        61046784,
        61046784,
        61046784
      ],
      "exit_codes": [
        1,
        1,
        1,
        1,
        1,
        1,
        1,
        1,
        1,
        1
      ]
    }
  ]
}
