{
  "results": [
    {
      "command": "mado",
      "mean": 0.058329769100000005,
      "stddev": 0.004635148607607946,
      "median": 0.055896734000000003,
      "user": 0.0918075,
      "system": 0.018391200000000003,
      "min": 0.055057021000000005,
      "max": 0.068688837,
      "times": [
        0.05559370600000001,
        0.055439317,
        0.055981393000000004,
        0.068688837,
        0.055815492,
        0.063366747,
        0.055057021000000005,
        0.055956456,
        0.061561710000000006,
        0.055837012000000005
      ],
      "memory_usage_byte": [
        29011968,
        29011968,
        29011968,
        29011968,
        29011968,
        29011968,
        29011968,
        29011968,
        29011968,
        29011968
      ],
      "exit_codes": [
        1,
        1,
        1,
        1,
        1,
        1,
        1,
        1,
        1,
        1
      ]
    },
    {
      "command": "rumdl",
      "mean": 0.2846674414,
      "stddev": 0.004974669828413523,
      "median": 0.28402628750000003,
      "user": 0.8822113,
      "system": 0.0599993,
      "min": 0.28030645800000004,
      "max": 0.297275023,
      "times": [
        0.281001531,
        0.281986832,
        0.285505349,
        0.283217335,
        0.28654888100000003,
        0.28483524000000005,
        0.285467805,
        0.28052996,
        0.297275023,
        0.28030645800000004
      ],
      "memory_usage_byte": [
        51798016,
        51798016,
        51798016,
        51798016,
        51798016,
        51798016,
        51798016,
        51798016,
        51798016,
        51798016
      ],
      "exit_codes": [
        1,
        1,
        1,
        1,
        1,
        1,
        1,
        1,
        1,
        1
      ]
    },
    {
      "command": "panache",
      "mean": 0.5321230601000001,
      "stddev": 0.0046534463114003295,
      "median": 0.529994749,
      "user": 1.9338410999999998,
      "system": 0.1301457,
      "min": 0.5285737580000001,
      "max": 0.54124182,
      "times": [
        0.5285737580000001,
        0.529587447,
        0.530339137,
        0.52987299,
        0.5292033740000001,
        0.54124182,
        0.530116508,
        0.529500007,
        0.5326235570000001,
        0.540172003
      ],
      "memory_usage_byte": [
        51798016,
        51798016,
        51798016,
        51798016,
        51798016,
        51798016,
        51798016,
        51798016,
        51798016,
        51798016
      ],
      "exit_codes": [
        0,
        0,
        0,
        0,
        0,
        0,
        0,
        0,
        0,
        0
      ]
    },
    {
      "command": "mdsmith-parity",
      "mean": 0.16219041380000002,
      "stddev": 0.0023604635610879857,
      "median": 0.16211355,
      "user": 0.4899482,
      "system": 0.0540915,
      "min": 0.15854621700000002,
      "max": 0.16599386200000002,
      "times": [
        0.16599386200000002,
        0.16327096100000002,
        0.162225418,
        0.162001682,
        0.16098926100000002,
        0.15854621700000002,
        0.16287022,
        0.159142723,
        0.161571871,
        0.165291923
      ],
      "memory_usage_byte": [
        51798016,
        51798016,
        51798016,
        51798016,
        51798016,
        51798016,
        51798016,
        51798016,
        51798016,
        51798016
      ],
      "exit_codes": [
        1,
        1,
        1,
        1,
        1,
        1,
        1,
        1,
        1,
        1
      ]
    },
    {
      "command": "mdsmith",
      "mean": 0.5519643153,
      "stddev": 0.007719820559905746,
      "median": 0.5519096565,
      "user": 1.3230381,
      "system": 0.5165257000000001,
      "min": 0.540171968,
      "max": 0.5637850600000001,
      "times": [
        0.5474152320000001,
        0.540171968,
        0.541412133,
        0.560434988,
        0.550268976,
        0.558761362,
        0.552935505,
        0.550883808,
        0.5637850600000001,
        0.553574121
      ],
      "memory_usage_byte": [
        51798016,
        51798016,
        51798016,
        51798016,
        51798016,
        51798016,
        51798016,
        51798016,
        51798016,
        51798016
      ],
      "exit_codes": [
        1,
        1,
        1,
        1,
        1,
        1,
        1,
        1,
        1,
        1
      ]
    }
  ]
}
