{
  "results": [
    {
      "command": "markdownlint-cli2",
      "mean": 3.1380660245,
      "stddev": 0.06113274138009268,
      "median": 3.1214301625,
      "user": 4.7295956666666665,
      "system": 0.26775466666666664,
      "min": 3.068287221,
      "max": 3.227983895,
      "times": [
        3.094352212,
        3.227983895,
        3.125662962,
        3.117197363,
        3.194912494,
        3.068287221
      ],
      "memory_usage_byte": [
        395161600,
        395161600,
        395161600,
        395161600,
        395161600,
        395161600
      ],
      "exit_codes": [
        1,
        1,
        1,
        1,
        1,
        1
      ]
    }
  ]
}
