{
  "results": [
    {
      "command": "markdownlint-cli2",
      "mean": 3.1397975835,
      "stddev": 0.11140821022897533,
      "median": 3.1270509385,
      "user": 4.731620333333333,
      "system": 0.31196766666666664,
      "min": 3.027721222,
      "max": 3.281716252,
      "times": [
        3.242622193,
        3.032623957,
        3.068004826,
        3.186097051,
        3.027721222,
        3.281716252
      ],
      "memory_usage_byte": [
        396791808,
        396791808,
        396791808,
        396791808,
        396791808,
        396791808
      ],
      "exit_codes": [
        1,
        1,
        1,
        1,
        1,
        1
      ]
    }
  ]
}
