{
  "results": [
    {
      "command": "markdownlint-cli2",
      "mean": 3.9436033798333328,
      "stddev": 0.03131907226907007,
      "median": 3.9544465869999996,
      "user": 6.088724833333334,
      "system": 0.2740045,
      "min": 3.900817469,
      "max": 3.98246484,
      "times": [
        3.958830887,
        3.9106139090000003,
        3.900817469,
        3.95647658,
        3.98246484,
        3.952416594
      ],
      "memory_usage_byte": [
        364822528,
        371752960,
        385171456,
        385171456,
        385171456,
        385171456
      ],
      "exit_codes": [
        1,
        1,
        1,
        1,
        1,
        1
      ]
    }
  ]
}
