{
  "results": [
    {
      "command": "mado",
      "mean": 0.0542685763,
      "stddev": 0.0018693077220422218,
      "median": 0.053852865,
      "user": 0.08288999999999999,
      "system": 0.0190293,
      "min": 0.052853182000000005,
      "max": 0.059395523000000006,
      "times": [
        0.052970742,
        0.059395523000000006,
        0.053927439,
        0.052853182000000005,
        0.053993973,
        0.053778291000000006,
        0.054237017000000005,
        0.054400974000000005,
        0.05369245,
        0.053436172000000004
      ],
      "memory_usage_byte": [
        26779648,
        28860416,
        30879744,
        30879744,
        30879744,
        30879744,
        30879744,
        30879744,
        31006720,
        31006720
      ],
      "exit_codes": [
        1,
        1,
        1,
        1,
        1,
        1,
        1,
        1,
        1,
        1
      ]
    },
    {
      "command": "rumdl",
      "mean": 0.2817715497,
      "stddev": 0.007928796493139871,
      "median": 0.2798214685,
      "user": 0.8025241,
      "system": 0.06422610000000001,
      "min": 0.271846293,
      "max": 0.301207728,
      "times": [
        0.276882273,
        0.281106815,
        0.283094497,
        0.286066994,
        0.278536122,
        0.277428212,
        0.278161482,
        0.301207728,
        0.271846293,
        0.28338508100000004
      ],
      "memory_usage_byte": [
        51171328,
        51171328,
        51171328,
        51171328,
        51171328,
        54411264,
        54411264,
        54411264,
        54411264,
        54411264
      ],
      "exit_codes": [
        1,
        1,
        1,
        1,
        1,
        1,
        1,
        1,
        1,
        1
      ]
    },
    {
      "command": "panache",
      "mean": 0.5287346807,
      "stddev": 0.047256991975121294,
      "median": 0.5013645265,
      "user": 1.7683576999999997,
      "system": 0.1260489,
      "min": 0.495341436,
      "max": 0.6018862570000001,
      "times": [
        0.6018862570000001,
        0.503185605,
        0.594241307,
        0.59471231,
        0.495354601,
        0.49748800800000004,
        0.495341436,
        0.507674382,
        0.497919453,
        0.49954344800000006
      ],
      "memory_usage_byte": [
        54411264,
        54411264,
        54411264,
        54411264,
        54411264,
        54411264,
        54411264,
        54411264,
        54411264,
        54411264
      ],
      "exit_codes": [
        0,
        0,
        0,
        0,
        0,
        0,
        0,
        0,
        0,
        0
      ]
    },
    {
      "command": "mdsmith-parity",
      "mean": 0.1589877178,
      "stddev": 0.0028780219714354717,
      "median": 0.159885896,
      "user": 0.4674902,
      "system": 0.05585759999999999,
      "min": 0.154518667,
      "max": 0.16232785100000002,
      "times": [
        0.160938555,
        0.16154020700000002,
        0.160685149,
        0.155777349,
        0.158876087,
        0.159086643,
        0.161078154,
        0.16232785100000002,
        0.154518667,
        0.155048516
      ],
      "memory_usage_byte": [
        54411264,
        54411264,
        54411264,
        54411264,
        54411264,
        54411264,
        54411264,
        54411264,
        54411264,
        54411264
      ],
      "exit_codes": [
        1,
        1,
        1,
        1,
        1,
        1,
        1,
        1,
        1,
        1
      ]
    },
    {
      "command": "mdsmith",
      "mean": 0.5282624732000001,
      "stddev": 0.0131347926988525,
      "median": 0.5293927015000001,
      "user": 1.2096855,
      "system": 0.5322794999999999,
      "min": 0.5028475490000001,
      "max": 0.549603696,
      "times": [
        0.538031959,
        0.529522444,
        0.5028475490000001,
        0.5137960020000001,
        0.534404689,
        0.5292629590000001,
        0.52674863,
        0.522053595,
        0.536353209,
        0.549603696
      ],
      "memory_usage_byte": [
        54411264,
        54411264,
        54411264,
        54411264,
        54411264,
        54411264,
        54411264,
        54411264,
        54411264,
        54411264
      ],
      "exit_codes": [
        1,
        1,
        1,
        1,
        1,
        1,
        1,
        1,
        1,
        1
      ]
    }
  ]
}
