{
  "results": [
    {
      "command": "mado",
      "mean": 0.048702788000000004,
      "stddev": 0.003932656087607995,
      "median": 0.046725388500000006,
      "user": 0.07713089999999999,
      "system": 0.008922699999999999,
      "min": 0.045907970000000006,
      "max": 0.058082791,
      "times": [
        0.058082791,
        0.046407321,
        0.045907970000000006,
        0.046636518,
        0.046810953,
        0.051524549,
        0.046890751,
        0.04636945,
        0.046639824,
        0.051757753000000004
      ],
      "memory_usage_byte": [
        31551488,
        31551488,
        31551488,
        33488896,
        33488896,
        33488896,
        33488896,
        33488896,
        33488896,
        33488896
      ],
      "exit_codes": [
        1,
        1,
        1,
        1,
        1,
        1,
        1,
        1,
        1,
        1
      ]
    },
    {
      "command": "rumdl",
      "mean": 0.19621735710000002,
      "stddev": 0.002677723747502364,
      "median": 0.19523646050000001,
      "user": 0.6519277,
      "system": 0.0330547,
      "min": 0.193718261,
      "max": 0.20220279600000002,
      "times": [
        0.196897978,
        0.19471559000000002,
        0.20220279600000002,
        0.19645004300000002,
        0.193719112,
        0.193718261,
        0.19472882400000002,
        0.199268046,
        0.19524670000000002,
        0.195226221
      ],
      "memory_usage_byte": [
        50520064,
        50520064,
        51843072,
        51843072,
        51843072,
        51843072,
        51843072,
        52195328,
        52195328,
        52195328
      ],
      "exit_codes": [
        1,
        1,
        1,
        1,
        1,
        1,
        1,
        1,
        1,
        1
      ]
    },
    {
      "command": "panache",
      "mean": 0.5424350552,
      "stddev": 0.017457346393934214,
      "median": 0.5361940940000001,
      "user": 1.6277978999999998,
      "system": 0.052983499999999996,
      "min": 0.524641565,
      "max": 0.5664794830000001,
      "times": [
        0.524641565,
        0.537667746,
        0.525776046,
        0.5273200840000001,
        0.5664794830000001,
        0.526555219,
        0.534720442,
        0.5655414040000001,
        0.557568229,
        0.558080334
      ],
      "memory_usage_byte": [
        52195328,
        52195328,
        52195328,
        52195328,
        52195328,
        52195328,
        52195328,
        52195328,
        52195328,
        52195328
      ],
      "exit_codes": [
        0,
        0,
        0,
        0,
        0,
        0,
        0,
        0,
        0,
        0
      ]
    },
    {
      "command": "mdsmith-parity",
      "mean": 0.05366380369999999,
      "stddev": 0.0007095924990726958,
      "median": 0.053409682,
      "user": 0.15642029999999998,
      "system": 0.0148815,
      "min": 0.053123244,
      "max": 0.055282638,
      "times": [
        0.053534059,
        0.053365674,
        0.053637412,
        0.054583676000000005,
        0.053156044000000006,
        0.055282638,
        0.053391553,
        0.053123244,
        0.053427811000000006,
        0.053135926
      ],
      "memory_usage_byte": [
        52195328,
        52195328,
        52195328,
        52195328,
        52195328,
        52195328,
        52195328,
        52195328,
        52195328,
        52195328
      ],
      "exit_codes": [
        1,
        1,
        1,
        1,
        1,
        1,
        1,
        1,
        1,
        1
      ]
    },
    {
      "command": "mdsmith",
      "mean": 0.1535980619,
      "stddev": 0.0020545470521111343,
      "median": 0.154161594,
      "user": 0.4635652,
      "system": 0.0346289,
      "min": 0.15072612300000002,
      "max": 0.15595557300000001,
      "times": [
        0.15553170300000002,
        0.15565320000000002,
        0.15072612300000002,
        0.153904119,
        0.15595557300000001,
        0.152271645,
        0.15504045700000002,
        0.15441906900000002,
        0.15173308000000002,
        0.15074565
      ],
      "memory_usage_byte": [
        56131584,
        56131584,
        56131584,
        56131584,
        56131584,
        56131584,
        56160256,
        56160256,
        56160256,
        56160256
      ],
      "exit_codes": [
        1,
        1,
        1,
        1,
        1,
        1,
        1,
        1,
        1,
        1
      ]
    }
  ]
}
