{
  "results": [
    {
      "command": "mado",
      "mean": 0.0567167223,
      "stddev": 0.0028319216513663583,
      "median": 0.055571275,
      "user": 0.0884605,
      "system": 0.018692599999999997,
      "min": 0.054657584,
      "max": 0.062723529,
      "times": [
        0.055131609000000005,
        0.055660617,
        0.056047795000000004,
        0.054657584,
        0.055002478,
        0.061199269,
        0.062723529,
        0.056289831000000005,
        0.055481933000000004,
        0.054972578
      ],
      "memory_usage_byte": [
        29052928,
        29052928,
        29052928,
        29052928,
        29052928,
        29052928,
        29052928,
        29052928,
        29052928,
        29052928
      ],
      "exit_codes": [
        1,
        1,
        1,
        1,
        1,
        1,
        1,
        1,
        1,
        1
      ]
    },
    {
      "command": "rumdl",
      "mean": 0.2814304662,
      "stddev": 0.008427855261361585,
      "median": 0.27944124150000005,
      "user": 0.8301447999999999,
      "system": 0.06497990000000001,
      "min": 0.27222013300000003,
      "max": 0.297896904,
      "times": [
        0.272704799,
        0.289083111,
        0.27222013300000003,
        0.274806787,
        0.281468834,
        0.297896904,
        0.289619722,
        0.27741364900000004,
        0.282229023,
        0.27686170000000004
      ],
      "memory_usage_byte": [
        50946048,
        52318208,
        52318208,
        52318208,
        52318208,
        52318208,
        52318208,
        52318208,
        54525952,
        54525952
      ],
      "exit_codes": [
        1,
        1,
        1,
        1,
        1,
        1,
        1,
        1,
        1,
        1
      ]
    },
    {
      "command": "panache",
      "mean": 0.5276029432,
      "stddev": 0.01773988684761633,
      "median": 0.518850514,
      "user": 1.8684803999999997,
      "system": 0.132426,
      "min": 0.513781857,
      "max": 0.563062187,
      "times": [
        0.563062187,
        0.536416242,
        0.5538783620000001,
        0.513781857,
        0.515333252,
        0.517372099,
        0.525135212,
        0.5163393820000001,
        0.520328929,
        0.51438191
      ],
      "memory_usage_byte": [
        54525952,
        54525952,
        54525952,
        54525952,
        54525952,
        54525952,
        54525952,
        54525952,
        54525952,
        54525952
      ],
      "exit_codes": [
        0,
        0,
        0,
        0,
        0,
        0,
        0,
        0,
        0,
        0
      ]
    },
    {
      "command": "mdsmith-parity",
      "mean": 0.1631817815,
      "stddev": 0.0012982990845819265,
      "median": 0.1634364,
      "user": 0.4774868,
      "system": 0.06028789999999999,
      "min": 0.16043268300000002,
      "max": 0.164913311,
      "times": [
        0.164051254,
        0.163914097,
        0.16221976300000002,
        0.163069331,
        0.162676434,
        0.16428315400000001,
        0.162454319,
        0.163803469,
        0.16043268300000002,
        0.164913311
      ],
      "memory_usage_byte": [
        54525952,
        54525952,
        54525952,
        54525952,
        54525952,
        54525952,
        54525952,
        54525952,
        54525952,
        54525952
      ],
      "exit_codes": [
        1,
        1,
        1,
        1,
        1,
        1,
        1,
        1,
        1,
        1
      ]
    },
    {
      "command": "mdsmith",
      "mean": 0.5445796622000001,
      "stddev": 0.013308559203672606,
      "median": 0.5455204975000001,
      "user": 1.2691688,
      "system": 0.5261511999999999,
      "min": 0.5252689730000001,
      "max": 0.573434808,
      "times": [
        0.546038004,
        0.5483059290000001,
        0.545002991,
        0.573434808,
        0.530368822,
        0.5505368860000001,
        0.5447250020000001,
        0.5336387380000001,
        0.548476469,
        0.5252689730000001
      ],
      "memory_usage_byte": [
        54525952,
        54525952,
        54525952,
        54525952,
        54525952,
        54525952,
        54525952,
        54525952,
        54525952,
        54525952
      ],
      "exit_codes": [
        1,
        1,
        1,
        1,
        1,
        1,
        1,
        1,
        1,
        1
      ]
    }
  ]
}
