{
  "results": [
    {
      "command": "mado",
      "mean": 0.06427026929999999,
      "stddev": 0.003183006182628304,
      "median": 0.0637988175,
      "user": 0.10137159999999998,
      "system": 0.019506199999999994,
      "min": 0.060468598000000005,
      "max": 0.07133449,
      "times": [
        0.061151518,
        0.061301615000000004,
        0.060468598000000005,
        0.063432843,
        0.07133449,
        0.066000796,
        0.063723584,
        0.063874051,
        0.065755692,
        0.065659506
      ],
      "memory_usage_byte": [
        26783744,
        26783744,
        26783744,
        29007872,
        29007872,
        29007872,
        29007872,
        29007872,
        29007872,
        30973952
      ],
      "exit_codes": [
        1,
        1,
        1,
        1,
        1,
        1,
        1,
        1,
        1,
        1
      ]
    },
    {
      "command": "rumdl",
      "mean": 0.3108058051,
      "stddev": 0.025702120002950423,
      "median": 0.32619803,
      "user": 0.8273504999999999,
      "system": 0.0635298,
      "min": 0.269117423,
      "max": 0.33288850400000003,
      "times": [
        0.33288850400000003,
        0.298327999,
        0.32546008400000004,
        0.331225406,
        0.326935976,
        0.331516494,
        0.331329643,
        0.280032854,
        0.28122366800000004,
        0.269117423
      ],
      "memory_usage_byte": [
        51810304,
        51810304,
        51867648,
        51867648,
        51867648,
        51867648,
        51867648,
        51867648,
        51867648,
        51867648
      ],
      "exit_codes": [
        1,
        1,
        1,
        1,
        1,
        1,
        1,
        1,
        1,
        1
      ]
    },
    {
      "command": "panache",
      "mean": 0.5542512947,
      "stddev": 0.04985146934274182,
      "median": 0.5273609275,
      "user": 1.8160364000000002,
      "system": 0.12359909999999999,
      "min": 0.509744021,
      "max": 0.6208744340000001,
      "times": [
        0.537908293,
        0.510135596,
        0.512972497,
        0.509744021,
        0.510281118,
        0.5168135620000001,
        0.6208744340000001,
        0.612397874,
        0.60895745,
        0.6024281020000001
      ],
      "memory_usage_byte": [
        51867648,
        51867648,
        51867648,
        51867648,
        51867648,
        51867648,
        51867648,
        51867648,
        51867648,
        51867648
      ],
      "exit_codes": [
        0,
        0,
        0,
        0,
        0,
        0,
        0,
        0,
        0,
        0
      ]
    },
    {
      "command": "mdsmith-parity",
      "mean": 0.1647723194,
      "stddev": 0.002384586879153479,
      "median": 0.1655491115,
      "user": 0.48877260000000006,
      "system": 0.055366399999999996,
      "min": 0.161019022,
      "max": 0.16765278,
      "times": [
        0.16180729300000002,
        0.16759981100000002,
        0.163264389,
        0.166026839,
        0.16648559100000002,
        0.16765278,
        0.162769246,
        0.165592805,
        0.161019022,
        0.16550541800000002
      ],
      "memory_usage_byte": [
        51867648,
        51867648,
        51867648,
        51867648,
        51867648,
        51867648,
        51867648,
        51867648,
        51867648,
        51867648
      ],
      "exit_codes": [
        1,
        1,
        1,
        1,
        1,
        1,
        1,
        1,
        1,
        1
      ]
    },
    {
      "command": "mdsmith",
      "mean": 0.5351035783,
      "stddev": 0.012352268035428701,
      "median": 0.5341628465,
      "user": 1.2497782,
      "system": 0.5143711,
      "min": 0.519810569,
      "max": 0.5627736640000001,
      "times": [
        0.521101922,
        0.519810569,
        0.5398494060000001,
        0.534930749,
        0.540264417,
        0.5414033140000001,
        0.5303670770000001,
        0.5271397210000001,
        0.5627736640000001,
        0.533394944
      ],
      "memory_usage_byte": [
        51867648,
        51867648,
        51867648,
        51867648,
        51867648,
        51867648,
        51867648,
        51867648,
        51867648,
        51867648
      ],
      "exit_codes": [
        1,
        1,
        1,
        1,
        1,
        1,
        1,
        1,
        1,
        1
      ]
    }
  ]
}
