{
  "results": [
    {
      "command": "markdownlint-cli2",
      "mean": 4.057443485166667,
      "stddev": 0.12550091654894238,
      "median": 4.0216808375,
      "user": 6.192349833333334,
      "system": 0.30471466666666663,
      "min": 3.96098032,
      "max": 4.307119653,
      "times": [
        4.307119653,
        4.030585564,
        3.993620225,
        3.96098032,
        4.012776111,
        4.039579038
      ],
      "memory_usage_byte": [
        373915648,
        373915648,
        385413120,
        385413120,
        385413120,
        385413120
      ],
      "exit_codes": [
        1,
        1,
        1,
        1,
        1,
        1
      ]
    }
  ]
}
