{
  "results": [
    {
      "command": "mado",
      "mean": 0.043314497699999996,
      "stddev": 0.0003580271008724372,
      "median": 0.043247799,
      "user": 0.06909019999999999,
      "system": 0.0062477,
      "min": 0.042919109000000004,
      "max": 0.044105124,
      "times": [
        0.043729306,
        0.043184359000000005,
        0.043260315,
        0.042919109000000004,
        0.043279087,
        0.043343004000000004,
        0.044105124,
        0.043159504,
        0.043235283,
        0.042929886
      ],
      "memory_usage_byte": [
        31760384,
        31760384,
        31760384,
        31928320,
        31928320,
        31928320,
        31928320,
        31928320,
        31928320,
        31928320
      ],
      "exit_codes": [
        1,
        1,
        1,
        1,
        1,
        1,
        1,
        1,
        1,
        1
      ]
    },
    {
      "command": "rumdl",
      "mean": 0.1993860925,
      "stddev": 0.0022154107004006785,
      "median": 0.19899439150000003,
      "user": 0.7027981,
      "system": 0.021719799999999997,
      "min": 0.19671418300000001,
      "max": 0.204701717,
      "times": [
        0.199514934,
        0.197420119,
        0.19867325100000002,
        0.19816038700000002,
        0.19671418300000001,
        0.19931553200000002,
        0.204701717,
        0.20054289700000003,
        0.19853115200000002,
        0.200286753
      ],
      "memory_usage_byte": [
        48394240,
        48394240,
        48394240,
        48394240,
        48394240,
        48394240,
        48394240,
        48394240,
        48394240,
        48394240
      ],
      "exit_codes": [
        1,
        1,
        1,
        1,
        1,
        1,
        1,
        1,
        1,
        1
      ]
    },
    {
      "command": "panache",
      "mean": 0.5384893004,
      "stddev": 0.008288386170165772,
      "median": 0.538646081,
      "user": 1.6858996999999996,
      "system": 0.0350553,
      "min": 0.5258657990000001,
      "max": 0.554618348,
      "times": [
        0.537141395,
        0.541422932,
        0.543254533,
        0.539322841,
        0.5261513250000001,
        0.554618348,
        0.541821136,
        0.537325374,
        0.5258657990000001,
        0.5379693210000001
      ],
      "memory_usage_byte": [
        48394240,
        48394240,
        48394240,
        48394240,
        48394240,
        48394240,
        48394240,
        48394240,
        48394240,
        48394240
      ],
      "exit_codes": [
        0,
        0,
        0,
        0,
        0,
        0,
        0,
        0,
        0,
        0
      ]
    },
    {
      "command": "mdsmith-parity",
      "mean": 0.14187522660000002,
      "stddev": 0.001265066552926251,
      "median": 0.1419796245,
      "user": 0.3825349999999999,
      "system": 0.0321204,
      "min": 0.13933446900000002,
      "max": 0.143825783,
      "times": [
        0.143825783,
        0.14252778300000002,
        0.13933446900000002,
        0.14273047,
        0.14133876,
        0.141152608,
        0.140924195,
        0.142958949,
        0.14178537900000002,
        0.14217387
      ],
      "memory_usage_byte": [
        48394240,
        48394240,
        48394240,
        49623040,
        49623040,
        49623040,
        49623040,
        49623040,
        49623040,
        49672192
      ],
      "exit_codes": [
        1,
        1,
        1,
        1,
        1,
        1,
        1,
        1,
        1,
        1
      ]
    },
    {
      "command": "mdsmith",
      "mean": 0.2548691614,
      "stddev": 0.0037043177628807793,
      "median": 0.254841024,
      "user": 0.7073544999999999,
      "system": 0.05849990000000001,
      "min": 0.24850470900000002,
      "max": 0.26180374500000003,
      "times": [
        0.24850470900000002,
        0.25314262600000004,
        0.25728686700000003,
        0.253474009,
        0.255028299,
        0.26180374500000003,
        0.257606224,
        0.25465374900000004,
        0.256176746,
        0.25101464
      ],
      "memory_usage_byte": [
        59273216,
        59273216,
        59273216,
        59273216,
        59273216,
        61317120,
        61468672,
        61468672,
        63676416,
        63676416
      ],
      "exit_codes": [
        1,
        1,
        1,
        1,
        1,
        1,
        1,
        1,
        1,
        1
      ]
    }
  ]
}
