{
  "results": [
    {
      "command": "mado",
      "mean": 0.0481257748,
      "stddev": 0.0021648093659320366,
      "median": 0.047500148000000006,
      "user": 0.0750159,
      "system": 0.013123399999999999,
      "min": 0.046933413,
      "max": 0.054242362,
      "times": [
        0.047518928,
        0.047714494,
        0.047481368,
        0.047792480000000005,
        0.047202795000000006,
        0.047654718000000006,
        0.047478082000000005,
        0.046933413,
        0.054242362,
        0.047239108
      ],
      "memory_usage_byte": [
        29761536,
        29761536,
        29761536,
        29761536,
        29761536,
        29761536,
        29761536,
        29761536,
        29761536,
        29761536
      ],
      "exit_codes": [
        1,
        1,
        1,
        1,
        1,
        1,
        1,
        1,
        1,
        1
      ]
    },
    {
      "command": "rumdl",
      "mean": 0.2722105288,
      "stddev": 0.009137422041878535,
      "median": 0.269831818,
      "user": 0.8645113,
      "system": 0.0445376,
      "min": 0.25948666200000003,
      "max": 0.285761458,
      "times": [
        0.284368597,
        0.276040487,
        0.285761458,
        0.280632482,
        0.266130786,
        0.270357236,
        0.26817138100000004,
        0.25948666200000003,
        0.261849799,
        0.2693064
      ],
      "memory_usage_byte": [
        48484352,
        48484352,
        48484352,
        51298304,
        51298304,
        51298304,
        51871744,
        51871744,
        51871744,
        51871744
      ],
      "exit_codes": [
        1,
        1,
        1,
        1,
        1,
        1,
        1,
        1,
        1,
        1
      ]
    },
    {
      "command": "panache",
      "mean": 0.49931159430000005,
      "stddev": 0.03784793419442985,
      "median": 0.48743165400000005,
      "user": 1.8335332999999998,
      "system": 0.0765683,
      "min": 0.486233293,
      "max": 0.606997707,
      "times": [
        0.606997707,
        0.486308964,
        0.48835313300000005,
        0.48749420800000004,
        0.486390331,
        0.48749208800000005,
        0.48911611200000005,
        0.487358887,
        0.486233293,
        0.48737122000000005
      ],
      "memory_usage_byte": [
        51871744,
        51871744,
        51871744,
        51871744,
        51871744,
        51871744,
        51871744,
        51871744,
        51871744,
        51871744
      ],
      "exit_codes": [
        0,
        0,
        0,
        0,
        0,
        0,
        0,
        0,
        0,
        0
      ]
    },
    {
      "command": "mdsmith-parity",
      "mean": 0.14542969120000004,
      "stddev": 0.0023335242204553935,
      "median": 0.144860167,
      "user": 0.44962180000000007,
      "system": 0.0458637,
      "min": 0.142355488,
      "max": 0.150874695,
      "times": [
        0.14403916900000002,
        0.14687265400000002,
        0.150874695,
        0.142355488,
        0.14580626400000002,
        0.144326278,
        0.14648167,
        0.14516748000000002,
        0.144552854,
        0.14382036
      ],
      "memory_usage_byte": [
        51871744,
        51871744,
        51871744,
        51871744,
        51871744,
        51871744,
        51871744,
        51871744,
        51871744,
        51871744
      ],
      "exit_codes": [
        1,
        1,
        1,
        1,
        1,
        1,
        1,
        1,
        1,
        1
      ]
    },
    {
      "command": "mdsmith",
      "mean": 0.44663264300000005,
      "stddev": 0.0065706060130767295,
      "median": 0.44787405700000005,
      "user": 1.1894033,
      "system": 0.3740671,
      "min": 0.436180497,
      "max": 0.45886111300000004,
      "times": [
        0.45125281,
        0.436180497,
        0.45886111300000004,
        0.448501507,
        0.448067466,
        0.447680648,
        0.438710201,
        0.449893293,
        0.44136927800000003,
        0.44580961700000005
      ],
      "memory_usage_byte": [
        51871744,
        51871744,
        51871744,
        51871744,
        51871744,
        51871744,
        51871744,
        51871744,
        51871744,
        51871744
      ],
      "exit_codes": [
        1,
        1,
        1,
        1,
        1,
        1,
        1,
        1,
        1,
        1
      ]
    }
  ]
}
