{
  "results": [
    {
      "command": "markdownlint-cli2",
      "mean": 4.110310752499999,
      "stddev": 0.03213830885107202,
      "median": 4.1203683600000005,
      "user": 6.277346666666666,
      "system": 0.29963416666666665,
      "min": 4.061552332,
      "max": 4.147121904,
      "times": [
        4.081997416,
        4.123693816,
        4.147121904,
        4.117042904,
        4.061552332,
        4.130456143
      ],
      "memory_usage_byte": [
        394063872,
        394063872,
        394063872,
        394063872,
        394063872,
        394063872
      ],
      "exit_codes": [
        1,
        1,
        1,
        1,
        1,
        1
      ]
    }
  ]
}
