{
  "results": [
    {
      "command": "mado",
      "mean": 0.04556755779999999,
      "stddev": 0.0003947050776850994,
      "median": 0.0455441825,
      "user": 0.0684757,
      "system": 0.0117872,
      "min": 0.044680943,
      "max": 0.046082325,
      "times": [
        0.045523423,
        0.045555153,
        0.045382251000000005,
        0.04568234,
        0.045533212,
        0.046082325,
        0.044680943,
        0.045722294000000004,
        0.046076725000000006,
        0.045436912
      ],
      "memory_usage_byte": [
        31928320,
        31928320,
        31928320,
        31928320,
        31928320,
        31928320,
        31928320,
        31928320,
        31928320,
        31928320
      ],
      "exit_codes": [
        1,
        1,
        1,
        1,
        1,
        1,
        1,
        1,
        1,
        1
      ]
    },
    {
      "command": "rumdl",
      "mean": 0.19493301080000003,
      "stddev": 0.002901167250653656,
      "median": 0.19421311400000002,
      "user": 0.6498345999999999,
      "system": 0.0320719,
      "min": 0.192772939,
      "max": 0.20276945700000001,
      "times": [
        0.19527169600000002,
        0.194959345,
        0.19437672900000003,
        0.19530909600000002,
        0.19348199000000002,
        0.19404949900000001,
        0.193215048,
        0.20276945700000001,
        0.192772939,
        0.19312430900000002
      ],
      "memory_usage_byte": [
        53047296,
        53047296,
        53047296,
        53047296,
        53047296,
        53047296,
        53047296,
        53047296,
        53047296,
        53047296
      ],
      "exit_codes": [
        1,
        1,
        1,
        1,
        1,
        1,
        1,
        1,
        1,
        1
      ]
    },
    {
      "command": "panache",
      "mean": 0.5404459897,
      "stddev": 0.004104315181533086,
      "median": 0.5401302960000001,
      "user": 1.6322513,
      "system": 0.05052319999999999,
      "min": 0.534205711,
      "max": 0.550343066,
      "times": [
        0.540081224,
        0.539823915,
        0.541123306,
        0.54046505,
        0.540179368,
        0.536890938,
        0.541353046,
        0.534205711,
        0.550343066,
        0.539994273
      ],
      "memory_usage_byte": [
        53047296,
        53047296,
        53047296,
        53047296,
        53047296,
        53047296,
        53047296,
        53047296,
        53047296,
        53047296
      ],
      "exit_codes": [
        0,
        0,
        0,
        0,
        0,
        0,
        0,
        0,
        0,
        0
      ]
    },
    {
      "command": "mdsmith-parity",
      "mean": 0.1650683602,
      "stddev": 0.0012213407242186109,
      "median": 0.165192144,
      "user": 0.40611369999999997,
      "system": 0.04324189999999999,
      "min": 0.163302105,
      "max": 0.166787924,
      "times": [
        0.166787924,
        0.16414382500000002,
        0.166622827,
        0.163365334,
        0.16465458600000002,
        0.165566286,
        0.164961669,
        0.163302105,
        0.16542261900000002,
        0.165856427
      ],
      "memory_usage_byte": [
        53047296,
        53047296,
        53047296,
        53047296,
        53047296,
        53047296,
        53047296,
        53047296,
        53047296,
        53047296
      ],
      "exit_codes": [
        1,
        1,
        1,
        1,
        1,
        1,
        1,
        1,
        1,
        1
      ]
    },
    {
      "command": "mdsmith",
      "mean": 0.2846482743,
      "stddev": 0.002935880699711772,
      "median": 0.284421273,
      "user": 0.7409351,
      "system": 0.0745328,
      "min": 0.279724843,
      "max": 0.28924795200000003,
      "times": [
        0.28385254400000004,
        0.28573670500000004,
        0.284769251,
        0.279724843,
        0.28813718800000004,
        0.28924795200000003,
        0.284073295,
        0.281203078,
        0.286582851,
        0.283155036
      ],
      "memory_usage_byte": [
        59228160,
        59228160,
        59228160,
        59367424,
        59367424,
        59367424,
        59367424,
        59367424,
        59367424,
        59367424
      ],
      "exit_codes": [
        1,
        1,
        1,
        1,
        1,
        1,
        1,
        1,
        1,
        1
      ]
    }
  ]
}
