{
  "results": [
    {
      "command": "mado",
      "mean": 0.050841859700000006,
      "stddev": 0.0017434506962451758,
      "median": 0.050225245,
      "user": 0.0809259,
      "system": 0.012489799999999999,
      "min": 0.049669722000000006,
      "max": 0.055575307000000004,
      "times": [
        0.049808439,
        0.050157301,
        0.050382908000000004,
        0.050727573000000005,
        0.051548704,
        0.050268372000000006,
        0.049669722000000006,
        0.055575307000000004,
        0.050182118000000005,
        0.050098153000000006
      ],
      "memory_usage_byte": [
        30957568,
        30957568,
        30957568,
        33017856,
        33017856,
        33017856,
        33017856,
        33017856,
        33017856,
        33017856
      ],
      "exit_codes": [
        1,
        1,
        1,
        1,
        1,
        1,
        1,
        1,
        1,
        1
      ]
    },
    {
      "command": "rumdl",
      "mean": 0.29612304600000006,
      "stddev": 0.012731728838049659,
      "median": 0.297390313,
      "user": 0.9244420999999999,
      "system": 0.042841000000000004,
      "min": 0.275099474,
      "max": 0.312729354,
      "times": [
        0.30536233,
        0.27852322100000004,
        0.289187376,
        0.30683823400000004,
        0.291356857,
        0.293451077,
        0.30132954900000003,
        0.275099474,
        0.312729354,
        0.307352988
      ],
      "memory_usage_byte": [
        52682752,
        52682752,
        53223424,
        53223424,
        53641216,
        55398400,
        55398400,
        55398400,
        55398400,
        55398400
      ],
      "exit_codes": [
        1,
        1,
        1,
        1,
        1,
        1,
        1,
        1,
        1,
        1
      ]
    },
    {
      "command": "panache",
      "mean": 0.5376347811000001,
      "stddev": 0.03982556302163441,
      "median": 0.5194938550000001,
      "user": 1.9194886999999998,
      "system": 0.080891,
      "min": 0.515744934,
      "max": 0.6137882840000001,
      "times": [
        0.518744282,
        0.612435079,
        0.5205637790000001,
        0.6137882840000001,
        0.516330367,
        0.515744934,
        0.5201728360000001,
        0.517741629,
        0.518814874,
        0.5220117470000001
      ],
      "memory_usage_byte": [
        55398400,
        55398400,
        55398400,
        55398400,
        55398400,
        55398400,
        55398400,
        55398400,
        55398400,
        55398400
      ],
      "exit_codes": [
        0,
        0,
        0,
        0,
        0,
        0,
        0,
        0,
        0,
        0
      ]
    },
    {
      "command": "mdsmith-parity",
      "mean": 0.14914557,
      "stddev": 0.001973225669435825,
      "median": 0.14979817700000003,
      "user": 0.4676480999999999,
      "system": 0.04184209999999999,
      "min": 0.14508167,
      "max": 0.151785327,
      "times": [
        0.14508167,
        0.15094257700000002,
        0.151785327,
        0.15000701800000002,
        0.147704095,
        0.14825236,
        0.150015166,
        0.150405854,
        0.147672297,
        0.14958933600000002
      ],
      "memory_usage_byte": [
        55398400,
        55398400,
        55398400,
        55398400,
        55398400,
        55398400,
        55398400,
        55398400,
        55398400,
        55398400
      ],
      "exit_codes": [
        1,
        1,
        1,
        1,
        1,
        1,
        1,
        1,
        1,
        1
      ]
    },
    {
      "command": "mdsmith",
      "mean": 0.4776590239,
      "stddev": 0.008184284421356323,
      "median": 0.4784983855,
      "user": 1.25526,
      "system": 0.3533501,
      "min": 0.46640634700000005,
      "max": 0.49433409700000003,
      "times": [
        0.476063116,
        0.46841977300000004,
        0.49433409700000003,
        0.48217818700000004,
        0.48150281300000003,
        0.48142407800000003,
        0.480933655,
        0.46640634700000005,
        0.473021811,
        0.47230636200000004
      ],
      "memory_usage_byte": [
        55398400,
        55398400,
        55398400,
        55398400,
        55398400,
        55398400,
        55398400,
        55398400,
        55398400,
        55398400
      ],
      "exit_codes": [
        1,
        1,
        1,
        1,
        1,
        1,
        1,
        1,
        1,
        1
      ]
    }
  ]
}
