{
  "results": [
    {
      "command": "mado",
      "mean": 0.0562370888,
      "stddev": 0.003104975345560334,
      "median": 0.0557616405,
      "user": 0.0845092,
      "system": 0.0195893,
      "min": 0.053161638000000004,
      "max": 0.062712683,
      "times": [
        0.057435194,
        0.054401446000000006,
        0.062712683,
        0.057121835,
        0.053500976000000006,
        0.053981991,
        0.058472035000000006,
        0.05822306000000001,
        0.053161638000000004,
        0.05336003
      ],
      "memory_usage_byte": [
        28790784,
        28860416,
        28880896,
        28880896,
        28880896,
        28999680,
        28999680,
        28999680,
        28999680,
        28999680
      ],
      "exit_codes": [
        1,
        1,
        1,
        1,
        1,
        1,
        1,
        1,
        1,
        1
      ]
    },
    {
      "command": "rumdl",
      "mean": 0.26084486630000003,
      "stddev": 0.00633606375490835,
      "median": 0.25879153350000006,
      "user": 0.7674785,
      "system": 0.06780339999999999,
      "min": 0.254516886,
      "max": 0.271634174,
      "times": [
        0.25648969800000004,
        0.271634174,
        0.25463656100000004,
        0.26525981800000004,
        0.26008701300000003,
        0.255888267,
        0.254516886,
        0.270325796,
        0.262114396,
        0.25749605400000003
      ],
      "memory_usage_byte": [
        49147904,
        49147904,
        49147904,
        51609600,
        51642368,
        51642368,
        51642368,
        51642368,
        52703232,
        52703232
      ],
      "exit_codes": [
        1,
        1,
        1,
        1,
        1,
        1,
        1,
        1,
        1,
        1
      ]
    },
    {
      "command": "panache",
      "mean": 0.4991929989,
      "stddev": 0.03133836142596718,
      "median": 0.48801359050000004,
      "user": 1.7317909,
      "system": 0.1336944,
      "min": 0.48416800200000004,
      "max": 0.586987472,
      "times": [
        0.586987472,
        0.48706501900000004,
        0.48416800200000004,
        0.485761684,
        0.485799723,
        0.503495879,
        0.49297749100000005,
        0.48776200200000003,
        0.48826517900000005,
        0.48964753800000005
      ],
      "memory_usage_byte": [
        52703232,
        52703232,
        52703232,
        52703232,
        52703232,
        52703232,
        52703232,
        52703232,
        52703232,
        52703232
      ],
      "exit_codes": [
        0,
        0,
        0,
        0,
        0,
        0,
        0,
        0,
        0,
        0
      ]
    },
    {
      "command": "mdsmith-parity",
      "mean": 0.15572965619999998,
      "stddev": 0.0027794022693750677,
      "median": 0.156468879,
      "user": 0.43871859999999996,
      "system": 0.0684629,
      "min": 0.15233839500000002,
      "max": 0.158755046,
      "times": [
        0.158601511,
        0.15868895000000002,
        0.15233839500000002,
        0.157686138,
        0.152400997,
        0.15333212300000001,
        0.15255564400000002,
        0.158755046,
        0.156616991,
        0.156320767
      ],
      "memory_usage_byte": [
        52703232,
        52703232,
        52703232,
        52703232,
        52703232,
        52703232,
        52703232,
        52703232,
        52703232,
        52703232
      ],
      "exit_codes": [
        1,
        1,
        1,
        1,
        1,
        1,
        1,
        1,
        1,
        1
      ]
    },
    {
      "command": "mdsmith",
      "mean": 0.5367382280999999,
      "stddev": 0.009949870129774918,
      "median": 0.5356732655,
      "user": 1.1972458,
      "system": 0.569318,
      "min": 0.5227251700000001,
      "max": 0.558998848,
      "times": [
        0.5280073000000001,
        0.5416481900000001,
        0.535452832,
        0.53101085,
        0.533293276,
        0.5358936990000001,
        0.5227251700000001,
        0.558998848,
        0.536428523,
        0.543923593
      ],
      "memory_usage_byte": [
        52703232,
        52703232,
        52703232,
        52703232,
        52703232,
        52703232,
        52703232,
        52703232,
        52703232,
        52703232
      ],
      "exit_codes": [
        1,
        1,
        1,
        1,
        1,
        1,
        1,
        1,
        1,
        1
      ]
    }
  ]
}
