{
  "results": [
    {
      "command": "mado",
      "mean": 0.05247422610000001,
      "stddev": 0.0006263516793098923,
      "median": 0.052420073000000005,
      "user": 0.0806827,
      "system": 0.017990399999999997,
      "min": 0.051689287,
      "max": 0.053690693000000005,
      "times": [
        0.051689287,
        0.052167727000000004,
        0.052701752000000004,
        0.05170172000000001,
        0.052033315000000004,
        0.052972967,
        0.053690693000000005,
        0.052525284000000005,
        0.052314862000000004,
        0.052944654
      ],
      "memory_usage_byte": [
        29310976,
        29310976,
        29310976,
        29310976,
        29310976,
        29310976,
        29310976,
        29310976,
        29310976,
        29310976
      ],
      "exit_codes": [
        1,
        1,
        1,
        1,
        1,
        1,
        1,
        1,
        1,
        1
      ]
    },
    {
      "command": "rumdl",
      "mean": 0.2624459706000001,
      "stddev": 0.006755933151776189,
      "median": 0.26307484700000006,
      "user": 0.7830345999999999,
      "system": 0.0600656,
      "min": 0.25339078800000003,
      "max": 0.27576215000000004,
      "times": [
        0.259270769,
        0.26681902700000004,
        0.266125333,
        0.255378941,
        0.261064999,
        0.25339078800000003,
        0.26508469500000004,
        0.26549158300000003,
        0.256071421,
        0.27576215000000004
      ],
      "memory_usage_byte": [
        49655808,
        49655808,
        49655808,
        49655808,
        51507200,
        51507200,
        53063680,
        53063680,
        53063680,
        53063680
      ],
      "exit_codes": [
        1,
        1,
        1,
        1,
        1,
        1,
        1,
        1,
        1,
        1
      ]
    },
    {
      "command": "panache",
      "mean": 0.488632952,
      "stddev": 0.008252268966869885,
      "median": 0.4862662915,
      "user": 1.7536694999999998,
      "system": 0.12197,
      "min": 0.48211215900000004,
      "max": 0.5111826220000001,
      "times": [
        0.485861543,
        0.48742155800000003,
        0.48476110200000005,
        0.48392757100000006,
        0.48211215900000004,
        0.489631213,
        0.489333238,
        0.48667104000000005,
        0.5111826220000001,
        0.485427474
      ],
      "memory_usage_byte": [
        53063680,
        53063680,
        53063680,
        53063680,
        53063680,
        53063680,
        53063680,
        53063680,
        53063680,
        53063680
      ],
      "exit_codes": [
        0,
        0,
        0,
        0,
        0,
        0,
        0,
        0,
        0,
        0
      ]
    },
    {
      "command": "mdsmith-parity",
      "mean": 0.1518030877,
      "stddev": 0.0017806606797611244,
      "median": 0.1525067765,
      "user": 0.4517675,
      "system": 0.05436739999999999,
      "min": 0.148811261,
      "max": 0.153518397,
      "times": [
        0.152903432,
        0.153375544,
        0.152873952,
        0.148936186,
        0.148811261,
        0.152559746,
        0.152453807,
        0.15232167200000002,
        0.15027688,
        0.153518397
      ],
      "memory_usage_byte": [
        53063680,
        53063680,
        53063680,
        53063680,
        53063680,
        53063680,
        53063680,
        53063680,
        53063680,
        53063680
      ],
      "exit_codes": [
        1,
        1,
        1,
        1,
        1,
        1,
        1,
        1,
        1,
        1
      ]
    },
    {
      "command": "mdsmith",
      "mean": 0.49193749500000006,
      "stddev": 0.012259630158926695,
      "median": 0.49179691350000004,
      "user": 1.1779572999999997,
      "system": 0.520854,
      "min": 0.47866713200000005,
      "max": 0.51822526,
      "times": [
        0.49155690900000004,
        0.481804059,
        0.51822526,
        0.48088530900000004,
        0.495405749,
        0.499431834,
        0.49203691800000005,
        0.480954802,
        0.47866713200000005,
        0.500406978
      ],
      "memory_usage_byte": [
        53063680,
        53063680,
        53063680,
        53063680,
        53063680,
        53063680,
        53063680,
        53063680,
        53063680,
        53063680
      ],
      "exit_codes": [
        1,
        1,
        1,
        1,
        1,
        1,
        1,
        1,
        1,
        1
      ]
    }
  ]
}
