{
  "results": [
    {
      "command": "mado",
      "mean": 0.042640169299999996,
      "stddev": 0.0033888456703315183,
      "median": 0.040961361,
      "user": 0.06465420000000001,
      "system": 0.0137627,
      "min": 0.040315699,
      "max": 0.050719302,
      "times": [
        0.040442788,
        0.045788472000000004,
        0.040932107,
        0.041217854000000005,
        0.050719302,
        0.040898858,
        0.040315699,
        0.040990615,
        0.044449576000000005,
        0.040646422
      ],
      "memory_usage_byte": [
        28794880,
        28794880,
        28794880,
        30941184,
        30941184,
        30941184,
        30941184,
        30941184,
        30941184,
        30941184
      ],
      "exit_codes": [
        1,
        1,
        1,
        1,
        1,
        1,
        1,
        1,
        1,
        1
      ]
    },
    {
      "command": "rumdl",
      "mean": 0.1989706096,
      "stddev": 0.0044085149673055634,
      "median": 0.20031207250000002,
      "user": 0.5776098999999999,
      "system": 0.054106,
      "min": 0.19288024,
      "max": 0.20550241300000002,
      "times": [
        0.194167198,
        0.20138263,
        0.195531427,
        0.19288024,
        0.194496578,
        0.20550241300000002,
        0.19958666200000003,
        0.203973706,
        0.20103748300000002,
        0.201147759
      ],
      "memory_usage_byte": [
        51773440,
        52703232,
        52703232,
        52703232,
        52703232,
        52703232,
        52703232,
        52703232,
        52703232,
        52703232
      ],
      "exit_codes": [
        1,
        1,
        1,
        1,
        1,
        1,
        1,
        1,
        1,
        1
      ]
    },
    {
      "command": "panache",
      "mean": 0.37676512240000004,
      "stddev": 0.024932263045985382,
      "median": 0.3684765125,
      "user": 1.3157129,
      "system": 0.10169779999999999,
      "min": 0.367172583,
      "max": 0.447424831,
      "times": [
        0.36750388100000003,
        0.367172583,
        0.36917134700000004,
        0.368266156,
        0.36864394500000003,
        0.368639027,
        0.36738418,
        0.36831399800000003,
        0.447424831,
        0.375131276
      ],
      "memory_usage_byte": [
        52703232,
        52703232,
        52703232,
        52703232,
        52703232,
        52703232,
        52703232,
        52703232,
        52703232,
        52703232
      ],
      "exit_codes": [
        0,
        0,
        0,
        0,
        0,
        0,
        0,
        0,
        0,
        0
      ]
    },
    {
      "command": "mdsmith-parity",
      "mean": 0.1150313144,
      "stddev": 0.0028366855856571315,
      "median": 0.11554441950000001,
      "user": 0.32556299999999994,
      "system": 0.0497276,
      "min": 0.108752788,
      "max": 0.11857275900000001,
      "times": [
        0.11671117600000001,
        0.11672120100000001,
        0.113898603,
        0.11276859400000001,
        0.108752788,
        0.11857275900000001,
        0.114127772,
        0.117671412,
        0.11536318200000001,
        0.11572565700000001
      ],
      "memory_usage_byte": [
        52703232,
        52703232,
        52703232,
        52703232,
        82423808,
        82423808,
        82423808,
        82423808,
        82423808,
        82423808
      ],
      "exit_codes": [
        1,
        1,
        1,
        1,
        1,
        1,
        1,
        1,
        1,
        1
      ]
    },
    {
      "command": "mdsmith",
      "mean": 0.3976818561,
      "stddev": 0.005885579239642285,
      "median": 0.39721389650000005,
      "user": 0.8706992,
      "system": 0.4350894,
      "min": 0.38694191800000005,
      "max": 0.40643499600000005,
      "times": [
        0.402069705,
        0.40643499600000005,
        0.39452853200000004,
        0.395904511,
        0.396721943,
        0.402125126,
        0.39770585,
        0.40295052400000003,
        0.38694191800000005,
        0.391435456
      ],
      "memory_usage_byte": [
        82423808,
        82423808,
        82423808,
        82423808,
        82423808,
        82423808,
        82423808,
        82423808,
        82423808,
        82423808
      ],
      "exit_codes": [
        1,
        1,
        1,
        1,
        1,
        1,
        1,
        1,
        1,
        1
      ]
    }
  ]
}
