{
  "results": [
    {
      "command": "markdownlint-cli2",
      "mean": 3.0989114761666667,
      "stddev": 0.09285227975613171,
      "median": 3.1027430215000003,
      "user": 4.677333833333333,
      "system": 0.2652083333333333,
      "min": 2.9810166650000003,
      "max": 3.211508771,
      "times": [
        2.9810166650000003,
        3.006943221,
        3.105410429,
        3.211508771,
        3.100075614,
        3.188514157
      ],
      "memory_usage_byte": [
        364060672,
        364060672,
        364060672,
        398794752,
        398794752,
        398794752
      ],
      "exit_codes": [
        1,
        1,
        1,
        1,
        1,
        1
      ]
    }
  ]
}
