{
  "results": [
    {
      "command": "mado",
      "mean": 0.0559236756,
      "stddev": 0.003128607572520409,
      "median": 0.054200524,
      "user": 0.0859693,
      "system": 0.019125800000000005,
      "min": 0.052618623,
      "max": 0.061185831,
      "times": [
        0.059044240000000005,
        0.053266913000000006,
        0.058883657000000006,
        0.053549309,
        0.061185831,
        0.053836776,
        0.054564272000000004,
        0.058591502000000004,
        0.053695633000000006,
        0.052618623
      ],
      "memory_usage_byte": [
        30887936,
        30887936,
        30887936,
        30887936,
        30887936,
        30887936,
        30887936,
        30887936,
        30887936,
        30969856
      ],
      "exit_codes": [
        1,
        1,
        1,
        1,
        1,
        1,
        1,
        1,
        1,
        1
      ]
    },
    {
      "command": "rumdl",
      "mean": 0.2654889536,
      "stddev": 0.005518653789012138,
      "median": 0.264975565,
      "user": 0.8034353,
      "system": 0.0631829,
      "min": 0.257938665,
      "max": 0.27282971500000003,
      "times": [
        0.26365477600000004,
        0.25974245900000004,
        0.257938665,
        0.258950031,
        0.268907813,
        0.271638321,
        0.26549262300000004,
        0.271276626,
        0.27282971500000003,
        0.264458507
      ],
      "memory_usage_byte": [
        50503680,
        50503680,
        50503680,
        50503680,
        50503680,
        50503680,
        50503680,
        50880512,
        50880512,
        50880512
      ],
      "exit_codes": [
        1,
        1,
        1,
        1,
        1,
        1,
        1,
        1,
        1,
        1
      ]
    },
    {
      "command": "panache",
      "mean": 0.5411232334000001,
      "stddev": 0.054376423348162825,
      "median": 0.5029561335,
      "user": 1.7695954999999994,
      "system": 0.12224209999999999,
      "min": 0.49478521700000005,
      "max": 0.609998789,
      "times": [
        0.5974956960000001,
        0.499687704,
        0.500119604,
        0.495104882,
        0.499289036,
        0.49478521700000005,
        0.604554036,
        0.609998789,
        0.505792663,
        0.604404707
      ],
      "memory_usage_byte": [
        50880512,
        50880512,
        50880512,
        50880512,
        50880512,
        50880512,
        50880512,
        50880512,
        50880512,
        50880512
      ],
      "exit_codes": [
        0,
        0,
        0,
        0,
        0,
        0,
        0,
        0,
        0,
        0
      ]
    },
    {
      "command": "mdsmith-parity",
      "mean": 0.1596489243,
      "stddev": 0.002733723544631103,
      "median": 0.158917849,
      "user": 0.4691527999999999,
      "system": 0.0547558,
      "min": 0.15729125100000002,
      "max": 0.166249206,
      "times": [
        0.166249206,
        0.159458763,
        0.159673313,
        0.15750150200000002,
        0.15782221100000002,
        0.157829775,
        0.161759242,
        0.160527045,
        0.15729125100000002,
        0.158376935
      ],
      "memory_usage_byte": [
        50880512,
        50880512,
        50880512,
        50880512,
        50880512,
        50880512,
        50880512,
        50880512,
        50880512,
        50880512
      ],
      "exit_codes": [
        1,
        1,
        1,
        1,
        1,
        1,
        1,
        1,
        1,
        1
      ]
    },
    {
      "command": "mdsmith",
      "mean": 0.5365420711,
      "stddev": 0.016079510786834336,
      "median": 0.5319938555000001,
      "user": 1.218594,
      "system": 0.5295897,
      "min": 0.522534666,
      "max": 0.579172082,
      "times": [
        0.530899034,
        0.523312035,
        0.539871966,
        0.536829502,
        0.5296892280000001,
        0.531558323,
        0.522534666,
        0.5324293880000001,
        0.539124487,
        0.579172082
      ],
      "memory_usage_byte": [
        50880512,
        50880512,
        50880512,
        50880512,
        50880512,
        50880512,
        50880512,
        50880512,
        50880512,
        50880512
      ],
      "exit_codes": [
        1,
        1,
        1,
        1,
        1,
        1,
        1,
        1,
        1,
        1
      ]
    }
  ]
}
