{
  "results": [
    {
      "command": "markdownlint-cli2",
      "mean": 5.050058531333333,
      "stddev": 0.20809969191375027,
      "median": 4.9831301485,
      "user": 7.553887666666667,
      "system": 0.33066783333333327,
      "min": 4.914587335,
      "max": 5.465384715,
      "times": [
        5.465384715,
        4.952074522,
        5.014185775,
        4.931596997,
        4.914587335,
        5.022521844
      ],
      "memory_usage_byte": [
        407592960,
        407592960,
        407592960,
        407592960,
        407592960,
        407592960
      ],
      "exit_codes": [
        1,
        1,
        1,
        1,
        1,
        1
      ]
    }
  ]
}
