{
  "results": [
    {
      "command": "mado",
      "mean": 0.0473336666,
      "stddev": 0.002618853010421768,
      "median": 0.0466615895,
      "user": 0.073466,
      "system": 0.0102606,
      "min": 0.045713077000000005,
      "max": 0.054686885000000005,
      "times": [
        0.046203039,
        0.046704574000000006,
        0.046912621,
        0.047171162,
        0.046853319000000004,
        0.046198801000000005,
        0.054686885000000005,
        0.046618605,
        0.045713077000000005,
        0.046274583
      ],
      "memory_usage_byte": [
        31678464,
        31678464,
        31678464,
        31678464,
        31678464,
        31678464,
        31678464,
        31678464,
        31678464,
        31678464
      ],
      "exit_codes": [
        1,
        1,
        1,
        1,
        1,
        1,
        1,
        1,
        1,
        1
      ]
    },
    {
      "command": "rumdl",
      "mean": 0.19692896450000003,
      "stddev": 0.00108454883925542,
      "median": 0.1971966605,
      "user": 0.6555782,
      "system": 0.03757,
      "min": 0.194825253,
      "max": 0.19817421000000002,
      "times": [
        0.194825253,
        0.19606868900000002,
        0.19570219600000002,
        0.198157458,
        0.19697711,
        0.19817421000000002,
        0.19706425200000002,
        0.197367926,
        0.19732906900000002,
        0.19762348200000002
      ],
      "memory_usage_byte": [
        49561600,
        49561600,
        49561600,
        49946624,
        49946624,
        51183616,
        51183616,
        51183616,
        51183616,
        51183616
      ],
      "exit_codes": [
        1,
        1,
        1,
        1,
        1,
        1,
        1,
        1,
        1,
        1
      ]
    },
    {
      "command": "panache",
      "mean": 0.5452192709,
      "stddev": 0.019339998234668355,
      "median": 0.5439689515,
      "user": 1.6330561,
      "system": 0.053883,
      "min": 0.5247360360000001,
      "max": 0.5729171080000001,
      "times": [
        0.530096509,
        0.564313508,
        0.557841394,
        0.5729171080000001,
        0.5603594030000001,
        0.560198814,
        0.526663416,
        0.528848725,
        0.5262177960000001,
        0.5247360360000001
      ],
      "memory_usage_byte": [
        51183616,
        51183616,
        51183616,
        51183616,
        51183616,
        51183616,
        51183616,
        51183616,
        51183616,
        51183616
      ],
      "exit_codes": [
        0,
        0,
        0,
        0,
        0,
        0,
        0,
        0,
        0,
        0
      ]
    },
    {
      "command": "mdsmith-parity",
      "mean": 0.1645672812,
      "stddev": 0.0011887441639713578,
      "median": 0.16482090300000002,
      "user": 0.4020482,
      "system": 0.048297999999999994,
      "min": 0.161926298,
      "max": 0.165750149,
      "times": [
        0.165711407,
        0.165750149,
        0.164663695,
        0.164089646,
        0.164978111,
        0.165683316,
        0.164284109,
        0.163533872,
        0.161926298,
        0.165052209
      ],
      "memory_usage_byte": [
        51183616,
        51183616,
        51183616,
        51183616,
        51183616,
        51183616,
        51183616,
        51183616,
        51183616,
        51183616
      ],
      "exit_codes": [
        1,
        1,
        1,
        1,
        1,
        1,
        1,
        1,
        1,
        1
      ]
    },
    {
      "command": "mdsmith",
      "mean": 0.28582112220000006,
      "stddev": 0.0018946031494551264,
      "median": 0.28544464550000004,
      "user": 0.7556339,
      "system": 0.07871569999999997,
      "min": 0.283262748,
      "max": 0.289089549,
      "times": [
        0.28511942,
        0.287217915,
        0.28833306000000003,
        0.284836533,
        0.283262748,
        0.285769871,
        0.289089549,
        0.28455946400000004,
        0.286117948,
        0.283904714
      ],
      "memory_usage_byte": [
        54755328,
        54755328,
        54755328,
        54755328,
        54755328,
        54755328,
        56229888,
        56229888,
        56229888,
        56229888
      ],
      "exit_codes": [
        1,
        1,
        1,
        1,
        1,
        1,
        1,
        1,
        1,
        1
      ]
    }
  ]
}
