{
  "results": [
    {
      "command": "markdownlint-cli2",
      "mean": 3.384386034,
      "stddev": 0.16036363535317255,
      "median": 3.353017701,
      "user": 5.188717166666667,
      "system": 0.2759621666666667,
      "min": 3.193687012,
      "max": 3.568201346,
      "times": [
        3.568201346,
        3.565822215,
        3.278726096,
        3.427309306,
        3.193687012,
        3.272570229
      ],
      "memory_usage_byte": [
        384167936,
        384167936,
        384167936,
        384167936,
        384167936,
        384167936
      ],
      "exit_codes": [
        1,
        1,
        1,
        1,
        1,
        1
      ]
    }
  ]
}
