{
  "results": [
    {
      "command": "markdownlint-cli2",
      "mean": 3.4579805023333337,
      "stddev": 0.12379064676210107,
      "median": 3.433092779,
      "user": 5.320711333333333,
      "system": 0.30538866666666664,
      "min": 3.331311975,
      "max": 3.689719912,
      "times": [
        3.452565331,
        3.689719912,
        3.471238778,
        3.331311975,
        3.413620227,
        3.389426791
      ],
      "memory_usage_byte": [
        378671104,
        378671104,
        378671104,
        378671104,
        378671104,
        378671104
      ],
      "exit_codes": [
        1,
        1,
        1,
        1,
        1,
        1
      ]
    }
  ]
}
