{
  "results": [
    {
      "command": "mado",
      "mean": 0.050263893000000004,
      "stddev": 0.00045456699336523707,
      "median": 0.050164499,
      "user": 0.0731596,
      "system": 0.0196721,
      "min": 0.049563843,
      "max": 0.051117851000000006,
      "times": [
        0.051117851000000006,
        0.050038633000000006,
        0.049885170000000006,
        0.049989099,
        0.049563843,
        0.050549153000000006,
        0.050026335000000005,
        0.050690412000000004,
        0.050290365000000004,
        0.050488069000000003
      ],
      "memory_usage_byte": [
        29061120,
        29061120,
        29061120,
        29061120,
        29061120,
        29061120,
        29061120,
        31117312,
        31117312,
        31117312
      ],
      "exit_codes": [
        1,
        1,
        1,
        1,
        1,
        1,
        1,
        1,
        1,
        1
      ]
    },
    {
      "command": "rumdl",
      "mean": 0.2436622108,
      "stddev": 0.007528884195940018,
      "median": 0.24239573400000003,
      "user": 0.7105845,
      "system": 0.065138,
      "min": 0.23423184600000002,
      "max": 0.25855288200000004,
      "times": [
        0.243424255,
        0.23823538000000002,
        0.236751128,
        0.25855288200000004,
        0.24526370600000003,
        0.248096595,
        0.24136721300000002,
        0.23423184600000002,
        0.25202162100000003,
        0.23867748200000002
      ],
      "memory_usage_byte": [
        50622464,
        51408896,
        51408896,
        51408896,
        51408896,
        51408896,
        51408896,
        51408896,
        51408896,
        51408896
      ],
      "exit_codes": [
        1,
        1,
        1,
        1,
        1,
        1,
        1,
        1,
        1,
        1
      ]
    },
    {
      "command": "panache",
      "mean": 0.4477980072000001,
      "stddev": 0.0031231400994032577,
      "median": 0.44652006,
      "user": 1.6014123999999998,
      "system": 0.1283509,
      "min": 0.44465849100000004,
      "max": 0.454089815,
      "times": [
        0.44881749800000004,
        0.446437505,
        0.44660261500000004,
        0.454089815,
        0.44517895100000004,
        0.446395017,
        0.44465849100000004,
        0.44746255700000004,
        0.44590348100000005,
        0.45243414200000004
      ],
      "memory_usage_byte": [
        51408896,
        51408896,
        51408896,
        51408896,
        51408896,
        51408896,
        51408896,
        51408896,
        51408896,
        51408896
      ],
      "exit_codes": [
        0,
        0,
        0,
        0,
        0,
        0,
        0,
        0,
        0,
        0
      ]
    },
    {
      "command": "mdsmith-parity",
      "mean": 0.14395222940000002,
      "stddev": 0.004403972201486548,
      "median": 0.1434642445,
      "user": 0.40372009999999997,
      "system": 0.05794119999999999,
      "min": 0.139558976,
      "max": 0.154805936,
      "times": [
        0.14630763900000002,
        0.139558976,
        0.140006597,
        0.14299198800000001,
        0.14393650100000002,
        0.141637422,
        0.144998722,
        0.154805936,
        0.140979202,
        0.144299311
      ],
      "memory_usage_byte": [
        51408896,
        51408896,
        51408896,
        51408896,
        51408896,
        51408896,
        51408896,
        51408896,
        51408896,
        51408896
      ],
      "exit_codes": [
        1,
        1,
        1,
        1,
        1,
        1,
        1,
        1,
        1,
        1
      ]
    },
    {
      "command": "mdsmith",
      "mean": 0.4755660719,
      "stddev": 0.010647861261069907,
      "median": 0.47687042,
      "user": 1.0823627999999998,
      "system": 0.5560244,
      "min": 0.459748519,
      "max": 0.490976995,
      "times": [
        0.490976995,
        0.470944994,
        0.481047506,
        0.486647514,
        0.48063202400000005,
        0.46429301700000003,
        0.464241338,
        0.47310881600000004,
        0.459748519,
        0.484019996
      ],
      "memory_usage_byte": [
        51408896,
        51408896,
        51408896,
        51408896,
        51408896,
        51408896,
        51408896,
        51408896,
        51408896,
        51408896
      ],
      "exit_codes": [
        1,
        1,
        1,
        1,
        1,
        1,
        1,
        1,
        1,
        1
      ]
    }
  ]
}
