{
  "results": [
    {
      "command": "mado",
      "mean": 0.0473388403,
      "stddev": 0.0035845567068952906,
      "median": 0.0461083885,
      "user": 0.07487999999999999,
      "system": 0.0089076,
      "min": 0.045649116,
      "max": 0.057396107,
      "times": [
        0.045981828,
        0.046022914000000005,
        0.057396107,
        0.046193863,
        0.047825132000000006,
        0.045771565,
        0.046224591,
        0.046315842,
        0.046007445,
        0.045649116
      ],
      "memory_usage_byte": [
        29540352,
        31412224,
        31412224,
        31412224,
        31412224,
        31412224,
        31412224,
        31412224,
        31412224,
        31412224
      ],
      "exit_codes": [
        1,
        1,
        1,
        1,
        1,
        1,
        1,
        1,
        1,
        1
      ]
    },
    {
      "command": "rumdl",
      "mean": 0.1973497019,
      "stddev": 0.002338465640423915,
      "median": 0.19648886450000003,
      "user": 0.6508318,
      "system": 0.0352961,
      "min": 0.19472581,
      "max": 0.20146101500000002,
      "times": [
        0.19890665200000002,
        0.19724264300000002,
        0.19569983000000002,
        0.196543557,
        0.195867793,
        0.201023518,
        0.19643417200000002,
        0.20146101500000002,
        0.195592029,
        0.19472581
      ],
      "memory_usage_byte": [
        51417088,
        51417088,
        51417088,
        53284864,
        53284864,
        53284864,
        53284864,
        53284864,
        53284864,
        53284864
      ],
      "exit_codes": [
        1,
        1,
        1,
        1,
        1,
        1,
        1,
        1,
        1,
        1
      ]
    },
    {
      "command": "panache",
      "mean": 0.5429020249000001,
      "stddev": 0.016708627984231842,
      "median": 0.5526303475000001,
      "user": 1.6119729,
      "system": 0.05448909999999999,
      "min": 0.5217842340000001,
      "max": 0.559654504,
      "times": [
        0.5531516820000001,
        0.5227766690000001,
        0.5543967780000001,
        0.5277349050000001,
        0.556974455,
        0.5217842340000001,
        0.522661354,
        0.552109013,
        0.559654504,
        0.5577766550000001
      ],
      "memory_usage_byte": [
        53284864,
        53284864,
        53284864,
        53284864,
        53284864,
        53284864,
        53284864,
        53284864,
        53284864,
        53284864
      ],
      "exit_codes": [
        0,
        0,
        0,
        0,
        0,
        0,
        0,
        0,
        0,
        0
      ]
    },
    {
      "command": "mdsmith-parity",
      "mean": 0.1927234075,
      "stddev": 0.002079321285822706,
      "median": 0.1925867725,
      "user": 0.51758,
      "system": 0.047329199999999995,
      "min": 0.190248893,
      "max": 0.196118443,
      "times": [
        0.19461149600000002,
        0.19265014100000002,
        0.190954693,
        0.196118443,
        0.192523404,
        0.19286581200000003,
        0.190583358,
        0.195479748,
        0.190248893,
        0.19119808700000002
      ],
      "memory_usage_byte": [
        53284864,
        53284864,
        53284864,
        53284864,
        53284864,
        53284864,
        53284864,
        53284864,
        53284864,
        53284864
      ],
      "exit_codes": [
        1,
        1,
        1,
        1,
        1,
        1,
        1,
        1,
        1,
        1
      ]
    },
    {
      "command": "mdsmith",
      "mean": 0.30515882839999997,
      "stddev": 0.003030370116440027,
      "median": 0.30544116050000003,
      "user": 0.8428070999999999,
      "system": 0.0709711,
      "min": 0.29971461400000005,
      "max": 0.30992245900000004,
      "times": [
        0.305837075,
        0.30463310400000004,
        0.302112314,
        0.306419804,
        0.30992245900000004,
        0.305359052,
        0.30894934100000004,
        0.30552326900000004,
        0.29971461400000005,
        0.303117252
      ],
      "memory_usage_byte": [
        53284864,
        53284864,
        54009856,
        54009856,
        54009856,
        54231040,
        54231040,
        54231040,
        54231040,
        54231040
      ],
      "exit_codes": [
        1,
        1,
        1,
        1,
        1,
        1,
        1,
        1,
        1,
        1
      ]
    }
  ]
}
