{
  "results": [
    {
      "command": "mado",
      "mean": 0.044091628400000006,
      "stddev": 0.0017317653081118758,
      "median": 0.0435163215,
      "user": 0.06514299999999998,
      "system": 0.0161456,
      "min": 0.043201054,
      "max": 0.048949009,
      "times": [
        0.04339868,
        0.043946823,
        0.043572506000000004,
        0.043328244,
        0.04349187,
        0.043328254000000004,
        0.043540773000000005,
        0.044159071,
        0.043201054,
        0.048949009
      ],
      "memory_usage_byte": [
        29069312,
        29069312,
        29069312,
        29069312,
        29069312,
        29069312,
        29392896,
        29392896,
        29392896,
        29392896
      ],
      "exit_codes": [
        1,
        1,
        1,
        1,
        1,
        1,
        1,
        1,
        1,
        1
      ]
    },
    {
      "command": "rumdl",
      "mean": 0.2184461701,
      "stddev": 0.006237309908203027,
      "median": 0.21723125000000001,
      "user": 0.6120369,
      "system": 0.0569552,
      "min": 0.20980003000000003,
      "max": 0.22945684200000002,
      "times": [
        0.21419111400000002,
        0.21703697500000002,
        0.213607489,
        0.21859192900000002,
        0.224562686,
        0.217425525,
        0.22572427,
        0.22945684200000002,
        0.214064841,
        0.20980003000000003
      ],
      "memory_usage_byte": [
        48291840,
        50974720,
        50974720,
        50974720,
        51150848,
        52420608,
        52420608,
        52420608,
        52420608,
        52420608
      ],
      "exit_codes": [
        1,
        1,
        1,
        1,
        1,
        1,
        1,
        1,
        1,
        1
      ]
    },
    {
      "command": "panache",
      "mean": 0.3915804374,
      "stddev": 0.015082725637433623,
      "median": 0.387178174,
      "user": 1.3780169,
      "system": 0.11356980000000001,
      "min": 0.384097786,
      "max": 0.43424188500000005,
      "times": [
        0.389294285,
        0.387228615,
        0.385941042,
        0.388696419,
        0.43424188500000005,
        0.38675738800000004,
        0.384097786,
        0.38712773300000003,
        0.38442871300000003,
        0.387990508
      ],
      "memory_usage_byte": [
        52420608,
        52420608,
        52420608,
        52420608,
        52420608,
        52420608,
        52420608,
        52420608,
        52420608,
        52420608
      ],
      "exit_codes": [
        0,
        0,
        0,
        0,
        0,
        0,
        0,
        0,
        0,
        0
      ]
    },
    {
      "command": "mdsmith-parity",
      "mean": 0.1061000469,
      "stddev": 0.001188157123369115,
      "median": 0.106131238,
      "user": 0.2960457999999999,
      "system": 0.047032399999999995,
      "min": 0.103711997,
      "max": 0.108090288,
      "times": [
        0.105781182,
        0.103711997,
        0.10507997000000001,
        0.10723426300000001,
        0.106810897,
        0.10622279500000001,
        0.106178699,
        0.106083777,
        0.108090288,
        0.105806601
      ],
      "memory_usage_byte": [
        52420608,
        52420608,
        52420608,
        52420608,
        52420608,
        52420608,
        52420608,
        52420608,
        52420608,
        52420608
      ],
      "exit_codes": [
        1,
        1,
        1,
        1,
        1,
        1,
        1,
        1,
        1,
        1
      ]
    },
    {
      "command": "mdsmith",
      "mean": 0.5228182892000001,
      "stddev": 0.05458015291099055,
      "median": 0.49502375350000005,
      "user": 1.1162191,
      "system": 0.5209771999999999,
      "min": 0.48311501,
      "max": 0.639477139,
      "times": [
        0.55566269,
        0.639477139,
        0.593339026,
        0.49530050900000006,
        0.48741830900000005,
        0.48311501,
        0.49087754000000006,
        0.48677717600000003,
        0.49474699800000005,
        0.501468495
      ],
      "memory_usage_byte": [
        52420608,
        52420608,
        52420608,
        52420608,
        52420608,
        52420608,
        52420608,
        52420608,
        52420608,
        52420608
      ],
      "exit_codes": [
        1,
        1,
        1,
        1,
        1,
        1,
        1,
        1,
        1,
        1
      ]
    }
  ]
}
