{
  "results": [
    {
      "command": "markdownlint-cli2",
      "mean": 3.113950592666667,
      "stddev": 0.06086717958620968,
      "median": 3.1130395770000003,
      "user": 4.719069833333333,
      "system": 0.31763699999999995,
      "min": 3.049935112,
      "max": 3.196901256,
      "times": [
        3.078635337,
        3.055244839,
        3.196901256,
        3.049935112,
        3.147443817,
        3.155543195
      ],
      "memory_usage_byte": [
        398077952,
        398077952,
        398077952,
        398077952,
        398077952,
        398077952
      ],
      "exit_codes": [
        1,
        1,
        1,
        1,
        1,
        1
      ]
    }
  ]
}
