{
  "results": [
    {
      "command": "mado",
      "mean": 0.0434156168,
      "stddev": 0.00036365440234248055,
      "median": 0.043476769,
      "user": 0.06769879999999999,
      "system": 0.0075997999999999994,
      "min": 0.042814174,
      "max": 0.044062657000000005,
      "times": [
        0.043282534000000004,
        0.043020350000000006,
        0.042814174,
        0.043564905,
        0.043469046000000004,
        0.043781016000000006,
        0.044062657000000005,
        0.043512512,
        0.043484492,
        0.043164482000000004
      ],
      "memory_usage_byte": [
        29872128,
        29872128,
        29872128,
        30007296,
        30007296,
        30007296,
        30007296,
        30007296,
        30007296,
        30007296
      ],
      "exit_codes": [
        1,
        1,
        1,
        1,
        1,
        1,
        1,
        1,
        1,
        1
      ]
    },
    {
      "command": "rumdl",
      "mean": 0.2080048052,
      "stddev": 0.0021504446369075957,
      "median": 0.20788847650000003,
      "user": 0.7179606999999999,
      "system": 0.026264000000000003,
      "min": 0.20467870900000001,
      "max": 0.21128769800000002,
      "times": [
        0.20725153600000001,
        0.208529612,
        0.205674494,
        0.20983145900000003,
        0.20467870900000001,
        0.20852541700000002,
        0.21128769800000002,
        0.206830286,
        0.21065561200000002,
        0.206783229
      ],
      "memory_usage_byte": [
        52867072,
        52867072,
        52867072,
        53137408,
        53137408,
        53137408,
        53137408,
        53137408,
        53137408,
        53137408
      ],
      "exit_codes": [
        1,
        1,
        1,
        1,
        1,
        1,
        1,
        1,
        1,
        1
      ]
    },
    {
      "command": "panache",
      "mean": 0.5299839229,
      "stddev": 0.00609337477059053,
      "median": 0.5269909509999999,
      "user": 1.7092515,
      "system": 0.035868899999999995,
      "min": 0.524623948,
      "max": 0.541572586,
      "times": [
        0.526980923,
        0.524623948,
        0.527000979,
        0.541572586,
        0.528173772,
        0.5392166930000001,
        0.534176474,
        0.525859167,
        0.526439741,
        0.525794946
      ],
      "memory_usage_byte": [
        53137408,
        53137408,
        53137408,
        53137408,
        53137408,
        53137408,
        53137408,
        53137408,
        53137408,
        53137408
      ],
      "exit_codes": [
        0,
        0,
        0,
        0,
        0,
        0,
        0,
        0,
        0,
        0
      ]
    },
    {
      "command": "mdsmith-parity",
      "mean": 0.1103175633,
      "stddev": 0.0007205914496140653,
      "median": 0.11021612450000001,
      "user": 0.2803864,
      "system": 0.025307299999999998,
      "min": 0.109226267,
      "max": 0.11168904700000001,
      "times": [
        0.110319785,
        0.11089293,
        0.110833022,
        0.11168904700000001,
        0.110661562,
        0.10978567700000001,
        0.11011246400000001,
        0.10962634600000001,
        0.11002853300000001,
        0.109226267
      ],
      "memory_usage_byte": [
        60133376,
        60133376,
        60133376,
        60133376,
        60133376,
        60133376,
        65462272,
        65462272,
        65462272,
        65462272
      ],
      "exit_codes": [
        1,
        1,
        1,
        1,
        1,
        1,
        1,
        1,
        1,
        1
      ]
    },
    {
      "command": "mdsmith",
      "mean": 0.2115009767,
      "stddev": 0.0019529827988626993,
      "median": 0.2111704915,
      "user": 0.5625373,
      "system": 0.05053329999999999,
      "min": 0.20897875700000001,
      "max": 0.21488426200000002,
      "times": [
        0.21443214800000002,
        0.20998564,
        0.21174446600000002,
        0.21488426200000002,
        0.20897875700000001,
        0.21224031100000001,
        0.21115008200000002,
        0.209356284,
        0.21119090100000001,
        0.211046916
      ],
      "memory_usage_byte": [
        80068608,
        80068608,
        80068608,
        80068608,
        80068608,
        80068608,
        80068608,
        80068608,
        80068608,
        80068608
      ],
      "exit_codes": [
        1,
        1,
        1,
        1,
        1,
        1,
        1,
        1,
        1,
        1
      ]
    }
  ]
}
