{
  "results": [
    {
      "command": "mado",
      "mean": 0.0513163065,
      "stddev": 0.0011151945498544947,
      "median": 0.0510849925,
      "user": 0.07733219999999999,
      "system": 0.018039399999999997,
      "min": 0.050284754,
      "max": 0.054114075000000005,
      "times": [
        0.050627523,
        0.054114075000000005,
        0.052027000000000004,
        0.050284754,
        0.05043769,
        0.051059085000000004,
        0.0511109,
        0.051381315000000004,
        0.051451673,
        0.05066905
      ],
      "memory_usage_byte": [
        29151232,
        29151232,
        29151232,
        29151232,
        29151232,
        29151232,
        29151232,
        31326208,
        31326208,
        31326208
      ],
      "exit_codes": [
        1,
        1,
        1,
        1,
        1,
        1,
        1,
        1,
        1,
        1
      ]
    },
    {
      "command": "rumdl",
      "mean": 0.25096720390000005,
      "stddev": 0.005812891621038889,
      "median": 0.25091916200000003,
      "user": 0.712936,
      "system": 0.0665911,
      "min": 0.24319451300000003,
      "max": 0.26199629,
      "times": [
        0.24487465800000002,
        0.25682133700000004,
        0.246708539,
        0.252622601,
        0.24730870400000002,
        0.24319451300000003,
        0.26199629,
        0.25411932600000003,
        0.252810348,
        0.24921572300000003
      ],
      "memory_usage_byte": [
        49942528,
        49942528,
        49942528,
        51855360,
        51855360,
        52502528,
        52502528,
        52502528,
        52502528,
        52502528
      ],
      "exit_codes": [
        1,
        1,
        1,
        1,
        1,
        1,
        1,
        1,
        1,
        1
      ]
    },
    {
      "command": "panache",
      "mean": 0.4660048292000001,
      "stddev": 0.009456430873025123,
      "median": 0.46241502500000004,
      "user": 1.6699537,
      "system": 0.1267643,
      "min": 0.46032421100000004,
      "max": 0.492034091,
      "times": [
        0.46206830000000004,
        0.46032421100000004,
        0.464121559,
        0.46377386200000004,
        0.46189432300000005,
        0.46922326000000003,
        0.492034091,
        0.46265589,
        0.461778636,
        0.46217416000000006
      ],
      "memory_usage_byte": [
        52502528,
        52502528,
        52502528,
        52502528,
        52502528,
        52502528,
        52502528,
        52502528,
        52502528,
        52502528
      ],
      "exit_codes": [
        0,
        0,
        0,
        0,
        0,
        0,
        0,
        0,
        0,
        0
      ]
    },
    {
      "command": "mdsmith-parity",
      "mean": 0.14536788660000002,
      "stddev": 0.0017424620656499082,
      "median": 0.14484738200000002,
      "user": 0.4145046999999999,
      "system": 0.063729,
      "min": 0.1439124,
      "max": 0.149807653,
      "times": [
        0.145064527,
        0.14527467600000002,
        0.146614229,
        0.144627423,
        0.1439124,
        0.143940281,
        0.144529459,
        0.149807653,
        0.145277981,
        0.14463023700000002
      ],
      "memory_usage_byte": [
        52502528,
        52502528,
        52502528,
        52502528,
        52502528,
        52502528,
        52502528,
        52502528,
        52502528,
        52502528
      ],
      "exit_codes": [
        1,
        1,
        1,
        1,
        1,
        1,
        1,
        1,
        1,
        1
      ]
    },
    {
      "command": "mdsmith",
      "mean": 0.4884750527,
      "stddev": 0.004781854656728523,
      "median": 0.488549526,
      "user": 1.1177764,
      "system": 0.5669636,
      "min": 0.47947147900000003,
      "max": 0.49521816700000004,
      "times": [
        0.487548601,
        0.48883750000000004,
        0.488573301,
        0.48576559500000005,
        0.488525751,
        0.49148300600000006,
        0.495097039,
        0.49521816700000004,
        0.47947147900000003,
        0.484230088
      ],
      "memory_usage_byte": [
        52502528,
        52502528,
        52502528,
        52502528,
        52502528,
        52502528,
        52502528,
        52502528,
        52502528,
        52502528
      ],
      "exit_codes": [
        1,
        1,
        1,
        1,
        1,
        1,
        1,
        1,
        1,
        1
      ]
    }
  ]
}
