{
  "results": [
    {
      "command": "mado",
      "mean": 0.05821645290000001,
      "stddev": 0.0021159170649961935,
      "median": 0.0573386535,
      "user": 0.0906283,
      "system": 0.0190653,
      "min": 0.056717968,
      "max": 0.062378301000000004,
      "times": [
        0.056717968,
        0.06192757200000001,
        0.05676213,
        0.057828816000000005,
        0.057882188,
        0.056940001000000004,
        0.057492961,
        0.057050246000000006,
        0.057184346000000004,
        0.062378301000000004
      ],
      "memory_usage_byte": [
        29065216,
        29065216,
        29065216,
        29065216,
        29065216,
        29065216,
        29065216,
        29065216,
        29065216,
        29065216
      ],
      "exit_codes": [
        1,
        1,
        1,
        1,
        1,
        1,
        1,
        1,
        1,
        1
      ]
    },
    {
      "command": "rumdl",
      "mean": 0.29593009699999995,
      "stddev": 0.007902825785057062,
      "median": 0.294448307,
      "user": 0.8775243999999999,
      "system": 0.0666817,
      "min": 0.2845839,
      "max": 0.306408277,
      "times": [
        0.29276882400000004,
        0.306408277,
        0.287509218,
        0.2845839,
        0.291664798,
        0.30391606600000004,
        0.28975459000000003,
        0.305963458,
        0.30060404900000004,
        0.29612779
      ],
      "memory_usage_byte": [
        51073024,
        55336960,
        55336960,
        55336960,
        55336960,
        55336960,
        55336960,
        55336960,
        55336960,
        55336960
      ],
      "exit_codes": [
        1,
        1,
        1,
        1,
        1,
        1,
        1,
        1,
        1,
        1
      ]
    },
    {
      "command": "panache",
      "mean": 0.6087639334999999,
      "stddev": 0.0482072608167846,
      "median": 0.637878441,
      "user": 1.8488213000000002,
      "system": 0.1262648,
      "min": 0.53512753,
      "max": 0.6408407580000001,
      "times": [
        0.639759364,
        0.637812699,
        0.53512753,
        0.637944183,
        0.639257049,
        0.6408407580000001,
        0.535902457,
        0.5461213810000001,
        0.6366674990000001,
        0.6382064150000001
      ],
      "memory_usage_byte": [
        55336960,
        55336960,
        55336960,
        55336960,
        55336960,
        55336960,
        55336960,
        55336960,
        55336960,
        55336960
      ],
      "exit_codes": [
        0,
        0,
        0,
        0,
        0,
        0,
        0,
        0,
        0,
        0
      ]
    },
    {
      "command": "mdsmith-parity",
      "mean": 0.1673519651,
      "stddev": 0.001230949307396117,
      "median": 0.167411949,
      "user": 0.4909580000000001,
      "system": 0.060281400000000006,
      "min": 0.165986709,
      "max": 0.170154683,
      "times": [
        0.16724744700000002,
        0.167606166,
        0.168228241,
        0.16628425400000002,
        0.166307227,
        0.1676242,
        0.170154683,
        0.16757645100000002,
        0.166504273,
        0.165986709
      ],
      "memory_usage_byte": [
        55336960,
        55336960,
        55336960,
        55336960,
        55336960,
        55336960,
        55336960,
        55336960,
        55336960,
        55336960
      ],
      "exit_codes": [
        1,
        1,
        1,
        1,
        1,
        1,
        1,
        1,
        1,
        1
      ]
    },
    {
      "command": "mdsmith",
      "mean": 0.5664609096,
      "stddev": 0.009612494744112765,
      "median": 0.5696468525,
      "user": 1.3241398999999998,
      "system": 0.5488454999999999,
      "min": 0.548538478,
      "max": 0.5774605620000001,
      "times": [
        0.567466558,
        0.5599518010000001,
        0.548538478,
        0.56020726,
        0.574202693,
        0.5567916930000001,
        0.572015558,
        0.5774605620000001,
        0.5761473460000001,
        0.571827147
      ],
      "memory_usage_byte": [
        55336960,
        55336960,
        55336960,
        55336960,
        55336960,
        55336960,
        55336960,
        55336960,
        55336960,
        55336960
      ],
      "exit_codes": [
        1,
        1,
        1,
        1,
        1,
        1,
        1,
        1,
        1,
        1
      ]
    }
  ]
}
