{
  "results": [
    {
      "command": "markdownlint-cli2",
      "mean": 4.082853805666667,
      "stddev": 0.16203184402993806,
      "median": 4.0931323875,
      "user": 6.135575666666667,
      "system": 0.40599616666666666,
      "min": 3.819187309,
      "max": 4.294845377,
      "times": [
        3.819187309,
        4.294845377,
        4.153755094,
        4.032509681,
        4.16461489,
        4.032210483
      ],
      "memory_usage_byte": [
        372637696,
        382869504,
        382869504,
        391065600,
        391065600,
        391065600
      ],
      "exit_codes": [
        1,
        1,
        1,
        1,
        1,
        1
      ]
    }
  ]
}
