{
  "results": [
    {
      "command": "markdownlint-cli2",
      "mean": 4.017590695833333,
      "stddev": 0.1198375315304945,
      "median": 3.966729032,
      "user": 6.105384166666667,
      "system": 0.3962598333333333,
      "min": 3.951923384,
      "max": 4.259542047,
      "times": [
        4.259542047,
        4.002508315,
        3.958112365,
        3.964126159,
        3.951923384,
        3.969331905
      ],
      "memory_usage_byte": [
        383578112,
        383578112,
        387366912,
        387366912,
        387366912,
        387366912
      ],
      "exit_codes": [
        1,
        1,
        1,
        1,
        1,
        1
      ]
    }
  ]
}
