{
  "results": [
    {
      "command": "markdownlint-cli2",
      "mean": 3.1413647445,
      "stddev": 0.07375551563466398,
      "median": 3.139169614,
      "user": 4.767398333333333,
      "system": 0.26610483333333335,
      "min": 3.035810063,
      "max": 3.229999212,
      "times": [
        3.090391989,
        3.213647975,
        3.035810063,
        3.229999212,
        3.125590284,
        3.152748944
      ],
      "memory_usage_byte": [
        393486336,
        393486336,
        393486336,
        393486336,
        393486336,
        393486336
      ],
      "exit_codes": [
        1,
        1,
        1,
        1,
        1,
        1
      ]
    }
  ]
}
