{
  "results": [
    {
      "command": "markdownlint-cli2",
      "mean": 3.0054584343333333,
      "stddev": 0.05274333005725779,
      "median": 3.0040915845000002,
      "user": 4.442774166666667,
      "system": 0.26271683333333334,
      "min": 2.940525591,
      "max": 3.09609142,
      "times": [
        2.940525591,
        2.996190083,
        2.970669105,
        3.011993086,
        3.09609142,
        3.017281321
      ],
      "memory_usage_byte": [
        388444160,
        388444160,
        388444160,
        388444160,
        389603328,
        389603328
      ],
      "exit_codes": [
        1,
        1,
        1,
        1,
        1,
        1
      ]
    }
  ]
}
