{
  "results": [
    {
      "command": "mado",
      "mean": 0.0480299294,
      "stddev": 0.0031971941812511933,
      "median": 0.046597915000000004,
      "user": 0.07531469999999998,
      "system": 0.0097265,
      "min": 0.046186978000000004,
      "max": 0.055664178,
      "times": [
        0.052001252000000005,
        0.046740862,
        0.046449408000000005,
        0.046349331,
        0.04620417,
        0.047358196000000005,
        0.046889951000000006,
        0.046186978000000004,
        0.046454968000000006,
        0.055664178
      ],
      "memory_usage_byte": [
        29720576,
        29720576,
        29720576,
        29749248,
        29749248,
        33562624,
        33562624,
        33562624,
        33562624,
        33562624
      ],
      "exit_codes": [
        1,
        1,
        1,
        1,
        1,
        1,
        1,
        1,
        1,
        1
      ]
    },
    {
      "command": "rumdl",
      "mean": 0.1999326026,
      "stddev": 0.0024632843567110076,
      "median": 0.20016339900000002,
      "user": 0.6628879000000001,
      "system": 0.035526499999999996,
      "min": 0.196913628,
      "max": 0.20534032000000002,
      "times": [
        0.20534032000000002,
        0.19857102000000001,
        0.198470833,
        0.20091512,
        0.199541029,
        0.200785769,
        0.19700699700000002,
        0.20079021700000002,
        0.196913628,
        0.200991093
      ],
      "memory_usage_byte": [
        50589696,
        50589696,
        50589696,
        50589696,
        50589696,
        50589696,
        50589696,
        51556352,
        51556352,
        51556352
      ],
      "exit_codes": [
        1,
        1,
        1,
        1,
        1,
        1,
        1,
        1,
        1,
        1
      ]
    },
    {
      "command": "panache",
      "mean": 0.5473463553000001,
      "stddev": 0.008221972003832217,
      "median": 0.548625073,
      "user": 1.6533718,
      "system": 0.05699139999999999,
      "min": 0.5356890950000001,
      "max": 0.5610782510000001,
      "times": [
        0.5395358170000001,
        0.5610782510000001,
        0.541405928,
        0.555474071,
        0.550828765,
        0.550479974,
        0.5530367310000001,
        0.5356890950000001,
        0.546770172,
        0.539164749
      ],
      "memory_usage_byte": [
        51556352,
        51556352,
        51556352,
        51556352,
        51556352,
        51556352,
        51556352,
        51556352,
        51556352,
        51556352
      ],
      "exit_codes": [
        0,
        0,
        0,
        0,
        0,
        0,
        0,
        0,
        0,
        0
      ]
    },
    {
      "command": "mdsmith-parity",
      "mean": 0.13088432860000002,
      "stddev": 0.0017223604039522911,
      "median": 0.13084730500000002,
      "user": 0.2983299,
      "system": 0.0319204,
      "min": 0.12841255000000001,
      "max": 0.134280441,
      "times": [
        0.13061198000000002,
        0.131159884,
        0.12841255000000001,
        0.13108263,
        0.129895055,
        0.132954778,
        0.129798561,
        0.131270571,
        0.134280441,
        0.129376836
      ],
      "memory_usage_byte": [
        59461632,
        59506688,
        59506688,
        59506688,
        59506688,
        59506688,
        59842560,
        59842560,
        59842560,
        59842560
      ],
      "exit_codes": [
        1,
        1,
        1,
        1,
        1,
        1,
        1,
        1,
        1,
        1
      ]
    },
    {
      "command": "mdsmith",
      "mean": 0.2472193469,
      "stddev": 0.0016990195479454483,
      "median": 0.2471294745,
      "user": 0.6006031000000001,
      "system": 0.0729301,
      "min": 0.24440055300000002,
      "max": 0.249360673,
      "times": [
        0.24440055300000002,
        0.249360673,
        0.24542979,
        0.249344221,
        0.24658395700000002,
        0.24665230300000002,
        0.24892224400000001,
        0.247606646,
        0.247897215,
        0.245995867
      ],
      "memory_usage_byte": [
        80101376,
        80101376,
        82001920,
        82001920,
        82001920,
        82001920,
        82001920,
        82001920,
        82288640,
        82288640
      ],
      "exit_codes": [
        1,
        1,
        1,
        1,
        1,
        1,
        1,
        1,
        1,
        1
      ]
    }
  ]
}
