{
  "results": [
    {
      "command": "mado",
      "mean": 0.056393955800000006,
      "stddev": 0.007926087142950225,
      "median": 0.053442627500000006,
      "user": 0.08781739999999999,
      "system": 0.015486599999999998,
      "min": 0.047680552,
      "max": 0.069831245,
      "times": [
        0.069240042,
        0.069831245,
        0.049266630000000006,
        0.047680552,
        0.054644228,
        0.051523959,
        0.052241027,
        0.058603969000000006,
        0.060059616,
        0.050848290000000004
      ],
      "memory_usage_byte": [
        31309824,
        31309824,
        31309824,
        31309824,
        31309824,
        31309824,
        31309824,
        31309824,
        31309824,
        31309824
      ],
      "exit_codes": [
        1,
        1,
        1,
        1,
        1,
        1,
        1,
        1,
        1,
        1
      ]
    },
    {
      "command": "rumdl",
      "mean": 0.28021349330000006,
      "stddev": 0.010884597611942314,
      "median": 0.278201598,
      "user": 0.7153691999999999,
      "system": 0.0605741,
      "min": 0.266550438,
      "max": 0.299402758,
      "times": [
        0.27340652600000004,
        0.266550438,
        0.273141389,
        0.27982190100000004,
        0.26993283,
        0.287564301,
        0.27875304900000003,
        0.299402758,
        0.277650147,
        0.295911594
      ],
      "memory_usage_byte": [
        50429952,
        50429952,
        50429952,
        51986432,
        51986432,
        52285440,
        52285440,
        52285440,
        53837824,
        53837824
      ],
      "exit_codes": [
        1,
        1,
        1,
        1,
        1,
        1,
        1,
        1,
        1,
        1
      ]
    },
    {
      "command": "panache",
      "mean": 0.44687912370000005,
      "stddev": 0.003297769148065026,
      "median": 0.44522421300000004,
      "user": 1.6054534999999999,
      "system": 0.11678389999999998,
      "min": 0.44367136700000004,
      "max": 0.451934239,
      "times": [
        0.44981036,
        0.449546374,
        0.44464849900000003,
        0.44579992700000004,
        0.444162294,
        0.443700007,
        0.44450713900000005,
        0.451011031,
        0.451934239,
        0.44367136700000004
      ],
      "memory_usage_byte": [
        53837824,
        53837824,
        53837824,
        53837824,
        53837824,
        53837824,
        53837824,
        53837824,
        53837824,
        53837824
      ],
      "exit_codes": [
        0,
        0,
        0,
        0,
        0,
        0,
        0,
        0,
        0,
        0
      ]
    },
    {
      "command": "mdsmith-parity",
      "mean": 0.1368045165,
      "stddev": 0.001888202362294491,
      "median": 0.13671445850000002,
      "user": 0.41249920000000007,
      "system": 0.043700300000000004,
      "min": 0.133892685,
      "max": 0.139071098,
      "times": [
        0.135660158,
        0.138860115,
        0.13585660200000002,
        0.136775412,
        0.139071098,
        0.136653505,
        0.138141289,
        0.134318291,
        0.133892685,
        0.13881601000000002
      ],
      "memory_usage_byte": [
        53837824,
        53837824,
        53837824,
        53837824,
        53837824,
        53837824,
        53837824,
        53837824,
        53837824,
        53837824
      ],
      "exit_codes": [
        1,
        1,
        1,
        1,
        1,
        1,
        1,
        1,
        1,
        1
      ]
    },
    {
      "command": "mdsmith",
      "mean": 0.47068881860000006,
      "stddev": 0.051470171989379324,
      "median": 0.44617702400000003,
      "user": 1.0518553000000002,
      "system": 0.4824293999999999,
      "min": 0.426352575,
      "max": 0.5627466520000001,
      "times": [
        0.436169852,
        0.445475683,
        0.44651423300000004,
        0.44583981500000003,
        0.449974301,
        0.49396577100000005,
        0.5627466520000001,
        0.561943761,
        0.437905543,
        0.426352575
      ],
      "memory_usage_byte": [
        53837824,
        53837824,
        53837824,
        53837824,
        53837824,
        53837824,
        53837824,
        53837824,
        53837824,
        53837824
      ],
      "exit_codes": [
        1,
        1,
        1,
        1,
        1,
        1,
        1,
        1,
        1,
        1
      ]
    }
  ]
}
