{
  "results": [
    {
      "command": "mado",
      "mean": 0.048365226,
      "stddev": 0.0037088862692237776,
      "median": 0.0469425745,
      "user": 0.07610190000000001,
      "system": 0.009578,
      "min": 0.045995253,
      "max": 0.057009634000000003,
      "times": [
        0.046203079,
        0.057009634000000003,
        0.047247104000000005,
        0.045995253,
        0.053262477,
        0.047410239,
        0.047036094,
        0.046849055,
        0.046640446,
        0.045998879
      ],
      "memory_usage_byte": [
        33849344,
        33849344,
        33849344,
        33849344,
        33849344,
        33849344,
        33849344,
        33849344,
        33849344,
        33849344
      ],
      "exit_codes": [
        1,
        1,
        1,
        1,
        1,
        1,
        1,
        1,
        1,
        1
      ]
    },
    {
      "command": "rumdl",
      "mean": 0.1961820709,
      "stddev": 0.0014187000179312428,
      "median": 0.1964359615,
      "user": 0.6517142,
      "system": 0.0338607,
      "min": 0.193680407,
      "max": 0.19870489700000002,
      "times": [
        0.195463042,
        0.196778596,
        0.19727271700000001,
        0.196495728,
        0.19444039500000002,
        0.193680407,
        0.19870489700000002,
        0.196643223,
        0.195965509,
        0.196376195
      ],
      "memory_usage_byte": [
        49635328,
        51187712,
        51675136,
        51675136,
        51675136,
        51675136,
        51675136,
        51675136,
        51675136,
        51879936
      ],
      "exit_codes": [
        1,
        1,
        1,
        1,
        1,
        1,
        1,
        1,
        1,
        1
      ]
    },
    {
      "command": "panache",
      "mean": 0.5364649494,
      "stddev": 0.007405849606747481,
      "median": 0.538546246,
      "user": 1.6422605000000001,
      "system": 0.055011599999999994,
      "min": 0.523963653,
      "max": 0.543931491,
      "times": [
        0.541341949,
        0.535750543,
        0.542186398,
        0.528076451,
        0.542946092,
        0.529722307,
        0.543819629,
        0.543931491,
        0.523963653,
        0.532910981
      ],
      "memory_usage_byte": [
        51879936,
        51879936,
        51879936,
        51879936,
        51879936,
        51879936,
        51879936,
        51879936,
        51879936,
        51879936
      ],
      "exit_codes": [
        0,
        0,
        0,
        0,
        0,
        0,
        0,
        0,
        0,
        0
      ]
    },
    {
      "command": "mdsmith-parity",
      "mean": 0.1671095647,
      "stddev": 0.0032592948957746418,
      "median": 0.1678796285,
      "user": 0.4080306,
      "system": 0.0464172,
      "min": 0.16163448900000002,
      "max": 0.17298258,
      "times": [
        0.166076464,
        0.168623499,
        0.168738463,
        0.16307522300000002,
        0.168378934,
        0.168995592,
        0.16163448900000002,
        0.17298258,
        0.167380323,
        0.16521008
      ],
      "memory_usage_byte": [
        51879936,
        51879936,
        51879936,
        51879936,
        51879936,
        51879936,
        51879936,
        51879936,
        51879936,
        51879936
      ],
      "exit_codes": [
        1,
        1,
        1,
        1,
        1,
        1,
        1,
        1,
        1,
        1
      ]
    },
    {
      "command": "mdsmith",
      "mean": 0.28515220250000006,
      "stddev": 0.0014883526902441985,
      "median": 0.28519384300000006,
      "user": 0.7394037000000001,
      "system": 0.0788978,
      "min": 0.281961667,
      "max": 0.287684999,
      "times": [
        0.285337496,
        0.28539355,
        0.28422637500000003,
        0.28505019000000004,
        0.281961667,
        0.2860109,
        0.287684999,
        0.285028891,
        0.28455014900000003,
        0.286277808
      ],
      "memory_usage_byte": [
        56881152,
        56881152,
        56881152,
        56881152,
        58925056,
        58925056,
        58925056,
        58925056,
        58925056,
        58925056
      ],
      "exit_codes": [
        1,
        1,
        1,
        1,
        1,
        1,
        1,
        1,
        1,
        1
      ]
    }
  ]
}
