{
  "results": [
    {
      "command": "markdownlint-cli2",
      "mean": 3.1197874970000004,
      "stddev": 0.04351349245815114,
      "median": 3.109841757,
      "user": 4.644137499999999,
      "system": 0.31425816666666667,
      "min": 3.082262151,
      "max": 3.20301302,
      "times": [
        3.121836516,
        3.091929781,
        3.101055559,
        3.082262151,
        3.118627955,
        3.20301302
      ],
      "memory_usage_byte": [
        379543552,
        379543552,
        379543552,
        379543552,
        379543552,
        384839680
      ],
      "exit_codes": [
        1,
        1,
        1,
        1,
        1,
        1
      ]
    }
  ]
}
