{
  "results": [
    {
      "command": "markdownlint-cli2",
      "mean": 3.1474547613333335,
      "stddev": 0.10341567532979289,
      "median": 3.1696689100000004,
      "user": 4.730360666666667,
      "system": 0.3433485,
      "min": 2.9974322950000003,
      "max": 3.253621536,
      "times": [
        2.9974322950000003,
        3.195676601,
        3.054012717,
        3.2403242,
        3.143661219,
        3.253621536
      ],
      "memory_usage_byte": [
        361336832,
        382795776,
        382795776,
        382795776,
        383201280,
        384135168
      ],
      "exit_codes": [
        1,
        1,
        1,
        1,
        1,
        1
      ]
    }
  ]
}
