{
  "results": [
    {
      "command": "mado",
      "mean": 0.06567745590000001,
      "stddev": 0.004402173573222424,
      "median": 0.0649190925,
      "user": 0.1057669,
      "system": 0.018305499999999995,
      "min": 0.06141656,
      "max": 0.072616838,
      "times": [
        0.066900622,
        0.06141656,
        0.061574955,
        0.061439933,
        0.068222556,
        0.062937563,
        0.072616838,
        0.071611911,
        0.06832603000000001,
        0.061727591000000005
      ],
      "memory_usage_byte": [
        29016064,
        29016064,
        29016064,
        29016064,
        29016064,
        29016064,
        29036544,
        29036544,
        29036544,
        29036544
      ],
      "exit_codes": [
        1,
        1,
        1,
        1,
        1,
        1,
        1,
        1,
        1,
        1
      ]
    },
    {
      "command": "rumdl",
      "mean": 0.3290324513,
      "stddev": 0.03481634231721163,
      "median": 0.3195528375,
      "user": 0.9857267000000001,
      "system": 0.06966,
      "min": 0.31170382500000005,
      "max": 0.426899509,
      "times": [
        0.32094131600000003,
        0.31459589800000004,
        0.31260473,
        0.32193570000000005,
        0.32621339400000005,
        0.31174528300000004,
        0.426899509,
        0.325520499,
        0.318164359,
        0.31170382500000005
      ],
      "memory_usage_byte": [
        52789248,
        52789248,
        52789248,
        52789248,
        52789248,
        52789248,
        52789248,
        52789248,
        52789248,
        52789248
      ],
      "exit_codes": [
        1,
        1,
        1,
        1,
        1,
        1,
        1,
        1,
        1,
        1
      ]
    },
    {
      "command": "panache",
      "mean": 0.6507578803999999,
      "stddev": 0.05212083198492448,
      "median": 0.6839063925,
      "user": 2.0512311,
      "system": 0.13980170000000003,
      "min": 0.585007293,
      "max": 0.6992577050000001,
      "times": [
        0.585007293,
        0.6992577050000001,
        0.585607665,
        0.6966594070000001,
        0.694211761,
        0.591953138,
        0.686954554,
        0.685233035,
        0.68257975,
        0.600114496
      ],
      "memory_usage_byte": [
        52789248,
        52789248,
        52789248,
        52789248,
        52789248,
        52789248,
        52789248,
        52789248,
        52789248,
        52789248
      ],
      "exit_codes": [
        0,
        0,
        0,
        0,
        0,
        0,
        0,
        0,
        0,
        0
      ]
    },
    {
      "command": "mdsmith-parity",
      "mean": 0.11494235400000001,
      "stddev": 0.0017991873806856363,
      "median": 0.114641082,
      "user": 0.35668310000000003,
      "system": 0.029003800000000003,
      "min": 0.112872575,
      "max": 0.118840633,
      "times": [
        0.11474983500000001,
        0.114956452,
        0.11305782700000001,
        0.114532329,
        0.11410874200000001,
        0.112872575,
        0.118840633,
        0.11371624100000001,
        0.11615008800000001,
        0.11643881800000001
      ],
      "memory_usage_byte": [
        52789248,
        52789248,
        52789248,
        52789248,
        52789248,
        52789248,
        52789248,
        52789248,
        52789248,
        57249792
      ],
      "exit_codes": [
        1,
        1,
        1,
        1,
        1,
        1,
        1,
        1,
        1,
        1
      ]
    },
    {
      "command": "mdsmith",
      "mean": 0.4850160901000001,
      "stddev": 0.01097109866863452,
      "median": 0.483161139,
      "user": 1.1018016,
      "system": 0.5268338,
      "min": 0.471288344,
      "max": 0.49874451900000005,
      "times": [
        0.476089077,
        0.47720040500000005,
        0.47331370100000003,
        0.49703979600000003,
        0.477280615,
        0.496725929,
        0.489041663,
        0.49343685200000004,
        0.49874451900000005,
        0.471288344
      ],
      "memory_usage_byte": [
        68349952,
        72126464,
        72126464,
        72126464,
        72126464,
        72126464,
        85065728,
        85065728,
        85065728,
        85065728
      ],
      "exit_codes": [
        1,
        1,
        1,
        1,
        1,
        1,
        1,
        1,
        1,
        1
      ]
    }
  ]
}
