{
  "results": [
    {
      "command": "mado",
      "mean": 0.04774438900000001,
      "stddev": 0.002573097136235759,
      "median": 0.0466813995,
      "user": 0.0744083,
      "system": 0.009229300000000001,
      "min": 0.046054236000000005,
      "max": 0.053659398000000004,
      "times": [
        0.046234477,
        0.046643863,
        0.046460347000000006,
        0.051275172,
        0.046348940000000005,
        0.046054236000000005,
        0.053659398000000004,
        0.046799177000000004,
        0.047249344000000006,
        0.046718936
      ],
      "memory_usage_byte": [
        29765632,
        29786112,
        29786112,
        29790208,
        29790208,
        33898496,
        33898496,
        33898496,
        33898496,
        33898496
      ],
      "exit_codes": [
        1,
        1,
        1,
        1,
        1,
        1,
        1,
        1,
        1,
        1
      ]
    },
    {
      "command": "rumdl",
      "mean": 0.192628674,
      "stddev": 0.002159378849783017,
      "median": 0.19269859550000001,
      "user": 0.629864,
      "system": 0.03676629999999999,
      "min": 0.188381019,
      "max": 0.19643985400000002,
      "times": [
        0.19267709300000002,
        0.19643985400000002,
        0.192720098,
        0.188381019,
        0.193309695,
        0.19097090600000002,
        0.19349043600000002,
        0.19144575000000003,
        0.192250641,
        0.194601248
      ],
      "memory_usage_byte": [
        50692096,
        50692096,
        50692096,
        50692096,
        50692096,
        50692096,
        51240960,
        51240960,
        51240960,
        51240960
      ],
      "exit_codes": [
        1,
        1,
        1,
        1,
        1,
        1,
        1,
        1,
        1,
        1
      ]
    },
    {
      "command": "panache",
      "mean": 0.5321747305,
      "stddev": 0.009453889427679532,
      "median": 0.5336611115000001,
      "user": 1.5991082,
      "system": 0.0594121,
      "min": 0.5145550400000001,
      "max": 0.544071732,
      "times": [
        0.532756596,
        0.534565627,
        0.532374947,
        0.5145550400000001,
        0.532640181,
        0.541944301,
        0.535380835,
        0.544071732,
        0.5362433630000001,
        0.5172146830000001
      ],
      "memory_usage_byte": [
        51240960,
        51240960,
        51240960,
        51240960,
        51240960,
        51240960,
        51240960,
        51240960,
        51240960,
        51240960
      ],
      "exit_codes": [
        0,
        0,
        0,
        0,
        0,
        0,
        0,
        0,
        0,
        0
      ]
    },
    {
      "command": "mdsmith-parity",
      "mean": 0.17271930200000002,
      "stddev": 0.0047841884412900965,
      "median": 0.17295654100000002,
      "user": 0.38512979999999997,
      "system": 0.0639018,
      "min": 0.16347940200000002,
      "max": 0.17916014400000002,
      "times": [
        0.173756705,
        0.171393179,
        0.16347940200000002,
        0.17916014400000002,
        0.167824209,
        0.170907057,
        0.17333931700000002,
        0.17257376500000002,
        0.175765277,
        0.178993965
      ],
      "memory_usage_byte": [
        51240960,
        51240960,
        51240960,
        51240960,
        51240960,
        51240960,
        51240960,
        51240960,
        51240960,
        51240960
      ],
      "exit_codes": [
        1,
        1,
        1,
        1,
        1,
        1,
        1,
        1,
        1,
        1
      ]
    },
    {
      "command": "mdsmith",
      "mean": 0.29707180210000006,
      "stddev": 0.00451587884381857,
      "median": 0.29586699250000004,
      "user": 0.7250673,
      "system": 0.1047969,
      "min": 0.29071942100000003,
      "max": 0.30546673700000004,
      "times": [
        0.294571333,
        0.299117803,
        0.30364846,
        0.29071942100000003,
        0.295720647,
        0.296468862,
        0.29559976600000004,
        0.293391654,
        0.296013338,
        0.30546673700000004
      ],
      "memory_usage_byte": [
        58925056,
        58925056,
        58925056,
        58925056,
        58925056,
        58925056,
        58998784,
        58998784,
        59252736,
        61108224
      ],
      "exit_codes": [
        1,
        1,
        1,
        1,
        1,
        1,
        1,
        1,
        1,
        1
      ]
    }
  ]
}
