{
  "results": [
    {
      "command": "markdownlint-cli2",
      "mean": 4.072791988,
      "stddev": 0.07024744236595316,
      "median": 4.056031022,
      "user": 6.182759333333333,
      "system": 0.2760206666666667,
      "min": 3.9812117330000003,
      "max": 4.183598516,
      "times": [
        4.183598516,
        4.119112455,
        4.044295348,
        3.9812117330000003,
        4.04076718,
        4.067766696
      ],
      "memory_usage_byte": [
        388378624,
        388378624,
        404983808,
        404983808,
        404983808,
        404983808
      ],
      "exit_codes": [
        1,
        1,
        1,
        1,
        1,
        1
      ]
    }
  ]
}
