{
  "results": [
    {
      "command": "markdownlint-cli2",
      "mean": 3.1398873320000003,
      "stddev": 0.08131192778148469,
      "median": 3.1531288870000003,
      "user": 4.779489833333333,
      "system": 0.2755145,
      "min": 2.994617443,
      "max": 3.234810422,
      "times": [
        2.994617443,
        3.148167572,
        3.158090202,
        3.118205417,
        3.185432936,
        3.234810422
      ],
      "memory_usage_byte": [
        384167936,
        384167936,
        384733184,
        384733184,
        384733184,
        384733184
      ],
      "exit_codes": [
        1,
        1,
        1,
        1,
        1,
        1
      ]
    }
  ]
}
