{
  "results": [
    {
      "command": "mado",
      "mean": 0.05143858329999999,
      "stddev": 0.0017892803659041278,
      "median": 0.050815904,
      "user": 0.0763331,
      "system": 0.018674599999999996,
      "min": 0.050051497,
      "max": 0.056007595,
      "times": [
        0.052963535000000006,
        0.050051497,
        0.050502584,
        0.050411618000000005,
        0.051098318000000004,
        0.050589444000000004,
        0.056007595,
        0.051129434,
        0.05097364,
        0.050658168
      ],
      "memory_usage_byte": [
        33259520,
        33259520,
        33259520,
        33259520,
        33259520,
        33259520,
        33259520,
        33259520,
        33259520,
        33259520
      ],
      "exit_codes": [
        1,
        1,
        1,
        1,
        1,
        1,
        1,
        1,
        1,
        1
      ]
    },
    {
      "command": "rumdl",
      "mean": 0.24443870060000003,
      "stddev": 0.013613684684260944,
      "median": 0.2387808535,
      "user": 0.7252708999999999,
      "system": 0.06707690000000001,
      "min": 0.23296287000000002,
      "max": 0.279866854,
      "times": [
        0.24910889800000002,
        0.23296287000000002,
        0.24818743000000001,
        0.23826928100000003,
        0.23713899500000002,
        0.23820985200000003,
        0.239292426,
        0.23518333200000002,
        0.279866854,
        0.24616706800000002
      ],
      "memory_usage_byte": [
        49856512,
        49856512,
        49856512,
        49967104,
        49967104,
        49967104,
        50745344,
        50745344,
        50745344,
        50745344
      ],
      "exit_codes": [
        1,
        1,
        1,
        1,
        1,
        1,
        1,
        1,
        1,
        1
      ]
    },
    {
      "command": "panache",
      "mean": 0.45100413130000006,
      "stddev": 0.001438917875061601,
      "median": 0.45054139000000004,
      "user": 1.6107886,
      "system": 0.13293839999999998,
      "min": 0.44970021000000004,
      "max": 0.45481930000000004,
      "times": [
        0.45034832300000005,
        0.44970021000000004,
        0.45481930000000004,
        0.450578077,
        0.450155764,
        0.45021679600000003,
        0.45118090200000005,
        0.451210206,
        0.451327032,
        0.450504703
      ],
      "memory_usage_byte": [
        50745344,
        50745344,
        50745344,
        50745344,
        50745344,
        50745344,
        50745344,
        50745344,
        50745344,
        50745344
      ],
      "exit_codes": [
        0,
        0,
        0,
        0,
        0,
        0,
        0,
        0,
        0,
        0
      ]
    },
    {
      "command": "mdsmith-parity",
      "mean": 0.14546581860000002,
      "stddev": 0.0019760694501307473,
      "median": 0.146197711,
      "user": 0.4067017,
      "system": 0.06305939999999999,
      "min": 0.14057107600000002,
      "max": 0.14735515400000002,
      "times": [
        0.14502758000000002,
        0.14735515400000002,
        0.14642553,
        0.14395323000000002,
        0.14635778900000002,
        0.146037633,
        0.146498549,
        0.145544849,
        0.14688679600000001,
        0.14057107600000002
      ],
      "memory_usage_byte": [
        50745344,
        50745344,
        50745344,
        50745344,
        50745344,
        50745344,
        50745344,
        50745344,
        50745344,
        50745344
      ],
      "exit_codes": [
        1,
        1,
        1,
        1,
        1,
        1,
        1,
        1,
        1,
        1
      ]
    },
    {
      "command": "mdsmith",
      "mean": 0.4931394172000001,
      "stddev": 0.017347699082543907,
      "median": 0.48863831300000005,
      "user": 1.1253246,
      "system": 0.5735267,
      "min": 0.48131008300000006,
      "max": 0.5409756290000001,
      "times": [
        0.48701711100000006,
        0.5409756290000001,
        0.486178423,
        0.491315639,
        0.49453853400000003,
        0.49025951500000003,
        0.48301939400000005,
        0.492464341,
        0.48131008300000006,
        0.48431550300000004
      ],
      "memory_usage_byte": [
        50745344,
        50745344,
        50745344,
        50745344,
        50745344,
        50745344,
        50745344,
        50745344,
        50745344,
        50745344
      ],
      "exit_codes": [
        1,
        1,
        1,
        1,
        1,
        1,
        1,
        1,
        1,
        1
      ]
    }
  ]
}
