{
  "results": [
    {
      "command": "mado",
      "mean": 0.0469067095,
      "stddev": 0.0014594880351543565,
      "median": 0.04630730350000001,
      "user": 0.07211749999999999,
      "system": 0.0103736,
      "min": 0.046021672,
      "max": 0.050872401000000005,
      "times": [
        0.046021672,
        0.047362251,
        0.046726483000000006,
        0.046185955,
        0.046063263,
        0.050872401000000005,
        0.046225739,
        0.046304449000000004,
        0.046994724,
        0.046310158000000004
      ],
      "memory_usage_byte": [
        29569024,
        29569024,
        29569024,
        29569024,
        29569024,
        31064064,
        31064064,
        31064064,
        31064064,
        31064064
      ],
      "exit_codes": [
        1,
        1,
        1,
        1,
        1,
        1,
        1,
        1,
        1,
        1
      ]
    },
    {
      "command": "rumdl",
      "mean": 0.19328354890000002,
      "stddev": 0.003294713323294839,
      "median": 0.19289368850000002,
      "user": 0.6230091999999999,
      "system": 0.0393298,
      "min": 0.18905654300000002,
      "max": 0.19866250000000002,
      "times": [
        0.19051995300000002,
        0.18905654300000002,
        0.197173082,
        0.196922482,
        0.190136506,
        0.193449947,
        0.19112709900000002,
        0.19292482700000002,
        0.19286255000000002,
        0.19866250000000002
      ],
      "memory_usage_byte": [
        50876416,
        50876416,
        50876416,
        51232768,
        53194752,
        53194752,
        53374976,
        53374976,
        53374976,
        53374976
      ],
      "exit_codes": [
        1,
        1,
        1,
        1,
        1,
        1,
        1,
        1,
        1,
        1
      ]
    },
    {
      "command": "panache",
      "mean": 0.5326258490000001,
      "stddev": 0.018466732652989124,
      "median": 0.5204270635000001,
      "user": 1.5933906999999998,
      "system": 0.0618584,
      "min": 0.516325049,
      "max": 0.555894408,
      "times": [
        0.5519234780000001,
        0.518668117,
        0.516483883,
        0.516325049,
        0.553804183,
        0.521478575,
        0.5543326940000001,
        0.5179725510000001,
        0.555894408,
        0.5193755520000001
      ],
      "memory_usage_byte": [
        53374976,
        53374976,
        53374976,
        53374976,
        53374976,
        53374976,
        53374976,
        53374976,
        53374976,
        53374976
      ],
      "exit_codes": [
        0,
        0,
        0,
        0,
        0,
        0,
        0,
        0,
        0,
        0
      ]
    },
    {
      "command": "mdsmith-parity",
      "mean": 0.16948308080000002,
      "stddev": 0.0030034814415569534,
      "median": 0.16930732550000002,
      "user": 0.3783818,
      "system": 0.0647245,
      "min": 0.165879186,
      "max": 0.173945452,
      "times": [
        0.173725296,
        0.16966096700000002,
        0.173945452,
        0.17109896000000002,
        0.16619655500000002,
        0.16895368400000002,
        0.16813126,
        0.165879186,
        0.171193485,
        0.16604596300000002
      ],
      "memory_usage_byte": [
        53374976,
        53374976,
        53374976,
        53374976,
        53374976,
        53374976,
        53374976,
        53374976,
        53374976,
        53374976
      ],
      "exit_codes": [
        1,
        1,
        1,
        1,
        1,
        1,
        1,
        1,
        1,
        1
      ]
    },
    {
      "command": "mdsmith",
      "mean": 0.3036120048,
      "stddev": 0.027499823661791448,
      "median": 0.290932185,
      "user": 0.7216795,
      "system": 0.09899759999999999,
      "min": 0.288165971,
      "max": 0.35595864400000005,
      "times": [
        0.35551324700000003,
        0.35595864400000005,
        0.292932081,
        0.291312039,
        0.290808275,
        0.290625656,
        0.288165971,
        0.291056095,
        0.289314034,
        0.290434006
      ],
      "memory_usage_byte": [
        58929152,
        58929152,
        58929152,
        58929152,
        58929152,
        58929152,
        58929152,
        58929152,
        58929152,
        58929152
      ],
      "exit_codes": [
        1,
        1,
        1,
        1,
        1,
        1,
        1,
        1,
        1,
        1
      ]
    }
  ]
}
