{
  "results": [
    {
      "command": "markdownlint-cli2",
      "mean": 3.0546516083333337,
      "stddev": 0.10325719368783796,
      "median": 3.031863542,
      "user": 4.574213333333334,
      "system": 0.32035016666666666,
      "min": 2.939438253,
      "max": 3.182706532,
      "times": [
        3.050002144,
        3.01372494,
        2.967564374,
        2.939438253,
        3.182706532,
        3.174473407
      ],
      "memory_usage_byte": [
        391122944,
        391122944,
        391122944,
        391122944,
        391122944,
        391122944
      ],
      "exit_codes": [
        1,
        1,
        1,
        1,
        1,
        1
      ]
    }
  ]
}
