{
  "results": [
    {
      "command": "markdownlint-cli2",
      "mean": 3.166398807166667,
      "stddev": 0.06839408378068061,
      "median": 3.135474205,
      "user": 4.703105999999999,
      "system": 0.3231051666666667,
      "min": 3.096526499,
      "max": 3.27896295,
      "times": [
        3.27896295,
        3.134581996,
        3.219210415,
        3.096526499,
        3.136366414,
        3.132744569
      ],
      "memory_usage_byte": [
        384495616,
        384495616,
        384495616,
        384495616,
        384495616,
        384495616
      ],
      "exit_codes": [
        1,
        1,
        1,
        1,
        1,
        1
      ]
    }
  ]
}
