{
  "results": [
    {
      "command": "mado",
      "mean": 0.046366167,
      "stddev": 0.0014670768102121384,
      "median": 0.0461866265,
      "user": 0.0718928,
      "system": 0.0093687,
      "min": 0.045190972,
      "max": 0.050245698000000005,
      "times": [
        0.045652383000000005,
        0.045275167000000005,
        0.04615186,
        0.045332051000000005,
        0.045190972,
        0.046221393,
        0.046410471,
        0.050245698000000005,
        0.046587903,
        0.046593772000000006
      ],
      "memory_usage_byte": [
        31596544,
        31596544,
        31596544,
        31596544,
        31596544,
        31596544,
        31596544,
        31596544,
        31596544,
        31596544
      ],
      "exit_codes": [
        1,
        1,
        1,
        1,
        1,
        1,
        1,
        1,
        1,
        1
      ]
    },
    {
      "command": "rumdl",
      "mean": 0.18959243939999998,
      "stddev": 0.001606266023100377,
      "median": 0.189742081,
      "user": 0.6198561999999999,
      "system": 0.037234899999999994,
      "min": 0.18672639500000002,
      "max": 0.191674684,
      "times": [
        0.191031215,
        0.18963175000000002,
        0.19008587500000002,
        0.189852412,
        0.18745144400000002,
        0.191674684,
        0.18672639500000002,
        0.188611576,
        0.189610739,
        0.191248304
      ],
      "memory_usage_byte": [
        50520064,
        50520064,
        50520064,
        50520064,
        50520064,
        50520064,
        50520064,
        50520064,
        50688000,
        50688000
      ],
      "exit_codes": [
        1,
        1,
        1,
        1,
        1,
        1,
        1,
        1,
        1,
        1
      ]
    },
    {
      "command": "panache",
      "mean": 0.5436271617000001,
      "stddev": 0.01808397040150699,
      "median": 0.552161887,
      "user": 1.5644345,
      "system": 0.061501799999999995,
      "min": 0.514704862,
      "max": 0.5594490400000001,
      "times": [
        0.51499224,
        0.514704862,
        0.55543695,
        0.554185583,
        0.5557513040000001,
        0.550138191,
        0.524908742,
        0.5594490400000001,
        0.558672234,
        0.5480324710000001
      ],
      "memory_usage_byte": [
        50688000,
        50688000,
        50688000,
        50688000,
        50688000,
        50688000,
        50688000,
        50688000,
        50688000,
        50688000
      ],
      "exit_codes": [
        0,
        0,
        0,
        0,
        0,
        0,
        0,
        0,
        0,
        0
      ]
    },
    {
      "command": "mdsmith-parity",
      "mean": 0.12997778570000001,
      "stddev": 0.0031796630671565808,
      "median": 0.12862961750000002,
      "user": 0.2722493,
      "system": 0.040381600000000004,
      "min": 0.12704241,
      "max": 0.13647654,
      "times": [
        0.13647654,
        0.127684713,
        0.12704241,
        0.134146689,
        0.129937898,
        0.131783259,
        0.127758333,
        0.128159414,
        0.12768878,
        0.129099821
      ],
      "memory_usage_byte": [
        50688000,
        50688000,
        50688000,
        50688000,
        50688000,
        50688000,
        50688000,
        50688000,
        50688000,
        50688000
      ],
      "exit_codes": [
        1,
        1,
        1,
        1,
        1,
        1,
        1,
        1,
        1,
        1
      ]
    },
    {
      "command": "mdsmith",
      "mean": 0.24928663320000002,
      "stddev": 0.004782266322628474,
      "median": 0.250895368,
      "user": 0.5825130999999999,
      "system": 0.08780109999999999,
      "min": 0.243430046,
      "max": 0.25566256000000004,
      "times": [
        0.24459702700000002,
        0.250387829,
        0.25184268000000004,
        0.25219692800000004,
        0.243430046,
        0.243565104,
        0.244659649,
        0.255121602,
        0.25566256000000004,
        0.251402907
      ],
      "memory_usage_byte": [
        70721536,
        70721536,
        70721536,
        70721536,
        70721536,
        70721536,
        70721536,
        70721536,
        70877184,
        70877184
      ],
      "exit_codes": [
        1,
        1,
        1,
        1,
        1,
        1,
        1,
        1,
        1,
        1
      ]
    }
  ]
}
