{
  "results": [
    {
      "command": "markdownlint-cli2",
      "mean": 3.032706588,
      "stddev": 0.060328819459073535,
      "median": 3.0228233854999997,
      "user": 4.575851166666667,
      "system": 0.25629583333333333,
      "min": 2.968235342,
      "max": 3.142334857,
      "times": [
        3.018265312,
        3.027381459,
        3.142334857,
        2.992958699,
        2.968235342,
        3.047063859
      ],
      "memory_usage_byte": [
        365694976,
        370069504,
        378023936,
        386654208,
        386654208,
        386654208
      ],
      "exit_codes": [
        1,
        1,
        1,
        1,
        1,
        1
      ]
    }
  ]
}
