{
  "results": [
    {
      "command": "markdownlint-cli2",
      "mean": 3.1463426438333335,
      "stddev": 0.04641560089484605,
      "median": 3.137386599,
      "user": 4.724373166666666,
      "system": 0.27271283333333335,
      "min": 3.09417479,
      "max": 3.212642579,
      "times": [
        3.18821417,
        3.09417479,
        3.212642579,
        3.108251126,
        3.12533953,
        3.149433668
      ],
      "memory_usage_byte": [
        404578304,
        404578304,
        404578304,
        404578304,
        404578304,
        404578304
      ],
      "exit_codes": [
        1,
        1,
        1,
        1,
        1,
        1
      ]
    }
  ]
}
