{
  "results": [
    {
      "command": "mado",
      "mean": 0.04652105270000001,
      "stddev": 0.0016656401778502843,
      "median": 0.04630434,
      "user": 0.07329279999999999,
      "system": 0.008484799999999997,
      "min": 0.044911949,
      "max": 0.050880492000000006,
      "times": [
        0.050880492000000006,
        0.046636826000000006,
        0.046715663000000004,
        0.046482478,
        0.046884698,
        0.044911949,
        0.045390596000000005,
        0.046126202000000005,
        0.045704279,
        0.045477344
      ],
      "memory_usage_byte": [
        29851648,
        29851648,
        29851648,
        29851648,
        29851648,
        29851648,
        29851648,
        29851648,
        29851648,
        29851648
      ],
      "exit_codes": [
        1,
        1,
        1,
        1,
        1,
        1,
        1,
        1,
        1,
        1
      ]
    },
    {
      "command": "rumdl",
      "mean": 0.19044154189999998,
      "stddev": 0.002753065846089993,
      "median": 0.18958948650000002,
      "user": 0.6161255,
      "system": 0.0402283,
      "min": 0.186845074,
      "max": 0.194689398,
      "times": [
        0.189708612,
        0.189470361,
        0.188649168,
        0.189358355,
        0.18978572600000002,
        0.186845074,
        0.188039739,
        0.194689398,
        0.193314397,
        0.194554589
      ],
      "memory_usage_byte": [
        50597888,
        50597888,
        50597888,
        50597888,
        51470336,
        51470336,
        51470336,
        52809728,
        52809728,
        52809728
      ],
      "exit_codes": [
        1,
        1,
        1,
        1,
        1,
        1,
        1,
        1,
        1,
        1
      ]
    },
    {
      "command": "panache",
      "mean": 0.5253860478000001,
      "stddev": 0.008632562102834338,
      "median": 0.5296903825,
      "user": 1.5903994000000001,
      "system": 0.06498100000000001,
      "min": 0.515040897,
      "max": 0.534878996,
      "times": [
        0.515617654,
        0.515040897,
        0.528597827,
        0.534878996,
        0.5323381540000001,
        0.5339680480000001,
        0.515296009,
        0.516287319,
        0.5310526360000001,
        0.530782938
      ],
      "memory_usage_byte": [
        52809728,
        52809728,
        52809728,
        52809728,
        52809728,
        52809728,
        52809728,
        52809728,
        52809728,
        52809728
      ],
      "exit_codes": [
        0,
        0,
        0,
        0,
        0,
        0,
        0,
        0,
        0,
        0
      ]
    },
    {
      "command": "mdsmith-parity",
      "mean": 0.168584143,
      "stddev": 0.0034691299794599494,
      "median": 0.16906935050000002,
      "user": 0.37646620000000003,
      "system": 0.061362899999999984,
      "min": 0.162783159,
      "max": 0.17474272700000001,
      "times": [
        0.17024666100000002,
        0.16830413800000002,
        0.170026743,
        0.16786330300000002,
        0.164157979,
        0.171163896,
        0.166718261,
        0.16983456300000002,
        0.162783159,
        0.17474272700000001
      ],
      "memory_usage_byte": [
        52809728,
        52809728,
        52809728,
        52809728,
        52809728,
        52809728,
        52809728,
        52809728,
        52809728,
        52809728
      ],
      "exit_codes": [
        1,
        1,
        1,
        1,
        1,
        1,
        1,
        1,
        1,
        1
      ]
    },
    {
      "command": "mdsmith",
      "mean": 0.2899747053000001,
      "stddev": 0.0039635440244840565,
      "median": 0.28977196650000003,
      "user": 0.7064361,
      "system": 0.10037650000000001,
      "min": 0.28375424400000004,
      "max": 0.29672459,
      "times": [
        0.28958131000000004,
        0.28447764200000003,
        0.28996262300000003,
        0.29346697,
        0.29349130500000004,
        0.289159718,
        0.28879101300000004,
        0.29672459,
        0.28375424400000004,
        0.290337638
      ],
      "memory_usage_byte": [
        59023360,
        59023360,
        59023360,
        59023360,
        61136896,
        61136896,
        61136896,
        61136896,
        61136896,
        61136896
      ],
      "exit_codes": [
        1,
        1,
        1,
        1,
        1,
        1,
        1,
        1,
        1,
        1
      ]
    }
  ]
}
