{
  "results": [
    {
      "command": "markdownlint-cli2",
      "mean": 3.0317663153333334,
      "stddev": 0.08203752092089898,
      "median": 3.0077772755,
      "user": 4.559077833333332,
      "system": 0.2204405,
      "min": 2.968662288,
      "max": 3.192027377,
      "times": [
        2.978683607,
        2.968662288,
        3.007040132,
        3.035670069,
        3.008514419,
        3.192027377
      ],
      "memory_usage_byte": [
        393474048,
        393474048,
        393474048,
        393474048,
        393474048,
        393474048
      ],
      "exit_codes": [
        1,
        1,
        1,
        1,
        1,
        1
      ]
    }
  ]
}
