{
  "results": [
    {
      "command": "mado",
      "mean": 0.046825297499999995,
      "stddev": 0.0016364770182460213,
      "median": 0.046463633000000004,
      "user": 0.0745822,
      "system": 0.007288600000000001,
      "min": 0.045521617,
      "max": 0.051370035,
      "times": [
        0.04636875,
        0.051370035,
        0.045521617,
        0.046522677000000005,
        0.046582827,
        0.046404589,
        0.045986618,
        0.046152058,
        0.046738212,
        0.046605592
      ],
      "memory_usage_byte": [
        29896704,
        31764480,
        31764480,
        31764480,
        31764480,
        31764480,
        31764480,
        31764480,
        31764480,
        31764480
      ],
      "exit_codes": [
        1,
        1,
        1,
        1,
        1,
        1,
        1,
        1,
        1,
        1
      ]
    },
    {
      "command": "rumdl",
      "mean": 0.19155988810000002,
      "stddev": 0.002634308960963199,
      "median": 0.19208209250000002,
      "user": 0.6171073,
      "system": 0.039921899999999996,
      "min": 0.18790653100000002,
      "max": 0.19549485600000002,
      "times": [
        0.193146645,
        0.191819925,
        0.19549485600000002,
        0.19234426000000002,
        0.193842925,
        0.19342245100000002,
        0.187938823,
        0.18790653100000002,
        0.191008182,
        0.188674283
      ],
      "memory_usage_byte": [
        50438144,
        50438144,
        52224000,
        52224000,
        52224000,
        52224000,
        52224000,
        52224000,
        52224000,
        52224000
      ],
      "exit_codes": [
        1,
        1,
        1,
        1,
        1,
        1,
        1,
        1,
        1,
        1
      ]
    },
    {
      "command": "panache",
      "mean": 0.5308666829,
      "stddev": 0.006203186629543204,
      "median": 0.5329967170000001,
      "user": 1.5847529,
      "system": 0.0629123,
      "min": 0.513551651,
      "max": 0.534433832,
      "times": [
        0.5313183730000001,
        0.532960991,
        0.533442427,
        0.534433832,
        0.533360123,
        0.5325952890000001,
        0.5330324430000001,
        0.513551651,
        0.5302315240000001,
        0.533740176
      ],
      "memory_usage_byte": [
        52224000,
        52224000,
        52224000,
        52224000,
        52224000,
        52224000,
        52224000,
        52224000,
        52224000,
        52224000
      ],
      "exit_codes": [
        0,
        0,
        0,
        0,
        0,
        0,
        0,
        0,
        0,
        0
      ]
    },
    {
      "command": "mdsmith-parity",
      "mean": 0.18021382150000004,
      "stddev": 0.019217283003434633,
      "median": 0.16965844750000003,
      "user": 0.37107419999999997,
      "system": 0.061678300000000005,
      "min": 0.16476295600000002,
      "max": 0.212689278,
      "times": [
        0.170465355,
        0.166753327,
        0.16885154000000002,
        0.16746170500000002,
        0.16476295600000002,
        0.167516668,
        0.17324424500000002,
        0.212689278,
        0.20667094300000002,
        0.20372219800000002
      ],
      "memory_usage_byte": [
        52224000,
        52224000,
        52224000,
        52224000,
        52224000,
        52224000,
        52224000,
        52224000,
        52224000,
        52224000
      ],
      "exit_codes": [
        1,
        1,
        1,
        1,
        1,
        1,
        1,
        1,
        1,
        1
      ]
    },
    {
      "command": "mdsmith",
      "mean": 0.2932258829,
      "stddev": 0.0031463030319405514,
      "median": 0.294005505,
      "user": 0.7165149999999999,
      "system": 0.1037221,
      "min": 0.287741785,
      "max": 0.298095883,
      "times": [
        0.29215224,
        0.287741785,
        0.288809705,
        0.29582352700000003,
        0.29435277400000004,
        0.295201633,
        0.293711266,
        0.292070272,
        0.298095883,
        0.29429974400000003
      ],
      "memory_usage_byte": [
        62861312,
        62861312,
        62861312,
        62861312,
        62861312,
        62861312,
        62861312,
        62861312,
        62861312,
        62861312
      ],
      "exit_codes": [
        1,
        1,
        1,
        1,
        1,
        1,
        1,
        1,
        1,
        1
      ]
    }
  ]
}
