{
  "results": [
    {
      "command": "mado",
      "mean": 0.04568538870000001,
      "stddev": 0.00024853006259384467,
      "median": 0.04562985,
      "user": 0.0722139,
      "system": 0.008632899999999999,
      "min": 0.045242133000000004,
      "max": 0.046032695000000005,
      "times": [
        0.045885151000000006,
        0.046032695000000005,
        0.045583289000000006,
        0.045631508,
        0.04544977,
        0.046028097000000004,
        0.045242133000000004,
        0.045628192000000005,
        0.045618204,
        0.045754848
      ],
      "memory_usage_byte": [
        31567872,
        31567872,
        31567872,
        31567872,
        31567872,
        31567872,
        31567872,
        31567872,
        31567872,
        31567872
      ],
      "exit_codes": [
        1,
        1,
        1,
        1,
        1,
        1,
        1,
        1,
        1,
        1
      ]
    },
    {
      "command": "rumdl",
      "mean": 0.1965350194,
      "stddev": 0.003619058622485972,
      "median": 0.195609262,
      "user": 0.6461428,
      "system": 0.035175,
      "min": 0.193294712,
      "max": 0.20484964400000003,
      "times": [
        0.197163465,
        0.19767178200000002,
        0.19395914900000003,
        0.19397360700000002,
        0.19734362100000002,
        0.19364224700000002,
        0.194055059,
        0.199396908,
        0.193294712,
        0.20484964400000003
      ],
      "memory_usage_byte": [
        50245632,
        50245632,
        50245632,
        50245632,
        50245632,
        50245632,
        50245632,
        50245632,
        50245632,
        50245632
      ],
      "exit_codes": [
        1,
        1,
        1,
        1,
        1,
        1,
        1,
        1,
        1,
        1
      ]
    },
    {
      "command": "panache",
      "mean": 0.5444053517,
      "stddev": 0.015466554826962764,
      "median": 0.5536158095000001,
      "user": 1.6132953999999997,
      "system": 0.05432050000000001,
      "min": 0.5250156610000001,
      "max": 0.559981627,
      "times": [
        0.527972346,
        0.551820261,
        0.559981627,
        0.525129613,
        0.528424138,
        0.5581485150000001,
        0.5250156610000001,
        0.55611041,
        0.5554113580000001,
        0.5560395880000001
      ],
      "memory_usage_byte": [
        50245632,
        50245632,
        50245632,
        50245632,
        50245632,
        50245632,
        50245632,
        50245632,
        50245632,
        50245632
      ],
      "exit_codes": [
        0,
        0,
        0,
        0,
        0,
        0,
        0,
        0,
        0,
        0
      ]
    },
    {
      "command": "mdsmith-parity",
      "mean": 0.16319536420000003,
      "stddev": 0.0017046494722595736,
      "median": 0.1634587085,
      "user": 0.39658959999999993,
      "system": 0.0491768,
      "min": 0.160363167,
      "max": 0.165650042,
      "times": [
        0.162017498,
        0.163572656,
        0.165650042,
        0.164586371,
        0.160363167,
        0.164381718,
        0.162853985,
        0.160807625,
        0.164375819,
        0.163344761
      ],
      "memory_usage_byte": [
        50245632,
        50245632,
        50245632,
        50245632,
        50245632,
        50245632,
        50245632,
        50245632,
        50245632,
        50245632
      ],
      "exit_codes": [
        1,
        1,
        1,
        1,
        1,
        1,
        1,
        1,
        1,
        1
      ]
    },
    {
      "command": "mdsmith",
      "mean": 0.27993836310000003,
      "stddev": 0.0034292155132659248,
      "median": 0.27977516700000005,
      "user": 0.7300269999999999,
      "system": 0.081268,
      "min": 0.275239775,
      "max": 0.28530703100000004,
      "times": [
        0.27554459200000003,
        0.280080893,
        0.275239775,
        0.27946944100000004,
        0.27921312000000004,
        0.28363719200000004,
        0.28064183400000003,
        0.28333573,
        0.28530703100000004,
        0.276914023
      ],
      "memory_usage_byte": [
        56647680,
        58941440,
        58941440,
        58941440,
        58941440,
        58941440,
        58941440,
        58941440,
        58941440,
        58941440
      ],
      "exit_codes": [
        1,
        1,
        1,
        1,
        1,
        1,
        1,
        1,
        1,
        1
      ]
    }
  ]
}
