{
  "results": [
    {
      "command": "markdownlint-cli2",
      "mean": 3.2561854405,
      "stddev": 0.09749773038448974,
      "median": 3.272921328,
      "user": 4.890548666666667,
      "system": 0.27693599999999996,
      "min": 3.087204326,
      "max": 3.373024343,
      "times": [
        3.087204326,
        3.286326769,
        3.259515887,
        3.219535842,
        3.373024343,
        3.311505476
      ],
      "memory_usage_byte": [
        357453824,
        382832640,
        382832640,
        382832640,
        382832640,
        382832640
      ],
      "exit_codes": [
        1,
        1,
        1,
        1,
        1,
        1
      ]
    }
  ]
}
