{
  "results": [
    {
      "command": "markdownlint-cli2",
      "mean": 4.136921491,
      "stddev": 0.0653887625925263,
      "median": 4.1367661295,
      "user": 6.228096166666667,
      "system": 0.4069108333333333,
      "min": 4.032202849,
      "max": 4.219951525,
      "times": [
        4.186461949,
        4.12440385,
        4.149128409,
        4.219951525,
        4.109380364,
        4.032202849
      ],
      "memory_usage_byte": [
        387559424,
        387559424,
        408883200,
        408883200,
        408883200,
        408883200
      ],
      "exit_codes": [
        1,
        1,
        1,
        1,
        1,
        1
      ]
    }
  ]
}
