{
  "results": [
    {
      "command": "mado",
      "mean": 0.04698322140000001,
      "stddev": 0.00042284162648317005,
      "median": 0.0470036415,
      "user": 0.07294819999999999,
      "system": 0.0096434,
      "min": 0.046382429,
      "max": 0.047955009,
      "times": [
        0.047053708,
        0.046693253000000004,
        0.046382429,
        0.047128669000000005,
        0.046856328,
        0.047955009,
        0.047058928,
        0.046953575000000004,
        0.047146782000000005,
        0.046603533
      ],
      "memory_usage_byte": [
        29679616,
        29679616,
        29679616,
        31641600,
        31641600,
        31641600,
        31641600,
        31641600,
        31641600,
        31641600
      ],
      "exit_codes": [
        1,
        1,
        1,
        1,
        1,
        1,
        1,
        1,
        1,
        1
      ]
    },
    {
      "command": "rumdl",
      "mean": 0.1978694001,
      "stddev": 0.00251754141933096,
      "median": 0.197926391,
      "user": 0.6554016,
      "system": 0.0339976,
      "min": 0.19418300500000002,
      "max": 0.201199291,
      "times": [
        0.198439305,
        0.197413477,
        0.19461877000000002,
        0.19652006600000002,
        0.198581199,
        0.19630802900000002,
        0.201199291,
        0.200328008,
        0.19418300500000002,
        0.201102851
      ],
      "memory_usage_byte": [
        53288960,
        53288960,
        53288960,
        53288960,
        53288960,
        53288960,
        53288960,
        53288960,
        53288960,
        53288960
      ],
      "exit_codes": [
        1,
        1,
        1,
        1,
        1,
        1,
        1,
        1,
        1,
        1
      ]
    },
    {
      "command": "panache",
      "mean": 0.5355619081999999,
      "stddev": 0.009373935380523673,
      "median": 0.5304172465000001,
      "user": 1.6430306000000001,
      "system": 0.05857199999999999,
      "min": 0.526565213,
      "max": 0.551518352,
      "times": [
        0.527847378,
        0.5310805820000001,
        0.551518352,
        0.542312286,
        0.526565213,
        0.54464977,
        0.527092075,
        0.529753911,
        0.545624962,
        0.529174553
      ],
      "memory_usage_byte": [
        53288960,
        53288960,
        53288960,
        53288960,
        53288960,
        53288960,
        53288960,
        53288960,
        53288960,
        53288960
      ],
      "exit_codes": [
        0,
        0,
        0,
        0,
        0,
        0,
        0,
        0,
        0,
        0
      ]
    },
    {
      "command": "mdsmith-parity",
      "mean": 0.16670064,
      "stddev": 0.0026823090184070492,
      "median": 0.1661969735,
      "user": 0.4042643,
      "system": 0.0498689,
      "min": 0.16327635100000001,
      "max": 0.17085429100000002,
      "times": [
        0.169979929,
        0.163874094,
        0.16615248400000002,
        0.16415051,
        0.16809301100000001,
        0.17085429100000002,
        0.16327635100000001,
        0.165243409,
        0.166241463,
        0.169140858
      ],
      "memory_usage_byte": [
        53288960,
        53288960,
        53288960,
        53288960,
        53288960,
        53288960,
        53288960,
        53288960,
        53288960,
        53288960
      ],
      "exit_codes": [
        1,
        1,
        1,
        1,
        1,
        1,
        1,
        1,
        1,
        1
      ]
    },
    {
      "command": "mdsmith",
      "mean": 0.28917838510000005,
      "stddev": 0.004524230280451583,
      "median": 0.28797327300000003,
      "user": 0.7535595999999998,
      "system": 0.07742679999999999,
      "min": 0.284342879,
      "max": 0.297513795,
      "times": [
        0.28807555,
        0.28735734100000004,
        0.297513795,
        0.29372974100000004,
        0.28787099600000005,
        0.288236881,
        0.28559131000000004,
        0.294552421,
        0.284512937,
        0.284342879
      ],
      "memory_usage_byte": [
        57061376,
        57061376,
        58957824,
        58970112,
        58970112,
        58970112,
        58970112,
        61231104,
        61231104,
        61231104
      ],
      "exit_codes": [
        1,
        1,
        1,
        1,
        1,
        1,
        1,
        1,
        1,
        1
      ]
    }
  ]
}
