{
  "results": [
    {
      "command": "markdownlint-cli2",
      "mean": 3.2026387023333336,
      "stddev": 0.1138910643000128,
      "median": 3.1632198154999998,
      "user": 4.916222166666667,
      "system": 0.354346,
      "min": 3.089438127,
      "max": 3.375275432,
      "times": [
        3.164632831,
        3.089438127,
        3.115030314,
        3.375275432,
        3.30964871,
        3.1618068
      ],
      "memory_usage_byte": [
        379097088,
        379097088,
        379097088,
        379097088,
        379097088,
        386224128
      ],
      "exit_codes": [
        1,
        1,
        1,
        1,
        1,
        1
      ]
    }
  ]
}
