{
  "results": [
    {
      "command": "markdownlint-cli2",
      "mean": 4.291877573666667,
      "stddev": 0.14301549561996943,
      "median": 4.300012822,
      "user": 6.4220818333333325,
      "system": 0.31786416666666667,
      "min": 4.06070483,
      "max": 4.472092778,
      "times": [
        4.472092778,
        4.223491716,
        4.321411301,
        4.394950474,
        4.06070483,
        4.278614343
      ],
      "memory_usage_byte": [
        394223616,
        394223616,
        394223616,
        394223616,
        394223616,
        394223616
      ],
      "exit_codes": [
        1,
        1,
        1,
        1,
        1,
        1
      ]
    }
  ]
}
