{
  "results": [
    {
      "command": "markdownlint-cli2",
      "mean": 4.1935023745,
      "stddev": 0.07011218880545451,
      "median": 4.191658415,
      "user": 6.451376499999999,
      "system": 0.29060416666666666,
      "min": 4.106599567,
      "max": 4.269831077,
      "times": [
        4.262381445,
        4.138885328,
        4.106599567,
        4.15002743,
        4.2332894,
        4.269831077
      ],
      "memory_usage_byte": [
        400707584,
        400707584,
        400707584,
        400707584,
        400707584,
        400707584
      ],
      "exit_codes": [
        1,
        1,
        1,
        1,
        1,
        1
      ]
    }
  ]
}
