{
  "results": [
    {
      "command": "markdownlint-cli2",
      "mean": 4.802197421333333,
      "stddev": 0.0457263892451531,
      "median": 4.788444533,
      "user": 7.169927833333333,
      "system": 0.4206515,
      "min": 4.739703382,
      "max": 4.860920083,
      "times": [
        4.784527364,
        4.860920083,
        4.8511446330000005,
        4.739703382,
        4.785769361,
        4.791119705
      ],
      "memory_usage_byte": [
        389177344,
        389177344,
        389177344,
        389177344,
        389177344,
        389177344
      ],
      "exit_codes": [
        1,
        1,
        1,
        1,
        1,
        1
      ]
    }
  ]
}
