{
  "results": [
    {
      "command": "mado",
      "mean": 0.046878920399999996,
      "stddev": 0.0012584221025860735,
      "median": 0.0465933135,
      "user": 0.07327759999999998,
      "system": 0.0093666,
      "min": 0.045855981000000004,
      "max": 0.050266049,
      "times": [
        0.050266049,
        0.04603385,
        0.046892814000000005,
        0.046470088,
        0.045855981000000004,
        0.046716539,
        0.046396266000000005,
        0.046157376,
        0.046853865,
        0.047146376000000004
      ],
      "memory_usage_byte": [
        29380608,
        29380608,
        29380608,
        31129600,
        31129600,
        31129600,
        31129600,
        31129600,
        31129600,
        31129600
      ],
      "exit_codes": [
        1,
        1,
        1,
        1,
        1,
        1,
        1,
        1,
        1,
        1
      ]
    },
    {
      "command": "rumdl",
      "mean": 0.193439167,
      "stddev": 0.003458267914395845,
      "median": 0.192311787,
      "user": 0.6186319,
      "system": 0.042865499999999994,
      "min": 0.19059952100000002,
      "max": 0.20174846400000002,
      "times": [
        0.19418468500000002,
        0.196136216,
        0.19059952100000002,
        0.192558534,
        0.19206504000000002,
        0.19114113700000002,
        0.191001327,
        0.20174846400000002,
        0.19434447600000002,
        0.19061227
      ],
      "memory_usage_byte": [
        48328704,
        53907456,
        53907456,
        53907456,
        53907456,
        53907456,
        53907456,
        53907456,
        53907456,
        53907456
      ],
      "exit_codes": [
        1,
        1,
        1,
        1,
        1,
        1,
        1,
        1,
        1,
        1
      ]
    },
    {
      "command": "panache",
      "mean": 0.5552879321,
      "stddev": 0.02709795771849572,
      "median": 0.5493038615,
      "user": 1.5758906,
      "system": 0.059782999999999996,
      "min": 0.5155306940000001,
      "max": 0.6245715930000001,
      "times": [
        0.553337831,
        0.548543424,
        0.55679939,
        0.6245715930000001,
        0.548481282,
        0.5155306940000001,
        0.549154025,
        0.548409884,
        0.5585975000000001,
        0.549453698
      ],
      "memory_usage_byte": [
        53907456,
        53907456,
        53907456,
        53907456,
        53907456,
        53907456,
        53907456,
        53907456,
        53907456,
        53907456
      ],
      "exit_codes": [
        0,
        0,
        0,
        0,
        0,
        0,
        0,
        0,
        0,
        0
      ]
    },
    {
      "command": "mdsmith-parity",
      "mean": 0.16892300540000002,
      "stddev": 0.002652484273279219,
      "median": 0.1691170265,
      "user": 0.3813068,
      "system": 0.06028349999999999,
      "min": 0.16546185200000002,
      "max": 0.173533809,
      "times": [
        0.1699853,
        0.16663781500000002,
        0.170317231,
        0.16546185200000002,
        0.17028537300000002,
        0.165520772,
        0.171481195,
        0.168248753,
        0.16775795400000001,
        0.173533809
      ],
      "memory_usage_byte": [
        53907456,
        53907456,
        53907456,
        53907456,
        53907456,
        53907456,
        53907456,
        53907456,
        53907456,
        53907456
      ],
      "exit_codes": [
        1,
        1,
        1,
        1,
        1,
        1,
        1,
        1,
        1,
        1
      ]
    },
    {
      "command": "mdsmith",
      "mean": 0.2896181793,
      "stddev": 0.004614913468421326,
      "median": 0.29140382350000005,
      "user": 0.7211138,
      "system": 0.0985191,
      "min": 0.28148219700000005,
      "max": 0.296730679,
      "times": [
        0.291140359,
        0.292205443,
        0.292160621,
        0.291779026,
        0.291667288,
        0.296730679,
        0.287142137,
        0.288879747,
        0.28299429600000003,
        0.28148219700000005
      ],
      "memory_usage_byte": [
        58609664,
        58712064,
        58712064,
        58712064,
        58712064,
        58712064,
        58712064,
        58712064,
        58712064,
        58712064
      ],
      "exit_codes": [
        1,
        1,
        1,
        1,
        1,
        1,
        1,
        1,
        1,
        1
      ]
    }
  ]
}
